8b4137f, 08-06-2015, 30, 1, 1.7906394,1.7919453,1.7896942,1.7919696,1.7899716
8b4137f, 08-06-2015, 30, 2, 0.9214354,0.9215153,0.9221478,0.9222403,0.9211794
8b4137f, 08-06-2015, 30, 4, 0.4737315,0.4735158,0.4746326,0.4753055,0.4747718
8b4137f, 08-06-2015, 30, 8, 0.2457190,0.2460867,0.2456567,0.2451729,0.2457803
8b4137f, 08-06-2015, 30, 16, 0.1290693,0.1267287,0.1257069,0.1253235,0.1263589
8b4137f, 08-06-2015, 35, 1, 19.8778117,19.8775021,19.8805236,19.8768953,19.8757193
8b4137f, 08-06-2015, 35, 2, 10.2076733,10.2243981,10.2222628,10.2098455,10.2202027
8b4137f, 08-06-2015, 35, 4, 5.2514641,5.2527269,5.2508733,5.2523129,5.2514884
8b4137f, 08-06-2015, 35, 8, 2.7131347,2.7120702,2.7112675,2.7148801,2.7169690
8b4137f, 08-06-2015, 35, 16, 1.3673931,1.3684718,1.3838869,1.3638397,1.3686792
8b4137f, 08-06-2015, 37, 1, 52.0214552,52.0055234,52.0150955,52.0452024,52.0189520
8b4137f, 08-06-2015, 37, 2, 26.7669107,26.7228391,26.7206251,26.7171882,26.7351908
8b4137f, 08-06-2015, 37, 4, 13.7224756,13.7246329,13.7425418,13.7261176,13.7379434
8b4137f, 08-06-2015, 37, 8, 7.0967404,7.1015385,7.0968557,7.0959701,7.0935422
8b4137f, 08-06-2015, 37, 16, 3.5752391,3.5730127,3.5665179,3.5922879,3.5738137
0c0e07e, 11-06-2015, 30, 1, 1.8018558,1.8017197,1.8018922,1.8021729,1.8028231
0c0e07e, 11-06-2015, 30, 2, 0.9352152,0.9383078,0.9361604,0.9358459,0.9356502
0c0e07e, 11-06-2015, 30, 4, 0.6387176,0.4654551,0.4656566,0.4657205,0.4761612
0c0e07e, 11-06-2015, 30, 8, 0.2485791,0.2488473,0.2489253,0.2486019,0.2477931
0c0e07e, 11-06-2015, 30, 16, 0.1300502,0.1265737,0.1307570,0.1271172,0.1368318
0c0e07e, 11-06-2015, 35, 1, 20.0269175,20.0244332,20.0238786,20.0256810,20.0258768
0c0e07e, 11-06-2015, 35, 2, 10.3520239,10.3528466,10.3573143,10.3561049,10.3559497
0c0e07e, 11-06-2015, 35, 4, 5.1500600,5.1812372,5.1569660,5.1447374,5.1791110
0c0e07e, 11-06-2015, 35, 8, 2.7435228,2.7429333,2.7431843,2.7407751,2.7419895
0c0e07e, 11-06-2015, 35, 16, 1.3766335,1.3779932,1.3768569,1.3793789,1.3835803
0c0e07e, 11-06-2015, 37, 1, 52.4324585,52.4328320,52.4284994,52.4338563,52.4331290
0c0e07e, 11-06-2015, 37, 2, 27.0897987,27.0897866,27.0865621,27.0865929,27.0931226
0c0e07e, 11-06-2015, 37, 4, 13.4742720,13.4885094,13.5036340,13.5523113,13.4600649
0c0e07e, 11-06-2015, 37, 8, 7.1689261,7.1751054,7.1717265,7.1720838,7.1748947
0c0e07e, 11-06-2015, 37, 16, 3.5932771,3.5925765,3.5942561,3.5925355,3.5955759
368a0e2, 12-06-2015, 30, 1, 1.7936069,1.7990452,1.8460624,1.8031832,1.8174399
368a0e2, 12-06-2015, 30, 2, 0.9227560,0.9234738,0.9223290,0.9230557,0.9224838
368a0e2, 12-06-2015, 30, 4, 0.4744993,0.4759850,0.4751590,0.4747575,0.4754650
368a0e2, 12-06-2015, 30, 8, 0.2465550,0.2466362,0.2459188,0.2468660,0.2479701
368a0e2, 12-06-2015, 30, 16, 0.1302115,0.1262203,0.1262637,0.1281424,0.1282183
368a0e2, 12-06-2015, 35, 1, 20.1857390,20.1647247,20.0972638,20.3059074,20.2787775
368a0e2, 12-06-2015, 35, 2, 10.3943491,10.3857373,10.3354512,10.3830605,10.3833581
368a0e2, 12-06-2015, 35, 4, 5.2793023,5.2627935,5.2679007,5.2743651,5.2494250
368a0e2, 12-06-2015, 35, 8, 2.7259167,2.7167573,2.7290448,2.7246072,2.7425686
368a0e2, 12-06-2015, 35, 16, 1.3792686,1.3878751,1.3754789,1.3708767,1.3704410
368a0e2, 12-06-2015, 37, 1, 53.2938059,53.2315489,53.0859174,53.1650298,53.2437795
368a0e2, 12-06-2015, 37, 2, 27.0445302,27.2161421,26.5137293,26.3179369,26.3880523
368a0e2, 12-06-2015, 37, 4, 13.8159271,13.8459558,13.8151796,13.8627913,13.8000330
368a0e2, 12-06-2015, 37, 8, 7.1839532,7.1708611,7.1774993,7.1195129,7.1426585
368a0e2, 12-06-2015, 37, 16, 3.5980180,3.5858144,3.5864854,3.5905112,3.5957461
c1ee24b, 13-06-2015, 30, 1, 1.7917550,1.7940611,1.7924425,1.7923140,1.7919969
c1ee24b, 13-06-2015, 30, 2, 0.9233698,0.9219437,0.9233093,0.9224529,0.9229467
c1ee24b, 13-06-2015, 30, 4, 0.4741084,0.4758205,0.4750558,0.4749268,0.4757192
c1ee24b, 13-06-2015, 30, 8, 0.2462526,0.2462330,0.2462057,0.2455813,0.2459957
c1ee24b, 13-06-2015, 30, 16, 0.1374223,0.1274916,0.1263402,0.1262486,0.1256765
c1ee24b, 13-06-2015, 35, 1, 20.3093390,20.2568120,20.3048495,20.2692134,20.3094353
c1ee24b, 13-06-2015, 35, 2, 10.2894657,10.3260740,10.4044964,10.2438414,10.3245891
c1ee24b, 13-06-2015, 35, 4, 5.2882815,5.2853516,5.2574673,5.2880472,5.2876685
c1ee24b, 13-06-2015, 35, 8, 2.7220192,2.7248386,2.7188121,2.7238588,2.7195139
c1ee24b, 13-06-2015, 35, 16, 1.3712571,1.3722948,1.3703309,1.3795424,1.3748245
c1ee24b, 13-06-2015, 37, 1, 52.8619766,53.0201000,53.2342819,53.0706420,52.9531042
c1ee24b, 13-06-2015, 37, 2, 27.2855500,27.0461979,27.3016868,27.2457990,27.3452684
c1ee24b, 13-06-2015, 37, 4, 13.8621380,13.8083962,13.8109484,13.9260057,13.8217516
c1ee24b, 13-06-2015, 37, 8, 7.1214541,7.1214652,7.1549256,7.1342053,7.1297882
c1ee24b, 13-06-2015, 37, 16, 3.5975883,3.6033673,3.5994711,3.5948037,3.5895655
2bab77b, 16-06-2015, 30, 1, 1.7870323,1.8405441,1.7870517,1.7867329,1.7866850
2bab77b, 16-06-2015, 30, 2, 0.8913894,0.8915337,0.8954561,0.8934546,0.8929593
2bab77b, 16-06-2015, 30, 4, 0.4648806,0.4711583,0.4627690,0.4606653,0.4614677
2bab77b, 16-06-2015, 30, 8, 0.2459983,0.2457876,0.2460007,0.2454965,0.2459276
2bab77b, 16-06-2015, 30, 16, 0.1334562,0.1292295,0.1310917,0.1265193,0.1349479
2bab77b, 16-06-2015, 35, 1, 19.8646459,19.8502011,19.8786437,19.8467011,19.8436572
2bab77b, 16-06-2015, 35, 2, 9.8950792,9.9174849,9.9244936,9.8827450,9.8809450
2bab77b, 16-06-2015, 35, 4, 5.0988388,5.0956169,5.0968328,5.1071827,5.0939388
2bab77b, 16-06-2015, 35, 8, 2.7123346,2.7117320,2.7160122,2.7122701,2.7110623
2bab77b, 16-06-2015, 35, 16, 1.3641572,1.3614812,1.3648123,1.3632658,1.3631990
2bab77b, 16-06-2015, 37, 1, 51.9903572,51.9532891,52.0157086,51.9582670,51.9757602
2bab77b, 16-06-2015, 37, 2, 25.9114730,25.9093414,25.9518917,25.8950088,25.8680000
2bab77b, 16-06-2015, 37, 4, 13.3479280,13.3257365,13.3978280,13.3717334,13.3638104
2bab77b, 16-06-2015, 37, 8, 7.0926399,7.0973494,7.0985595,7.0984412,7.0978633
2bab77b, 16-06-2015, 37, 16, 3.5534098,3.5646444,3.5623018,3.5583512,3.5574018
9cc4db7, 18-06-2015, 30, 1, 1.7715269,1.7711910,1.7717838,1.7712889,1.7718082
9cc4db7, 18-06-2015, 30, 2, 0.9110525,0.9109641,0.9117556,0.9113349,0.9115130
9cc4db7, 18-06-2015, 30, 4, 0.4558657,0.4624579,0.4557213,0.4561671,0.4560609
9cc4db7, 18-06-2015, 30, 8, 0.2460255,0.2443670,0.2442328,0.2442779,0.2445164
9cc4db7, 18-06-2015, 30, 16, 0.1243973,0.1243999,0.1271643,0.1263657,0.1241795
9cc4db7, 18-06-2015, 35, 1, 19.6610837,19.6628298,19.6609462,19.6637117,19.6618125
9cc4db7, 18-06-2015, 35, 2, 10.0989647,10.0996911,10.0999473,10.1002364,10.0983550
9cc4db7, 18-06-2015, 35, 4, 5.0488545,5.0568085,5.0437739,5.0480954,5.0486999
9cc4db7, 18-06-2015, 35, 8, 2.6894394,2.6901237,2.6933999,2.6913022,2.6875150
9cc4db7, 18-06-2015, 35, 16, 1.3507437,1.3517597,1.3492347,1.3511452,1.3616493
9cc4db7, 18-06-2015, 37, 1, 51.4897929,51.4885041,51.4896951,51.4901965,51.4897909
9cc4db7, 18-06-2015, 37, 2, 26.4238966,26.4396823,26.4502361,26.4388393,26.4384958
9cc4db7, 18-06-2015, 37, 4, 13.2035635,13.2086144,13.2182350,13.2233424,13.2009270
9cc4db7, 18-06-2015, 37, 8, 7.0307086,7.0349543,7.0307070,7.0338986,7.0354831
9cc4db7, 18-06-2015, 37, 16, 3.5359217,3.5314885,3.5313795,3.5411202,3.5344467
1890d48, 24-06-2015, 30, 1, 1.7707767,1.7720031,1.7725939,1.7732079,1.7718981
1890d48, 24-06-2015, 30, 2, 0.9139147,0.9111510,0.9113234,0.9109700,0.9112129
1890d48, 24-06-2015, 30, 4, 0.4701875,0.4706493,0.4703170,0.4711888,0.4709049
1890d48, 24-06-2015, 30, 8, 0.2439828,0.2437114,0.2440790,0.2450809,0.2435023
1890d48, 24-06-2015, 30, 16, 0.1264807,0.1288955,0.1270768,0.1250627,0.1257859
1890d48, 24-06-2015, 35, 1, 19.6785174,19.6881360,19.7073101,19.6926966,19.6809447
1890d48, 24-06-2015, 35, 2, 10.1046535,10.0998271,10.1022545,10.1000609,10.1045742
1890d48, 24-06-2015, 35, 4, 5.1985428,5.1966632,5.1995781,5.1993728,5.2018390
1890d48, 24-06-2015, 35, 8, 2.6903659,2.6887163,2.6908226,2.6882661,2.6900065
1890d48, 24-06-2015, 35, 16, 1.3516316,1.3638204,1.3501801,1.3532919,1.3549943
1890d48, 24-06-2015, 37, 1, 51.5561013,51.5195196,51.5307310,51.5394498,51.7102144
1890d48, 24-06-2015, 37, 2, 26.4227462,26.4402781,26.4401982,26.4680666,26.4399131
1890d48, 24-06-2015, 37, 4, 13.6065402,13.6079890,13.6101689,13.6177387,13.6052883
1890d48, 24-06-2015, 37, 8, 7.0319766,7.0378587,7.0381756,7.0338715,7.0374114
1890d48, 24-06-2015, 37, 16, 3.5310478,3.5340048,3.5320750,3.5385658,3.5343331
0ee19ff, 26-06-2015, 30, 1, 1.7716609,1.7709233,1.7713502,1.7719149,1.7710587
0ee19ff, 26-06-2015, 30, 2, 0.8859680,0.8851705,0.8845915,0.8850723,0.8849074
0ee19ff, 26-06-2015, 30, 4, 0.4701486,0.4700079,0.4708887,0.4695213,0.4702966
0ee19ff, 26-06-2015, 30, 8, 0.2436863,0.2440734,0.2445218,0.2438923,0.2443333
0ee19ff, 26-06-2015, 30, 16, 0.1255630,0.1251887,0.1250414,0.1248668,0.1266976
0ee19ff, 26-06-2015, 35, 1, 19.6613185,19.6630452,19.6609704,19.6612855,19.6618200
0ee19ff, 26-06-2015, 35, 2, 9.8109094,9.8111464,9.8095706,9.8075592,9.8094397
0ee19ff, 26-06-2015, 35, 4, 5.1969290,5.1990805,5.1982087,5.1968876,5.1977101
0ee19ff, 26-06-2015, 35, 8, 2.6911008,2.6878909,2.6891226,2.6905758,2.6900620
0ee19ff, 26-06-2015, 35, 16, 1.3522648,1.3580562,1.3515371,1.3500570,1.3538575
0ee19ff, 26-06-2015, 37, 1, 51.4896801,51.4902047,51.4906092,51.4901932,51.5250836
0ee19ff, 26-06-2015, 37, 2, 25.6508152,25.6516635,25.6864385,25.6851518,25.6716728
0ee19ff, 26-06-2015, 37, 4, 13.5986479,13.6081239,13.5999818,13.6084039,13.6078226
0ee19ff, 26-06-2015, 37, 8, 7.0305039,7.0441454,7.0418284,7.0276599,7.0342802
0ee19ff, 26-06-2015, 37, 16, 3.5320493,3.5435234,3.5289757,3.5408786,3.5305949
365ebe3, 30-06-2015, 30, 1, 1.7541964,1.7539719,1.7538956,1.7538940,1.7564272
365ebe3, 30-06-2015, 30, 2, 0.9056646,0.9046171,0.9049751,0.9045089,0.9045274
365ebe3, 30-06-2015, 30, 4, 0.4662989,0.4661971,0.4671123,0.4690762,0.4671014
365ebe3, 30-06-2015, 30, 8, 0.2424257,0.2427958,0.2423122,0.2424803,0.2427036
365ebe3, 30-06-2015, 30, 16, 0.1269033,0.1244222,0.1247667,0.1243799,0.1248795
365ebe3, 30-06-2015, 35, 1, 19.5294315,19.5203619,19.4937781,19.4843651,19.5126729
365ebe3, 30-06-2015, 35, 2, 10.0417328,10.0256830,10.0324572,10.0236759,10.0271041
365ebe3, 30-06-2015, 35, 4, 5.1637036,5.1641453,5.1632042,5.1636178,5.1643239
365ebe3, 30-06-2015, 35, 8, 2.6745319,2.6704426,2.6688357,2.6709910,2.6726302
365ebe3, 30-06-2015, 35, 16, 1.3686349,1.3502975,1.3533495,1.3517168,1.3512595
365ebe3, 30-06-2015, 37, 1, 51.0701467,51.1239909,51.1319110,51.0431395,51.0451605
365ebe3, 30-06-2015, 37, 2, 26.2403538,26.2406540,26.2467309,26.2449785,26.2434183
365ebe3, 30-06-2015, 37, 4, 13.5147573,13.5200482,13.5150272,13.5264436,13.5079986
365ebe3, 30-06-2015, 37, 8, 6.9846506,6.9908618,6.9844046,6.9922973,6.9846901
365ebe3, 30-06-2015, 37, 16, 3.5347572,3.5306858,3.5274715,3.5331574,3.5300480
00ae069, 01-07-2015, 30, 1, 1.7711369,1.7775173,1.7642689,1.7626927,1.7626017
00ae069, 01-07-2015, 30, 2, 0.8819347,0.8856502,0.8812800,0.8824979,0.8914117
00ae069, 01-07-2015, 30, 4, 0.4535593,0.4534041,0.4546259,0.4532440,0.4556538
00ae069, 01-07-2015, 30, 8, 0.2434657,0.2434466,0.2431655,0.2430660,0.2434405
00ae069, 01-07-2015, 30, 16, 0.1323405,0.1254887,0.1249588,0.1281410,0.1307470
00ae069, 01-07-2015, 35, 1, 19.5789331,19.5657268,19.5641793,19.5797513,19.5670943
00ae069, 01-07-2015, 35, 2, 9.7824982,9.7732899,9.7930159,9.7698109,9.8705896
00ae069, 01-07-2015, 35, 4, 5.0348733,5.0281884,5.0578033,5.0454111,5.0191320
00ae069, 01-07-2015, 35, 8, 2.6829291,2.6814088,2.6825176,2.6820295,2.6801002
00ae069, 01-07-2015, 35, 16, 1.3575209,1.3661670,1.3541864,1.3545632,1.3544860
00ae069, 01-07-2015, 37, 1, 51.4529110,51.2943160,51.3059444,51.3011600,51.2774240
00ae069, 01-07-2015, 37, 2, 25.5926706,25.5804116,25.5761126,25.5840320,25.5501599
00ae069, 01-07-2015, 37, 4, 13.1586926,13.1557430,13.1468221,13.1647873,13.1754018
00ae069, 01-07-2015, 37, 8, 7.0161227,7.0180696,7.0088913,7.0201865,7.0170211
00ae069, 01-07-2015, 37, 16, 3.5391450,3.5473595,3.5391889,3.5425916,3.5448769
d3511be, 02-07-2015, 30, 1, 1.7607444,1.7608470,1.7609324,1.7635091,1.7616010
d3511be, 02-07-2015, 30, 2, 0.8835053,0.8865233,0.8852425,0.9051397,0.8816254
d3511be, 02-07-2015, 30, 4, 0.4539437,0.4533648,0.4533451,0.4537885,0.4534198
d3511be, 02-07-2015, 30, 8, 0.2429399,0.2441153,0.2435848,0.2431662,0.2432792
d3511be, 02-07-2015, 30, 16, 0.1386441,0.1274739,0.1260752,0.1296485,0.1245180
d3511be, 02-07-2015, 35, 1, 19.5424496,19.5458383,19.5516739,19.5447671,19.5446646
d3511be, 02-07-2015, 35, 2, 9.8255871,9.7766806,9.7986252,9.7961781,9.8075533
d3511be, 02-07-2015, 35, 4, 5.0339581,5.0328451,5.0252994,5.0241848,5.0200241
d3511be, 02-07-2015, 35, 8, 2.6799145,2.6818761,2.6796907,2.6822976,2.6796240
d3511be, 02-07-2015, 35, 16, 1.3543198,1.3549388,1.3535169,1.3547231,1.3579879
d3511be, 02-07-2015, 37, 1, 51.2287233,51.2537514,51.2411977,51.2338650,51.2325979
d3511be, 02-07-2015, 37, 2, 25.6094759,25.6232871,25.6134446,25.5963558,25.6013575
d3511be, 02-07-2015, 37, 4, 13.1655436,13.1443416,13.1492698,13.1866376,13.1966127
d3511be, 02-07-2015, 37, 8, 7.0133130,7.0129809,7.0124656,7.0173747,7.0201305
d3511be, 02-07-2015, 37, 16, 3.5442305,3.5436519,3.5472966,3.5369254,3.5440057
6874bfe, 03-07-2015, 30, 1, 1.7676496,1.7690217,1.7691248,1.7691539,1.7689518
6874bfe, 03-07-2015, 30, 2, 0.9107772,0.9109544,0.9105834,0.9107195,0.9102768
6874bfe, 03-07-2015, 30, 4, 0.4546796,0.4554220,0.4554360,0.4551369,0.4548250
6874bfe, 03-07-2015, 30, 8, 0.2434546,0.2430757,0.2440724,0.2432078,0.2437694
6874bfe, 03-07-2015, 30, 16, 0.1405313,0.1860726,0.1650600,0.1856559,0.1708272
6874bfe, 03-07-2015, 35, 1, 19.6793898,19.7342110,19.6413291,19.6347255,19.6385679
6874bfe, 03-07-2015, 35, 2, 10.0830833,10.0840786,10.0829691,10.0880352,10.0861028
6874bfe, 03-07-2015, 35, 4, 5.0376214,5.0549841,5.0341491,5.0369815,5.0355994
6874bfe, 03-07-2015, 35, 8, 2.6861785,2.6853414,2.6832413,2.6840861,2.6846946
6874bfe, 03-07-2015, 35, 16, 1.4750063,1.4699470,1.4632081,1.4790443,1.4872977
6874bfe, 03-07-2015, 37, 1, 51.5254106,51.4425427,51.5277724,51.5558868,51.4299544
6874bfe, 03-07-2015, 37, 2, 26.3830126,26.3798140,26.3575438,26.3815871,26.3878025
6874bfe, 03-07-2015, 37, 4, 13.1683072,13.2097763,13.2311183,13.1758134,13.2093731
6874bfe, 03-07-2015, 37, 8, 7.0204508,7.0238875,7.0167389,7.0201475,7.0167829
6874bfe, 03-07-2015, 37, 16, 3.7903210,3.7985266,3.8016917,3.7938030,3.7666331
315c167, 04-07-2015, 30, 1, 1.7669416,1.7705174,1.7671012,1.7695017,1.7668564
315c167, 04-07-2015, 30, 2, 0.9104653,0.9129404,0.9108059,0.9105512,0.9107855
315c167, 04-07-2015, 30, 4, 0.4544723,0.4561897,0.4544511,0.4550792,0.4557577
315c167, 04-07-2015, 30, 16, 0.1441190,0.1445325,0.1546118,0.1812039,0.1704070
315c167, 04-07-2015, 35, 1, 19.6183571,19.6298457,19.6162758,19.6179993,19.6148179
315c167, 04-07-2015, 35, 2, 10.0834904,10.0803826,10.0819753,10.0812712,10.0834033
315c167, 04-07-2015, 35, 4, 5.0297240,5.0368706,5.0304241,5.0355862,5.0320700
315c167, 04-07-2015, 35, 8, 2.6860433,2.6829928,2.6845539,2.6856899,2.6845239
315c167, 04-07-2015, 35, 16, 1.4642672,1.4584189,1.4668280,1.4739252,1.4540470
315c167, 04-07-2015, 37, 1, 51.3757987,51.3787405,51.3787495,51.3864700,51.3889721
315c167, 04-07-2015, 37, 2, 26.3785915,26.3785111,26.3805918,26.3911756,26.3792796
315c167, 04-07-2015, 37, 4, 13.1863675,13.1721233,13.1651796,13.1636799,13.1668939
315c167, 04-07-2015, 37, 8, 7.0237792,7.0196926,7.0159068,7.0160455,7.0301815
315c167, 04-07-2015, 37, 16, 3.7936830,3.7918406,3.7749030,3.8063723,3.7801082
315c167, 05-07-2015, 30, 1, 1.7706535,1.7760099,1.7693745,1.7692431,1.7721971
315c167, 05-07-2015, 30, 2, 0.8849565,0.9075987,0.8840065,0.8844594,0.8853317
315c167, 05-07-2015, 30, 4, 0.4690303,0.4685502,0.4684426,0.4683572,0.4683786
315c167, 05-07-2015, 30, 8, 0.2433826,0.2439668,0.2439688,0.2433705,0.2430868
315c167, 05-07-2015, 30, 16, 0.1351101,0.1239158,0.1280386,0.1288522,0.1309736
315c167, 05-07-2015, 35, 1, 19.6454885,19.6817246,19.6534790,19.6480403,19.6415105
315c167, 05-07-2015, 35, 2, 9.8482330,9.7938516,9.7903213,9.7946038,9.8051970
315c167, 05-07-2015, 35, 4, 5.1884256,5.1898425,5.1894619,5.1872860,5.1903128
315c167, 05-07-2015, 35, 8, 2.6824419,2.6856784,2.6858966,2.6847245,2.6853033
315c167, 05-07-2015, 35, 16, 1.3530075,1.3507927,1.3504820,1.3523818,1.3545048
315c167, 05-07-2015, 37, 1, 51.4948197,51.5223328,51.5315543,51.4425866,51.4452279
315c167, 05-07-2015, 37, 2, 25.6605896,25.6403204,25.6391293,25.6327353,25.6336598
315c167, 05-07-2015, 37, 4, 13.5759548,13.5778259,13.5774636,13.5687312,13.5750994
315c167, 05-07-2015, 37, 8, 7.0210901,7.0161287,7.0173679,7.0185708,7.0252220
315c167, 05-07-2015, 37, 16, 3.5227068,3.5182793,3.5294297,3.5235139,3.5230020
b627a5c, 07-07-2015, 30, 1, 1.7647685,1.7657919,1.7650696,1.7645208,1.7650141
b627a5c, 07-07-2015, 30, 2, 0.9092833,0.9086325,0.9089130,0.9102795,0.9089291
b627a5c, 07-07-2015, 30, 4, 0.4541552,0.4545339,0.4561934,0.4544404,0.4539899
b627a5c, 07-07-2015, 30, 8, 0.2430562,0.2429948,0.2438330,0.2436612,0.2436033
b627a5c, 07-07-2015, 30, 16, 0.1239554,0.1258635,0.1237826,0.1237390,0.1263289
b627a5c, 07-07-2015, 35, 1, 19.6109975,19.6123042,19.6117896,19.6145563,19.6110861
b627a5c, 07-07-2015, 35, 2, 10.0707553,10.0731924,10.0691158,10.0685892,10.0722480
b627a5c, 07-07-2015, 35, 4, 5.0212916,5.0239404,5.0200026,5.0265184,5.0191508
b627a5c, 07-07-2015, 35, 8, 2.6798034,2.6821269,2.6816278,2.6807542,2.6795679
b627a5c, 07-07-2015, 35, 16, 1.3439368,1.3528641,1.3576651,1.3558222,1.3465751
b627a5c, 07-07-2015, 37, 1, 51.3801138,51.3786692,51.3764371,51.3740565,51.3820048
b627a5c, 07-07-2015, 37, 2, 26.3603082,26.3544070,26.3554332,26.3550011,26.3562127
b627a5c, 07-07-2015, 37, 4, 13.1686833,13.2006370,13.1449261,13.1369983,13.1572511
b627a5c, 07-07-2015, 37, 8, 7.0096268,7.0155846,7.0134716,7.0151958,7.0143703
b627a5c, 07-07-2015, 37, 16, 3.5135984,3.5259196,3.5202039,3.5174339,3.5184136
57f8001, 09-07-2015, 30, 1, 1.7785662,1.7783945,1.7791643,1.7781597,1.7782727
57f8001, 09-07-2015, 30, 2, 0.8925421,0.8907204,0.8928792,0.8907831,0.8937401
57f8001, 09-07-2015, 30, 4, 0.4565671,0.4570902,0.4567871,0.4663457,0.4568075
57f8001, 09-07-2015, 30, 8, 0.2439344,0.2438888,0.2441751,0.2431208,0.2443924
57f8001, 09-07-2015, 30, 16, 0.1267111,0.1240724,0.1328369,0.1352655,0.1357823
57f8001, 09-07-2015, 35, 1, 19.7564745,19.7572704,19.7572802,19.7568051,19.7575062
57f8001, 09-07-2015, 35, 2, 9.8941189,9.8943846,9.8614534,9.9096816,9.8777219
57f8001, 09-07-2015, 35, 4, 5.0612932,5.0515504,5.0504963,5.0532902,5.0587558
57f8001, 09-07-2015, 35, 8, 2.6974108,2.6934915,2.6917202,2.6922878,2.6935482
57f8001, 09-07-2015, 35, 16, 1.3550293,1.3525856,1.3567588,1.3576392,1.3608145
57f8001, 09-07-2015, 37, 1, 51.8199881,51.8172487,51.8201949,51.8184496,51.8215903
57f8001, 09-07-2015, 37, 2, 25.7713255,25.8550326,25.8290817,25.8549128,25.8494325
57f8001, 09-07-2015, 37, 4, 13.2377585,13.2342035,13.2301872,13.2435383,13.2246581
57f8001, 09-07-2015, 37, 8, 7.0456063,7.0463845,7.0527989,7.0377232,7.0494021
57f8001, 09-07-2015, 37, 16, 3.5430037,3.5331617,3.5496839,3.5347141,3.5358760
f326cd3, 12-07-2015, 30, 1, 1.7797186,1.7783688,1.7775456,1.7723384,1.7722928
f326cd3, 12-07-2015, 30, 2, 0.9136276,0.9135710,0.9129934,0.9134931,0.9126145
f326cd3, 12-07-2015, 30, 4, 0.4702955,0.4710823,0.4720176,0.4711027,0.4711149
f326cd3, 12-07-2015, 30, 8, 0.2443329,0.2434702,0.2437953,0.2443372,0.2433453
f326cd3, 12-07-2015, 30, 16, 0.1395883,0.1552720,0.1674809,0.1378507,0.1375940
f326cd3, 12-07-2015, 35, 1, 19.6693873,19.7191174,19.6709295,19.6991546,19.7554687
f326cd3, 12-07-2015, 35, 2, 10.1135394,10.1309382,10.1123561,10.1234840,10.1187910
f326cd3, 12-07-2015, 35, 4, 5.2093786,5.2118141,5.2111182,5.2097945,5.2069774
f326cd3, 12-07-2015, 35, 8, 2.6940542,2.6978607,2.6947447,2.6937303,2.6933232
f326cd3, 12-07-2015, 35, 16, 1.4593081,1.4634368,1.4507383,1.4616175,1.4614742
f326cd3, 12-07-2015, 37, 1, 51.5575980,51.7471181,51.5788551,51.7142085,51.5654787
f326cd3, 12-07-2015, 37, 2, 26.4835978,26.5108674,26.5338578,26.5364133,26.4792467
f326cd3, 12-07-2015, 37, 4, 13.6443820,13.6710249,13.6414916,13.6404067,13.6318027
f326cd3, 12-07-2015, 37, 8, 7.0580837,7.0511791,7.0536035,7.0508174,7.0476156
f326cd3, 12-07-2015, 37, 16, 3.7835818,3.7951433,3.7786242,3.8044369,3.7872388
acd14d1, 13-07-2015, 30, 1, 1.7746297,1.7728661,1.7834524,1.7778786,1.7808662
acd14d1, 13-07-2015, 30, 2, 0.9144189,0.9136166,0.9139692,0.9137582,0.9132231
acd14d1, 13-07-2015, 30, 4, 0.4703721,0.4703880,0.4705874,0.4705331,0.4703592
acd14d1, 13-07-2015, 30, 8, 0.2447805,0.2449618,0.2438932,0.2433766,0.2433793
acd14d1, 13-07-2015, 30, 16, 0.1245512,0.1289913,0.1351176,0.1252417,0.1303423
acd14d1, 13-07-2015, 35, 1, 19.6977350,19.6841641,19.7946945,19.6887288,19.7483679
acd14d1, 13-07-2015, 35, 2, 10.1147985,10.1141141,10.1149204,10.1486711,10.1151955
acd14d1, 13-07-2015, 35, 4, 5.2102149,5.2115576,5.2083968,5.2073424,5.2091199
acd14d1, 13-07-2015, 35, 8, 2.6960024,2.6920673,2.6939186,2.6949373,2.6929458
acd14d1, 13-07-2015, 35, 16, 1.3575680,1.3564439,1.3599343,1.3550957,1.3630975
acd14d1, 13-07-2015, 37, 1, 51.7239422,51.6400496,51.7616155,51.7188883,51.5836480
acd14d1, 13-07-2015, 37, 2, 26.5285826,26.4792178,26.4816513,26.4964927,26.4973304
acd14d1, 13-07-2015, 37, 4, 13.6394118,13.6516957,13.6414366,13.6373977,13.6358463
acd14d1, 13-07-2015, 37, 8, 7.0508374,7.0484078,7.0491471,7.0482743,7.0487035
acd14d1, 13-07-2015, 37, 16, 3.5458004,3.5521045,3.5428865,3.5448927,3.5448896
0e081a9, 14-07-2015, 30, 1, 1.7648472,1.7651154,1.7646244,1.7660406,1.7652384
0e081a9, 14-07-2015, 30, 2, 0.9081850,0.9113722,0.9087543,0.9092197,0.9078553
0e081a9, 14-07-2015, 30, 4, 0.4541606,0.4537527,0.4542017,0.4547879,0.4540995
0e081a9, 14-07-2015, 30, 8, 0.2432071,0.2425683,0.2426873,0.2428122,0.2429720
0e081a9, 14-07-2015, 30, 16, 0.1267742,0.1280113,0.1251252,0.1247280,0.1302418
0e081a9, 14-07-2015, 35, 1, 19.6036366,19.6124026,19.6217947,19.6096228,19.6130676
0e081a9, 14-07-2015, 35, 2, 10.0656537,10.0574429,10.0972098,10.0551596,10.0634295
0e081a9, 14-07-2015, 35, 4, 5.0263044,5.0289516,5.0258580,5.0229950,5.0422295
0e081a9, 14-07-2015, 35, 8, 2.6816280,2.6801416,2.6816326,2.6829707,2.6803082
0e081a9, 14-07-2015, 35, 16, 1.3657323,1.3473678,1.3503336,1.3555292,1.3475926
0e081a9, 14-07-2015, 37, 1, 51.3404105,51.3314860,51.3329972,51.3274429,51.3287944
0e081a9, 14-07-2015, 37, 2, 26.3524658,26.3479804,26.3673014,26.3525096,26.4240426
0e081a9, 14-07-2015, 37, 4, 13.2061952,13.1752677,13.1927510,13.3004181,13.2065314
0e081a9, 14-07-2015, 37, 8, 7.0134282,7.0185246,7.0102347,7.0115052,7.0178265
0e081a9, 14-07-2015, 37, 16, 3.5240108,3.5230967,3.5216648,3.5196839,3.5160095
99df208, 15-07-2015, 30, 1, 1.7635477,1.7631321,1.7644265,1.7638624,1.7637709
99df208, 15-07-2015, 30, 2, 0.8847166,0.9039834,0.8824651,0.8841672,0.8886502
99df208, 15-07-2015, 30, 4, 0.4685810,0.4679300,0.4677421,0.4677717,0.4681605
99df208, 15-07-2015, 30, 8, 0.2428484,0.2428225,0.2425533,0.2426756,0.2429868
99df208, 15-07-2015, 30, 16, 0.1264520,0.1250427,0.1319275,0.1331335,0.1304510
99df208, 15-07-2015, 35, 1, 19.5853087,19.5855487,19.5835921,19.5832794,19.5867456
99df208, 15-07-2015, 35, 2, 9.8322087,9.7770094,9.8176735,9.7752915,9.7782035
99df208, 15-07-2015, 35, 4, 5.1860932,5.1830225,5.1838731,5.1798304,5.1859865
99df208, 15-07-2015, 35, 8, 2.6821548,2.6842628,2.6807494,2.6813551,2.6796636
99df208, 15-07-2015, 35, 16, 1.3568371,1.3500992,1.3509597,1.3455886,1.3516273
99df208, 15-07-2015, 37, 1, 51.3034986,51.3038863,51.3035802,51.3019179,51.3018104
99df208, 15-07-2015, 37, 2, 25.6014696,25.7249617,25.6165652,25.6502448,25.6610986
99df208, 15-07-2015, 37, 4, 13.5781826,13.5619664,13.5675305,13.5667493,13.5675195
99df208, 15-07-2015, 37, 8, 7.0102783,7.0122206,7.0101784,7.0074425,7.0186698
99df208, 15-07-2015, 37, 16, 3.5189749,3.5184136,3.5290802,3.5251529,3.5220165
cb365ba, 17-07-2015, 30, 1, 1.3588706,1.3586067,1.3594576,1.3590293,1.3599308
cb365ba, 17-07-2015, 30, 2, 0.6995734,0.6990644,0.6994200,0.6992455,0.6989535
cb365ba, 17-07-2015, 30, 4, 0.3497883,0.3500174,0.3495185,0.3503798,0.3503208
cb365ba, 17-07-2015, 30, 8, 0.1875653,0.1869698,0.1874304,0.1873333,0.1877070
cb365ba, 17-07-2015, 30, 16, 0.1060258,0.1041374,0.1013247,0.0973915,0.0974632
cb365ba, 17-07-2015, 35, 1, 15.0656855,15.0655831,15.0644403,15.0672426,15.0646664
cb365ba, 17-07-2015, 35, 2, 7.7429226,7.7427835,7.7423935,7.7428397,7.7436971
cb365ba, 17-07-2015, 35, 4, 3.8760920,3.8767692,3.8743528,3.8888050,3.8785107
cb365ba, 17-07-2015, 35, 8, 2.0640840,2.0640364,2.0649366,2.0654026,2.0662003
cb365ba, 17-07-2015, 35, 16, 1.0425879,1.0353730,1.0392990,1.0393301,1.0407960
cb365ba, 17-07-2015, 37, 1, 39.4564216,39.4555858,39.4578372,39.4548843,39.4544705
cb365ba, 17-07-2015, 37, 2, 20.2802984,20.2785268,20.3257655,20.2772936,20.2856042
cb365ba, 17-07-2015, 37, 4, 10.1688399,10.1833593,10.1650783,10.1951857,10.1683465
cb365ba, 17-07-2015, 37, 8, 5.4046080,5.4058641,5.4030183,5.4038950,5.4024944
cb365ba, 17-07-2015, 37, 16, 2.7113239,2.7099377,2.7072773,2.7180144,2.7140697
3ea1609, 18-07-2015, 30, 1, 1.7683849,1.7677817,1.7679171,1.7679926,1.7684021
3ea1609, 19-07-2015, 30, 1, 1.8105278,1.8117725,1.7996457,1.7900593,1.7917939
3ea1609, 20-07-2015, 30, 1, 1.7762015,1.7784738,1.7803318,1.7770490,1.7773095
3ea1609, 18-07-2015, 30, 2, 0.8843217,0.8863624,0.8860909,0.8845252,0.8877481
3ea1609, 19-07-2015, 30, 2, 0.9197249,0.9198540,0.9194630,0.9189651,0.9185609
3ea1609, 20-07-2015, 30, 2, 0.9159442,0.9155533,0.9143111,0.9143596,0.9161667
3ea1609, 18-07-2015, 30, 4, 0.4696473,0.4691982,0.4692459,0.4690851,0.4690230
3ea1609, 19-07-2015, 30, 4, 0.4738748,0.4742427,0.4743305,0.4734807,0.4733352
3ea1609, 20-07-2015, 30, 4, 0.4710769,0.4708089,0.4711233,0.4715445,0.4711025
3ea1609, 18-07-2015, 30, 8, 0.2437343,0.2435252,0.2431266,0.2435631,0.2432903
3ea1609, 19-07-2015, 30, 8, 0.2453919,0.2451870,0.2466338,0.2463355,0.2454905
3ea1609, 20-07-2015, 30, 8, 0.2439532,0.2444339,0.2442942,0.2438240,0.2447192
3ea1609, 18-07-2015, 30, 16, 0.1332894,0.1236973,0.1236380,0.1317237,0.1227444
3ea1609, 19-07-2015, 30, 16, 0.1268662,0.1265122,0.1250387,0.1270750,0.1250686
3ea1609, 20-07-2015, 30, 16, 0.1248393,0.1295635,0.1251850,0.1275658,0.1256687
3ea1609, 18-07-2015, 35, 1, 19.6368079,19.6875604,19.6380979,19.6393256,19.6527198
3ea1609, 19-07-2015, 35, 1, 19.8517938,19.8123368,19.8123217,19.8112562,19.8135998
3ea1609, 20-07-2015, 35, 1, 19.7448562,19.7373535,19.7457464,19.7430521,19.7488996
3ea1609, 18-07-2015, 35, 2, 9.8244015,9.7982854,9.8213978,9.8169707,9.8069076
3ea1609, 19-07-2015, 35, 2, 10.1866706,10.1848646,10.1844484,10.1932062,10.1893693
3ea1609, 20-07-2015, 35, 2, 10.1448275,10.1583571,10.1439012,10.1412059,10.1363601
3ea1609, 18-07-2015, 35, 4, 5.1959249,5.1953843,5.1967293,5.2015495,5.1960636
3ea1609, 19-07-2015, 35, 4, 5.2446908,5.2439207,5.2442966,5.2482777,5.2431560
3ea1609, 20-07-2015, 35, 4, 5.2184024,5.2217330,5.2170002,5.2206521,5.2204715
3ea1609, 18-07-2015, 35, 8, 2.6886534,2.6867893,2.6866758,2.6881492,2.6885245
3ea1609, 19-07-2015, 35, 8, 2.7110341,2.7117075,2.7110078,2.7102589,2.7109470
3ea1609, 20-07-2015, 35, 8, 2.6959621,2.6961367,2.6974518,2.6974899,2.6963312
3ea1609, 18-07-2015, 35, 16, 1.3534360,1.3469825,1.3502404,1.3515873,1.3478463
3ea1609, 19-07-2015, 35, 16, 1.3579798,1.3610883,1.3595940,1.3614782,1.3586924
3ea1609, 20-07-2015, 35, 16, 1.3489169,1.3489790,1.3481601,1.3614568,1.3559258
3ea1609, 18-07-2015, 37, 1, 51.4388537,51.4306643,51.4365525,51.4421010,51.4926792
3ea1609, 19-07-2015, 37, 1, 51.9039521,51.9085627,51.9050179,51.9007179,51.9023917
3ea1609, 20-07-2015, 37, 1, 51.7959001,51.7051707,51.7097744,51.7198131,51.6954601
3ea1609, 18-07-2015, 37, 2, 25.7625420,25.7488622,25.6297781,25.6755195,25.6949341
3ea1609, 19-07-2015, 37, 2, 26.6596246,26.6962298,26.7008278,26.6832524,26.6832402
3ea1609, 20-07-2015, 37, 2, 26.5394207,26.5803257,26.5432683,26.5214438,26.5468841
3ea1609, 18-07-2015, 37, 4, 13.6040981,13.6208451,13.6368800,13.6106256,13.6037484
3ea1609, 19-07-2015, 37, 4, 13.7360220,13.7247838,13.7374189,13.7268860,13.7330666
3ea1609, 20-07-2015, 37, 4, 13.6607280,13.6607779,13.6619369,13.6561250,13.6631205
3ea1609, 18-07-2015, 37, 8, 7.0334910,7.0327673,7.0386515,7.0355981,7.0358934
3ea1609, 19-07-2015, 37, 8, 7.0938796,7.0924833,7.0959277,7.0938477,7.0946244
3ea1609, 20-07-2015, 37, 8, 7.0574464,7.0573780,7.0577530,7.0608990,7.0586158
3ea1609, 18-07-2015, 37, 16, 3.5243559,3.5282580,3.5334549,3.5237439,3.5293727
3ea1609, 19-07-2015, 37, 16, 3.5536283,3.5619784,3.5547744,3.5548656,3.5500598
3ea1609, 20-07-2015, 37, 16, 3.5329343,3.5354900,3.5367580,3.5324941,3.5269619
5173daa, 21-07-2015, 30, 1, 1.7182398,1.7197134,1.7179110,1.7197786,1.7185328
5173daa, 21-07-2015, 30, 2, 0.8594207,0.8581096,0.8616030,0.8580710,0.8590849
5173daa, 21-07-2015, 30, 4, 0.4384449,0.4355243,0.4386528,0.4353647,0.4365632
5173daa, 21-07-2015, 30, 8, 0.2268762,0.2261525,0.2268295,0.2276646,0.2256389
5173daa, 21-07-2015, 30, 16, 0.1219166,0.1253472,0.1249769,0.1215130,0.1310444
5173daa, 21-07-2015, 35, 1, 19.0367584,19.0335216,19.0330597,19.0394381,19.0361214
5173daa, 21-07-2015, 35, 2, 9.5096252,9.5181338,9.5135490,9.5060178,9.5038054
5173daa, 21-07-2015, 35, 4, 4.8304819,4.8210082,4.8193062,4.8169380,4.8177681
5173daa, 21-07-2015, 35, 8, 2.4968723,2.4870515,2.4865341,2.4866460,2.4910607
5173daa, 21-07-2015, 35, 16, 1.3173138,1.3185906,1.3302112,1.3217256,1.3299671
5173daa, 21-07-2015, 37, 1, 49.8454220,49.8359757,49.8619005,49.8289822,49.8396652
5173daa, 21-07-2015, 37, 2, 24.8940195,24.9331155,24.9299007,24.9414819,24.9054866
5173daa, 21-07-2015, 37, 4, 12.6149711,12.6649131,12.6312495,12.6251749,12.6142739
5173daa, 21-07-2015, 37, 8, 6.5094952,6.5225829,6.5177315,6.5225034,6.5143189
5173daa, 21-07-2015, 37, 16, 3.4518986,3.4578872,3.4493689,3.4428990,3.4466683
c6fb82b, 23-07-2015, 30, 1, 0.9870024,0.9873405,0.9873719,0.9861145,0.9864675
c6fb82b, 23-07-2015, 30, 2, 0.4931063,0.4933376,0.4942450,0.4935604,0.4933642
c6fb82b, 23-07-2015, 30, 4, 0.2524830,0.2517710,0.2514203,0.2510834,0.2505597
c6fb82b, 23-07-2015, 30, 8, 0.1327260,0.1324124,0.1316878,0.1312008,0.1321172
c6fb82b, 23-07-2015, 30, 16, 0.0730582,0.0764302,0.0749046,0.0724833,0.0701260
c6fb82b, 23-07-2015, 35, 1, 10.9227254,10.8824192,10.8826092,10.8853547,10.8984264
c6fb82b, 23-07-2015, 35, 2, 5.4573644,5.4696935,5.4639424,5.4572763,5.4592782
c6fb82b, 23-07-2015, 35, 4, 2.7746684,2.7754629,2.7768639,2.7695098,2.7672926
c6fb82b, 23-07-2015, 35, 8, 1.4350525,1.4361273,1.4369520,1.4371372,1.4376173
c6fb82b, 23-07-2015, 35, 16, 0.7769279,0.7727903,0.7632281,0.7689820,0.7643785
c6fb82b, 23-07-2015, 37, 1, 28.5315817,28.4927677,28.5032735,28.5017814,28.4895818
c6fb82b, 23-07-2015, 37, 2, 14.2881393,14.2994863,14.3014414,14.2650269,14.2872736
c6fb82b, 23-07-2015, 37, 4, 7.2412511,7.2776275,7.2542106,7.2869494,7.2758783
c6fb82b, 23-07-2015, 37, 8, 3.7672175,3.7582032,3.7650243,3.7947403,3.7514710
c6fb82b, 23-07-2015, 37, 16, 1.9775133,1.9851177,1.9806563,1.9850018,1.9799953
d30711c, 24-07-2015, 30, 1, 1.0365377,1.0363418,1.0347717,1.0343559,1.0352585
d30711c, 24-07-2015, 30, 2, 0.5224924,0.5187659,0.5183990,0.5195452,0.5221885
d30711c, 24-07-2015, 30, 4, 0.2652977,0.2647150,0.2638862,0.2664739,0.2662185
d30711c, 24-07-2015, 30, 8, 0.1398873,0.1384582,0.1382285,0.1386746,0.1379455
d30711c, 24-07-2015, 30, 16, 0.0761956,0.0760611,0.0761615,0.0789873,0.0794504
d30711c, 24-07-2015, 35, 1, 11.4510611,11.4572735,11.4562517,11.4651445,11.4537575
d30711c, 24-07-2015, 35, 2, 5.7522072,5.7447911,5.7469851,5.7437201,5.7473293
d30711c, 24-07-2015, 35, 4, 2.9175880,2.9330796,2.9310296,2.9289315,2.9241976
d30711c, 24-07-2015, 35, 8, 1.5109957,1.5171233,1.5245551,1.5128562,1.5202212
d30711c, 24-07-2015, 35, 16, 0.7981754,0.8090300,0.8287818,0.8008757,0.8066632
d30711c, 24-07-2015, 37, 1, 30.0062945,30.0118391,30.0518254,30.0277522,30.0504586
d30711c, 24-07-2015, 37, 2, 15.0381567,15.0383750,15.0450255,15.0415659,15.0320156
d30711c, 24-07-2015, 37, 4, 7.6428712,7.6386640,7.6712764,7.6847094,7.6603348
d30711c, 24-07-2015, 37, 8, 3.9753832,3.9771479,3.9803284,3.9657425,3.9638229
d30711c, 24-07-2015, 37, 16, 2.2186211,2.0907972,2.0905672,2.0838040,2.0877510
beaa50c, 25-07-2015, 30, 1, 1.0071449,1.0061687,1.0062237,1.0061601,1.0063801
beaa50c, 25-07-2015, 30, 2, 0.5036929,0.4989066,0.5003803,0.4978918,0.4989026
beaa50c, 25-07-2015, 30, 8, 0.1326415,0.1330597,0.1331894,0.1317369,0.1318094
beaa50c, 25-07-2015, 30, 16, 0.0711498,0.0723562,0.0708047,0.0698777,0.0703845
beaa50c, 25-07-2015, 35, 1, 11.0699867,11.0637389,11.0632313,11.0601650,11.0685891
beaa50c, 25-07-2015, 35, 2, 5.5474224,5.5419032,5.5462718,5.5415493,5.5488155
beaa50c, 25-07-2015, 35, 4, 2.8268750,2.8159194,2.8172348,2.8200372,2.8269062
beaa50c, 25-07-2015, 35, 8, 1.4491429,1.4525616,1.4666105,1.4493038,1.4536847
beaa50c, 25-07-2015, 35, 16, 0.7659361,0.7714872,0.7707892,0.7769015,0.7653794
beaa50c, 25-07-2015, 37, 1, 29.0208416,28.9893166,29.0127949,28.9824280,29.0169056
beaa50c, 25-07-2015, 37, 2, 14.4713942,14.4854601,14.4985499,14.4990114,14.4802780
beaa50c, 25-07-2015, 37, 4, 7.4018351,7.3772390,7.3941952,7.3954007,7.3752665
beaa50c, 25-07-2015, 37, 8, 3.8195437,3.8327825,3.8108110,3.8082521,3.8030025
beaa50c, 25-07-2015, 37, 16, 1.9990234,2.0024890,1.9988296,2.0070244,2.0074695
23a6022, 26-07-2015, 30, 1, 0.9928487,0.9931117,0.9927878,0.9923986,0.9932024
23a6022, 26-07-2015, 30, 2, 0.4938280,0.4936495,0.4915703,0.4922238,0.4938430
23a6022, 26-07-2015, 30, 4, 0.2516305,0.2497483,0.2506642,0.2503343,0.2504685
23a6022, 26-07-2015, 30, 8, 0.1326639,0.1297985,0.1299540,0.1304710,0.1309768
23a6022, 26-07-2015, 30, 16, 0.0688797,0.0740094,0.0690906,0.0700152,0.0716031
23a6022, 26-07-2015, 35, 1, 10.9268418,10.9283652,10.9242832,10.9141575,10.9767733
23a6022, 26-07-2015, 35, 2, 5.4708941,5.4687684,5.4729549,5.4673589,5.4691236
23a6022, 26-07-2015, 35, 4, 2.7803048,2.7862845,2.7769808,2.7771301,2.7787815
23a6022, 26-07-2015, 35, 8, 1.4407864,1.4343483,1.4345947,1.4345279,1.4332761
23a6022, 26-07-2015, 35, 16, 0.7531887,0.7536996,0.7559072,0.7539470,0.7525806
23a6022, 26-07-2015, 37, 1, 28.7584759,28.7664879,28.6054716,28.6919086,28.7342276
23a6022, 26-07-2015, 37, 2, 14.3009540,14.2900884,14.2943444,14.2912381,14.3029875
23a6022, 26-07-2015, 37, 4, 7.2703569,7.2675741,7.2802594,7.2758451,7.2670165
23a6022, 26-07-2015, 37, 8, 3.7588294,3.7467951,3.7567206,3.7568460,3.7507209
23a6022, 26-07-2015, 37, 16, 1.9773167,1.9712136,1.9706817,1.9737954,1.9798438
23a6022, 27-07-2015, 30, 1, 0.9943093,0.9930422,0.9938818,0.9917184,0.9927725
23a6022, 27-07-2015, 30, 2, 0.4939406,0.4935267,0.4929255,0.4918814,0.4909199
23a6022, 27-07-2015, 30, 4, 0.2509056,0.2500538,0.2506051,0.2501111,0.2512857
23a6022, 27-07-2015, 30, 8, 0.1309812,0.1320260,0.1306869,0.1298737,0.1321576
23a6022, 27-07-2015, 30, 16, 0.0746633,0.0761232,0.0699542,0.0688327,0.0748865
23a6022, 27-07-2015, 35, 1, 10.9152331,10.9141394,10.9138907,10.9270301,10.9158641
23a6022, 27-07-2015, 35, 2, 5.4679667,5.4807154,5.4800397,5.4793414,5.4687598
23a6022, 27-07-2015, 35, 4, 2.7728793,2.7775017,2.7796007,2.7745663,2.7743381
23a6022, 27-07-2015, 35, 8, 1.4355814,1.4361040,1.4336292,1.4305289,1.4338118
23a6022, 27-07-2015, 35, 16, 0.7579276,0.7544282,0.7637934,0.7569046,0.7537353
23a6022, 27-07-2015, 37, 1, 28.6012338,28.6027424,28.6349479,28.6038627,28.6046651
23a6022, 27-07-2015, 37, 2, 14.2806952,14.2928570,14.2727888,14.3300950,14.3111396
23a6022, 27-07-2015, 37, 4, 7.2663151,7.2646502,7.2771178,7.2824960,7.2655161
23a6022, 27-07-2015, 37, 8, 3.7587769,3.7602321,3.7695934,3.7548310,3.7534480
23a6022, 27-07-2015, 37, 16, 1.9709441,1.9725290,1.9693488,1.9741107,1.9714896
e3bf4c1, 28-07-2015, 30, 1, 0.9943895,0.9923381,0.9923735,0.9958750,0.9967800
e3bf4c1, 28-07-2015, 30, 2, 0.4954598,0.4958262,0.4949886,0.4922282,0.4953492
e3bf4c1, 28-07-2015, 30, 4, 0.2525331,0.2523360,0.2519739,0.2521317,0.2522749
e3bf4c1, 28-07-2015, 30, 8, 0.1311824,0.1304916,0.1309998,0.1331259,0.1310553
e3bf4c1, 28-07-2015, 30, 16, 0.0804736,0.0695538,0.0737961,0.0692206,0.0693699
e3bf4c1, 28-07-2015, 35, 1, 10.9377616,10.9377007,10.9422671,10.9522236,10.9411524
e3bf4c1, 28-07-2015, 35, 2, 5.4843520,5.4917592,5.4883725,5.4792528,5.4891904
e3bf4c1, 28-07-2015, 35, 4, 2.8162670,2.7864672,2.7984849,2.8015561,2.7983697
e3bf4c1, 28-07-2015, 35, 8, 1.4383613,1.4395145,1.4376172,1.4391745,1.4375781
e3bf4c1, 28-07-2015, 35, 16, 0.7587914,0.7610983,0.7590719,0.7764825,0.7586078
e3bf4c1, 28-07-2015, 37, 1, 28.6751043,28.6880419,28.7047340,28.6782545,28.6956489
e3bf4c1, 28-07-2015, 37, 2, 14.3403272,14.3405467,14.3395566,14.3354796,14.3402619
e3bf4c1, 28-07-2015, 37, 4, 7.3149046,7.3084220,7.3007093,7.3005042,7.2909195
e3bf4c1, 28-07-2015, 37, 8, 3.7651264,3.7662225,3.7619013,3.7725596,3.7619723
e3bf4c1, 28-07-2015, 37, 16, 1.9788101,1.9933127,1.9826400,1.9806671,1.9811064
f023fe3, 29-07-2015, 30, 1, 0.9915587,0.9915371,0.9914367,0.9905981,1.0160304
f023fe3, 29-07-2015, 30, 2, 0.4966763,0.4955295,0.4968874,0.4976191,0.4984420
f023fe3, 29-07-2015, 30, 4, 0.2534273,0.2520195,0.2530438,0.2521706,0.2521229
f023fe3, 29-07-2015, 30, 8, 0.1308906,0.1311472,0.1318423,0.1308472,0.1328019
f023fe3, 29-07-2015, 30, 16, 0.0741886,0.0970292,0.0834271,0.0703959,0.0709162
f023fe3, 29-07-2015, 35, 1, 10.9372412,10.9402047,10.9355722,10.9386565,11.0420430
f023fe3, 29-07-2015, 35, 2, 5.5122638,5.5118636,5.4876986,5.4830057,5.4868629
f023fe3, 29-07-2015, 35, 4, 2.7910147,2.7916758,2.7933606,2.7957002,2.7934679
f023fe3, 29-07-2015, 35, 8, 1.4365807,1.4382691,1.4357249,1.4375130,1.4402102
f023fe3, 29-07-2015, 35, 16, 0.7578849,0.7623728,0.7616391,0.7664591,0.7575130
f023fe3, 29-07-2015, 37, 1, 28.7222058,28.6702816,28.6731742,28.6665067,28.6629563
f023fe3, 29-07-2015, 37, 2, 14.3282595,14.3227681,14.3298962,14.3152725,14.3071212
f023fe3, 29-07-2015, 37, 4, 7.2911015,7.3022350,7.2903779,7.2904270,7.2880353
f023fe3, 29-07-2015, 37, 8, 3.7719169,3.7640308,3.7603553,3.7663050,3.7622323
f023fe3, 29-07-2015, 37, 16, 1.9958130,2.0002895,1.9785832,1.9896906,1.9815249
02a3e25, 30-07-2015, 30, 1, 0.9985249,0.9979297,0.9982283,0.9963681,0.9974148
02a3e25, 30-07-2015, 30, 2, 0.5013002,0.5013809,0.4984360,0.5000894,0.4999966
02a3e25, 30-07-2015, 30, 4, 0.2564839,0.2547858,0.2552935,0.2548192,0.2555376
02a3e25, 30-07-2015, 30, 8, 0.1337330,0.1327867,0.1318601,0.1326778,0.1320557
02a3e25, 30-07-2015, 30, 16, 0.0712519,0.0736460,0.0704309,0.0786495,0.1023865
02a3e25, 30-07-2015, 35, 1, 11.0366670,11.0350215,11.0362046,11.0536974,11.0376285
02a3e25, 30-07-2015, 35, 2, 5.5446318,5.5316444,5.5396474,5.5391542,5.5347485
02a3e25, 30-07-2015, 35, 4, 2.8161863,2.8314194,2.8263080,2.8214478,2.8190247
02a3e25, 30-07-2015, 35, 8, 1.4557894,1.4476979,1.4567729,1.4585835,1.4513806
02a3e25, 30-07-2015, 35, 16, 0.7935929,0.7689947,0.7657924,0.7754671,0.7644639
02a3e25, 30-07-2015, 37, 1, 28.9443057,28.9124039,28.9597853,28.9144041,28.9098033
02a3e25, 30-07-2015, 37, 2, 14.5138554,14.5177170,14.4909787,14.4801932,14.5127047
02a3e25, 30-07-2015, 37, 4, 7.3953070,7.3808945,7.3778079,7.3709613,7.3975733
02a3e25, 30-07-2015, 37, 8, 3.7973366,3.8118770,3.8122910,3.8096571,3.8144417
02a3e25, 30-07-2015, 37, 16, 2.0033399,2.0203073,2.0260499,2.0185044,2.0080032
bc0d832, 31-07-2015, 30, 1, 1.0006327,1.0014684,1.0007542,0.9997428,1.0006352
bc0d832, 31-07-2015, 30, 2, 0.4997770,0.5008339,0.4995262,0.4991743,0.4997962
bc0d832, 31-07-2015, 30, 4, 0.2551491,0.2553191,0.2552454,0.2543232,0.2545523
bc0d832, 31-07-2015, 30, 8, 0.1319788,0.1321872,0.1312554,0.1318869,0.1332591
bc0d832, 31-07-2015, 30, 16, 0.0717654,0.0772702,0.0705908,0.0923298,0.0844727
bc0d832, 31-07-2015, 35, 1, 11.0660652,11.0689217,11.0649763,11.0625073,11.0659872
bc0d832, 31-07-2015, 35, 2, 5.5500394,5.5563234,5.5214753,5.5444667,5.5422904
bc0d832, 31-07-2015, 35, 4, 2.8094390,2.8149620,2.8119349,2.8122154,2.8113547
bc0d832, 31-07-2015, 35, 8, 1.4758853,1.4620840,1.4513568,1.4532366,1.4536616
bc0d832, 31-07-2015, 35, 16, 0.7690330,0.7654433,0.7661854,0.7662301,0.7689807
bc0d832, 31-07-2015, 37, 1, 28.9840894,29.1101682,28.9845113,28.9802335,28.9828961
bc0d832, 31-07-2015, 37, 2, 14.5093354,14.5315892,14.5088881,14.4848229,14.4791367
bc0d832, 31-07-2015, 37, 4, 7.3690397,7.3651120,7.3603672,7.3683519,7.3725971
bc0d832, 31-07-2015, 37, 8, 3.8085013,3.7956637,3.8210923,3.8184464,3.8086353
bc0d832, 31-07-2015, 37, 16, 2.0082549,2.0008446,2.0032518,2.0064211,2.0009648
5b3580d, 01-08-2015, 30, 1, 1.0138197,1.0136319,1.0140198,1.0131760,1.0131769
5b3580d, 01-08-2015, 30, 2, 0.5042289,0.5050109,0.5056911,0.5062496,0.5052957
5b3580d, 01-08-2015, 30, 4, 0.2575852,0.2574062,0.2564210,0.2570038,0.2570074
5b3580d, 01-08-2015, 30, 8, 0.1359836,0.1340878,0.1341414,0.1342986,0.1356123
5b3580d, 01-08-2015, 30, 16, 0.0719993,0.0717983,0.0749875,0.0709187,0.0758453
5b3580d, 01-08-2015, 35, 1, 11.2154748,11.2115880,11.2117893,11.2077780,11.2110477
5b3580d, 01-08-2015, 35, 2, 5.6102657,5.6031116,5.6045162,5.6065983,5.6184214
5b3580d, 01-08-2015, 35, 4, 2.8397491,2.8448377,2.8504127,2.8414705,2.8507244
5b3580d, 01-08-2015, 35, 8, 1.4754280,1.4766992,1.4803982,1.4766420,1.4830908
5b3580d, 01-08-2015, 35, 16, 0.7755613,0.7794950,0.7697906,0.7968079,0.7780717
5b3580d, 01-08-2015, 37, 1, 29.3435290,29.3446901,29.3396493,29.3798920,29.4692272
5b3580d, 01-08-2015, 37, 2, 14.6723032,14.6590466,14.6708601,14.6511245,14.6163706
5b3580d, 01-08-2015, 37, 4, 7.4448923,7.4502766,7.4290145,7.4190644,7.4478942
5b3580d, 01-08-2015, 37, 8, 3.8754817,3.8852856,3.8736883,3.8624673,3.8926560
5b3580d, 01-08-2015, 37, 16, 2.0096650,2.0219102,2.0231594,2.0219405,2.0277247
