f326cd3, 12-07-2015, 1, 112403,112606,112170,111870,112260
f326cd3, 12-07-2015, 2, 111870,112117,111655,111900,111774
f326cd3, 12-07-2015, 4, 110587,110340,109791,110544,110137
f326cd3, 12-07-2015, 8, 112856,111506,112743,112065,112035
f326cd3, 12-07-2015, 16, 110975,110130,111085,110785,110902
acd14d1, 16-07-2015, 1, 122078,121161,121302,121310,121205
acd14d1, 16-07-2015, 2, 120293,119735,120026,120172,120517
acd14d1, 16-07-2015, 4, 120760,121451,121706,121697,120995
acd14d1, 16-07-2015, 8, 121697,121874,121574,120327,121600
acd14d1, 16-07-2015, 16, 125007,147479,124728,144494,145270
a0c3c29, 17-07-2015, 1, 122114,122274,122069,122712,122247
a0c3c29, 17-07-2015, 2, 121777,121460,122203,121742,121653
a0c3c29, 17-07-2015, 4, 121284,121804,121433,120882,121451
a0c3c29, 17-07-2015, 8, 121804,121883,122034,121874,121583
a0c3c29, 17-07-2015, 16, 121821,120284,121574,121504,143813
3ea1609, 18-07-2015, 1, 110843,111129,111063,110902,111056
3ea1609, 18-07-2015, 2, 109748,110318,110043,109755,110202
3ea1609, 18-07-2015, 4, 110566,110275,110529,110536,110260
3ea1609, 18-07-2015, 8, 110058,109986,109262,110036,109914
3ea1609, 18-07-2015, 16, 110108,110195,110719,110166,110260
c6fb82b, 23-07-2015, 1, 142156,142252,142168,142276,142023
c6fb82b, 23-07-2015, 2, 140630,139764,140997,141187,141306
c6fb82b, 23-07-2015, 4, 141021,140819,141282,141664,141389
c6fb82b, 23-07-2015, 8, 141759,140902,141318,141021,140914
c6fb82b, 23-07-2015, 16, 141401,141389,141377,168361,169999
bc0d832, 01-08-2015, 1, 164531,164145,164129,164386,164064
bc0d832, 01-08-2015, 2, 162586,163584,162775,163553,162271
bc0d832, 01-08-2015, 4, 162099,163218,163298,162949,163968
bc0d832, 01-08-2015, 8, 162617,162917,162099,161895,162444
bc0d832, 01-08-2015, 16, 162146,171109,163377,192333,162413
d2fdca2, 02-08-2015, 1, 164628,164483,164386,164321,164450
d2fdca2, 02-08-2015, 2, 164048,163824,163872,163473,163361
d2fdca2, 02-08-2015, 4, 163155,162933,162114,162491,162664
d2fdca2, 02-08-2015, 8, 164499,163696,164129,163872,164402
d2fdca2, 02-08-2015, 16, 164112,192908,163505,201577,162554
f851440, 03-08-2015, 1, 162020,163345,162318,162601,162886
f851440, 03-08-2015, 2, 161288,161599,160794,161041,161195
f851440, 03-08-2015, 4, 161428,161537,162130,161755,161506
f851440, 03-08-2015, 8, 160732,160425,161319,161257,160501
f851440, 03-08-2015, 16, 162586,190499,162444,161942,162570
efad1f4, 04-08-2015, 1, 162886,162775,162807,162949,162680
efad1f4, 04-08-2015, 2, 162036,160933,161459,162303,161521
efad1f4, 04-08-2015, 4, 163139,162759,163234,162775,162791
efad1f4, 04-08-2015, 8, 162822,163091,162870,163345,162775
efad1f4, 04-08-2015, 16, 163984,162822,170656,163028,163218
5b5bed6, 09-08-2015, 1, 157873,157488,157577,157933,157799
5b5bed6, 09-08-2015, 2, 158201,158590,158231,158335,158605
5b5bed6, 09-08-2015, 4, 157414,157710,157193,157621,157134
5b5bed6, 09-08-2015, 8, 158635,158365,158335,156826,156943
5b5bed6, 09-08-2015, 16, 155604,155000,156460,156446,186455
1e1238a, 11-08-2015, 1, 157444,157355,157577,158171,156811
1e1238a, 11-08-2015, 2, 158171,157017,157459,157903,157503
1e1238a, 11-08-2015, 4, 154103,154344,154231,154018,153638
1e1238a, 11-08-2015, 8, 159056,159252,158620,159116,158365
1e1238a, 11-08-2015, 16, 153652,182381,183057,182619,183558
2e640e3, 12-08-2015, 1, 149636,149676,149930,149971,149636
2e640e3, 12-08-2015, 2, 149797,149490,149436,150118,149516
2e640e3, 12-08-2015, 4, 148537,148919,148300,148550,148800
2e640e3, 12-08-2015, 8, 148668,148681,148563,148695,149290
2e640e3, 12-08-2015, 16, 147713,147531,175733,147362,146705
237b5c1, 13-08-2015, 1, 149971,150374,149930,149530,149690
237b5c1, 13-08-2015, 2, 149636,149596,149383,149396,149263
237b5c1, 13-08-2015, 4, 149277,149450,149237,149263,148827
237b5c1, 13-08-2015, 8, 149516,148524,149263,149012,149184
237b5c1, 13-08-2015, 16, 176157,148065,176602,148445,177237
5f94396, 14-08-2015, 1, 150644,150549,150024,150590,151037
5f94396, 14-08-2015, 2, 150983,151899,151037,151583,151693
5f94396, 14-08-2015, 4, 147843,148327,148353,147856,148524
5f94396, 14-08-2015, 8, 146462,146232,146500,146411,146436
5f94396, 14-08-2015, 16, 173193,176528,176788,144395,144994
6261a17, 15-08-2015, 1, 147648,147700,148182,147350,147973
6261a17, 15-08-2015, 2, 150239,149463,150132,150266,150360
6261a17, 15-08-2015, 4, 150239,149971,150401,149730,149623
6261a17, 15-08-2015, 8, 148524,148985,148169,148458,148524
6261a17, 15-08-2015, 16, 148405,148209,148840,148379,177687
081ce4e, 20-08-2015, 1, 148642,148893,149330,148853,148616
081ce4e, 20-08-2015, 2, 148761,148537,148972,148866,148985
081ce4e, 20-08-2015, 4, 147181,147233,147298,147117,147830
081ce4e, 20-08-2015, 8, 150929,151241,151624,151569,151160
081ce4e, 20-08-2015, 16, 176102,146705,176361,146347,146692
f565790, 21-08-2015, 1, 137035,136812,137069,136789,136611
f565790, 21-08-2015, 2, 138039,137484,137541,137484,138209
f565790, 21-08-2015, 4, 135782,135749,135584,135202,134336
f565790, 21-08-2015, 8, 134261,134800,135256,135104,135202
f565790, 21-08-2015, 16, 134357,162617,162680,139392,162255
3cbff1b, 26-08-2015, 1, 135355,135050,135464,135278,135563
3cbff1b, 26-08-2015, 2, 135705,135311,135344,135661,135420
3cbff1b, 26-08-2015, 4, 134757,134681,134444,134908,134314
3cbff1b, 26-08-2015, 8, 137181,137541,137394,136812,136745
3cbff1b, 26-08-2015, 16, 163505,135980,136190,163760,136090
107ed41, 27-08-2015, 1, 136157,136300,136090,135552,135947
107ed41, 27-08-2015, 2, 134746,135639,135606,135793,135870
107ed41, 27-08-2015, 4, 134465,134822,134724,135126,134487
107ed41, 27-08-2015, 8, 135377,134768,135892,136767,135793
107ed41, 27-08-2015, 16, 160640,134595,134293,160994,134649
4e631e5, 20-09-2015, 1, 95635,95358,95559,94605,94904
4e631e5, 20-09-2015, 2, 83907,82508,81439,83848,82610
4e631e5, 20-09-2015, 4, 76073,77867,77748,76745,78267
4e631e5, 20-09-2015, 8, 76066,77236,75495,76291,77193
4e631e5, 20-09-2015, 16, 79551,86125,100643,84516,88056
f77fcee, 24-09-2015, 1, 77030,76717,76046,76135,78154
f77fcee, 24-09-2015, 2, 77651,76573,77250,75651,77439
f77fcee, 24-09-2015, 4, 77332,75519,76833,76270,76752
f77fcee, 24-09-2015, 8, 77329,75877,77080,77144,76375
f77fcee, 24-09-2015, 16, 87509,98864,83056,83827,90600
d58441a, 29-09-2015, 1, 76441,77532,78267,77733,77268
d58441a, 29-09-2015, 2, 75140,75069,76956,75894,76720
d58441a, 29-09-2015, 4, 76678,75410,77172,78092,77622
d58441a, 29-09-2015, 8, 76336,75471,77076,75634,77339
d58441a, 29-09-2015, 16, 77511,105950,85350,74572,76507
1e4521d, 01-10-2015, 1, 75891,75915,76329,77925,75556
1e4521d, 01-10-2015, 2, 76822,75319,75980,76517,74460
1e4521d, 01-10-2015, 4, 75655,76029,76080,75553,76738
1e4521d, 01-10-2015, 8, 78807,79231,79861,77976,78707
1e4521d, 01-10-2015, 16, 100643,86605,83229,85515,83348
a3e9a3f, 02-10-2015, 1, 77928,75542,77321,75488,76812
a3e9a3f, 02-10-2015, 2, 77748,76843,77770,77436,77622
a3e9a3f, 02-10-2015, 4, 76115,76316,77130,76430,75809
a3e9a3f, 02-10-2015, 8, 78755,77027,76479,77126,76724
a3e9a3f, 02-10-2015, 16, 84631,86965,100222,84422,97141
83cc2d8, 16-10-2015, 1, 76763,77176,77694,77343,77791
83cc2d8, 16-10-2015, 2, 76643,77525,76490,76636,76861
83cc2d8, 16-10-2015, 4, 78373,77371,78707,76281,78937
83cc2d8, 16-10-2015, 8, 79071,78070,77514,77705,77881
83cc2d8, 16-10-2015, 16, 100228,102896,96526,100420,105055
6d53791, 19-10-2015, 1, 77240,78811,79299,77694,77816
6d53791, 19-10-2015, 2, 77336,75227,75390,76039,75029
6d53791, 19-10-2015, 4, 77525,79922,79216,77539,77379
6d53791, 19-10-2015, 8, 77201,77708,76748,76801,77254
6d53791, 19-10-2015, 16, 83179,87949,109755,104459,102991
2f56983, 20-10-2015, 1, 77027,76847,76302,77382,76939
2f56983, 20-10-2015, 2, 78034,78318,78354,77475,77762
2f56983, 20-10-2015, 4, 79186,77539,76896,78092,76805
2f56983, 20-10-2015, 8, 77475,78113,78325,77965,79115
2f56983, 20-10-2015, 16, 86267,103016,102997,87209,92248
221d5a8, 28-02-2016, 1, 92208,91599,91250,90127,90453
221d5a8, 28-02-2016, 2, 82298,83431,81226,80644,81289
221d5a8, 28-02-2016, 4, 75549,75733,74775,74486,74882
221d5a8, 28-02-2016, 8, 68490,68023,67639,68111,68810
221d5a8, 28-02-2016, 16, 65281,63828,64067,64714,64797
35d6e5d, 29-02-2016, 1, 88787,87587,88618,89852,89436
35d6e5d, 29-02-2016, 2, 81273,82169,81395,80932,81585
35d6e5d, 29-02-2016, 4, 75802,76132,76685,75805,76066
35d6e5d, 29-02-2016, 8, 68247,68378,68228,68167,67789
35d6e5d, 29-02-2016, 16, 64998,64675,64421,65197,64101
1c0b6c5, 04-03-2016, 1, 89713,90874,90390,90678,89445
f80054d, 05-03-2016, 1, 87605,88014,88679,88403,90409
1c0b6c5, 04-03-2016, 2, 81764,82040,81558,82024,82838
f80054d, 05-03-2016, 2, 82286,82431,82044,82237,82769
1c0b6c5, 04-03-2016, 4, 76784,76872,76598,75295,76378
f80054d, 05-03-2016, 4, 77286,77045,76643,77597,76717
1c0b6c5, 04-03-2016, 8, 69164,68909,68700,68048,67171
f80054d, 05-03-2016, 8, 68386,68762,68974,68076,68946
1c0b6c5, 04-03-2016, 16, 63478,64947,64839,64136,64082
f80054d, 05-03-2016, 16, 64429,65210,63613,64739,63940
7c9c5a8, 06-03-2016, 1, 89655,89117,87472,88933,90132
7c9c5a8, 06-03-2016, 2, 82435,82834,81940,81661,82322
7c9c5a8, 06-03-2016, 4, 75417,77225,76077,76808,75884
7c9c5a8, 06-03-2016, 8, 67585,69184,68498,68534,69144
7c9c5a8, 06-03-2016, 16, 65291,64500,63840,63916,65119
9d77b21, 07-03-2016, 1, 89174,88707,86924,88740,90702
9d77b21, 07-03-2016, 2, 82855,81677,81876,82744,81717
9d77b21, 07-03-2016, 4, 76829,77013,76573,76288,77062
9d77b21, 07-03-2016, 8, 68909,68739,68880,69184,69267
9d77b21, 07-03-2016, 16, 65220,64565,63557,64231,64369
22d7896, 08-03-2016, 1, 89402,88712,89708,90658,89179
22d7896, 08-03-2016, 2, 81685,81550,82016,81257,81332
22d7896, 08-03-2016, 4, 76798,75846,75819,75491,76931
22d7896, 08-03-2016, 8, 68117,68217,68197,67806,68498
22d7896, 08-03-2016, 16, 66044,64364,64126,64429,64377
4b8198f, 09-03-2016, 1, 89823,89631,91027,90253,90215
4b8198f, 10-03-2016, 1, 89708,89108,89747,90263,89079
4b8198f, 09-03-2016, 2, 81972,82125,81198,81104,81069
4b8198f, 10-03-2016, 2, 81832,80652,81772,81900,80432
4b8198f, 09-03-2016, 4, 77293,75559,75346,76399,77009
4b8198f, 10-03-2016, 4, 75785,74088,77597,76389,75298
4b8198f, 09-03-2016, 8, 68779,68459,68506,67880,70686
4b8198f, 10-03-2016, 8, 68042,68866,68498,67528,68062
4b8198f, 09-03-2016, 16, 65390,64817,64143,64431,64057
4b8198f, 10-03-2016, 16, 64682,64332,64082,64330,64890
601ac5a, 11-03-2016, 1, 90302,90244,89250,88618,88914
601ac5a, 12-03-2016, 1, 86969,87390,89056,87096,87587
601ac5a, 13-03-2016, 1, 87509,89013,89569,88957,89027
601ac5a, 11-03-2016, 2, 82205,83002,81226,81246,82423
601ac5a, 12-03-2016, 2, 82399,81960,81474,82691,81554
601ac5a, 13-03-2016, 2, 81530,81474,81376,82777,80905
601ac5a, 11-03-2016, 4, 75679,76029,75566,74942,74878
601ac5a, 12-03-2016, 4, 77169,76039,76260,76960,77076
601ac5a, 13-03-2016, 4, 76402,75427,76626,76745,75881
601ac5a, 11-03-2016, 8, 68830,68869,70013,69290,68963
601ac5a, 12-03-2016, 8, 69096,68731,69612,68793,68988
601ac5a, 13-03-2016, 8, 68453,68768,69045,68562,69966
601ac5a, 11-03-2016, 16, 65043,65294,65457,64852,64587
601ac5a, 12-03-2016, 16, 64466,65038,62309,65207,64513
601ac5a, 13-03-2016, 16, 64722,64988,64799,65210,65030
4835edf, 15-03-2016, 1,
4835edf, 16-03-2016, 1,
601ac5a, 14-03-2016, 1, 90356,91414,89968,89703,88590
4835edf, 15-03-2016, 2,
4835edf, 16-03-2016, 2,
601ac5a, 14-03-2016, 2, 82112,81800,81661,81601,82370
4835edf, 15-03-2016, 4,
4835edf, 16-03-2016, 4,
601ac5a, 14-03-2016, 4, 75457,74599,76808,76084,74180
4835edf, 15-03-2016, 8,
4835edf, 16-03-2016, 8,
601ac5a, 14-03-2016, 8, 69153,68470,68228,67716,68045
4835edf, 15-03-2016, 16,
4835edf, 16-03-2016, 16,
601ac5a, 14-03-2016, 16, 64722,64742,65000,63540,64610
4835edf, 17-03-2016, 1,
4835edf, 17-03-2016, 2,
4835edf, 17-03-2016, 4,
4835edf, 17-03-2016, 8,
4835edf, 17-03-2016, 16,
edf5cef, 18-03-2016, 1,
edf5cef, 18-03-2016, 2,
edf5cef, 18-03-2016, 4,
edf5cef, 18-03-2016, 8,
edf5cef, 18-03-2016, 16,
540a515, 19-03-2016, 1,
540a515, 19-03-2016, 2,
540a515, 19-03-2016, 4,
540a515, 19-03-2016, 8,
540a515, 19-03-2016, 16,
540a515, 20-03-2016, 1,
751da54, 22-03-2016, 1,
8ef737d, 21-03-2016, 1,
540a515, 20-03-2016, 2,
751da54, 22-03-2016, 2,
8ef737d, 21-03-2016, 2,
540a515, 20-03-2016, 4,
751da54, 22-03-2016, 4,
8ef737d, 21-03-2016, 4,
540a515, 20-03-2016, 8,
751da54, 22-03-2016, 8,
8ef737d, 21-03-2016, 8,
540a515, 20-03-2016, 16,
751da54, 22-03-2016, 16,
8ef737d, 21-03-2016, 16,
92ffe69, 23-03-2016, 1,
92ffe69, 23-03-2016, 2,
92ffe69, 23-03-2016, 4,
92ffe69, 23-03-2016, 8,
92ffe69, 23-03-2016, 16,
f675ff8, 24-03-2016, 1,
f675ff8, 24-03-2016, 2,
f675ff8, 24-03-2016, 4,
f675ff8, 24-03-2016, 8,
f675ff8, 24-03-2016, 16,
7c008bd, 25-03-2016, 1,
7c008bd, 25-03-2016, 2,
7c008bd, 25-03-2016, 4,
7c008bd, 25-03-2016, 8,
7c008bd, 25-03-2016, 16,
f9d41a6, 26-03-2016, 1,
f9d41a6, 26-03-2016, 2,
f9d41a6, 26-03-2016, 4,
f9d41a6, 26-03-2016, 8,
f9d41a6, 26-03-2016, 16,
82adbde, 27-03-2016, 1,
82adbde, 28-03-2016, 1,
9a03686, 29-03-2016, 1,
82adbde, 27-03-2016, 2,
82adbde, 28-03-2016, 2,
9a03686, 29-03-2016, 2,
82adbde, 27-03-2016, 4,
82adbde, 28-03-2016, 4,
9a03686, 29-03-2016, 4,
82adbde, 27-03-2016, 8,
82adbde, 28-03-2016, 8,
9a03686, 29-03-2016, 8,
82adbde, 27-03-2016, 16,
82adbde, 28-03-2016, 16,
9a03686, 29-03-2016, 16,
c01e00f, 30-03-2016, 1,
c01e00f, 30-03-2016, 2,
c01e00f, 30-03-2016, 4,
c01e00f, 30-03-2016, 8,
c01e00f, 30-03-2016, 16,
45c5635, 31-03-2016, 1,
45c5635, 31-03-2016, 2,
45c5635, 31-03-2016, 4,
45c5635, 31-03-2016, 8,
45c5635, 31-03-2016, 16,
8f4568f, 01-04-2016, 1, 91639,89905,90244,88900,88778
8f4568f, 02-04-2016, 1, 91524,90331,89060,90219,89283
8f4568f, 01-04-2016, 2, 77493,81447,78574,82290,77755
8f4568f, 02-04-2016, 2, 80412,81744,82528,81285,80505
8f4568f, 01-04-2016, 4, 76409,75214,76288,73808,75281
8f4568f, 02-04-2016, 4, 73542,75224,75709,74176,75447
8f4568f, 01-04-2016, 8, 68824,68929,68971,68073,68562
8f4568f, 02-04-2016, 8, 66959,67822,68593,68616,67639
8f4568f, 01-04-2016, 16, 64493,63279,64045,62883,63632
8f4568f, 02-04-2016, 16, 63994,62207,61851,62473,61284
faca1d0, 03-04-2016, 1, 91230,92538,89165,90360,90142
faca1d0, 03-04-2016, 2, 80722,80582,80920,79071,80757
faca1d0, 03-04-2016, 4, 74088,72840,74972,75200,73714
faca1d0, 03-04-2016, 8, 68264,67620,67422,67136,68473
faca1d0, 03-04-2016, 16, 63406,63413,64281,64182,63013
2fef88c, 05-04-2016, 1, 88469,88707,89598,90234,89165
d0ddc25, 04-04-2016, 1, 89679,91295,90983,90958,89288
2fef88c, 05-04-2016, 2, 82455,81387,77332,80082,82278
d0ddc25, 04-04-2016, 2, 80594,82209,81736,81191,81026
2fef88c, 05-04-2016, 4, 76434,74281,75308,76741,75073
d0ddc25, 04-04-2016, 4, 75774,77514,74308,77586,76018
2fef88c, 05-04-2016, 8, 67899,67579,67208,67965,69179
d0ddc25, 04-04-2016, 8, 67443,68067,67927,67656,68261
2fef88c, 05-04-2016, 16, 63945,62869,62005,63339,62618
d0ddc25, 04-04-2016, 16, 64369,63253,63091,63177,62693
2fef88c, 06-04-2016, 1, 89317,87968,88213,89699,89293
2fef88c, 06-04-2016, 2, 81210,80757,80605,81884,80998
2fef88c, 06-04-2016, 4, 76865,76098,75261,76368,76326
2fef88c, 06-04-2016, 8, 67762,67716,68070,68358,67656
2fef88c, 06-04-2016, 16, 65013,64217,63630,62336,63874
329561a, 07-04-2016, 1, 91290,90604,91245,90702,89886
329561a, 07-04-2016, 2, 80660,81159,77715,81242,81669
329561a, 07-04-2016, 4, 74272,75251,76129,76629,74450
329561a, 07-04-2016, 8, 68926,67746,68053,68239,67525
329561a, 07-04-2016, 16, 64290,62406,61329,60791,61911
187bd93, 09-04-2016, 1, 89378,90307,92498,89627,90409
347caf0, 10-04-2016, 1, 90551,92452,90482,90786,92122
347caf0, 11-04-2016, 1, 88208,89046,90634,89355,89569
347caf0, 12-04-2016, 1, 89136,91504,91215,89751,88778
347caf0, 13-04-2016, 1, 90424,90190,89474,91042,92467
d57ae3d, 08-04-2016, 1, 90307,89862,89891,90326,89478
187bd93, 09-04-2016, 2, 82602,81752,81724,81530,79381
347caf0, 10-04-2016, 2, 82221,82298,78226,80389,80870
347caf0, 11-04-2016, 2, 78464,81856,81057,80846,79884
347caf0, 12-04-2016, 2, 79543,80971,81384,79520,79385
347caf0, 13-04-2016, 2, 81214,82157,81661,82048,82407
d57ae3d, 08-04-2016, 2, 81116,80807,80897,80893,80278
187bd93, 09-04-2016, 4, 75356,73918,75624,74688,74539
347caf0, 10-04-2016, 4, 77215,75932,76018,75393,74489
347caf0, 11-04-2016, 4, 73665,75843,74242,75002,75774
347caf0, 12-04-2016, 4, 73951,72503,74036,74791,74982
347caf0, 13-04-2016, 4, 74605,74775,75410,74216,76146
d57ae3d, 08-04-2016, 4, 74153,74245,73600,75454,73439
187bd93, 09-04-2016, 8, 68801,67626,68417,68256,67946
347caf0, 10-04-2016, 8, 67262,67792,69016,68562,67160
347caf0, 11-04-2016, 8, 68900,66725,67748,67273,68322
347caf0, 12-04-2016, 8, 68428,67365,67620,67289,67079
347caf0, 13-04-2016, 8, 68181,67932,67433,69107,67825
d57ae3d, 08-04-2016, 8, 68456,67343,67479,67707,67563
187bd93, 09-04-2016, 16, 63789,61541,61586,62346,61403
347caf0, 10-04-2016, 16, 64308,63193,62994,63940,64050
347caf0, 11-04-2016, 16, 64067,62357,61338,61015,61191
347caf0, 12-04-2016, 16, 63065,60095,60415,60944,59810
347caf0, 13-04-2016, 16, 64047,63394,63030,62251,62911
d57ae3d, 08-04-2016, 16, 63420,61838,61554,62590,61484
83e1769, 14-04-2016, 1,
af5f9fe, 16-04-2016, 1, 204825,205553,205729,188911,202721
af5f9fe, 17-04-2016, 1, 203040,208102,208025,206438,208232
af5f9fe, 18-04-2016, 1, 206159,206438,205151,205251,210743
bc133ca, 19-04-2016, 1, 207562,207510,206184,202526,202403
ecc9138, 15-04-2016, 1, 208490,211700,206540,209062,208698
83e1769, 14-04-2016, 2,
af5f9fe, 16-04-2016, 2, 116898,117323,117809,117603,117743
af5f9fe, 17-04-2016, 2, 119038,118676,119131,119453,119564
af5f9fe, 18-04-2016, 2, 118166,118903,118291,119148,118895
bc133ca, 19-04-2016, 2, 117446,118299,119004,118508,118208
ecc9138, 15-04-2016, 2, 119428,118374,118634,118979,118634
83e1769, 14-04-2016, 4,
af5f9fe, 16-04-2016, 4, 105617,104858,105630,105378,106010
af5f9fe, 17-04-2016, 4, 105797,106421,106542,107059,106400
af5f9fe, 18-04-2016, 4, 106549,106299,105997,105206,105770
bc133ca, 19-04-2016, 4, 106051,106407,106481,105763,105897
ecc9138, 15-04-2016, 4, 106057,106542,106644,106834,104511
83e1769, 14-04-2016, 8,
af5f9fe, 16-04-2016, 8, 91674,91729,91920,91945,92203
af5f9fe, 17-04-2016, 8, 91484,92605,92041,92132,91072
af5f9fe, 18-04-2016, 8, 92513,92569,91754,92805,92995
bc133ca, 19-04-2016, 8, 91519,92682,91960,92841,92641
ecc9138, 15-04-2016, 8, 92203,93052,91594,92871,92964
83e1769, 14-04-2016, 16,
af5f9fe, 16-04-2016, 16, 82120,81542,79952,79781,80331
af5f9fe, 17-04-2016, 16, 84888,83224,83798,83878,82932
af5f9fe, 18-04-2016, 16, 83606,83010,82112,81980,82439
bc133ca, 19-04-2016, 16, 83731,83983,81625,81697,82553
ecc9138, 15-04-2016, 16, 83138,83348,83777,83723,84601
4deadba, 20-04-2016, 1, 203805,204276,200973,204426,203879
4deadba, 20-04-2016, 2, 117078,117851,116476,118996,118216
4deadba, 20-04-2016, 4, 105977,106313,106037,106198,106031
4deadba, 20-04-2016, 8, 92979,92810,92846,92641,92866
4deadba, 20-04-2016, 16, 83890,83485,83602,83035,82990
4deadba, 21-04-2016, 1, 207536,208413,205477,208309,211140
4deadba, 21-04-2016, 2, 118768,118433,119131,118584,118777
4deadba, 21-04-2016, 4, 105491,105703,104590,106691,106010
4deadba, 21-04-2016, 8, 92380,92071,93150,91300,93036
4deadba, 21-04-2016, 16, 83786,83995,83183,84580,82814
4deadba, 22-04-2016, 1, 205025,204376,207331,208025,204028
4deadba, 22-04-2016, 2, 117578,117677,117669,117422,117958
4deadba, 22-04-2016, 4, 105127,104838,104949,105491,105272
4deadba, 22-04-2016, 8, 92355,91200,91689,92162,91975
4deadba, 22-04-2016, 16, 83631,82306,81530,83865,83377
66c6f1e, 24-04-2016, 1, 206565,206286,206463,205679,206260
e31e052, 23-04-2016, 1, 193531,209297,206438,207562,205477
66c6f1e, 24-04-2016, 2, 118651,118083,118794,118642,119148
e31e052, 23-04-2016, 2, 119072,118216,118634,119470,119607
66c6f1e, 24-04-2016, 4, 106306,106739,106071,106780,106590
e31e052, 23-04-2016, 4, 105997,106084,106630,105557,106178
66c6f1e, 24-04-2016, 8, 92815,92314,92907,92147,92574
e31e052, 23-04-2016, 8, 92882,90850,92386,92748,92431
66c6f1e, 24-04-2016, 16, 82908,82533,84071,83560,83237
e31e052, 23-04-2016, 16, 83179,83257,82415,82744,83836
66c6f1e, 25-04-2016, 1, 204500,206134,205251,207870,206058
66c6f1e, 25-04-2016, 2, 117225,118141,118358,117834,118041
66c6f1e, 25-04-2016, 4, 106441,105930,106024,105338,105763
66c6f1e, 25-04-2016, 8, 91895,92892,93005,92188,92228
66c6f1e, 25-04-2016, 16, 83035,83125,81756,83274,83531
179fc55, 26-04-2016, 1, 205176,204053,205805,204177,207357
179fc55, 26-04-2016, 2, 118283,118785,118374,118100,118233
179fc55, 26-04-2016, 4, 106252,107025,106603,106239,105710
179fc55, 26-04-2016, 8, 92228,92605,92985,92289,92299
179fc55, 26-04-2016, 16, 82614,83719,84025,83274,82249
a360618, 27-04-2016, 1, 212612,212021,216648,215258,214570
a360618, 27-04-2016, 2, 121310,121074,120181,121398,121389
a360618, 27-04-2016, 4, 108654,108809,109007,108597,108212
a360618, 27-04-2016, 8, 94557,95163,94381,93425,94440
a360618, 27-04-2016, 16, 84405,85962,84054,85077,85581
1f71923, 28-04-2016, 1, 212477,212182,211700,213288,213315
1f71923, 28-04-2016, 2, 120026,119812,120708,120474,120621
1f71923, 28-04-2016, 4, 108338,107244,108415,106841,108823
1f71923, 28-04-2016, 8, 94371,92436,92335,92846,93707
1f71923, 28-04-2016, 16, 84931,84439,86494,83815,83987
1f71923, 29-04-2016, 1, 212666,208672,210663,211087,208516
1f71923, 29-04-2016, 2, 119258,119803,118878,118726,119190
1f71923, 29-04-2016, 4, 106759,106848,107244,106868,106266
1f71923, 29-04-2016, 8, 92974,93399,92707,93222,93062
1f71923, 29-04-2016, 16, 85112,84236,85099,84806,84176
8ac768e, 30-04-2016, 1, 209401,208958,210557,209349,211061
8ac768e, 30-04-2016, 2, 120163,120060,119030,120725,120284
8ac768e, 30-04-2016, 4, 108205,107560,108191,107719,108094
8ac768e, 30-04-2016, 8, 94291,94212,94567,94228,94233
8ac768e, 30-04-2016, 16, 85189,84656,84618,85936,83936
8ac768e, 01-05-2016, 1, 209768,209244,211087,209401,203978
8ac768e, 01-05-2016, 2, 120129,120439,120500,119581,120708
8ac768e, 01-05-2016, 4, 107885,108031,107767,108073,108149
8ac768e, 01-05-2016, 8, 94461,94302,94059,93769,94583
8ac768e, 01-05-2016, 16, 85677,84974,84974,85155,85285
8ac768e, 02-05-2016, 1, 213315,210241,210822,213586,209349
f0bd292, 02-05-2016, 1, 205729,198219,205351,204925,205326
8ac768e, 02-05-2016, 2, 120215,119983,120665,120699,120795
f0bd292, 02-05-2016, 2, 120319,119769,120129,120431,119777
8ac768e, 02-05-2016, 4, 107381,108331,107004,108865,108527
f0bd292, 02-05-2016, 4, 108080,107546,108520,107934,108492
8ac768e, 02-05-2016, 8, 93196,94254,94185,93775,93738
f0bd292, 02-05-2016, 8, 94339,94270,93565,93785,94360
8ac768e, 02-05-2016, 16, 85900,84261,84682,86311,84358
f0bd292, 02-05-2016, 16, 84751,84931,84922,83911,84918
195eabb, 03-05-2016, 1, 205301,202086,202233,205502,206184
195eabb, 03-05-2016, 2, 120691,121477,121030,120569,121091
195eabb, 03-05-2016, 4, 108031,108597,108387,108816,108359
195eabb, 03-05-2016, 8, 94339,92769,94551,94514,94296
195eabb, 03-05-2016, 16, 85445,85616,85729,84772,84957
d3b42ee, 04-05-2016, 1, 212235,208750,211300,204850,209689
d3b42ee, 04-05-2016, 2, 120734,121249,121249,121258,121407
d3b42ee, 04-05-2016, 4, 108788,108922,108485,109227,108436
d3b42ee, 04-05-2016, 8, 94318,94701,94493,94567,94915
d3b42ee, 04-05-2016, 16, 86143,86236,86485,86668,84841
ae974a4, 05-05-2016, 1, 208776,206565,202233,208958,206134
ae974a4, 05-05-2016, 2, 119957,120604,119940,119906,120310
ae974a4, 05-05-2016, 4, 108844,108240,107878,108345,108024
ae974a4, 05-05-2016, 8, 94281,92907,93680,93895,94392
ae974a4, 05-05-2016, 16, 84460,85681,85107,83606,85515
0282595, 06-05-2016, 1, 208984,210135,212209,211673,209768
0282595, 06-05-2016, 2, 120215,119598,120587,120379,119914
0282595, 06-05-2016, 4, 107395,108031,108240,107539,107684
0282595, 06-05-2016, 8, 93759,93911,94339,93806,94006
0282595, 06-05-2016, 16, 84738,84875,84291,84248,84392
2458685, 07-05-2016, 1, 208542,206871,207845,208724,203755
2458685, 07-05-2016, 2, 117652,118400,118291,118166,117727
2458685, 07-05-2016, 4, 107443,107025,107601,107491,106664
2458685, 07-05-2016, 8, 93021,93394,93279,93284,93943
2458685, 07-05-2016, 16, 82634,84575,84528,84631,84426
2458685, 08-05-2016, 1, 207510,206591,204426,204276,202306
2458685, 08-05-2016, 2, 119283,118844,118970,118525,119504
2458685, 08-05-2016, 4, 108943,109177,108795,107850,108717
2458685, 08-05-2016, 8, 94717,94712,93785,94551,95482
2458685, 08-05-2016, 16, 82687,84978,84875,84716,84926
2458685, 09-05-2016, 1, 206134,204600,205578,204900,205729
a497393, 10-05-2016, 1, 207075,207716,206820,205679,204600
2458685, 09-05-2016, 2, 119598,118785,118433,118861,119513
a497393, 10-05-2016, 2, 117875,117020,117875,117859,118091
2458685, 09-05-2016, 4, 107519,108675,108499,108964,108520
a497393, 10-05-2016, 4, 106590,106834,107402,107039,107312
2458685, 09-05-2016, 8, 94974,94829,94648,94621,94845
a497393, 10-05-2016, 8, 93743,93446,94111,94690,93305
2458685, 09-05-2016, 16, 84516,85280,85285,84452,86646
a497393, 10-05-2016, 16, 84678,83995,83740,83047,85168
fbee2ee, 11-05-2016, 1, 202599,207690,207024,206794,209192
fbee2ee, 11-05-2016, 2, 118852,119097,118374,118659,118659
fbee2ee, 11-05-2016, 4, 108457,107698,107629,108394,108555
fbee2ee, 11-05-2016, 8, 94520,94275,93911,95314,94349
fbee2ee, 11-05-2016, 16, 86090,85437,85142,86063,84682
1c0e89a, 12-05-2016, 1, 211486,210294,211460,210214,208232
a23877b, 13-05-2016, 1, 208672,204700,209218,207922,210188
1c0e89a, 12-05-2016, 2, 118500,121433,120899,121109,119360
a23877b, 13-05-2016, 2, 120708,119803,120509,120500,121795
1c0e89a, 12-05-2016, 4, 110924,111181,110311,111395,111439
a23877b, 13-05-2016, 4, 111982,111692,111647,111714,111210
1c0e89a, 12-05-2016, 8, 96504,96788,93958,96532,95952
a23877b, 13-05-2016, 8, 96643,96821,96967,96872,96727
1c0e89a, 12-05-2016, 16, 85341,85861,83991,85720,84695
a23877b, 13-05-2016, 16, 86143,85581,84918,86059,85524
b60677b, 14-05-2016, 1, 207793,209637,210109,210769,210320
b60677b, 14-05-2016, 2, 119445,120112,120000,119692,119615
b60677b, 14-05-2016, 4, 110362,110975,111122,110931,110843
b60677b, 14-05-2016, 8, 96615,96543,96327,96471,96316
b60677b, 14-05-2016, 16, 85298,84567,85263,86055,84879
9b04306, 15-05-2016, 1, 206438,207845,205151,198242,209951
9b04306, 15-05-2016, 2,
9b04306, 15-05-2016, 4,
9b04306, 15-05-2016, 8,
9b04306, 15-05-2016, 16,
16d9cd8, 16-05-2016, 1, 211167,205553,207742,209114,207742
f790834, 17-05-2016, 1, 207177,207716,203656,205628,206769
f790834, 18-05-2016, 1, 206260,207690,206973,204925,204800
16d9cd8, 16-05-2016, 2, 120613,120665,120319,120517,119846
f790834, 17-05-2016, 2, 118827,118241,119089,118575,118684
f790834, 18-05-2016, 2, 117233,115817,118141,118258,117776
16d9cd8, 16-05-2016, 4, 111388,111885,111632,111669,112162
f790834, 17-05-2016, 4, 110239,109834,109526,110065,109856
f790834, 18-05-2016, 4, 109149,109127,109605,107892,109355
16d9cd8, 16-05-2016, 8, 96721,95298,96532,96404,95071
f790834, 17-05-2016, 8, 95799,95282,95608,95239,95892
f790834, 18-05-2016, 8, 95537,95717,94867,95401,95434
16d9cd8, 16-05-2016, 16, 85694,84435,85276,85804,85559
f790834, 17-05-2016, 16, 86156,84793,85138,83216,84948
f790834, 18-05-2016, 16, 85280,85892,85782,85419,85293
33fe0c1, 19-05-2016, 1, 203163,205906,206184,206362,202379
33fe0c1, 19-05-2016, 2, 120535,120769,119966,120026,120952
33fe0c1, 19-05-2016, 4, 110587,110887,110573,110982,110638
33fe0c1, 19-05-2016, 8, 96056,96167,95810,96766,96034
33fe0c1, 19-05-2016, 16, 84901,86139,84270,85729,84802
33fe0c1, 20-05-2016, 1, 211513,209846,211914,212990,211034
33fe0c1, 20-05-2016, 2, 118785,119207,118954,119803,119470
33fe0c1, 20-05-2016, 4, 110420,109906,110289,110536,109734
33fe0c1, 20-05-2016, 8, 95450,96067,96029,95613,96293
33fe0c1, 20-05-2016, 16, 85004,84948,84490,85280,84622
33fe0c1, 21-05-2016, 1, 202721,209114,206871,206108,206616
33fe0c1, 21-05-2016, 2, 119487,120275,119080,119258,119470
33fe0c1, 21-05-2016, 4, 110865,110094,110478,110726,110464
33fe0c1, 21-05-2016, 8, 96365,96084,95969,96343,96216
33fe0c1, 21-05-2016, 16, 85233,86289,84567,85415,85843
33fe0c1, 22-05-2016, 1, 207896,210505,203262,209088,207742
33fe0c1, 23-05-2016, 1, 210505,209506,207870,208776,209297
7611b5f, 24-05-2016, 1, 209768,209088,209689,208776,205126
77631d8, 25-05-2016, 1, 206007,204650,208724,210557,210505
77631d8, 26-05-2016, 1, 207819,209480,204351,210346,211194
b890054, 27-05-2016, 1,
33fe0c1, 22-05-2016, 2, 118827,119572,118928,118962,118358
33fe0c1, 23-05-2016, 2, 117801,119013,118559,117619,117909
7611b5f, 24-05-2016, 2, 118158,118333,118316,118852,118358
77631d8, 25-05-2016, 2, 118895,118701,118116,119487,118945
77631d8, 26-05-2016, 2, 118684,119250,119760,119131,119360
b890054, 27-05-2016, 2,
33fe0c1, 22-05-2016, 4, 108170,109799,109878,109555,110210
33fe0c1, 23-05-2016, 4, 109177,108527,109505,109319,109914
7611b5f, 24-05-2016, 4, 108738,108851,110268,109885,108261
77631d8, 25-05-2016, 4, 110675,110195,110507,110500,110580
77631d8, 26-05-2016, 4, 110507,110260,110275,110413,110507
b890054, 27-05-2016, 4,
33fe0c1, 22-05-2016, 8, 96249,95695,96056,95969,95919
33fe0c1, 23-05-2016, 8, 95109,95034,95695,95287,94514
7611b5f, 24-05-2016, 8, 95569,95553,95499,94562,94851
77631d8, 25-05-2016, 8, 96178,95201,95744,96178,96233
77631d8, 26-05-2016, 8, 95706,96382,96029,95722,96172
b890054, 27-05-2016, 8,
33fe0c1, 22-05-2016, 16, 85567,84776,85332,86320,84716
33fe0c1, 23-05-2016, 16, 85966,85207,83949,84558,85607
7611b5f, 24-05-2016, 16, 85051,84712,84845,85311,85008
77631d8, 25-05-2016, 16, 84554,85550,85589,84367,84871
77631d8, 26-05-2016, 16, 85764,84914,84240,84965,84793
b890054, 27-05-2016, 16,
add260b, 28-05-2016, 1, 202452,204202,204725,200756,205427
add260b, 28-05-2016, 2, 117241,118341,117892,118827,116792
add260b, 28-05-2016, 4, 109149,109056,109134,108915,108879
add260b, 28-05-2016, 8, 96266,96007,95897,95358,95526
add260b, 28-05-2016, 16, 84922,85742,84974,84550,85993
add260b, 29-05-2016, 1, 202379,201286,200038,201746,201552
add260b, 29-05-2016, 2, 118475,116598,118224,118962,118224
add260b, 29-05-2016, 4, 108773,108809,110058,109885,109355
add260b, 29-05-2016, 8, 95618,95472,96266,95760,95897
add260b, 29-05-2016, 16, 85813,85927,86156,84609,83815
add260b, 30-05-2016, 1, 207536,207152,208490,208051,208025
add260b, 30-05-2016, 2, 118358,119216,120069,119139,118659
add260b, 30-05-2016, 4, 109928,109971,110246,110493,110398
add260b, 30-05-2016, 8, 95591,95870,95044,95941,95684
add260b, 30-05-2016, 16, 84409,84067,84631,84008,83794
add260b, 31-05-2016, 1, 209323,209741,209689,210057,208594
add260b, 31-05-2016, 2, 117356,117389,117438,117768,117110
add260b, 31-05-2016, 4, 109248,108380,108541,108045,108823
add260b, 31-05-2016, 8, 93155,94509,95390,94792,95706
add260b, 31-05-2016, 16, 85489,85276,83936,84392,84901
add260b, 01-06-2016, 1, 210030,209480,209715,210902,207716
add260b, 01-06-2016, 2, 117529,117710,117611,118954,117768
add260b, 01-06-2016, 4, 109205,108759,108886,108492,109106
add260b, 01-06-2016, 8, 95023,94738,95358,95531,95613
add260b, 01-06-2016, 16, 84329,85025,85633,84021,85237
2dc76fa, 02-06-2016, 1, 201166,209010,209637,208750,207408
2dc76fa, 02-06-2016, 2, 118567,119080,118600,118383,118954
2dc76fa, 02-06-2016, 4, 110000,109576,108823,109612,108908
2dc76fa, 02-06-2016, 8, 95260,93612,96007,95930,95717
2dc76fa, 02-06-2016, 16, 84725,86476,84918,84695,85389
8f4c433, 03-06-2016, 1, 207408,205906,209036,210188,207152
8f4c433, 03-06-2016, 2, 118166,115689,118050,117348,118108
8f4c433, 03-06-2016, 4, 108485,108604,107450,108338,108115
8f4c433, 03-06-2016, 8, 95211,95044,94738,94546,93378
8f4c433, 03-06-2016, 16, 85215,84456,86033,84202,85720
8f4c433, 04-06-2016, 1, 202379,204675,206489,206387,205603
8f4c433, 04-06-2016, 2, 118058,118425,118066,118216,118291
8f4c433, 04-06-2016, 4, 109220,108087,108352,108303,108331
8f4c433, 04-06-2016, 8, 94985,95309,94937,94514,94899
8f4c433, 04-06-2016, 16, 84380,84965,85112,83694,85073
8f4c433, 05-06-2016, 1, 206336,204625,206922,205729,206820
8f4c433, 05-06-2016, 2, 118324,117967,118133,116866,117834
8f4c433, 05-06-2016, 4, 108731,107941,109390,108597,108626
8f4c433, 05-06-2016, 8, 95531,95055,94985,95201,94862
8f4c433, 05-06-2016, 16, 83669,84278,84948,84781,85887
8f4c433, 06-06-2016, 1, 204950,202574,206514,205855,206769
8f4c433, 06-06-2016, 2, 118149,116638,118970,118158,117340
8f4c433, 06-06-2016, 4, 108766,108331,107684,108506,108985
8f4c433, 06-06-2016, 8, 95842,94562,94953,95039,95239
8f4c433, 06-06-2016, 16, 84329,85620,83978,84426,85424
f5d8e0b, 07-06-2016, 1, 204451,204975,203978,204925,206896
f5d8e0b, 07-06-2016, 2, 118920,118592,118066,117834,116760
f5d8e0b, 07-06-2016, 4, 109284,109319,109021,108177,108534
f5d8e0b, 07-06-2016, 8, 94926,94862,94953,95930,95401
f5d8e0b, 07-06-2016, 16, 84448,86409,85129,85865,83552
e68ee5c, 09-06-2016, 1, 207845,208880,207639,209062,206871
f5d8e0b, 08-06-2016, 1, 204550,203484,204251,203731,203533
e68ee5c, 09-06-2016, 2, 120017,120336,120034,120561,120017
f5d8e0b, 08-06-2016, 2, 119521,120215,119974,119377,119820
e68ee5c, 09-06-2016, 4, 109519,110427,110369,111041,110682
f5d8e0b, 08-06-2016, 4, 110398,110398,110755,110384,110653
e68ee5c, 09-06-2016, 8, 96288,95782,96715,96632,96183
f5d8e0b, 08-06-2016, 8, 95788,96145,95853,96156,96084
e68ee5c, 09-06-2016, 16, 84172,84661,85198,84901,85099
f5d8e0b, 08-06-2016, 16, 83415,84520,85272,84819,84635
62f94d4, 10-06-2016, 1, 202355,201722,203262,202135,202795
62f94d4, 10-06-2016, 2, 118743,119436,119479,119080,119385
62f94d4, 10-06-2016, 4, 110079,110369,109234,109993,111174
62f94d4, 10-06-2016, 8, 96056,95963,96128,96277,95947
62f94d4, 10-06-2016, 16, 84823,85380,85742,85034,84682
62f94d4, 11-06-2016, 1, 208413,201795,203262,208257,210188
62f94d4, 11-06-2016, 2, 118542,118827,118575,117983,119139
62f94d4, 11-06-2016, 4, 109163,109705,110094,110065,109455
62f94d4, 11-06-2016, 8, 95109,93083,95804,95815,95282
62f94d4, 11-06-2016, 16, 85892,85272,85476,86489,85537
62f94d4, 12-06-2016, 1, 207075,201989,201868,210214,205326
62f94d4, 12-06-2016, 2, 118425,118324,118928,119462,119216
62f94d4, 12-06-2016, 4, 110355,110181,110159,109978,110116
62f94d4, 12-06-2016, 8, 96332,95472,96139,96051,96156
62f94d4, 12-06-2016, 16, 86223,86055,85250,85125,85034
01193c4, 14-06-2016, 1, 204700,205100,204227,203929,206336
01193c4, 14-06-2016, 2, 117867,118258,118366,118058,117892
01193c4, 14-06-2016, 4, 110858,110522,110340,109957,110507
01193c4, 14-06-2016, 8, 96510,95821,96073,96526,96200
01193c4, 14-06-2016, 16, 85949,86347,85081,85607,85839
d523ab3, 15-06-2016, 1, 206641,207433,203904,205326,207075
d523ab3, 15-06-2016, 2, 117834,117586,117900,118000,118274
d523ab3, 15-06-2016, 4, 110022,109899,109957,110079,111284
d523ab3, 15-06-2016, 8, 95553,95941,96078,95125,96161
d523ab3, 15-06-2016, 16, 85220,85764,85263,85302,84499
51f9a57, 16-06-2016, 1, 203854,203212,202452,205931,204276
51f9a57, 16-06-2016, 2, 117290,118878,118979,118550,119649
51f9a57, 16-06-2016, 4, 108710,110058,110726,109562,110748
51f9a57, 16-06-2016, 8, 96249,95266,96111,95892,93943
51f9a57, 16-06-2016, 16, 85345,86659,85060,86170,86134
2db5940, 17-06-2016, 1, 202844,204775,203188,206058,203755
2db5940, 17-06-2016, 2, 117307,119283,118852,118567,117603
2db5940, 17-06-2016, 4, 110210,110442,110072,109548,109014
2db5940, 17-06-2016, 8, 95853,95618,95559,95711,96222
2db5940, 17-06-2016, 16, 86094,85616,86147,85372,85668
00e2783, 18-06-2016, 1, 203385,205553,204525,207024,206769
d21981c, 19-06-2016, 1, 204251,203385,203016,204525,204426
00e2783, 18-06-2016, 2, 118954,118466,119013,118341,118743
d21981c, 19-06-2016, 2, 118233,118191,117381,118408,117562
00e2783, 18-06-2016, 4, 110617,109498,109540,110763,110420
d21981c, 19-06-2016, 4, 108724,108073,109476,109505,109935
00e2783, 18-06-2016, 8, 95815,95706,96437,95385,95875
d21981c, 19-06-2016, 8, 94111,95793,95023,95542,95114
00e2783, 18-06-2016, 16, 85572,85385,83844,84793,84414
d21981c, 19-06-2016, 16, 85546,85211,85120,84806,85865
d4c5ae3, 20-06-2016, 1, 202648,202184,201238,199491,203311
d4c5ae3, 20-06-2016, 2, 117793,118249,118433,119496,118794
d4c5ae3, 20-06-2016, 4, 110289,110595,110617,109928,110763
d4c5ae3, 20-06-2016, 8, 95624,94413,95837,95482,96293
d4c5ae3, 20-06-2016, 16, 85250,85642,85559,85125,84627
ce65452, 21-06-2016, 1, 202428,201746,197611,201166,197054
ce65452, 21-06-2016, 2, 118183,117323,118483,118041,117892
ce65452, 21-06-2016, 4, 109806,110297,109784,109986,109906
ce65452, 21-06-2016, 8, 96200,96012,95668,93911,96316
ce65452, 21-06-2016, 16, 85034,85189,84944,83907,85428
ce65452, 22-06-2016, 1, 201649,203237,204227,203508,204975
ce65452, 22-06-2016, 2, 116695,116792,117069,117438,117471
ce65452, 22-06-2016, 4, 108872,108059,109063,108633,108527
ce65452, 22-06-2016, 8, 95244,95488,94418,95651,95504
ce65452, 22-06-2016, 16, 85773,85159,85808,87309,84627
ce65452, 23-06-2016, 1, 203089,203854,203434,204276,202795
ce65452, 23-06-2016, 2, 118191,118141,117225,116784,117290
ce65452, 23-06-2016, 4, 109548,109698,109462,109078,109806
ce65452, 23-06-2016, 8, 95255,95668,95771,94680,95396
ce65452, 23-06-2016, 16, 84456,85077,85103,85480,85315
2057dde, 29-06-2016, 1, 242796,240913,244174,245173,251306
2057dde, 29-06-2016, 2, 116719,117520,117694,122194,121600
2057dde, 29-06-2016, 4, 108703,108506,109490,108872,108135
2057dde, 29-06-2016, 8, 94653,95147,95055,95157,95287
2057dde, 29-06-2016, 16, 85650,85311,86316,84708,85129
0695d13, 30-06-2016, 1, 248074,201892,245030,246869,245964
0695d13, 30-06-2016, 2, 118450,117315,117446,117975,117356
0695d13, 30-06-2016, 4, 109014,109120,110094,109149,108541
0695d13, 30-06-2016, 8, 94926,94648,95163,94770,95098
0695d13, 30-06-2016, 16, 84853,85472,85233,85069,85211
0b8f766, 01-07-2016, 1, 207152,248809,207024,248331,250631
0b8f766, 01-07-2016, 2, 118358,118626,118492,119624,119063
0b8f766, 01-07-2016, 4, 109612,110427,109784,109842,110217
0b8f766, 01-07-2016, 8, 95553,95168,94626,95222,95012
0b8f766, 01-07-2016, 16, 84759,84832,84631,85624,85051
7f5479d, 02-07-2016, 1, 206845,207845,248257,249105,243642
7f5479d, 02-07-2016, 2, 117735,117760,118945,117529,117694
7f5479d, 02-07-2016, 4, 109177,109326,109092,108541,108710
7f5479d, 02-07-2016, 8, 94360,94259,95066,94212,94599
7f5479d, 02-07-2016, 16, 85354,85350,84793,85799,85839
7f5479d, 03-07-2016, 1, 204975,205906,205553,204476,241052
7f5479d, 03-07-2016, 2, 119504,118216,118542,119199,119453
7f5479d, 03-07-2016, 4, 109212,109569,110159,109007,109899
7f5479d, 03-07-2016, 8, 95396,95125,95586,95586,94985
7f5479d, 03-07-2016, 16, 86263,87014,85415,85672,86094
7f5479d, 04-07-2016, 1, 245424,241329,202991,241468,253432
7f5479d, 04-07-2016, 2, 118693,119343,119283,118141,118827
7f5479d, 04-07-2016, 4, 109376,110398,109734,110836,109978
7f5479d, 04-07-2016, 8, 95591,95331,95684,94926,94851
7f5479d, 04-07-2016, 16, 85546,86037,85922,86015,86695
7f5479d, 05-07-2016, 1, 253509,256258,257952,253854,254586
7f5479d, 05-07-2016, 2, 119072,119547,119863,120500,118450
7f5479d, 05-07-2016, 4, 110624,110449,109727,109548,109777
7f5479d, 05-07-2016, 8, 95217,95608,95217,95444,95282
7f5479d, 05-07-2016, 16, 85909,84849,85528,85467,85668
338665f, 06-07-2016, 1, 239914,207203,253203,247525,247817
338665f, 06-07-2016, 2, 119063,118802,119097,119106,119402
338665f, 06-07-2016, 4, 110435,110181,110036,109333,110398
338665f, 06-07-2016, 8, 94674,94032,95195,95298,94819
338665f, 06-07-2016, 16, 85589,84678,85751,85515,84759
0430db5, 07-07-2016, 1, 257004,249105,252213,252783,252555
0430db5, 07-07-2016, 2, 119241,118676,116939,118768,119735
0430db5, 07-07-2016, 4, 107546,110123,109576,109705,109755
0430db5, 07-07-2016, 8, 94915,94996,93316,93160,95325
0430db5, 07-07-2016, 16, 86046,85760,84815,85202,85677
80e6635, 08-07-2016, 1, 251306,249772,244495,252441,254702
80e6635, 08-07-2016, 2, 118895,118584,118718,119131,118408
80e6635, 08-07-2016, 4, 110239,109648,109383,109655,110065
80e6635, 08-07-2016, 8, 94738,95608,95700,94392,94233
80e6635, 08-07-2016, 16, 85090,85411,85905,85650,85567
8b2feb8, 09-07-2016, 1, 252897,252783,247087,242550,240224
8b2feb8, 09-07-2016, 2, 119607,119368,119572,119156,119624
8b2feb8, 09-07-2016, 4, 109519,109928,110029,109398,109669
8b2feb8, 09-07-2016, 8, 95184,94904,95007,95662,95039
8b2feb8, 09-07-2016, 16, 85467,85398,85537,86240,85664
8b2feb8, 10-07-2016, 1, 247452,243324,245138,239606,245568
8b2feb8, 10-07-2016, 2, 118928,118945,118970,119224,118945
8b2feb8, 10-07-2016, 4, 109755,110022,110123,110195,109705
8b2feb8, 10-07-2016, 8, 95331,95461,95098,95401,95109
8b2feb8, 10-07-2016, 16, 85337,85813,85729,85094,85267
8b2feb8, 11-07-2016, 1, 246905,255322,248074,245209,247525
8b2feb8, 11-07-2016, 2, 118433,118492,119487,118726,117685
8b2feb8, 11-07-2016, 4, 110398,110000,109777,110660,110464
8b2feb8, 11-07-2016, 8, 95001,95793,94964,94974,94424
8b2feb8, 11-07-2016, 16, 84516,84815,84793,84725,83150
ee66493, 12-07-2016, 1, 252213,252631,248478,249624,252593
ee66493, 12-07-2016, 2, 119351,118844,120043,119572,118869
ee66493, 12-07-2016, 4, 109957,109971,109684,110094,110231
ee66493, 12-07-2016, 8, 95618,95147,95168,95826,95125
ee66493, 12-07-2016, 16, 86276,86650,85650,85215,85120
ee66493, 13-07-2016, 1, 252213,245856,242026,251156,249327
ee66493, 13-07-2016, 2, 119004,119063,119470,119453,119148
ee66493, 13-07-2016, 4, 109755,110065,109583,109648,109935
ee66493, 13-07-2016, 8, 94631,93743,95244,93890,95482
ee66493, 13-07-2016, 16, 85637,85594,85936,84751,85672
ee66493, 14-07-2016, 1, 247634,251721,252859,253777,251532
ee66493, 14-07-2016, 2, 119598,118626,119258,119300,119030
ee66493, 14-07-2016, 4, 109892,109978,110246,109042,110719
ee66493, 14-07-2016, 8, 94434,95050,95179,93639,94867
ee66493, 14-07-2016, 16, 85835,85181,86019,85480,86209
ee66493, 15-07-2016, 1, 243113,256023,248625,248809,253509
ee66493, 15-07-2016, 2, 119182,118954,118962,119735,119190
ee66493, 15-07-2016, 4, 110260,109533,110108,110536,110101
ee66493, 15-07-2016, 8, 95147,95482,95678,95034,95141
ee66493, 15-07-2016, 16, 84828,85567,86254,86276,85480
ee66493, 16-07-2016, 1, 246000,203706,243078,208102,204401
ee66493, 16-07-2016, 2, 118550,118408,118408,118768,118341
ee66493, 16-07-2016, 4, 109276,110449,108345,109298,109569
ee66493, 16-07-2016, 8, 95007,94797,94937,95098,95007
ee66493, 16-07-2016, 16, 85524,84729,84905,85289,84819
ee66493, 17-07-2016, 1, 247051,245604,206032,245173,247452
ee66493, 17-07-2016, 2, 118349,117992,118617,118626,118693
ee66493, 17-07-2016, 4, 110217,109505,109591,109476,110094
ee66493, 17-07-2016, 8, 94514,94781,95309,93969,94557
ee66493, 17-07-2016, 16, 84575,85043,84639,85172,85215
ee66493, 19-07-2016, 1, 255361,253969,253969,254354,254663
ee66493, 19-07-2016, 2, 119692,119241,119258,118316,119675
ee66493, 19-07-2016, 4, 110471,110217,110405,110022,110384
ee66493, 19-07-2016, 8, 95282,95347,95368,95439,94845
ee66493, 19-07-2016, 16, 85337,85411,85380,84871,85813
5f33d69, 20-07-2016, 1, 246000,246542,241607,205855,207075
5f33d69, 20-07-2016, 2, 118408,118183,118274,118617,118000
5f33d69, 20-07-2016, 4, 109748,110326,109892,109906,109978
5f33d69, 20-07-2016, 8, 95152,94536,94765,94074,95152
5f33d69, 20-07-2016, 16, 84388,85459,84738,85637,84206
590e753, 21-07-2016, 1, 248588,252859,245748,246615,247598
590e753, 21-07-2016, 2, 117389,117176,117677,119275,118466
590e753, 21-07-2016, 4, 109319,109498,108957,109928,108851
590e753, 21-07-2016, 8, 94392,94696,93927,94334,94132
590e753, 21-07-2016, 16, 85777,85642,85337,86223,85914
17c203c, 22-07-2016, 1,
17c203c, 22-07-2016, 2,
17c203c, 22-07-2016, 4,
17c203c, 22-07-2016, 8,
17c203c, 22-07-2016, 16,
33f8a46, 23-07-2016, 1, 249253,242305,252289,248846,253777
33f8a46, 23-07-2016, 2, 118676,116679,117381,118819,116654
33f8a46, 23-07-2016, 4, 109971,109205,108205,108142,109390
33f8a46, 23-07-2016, 8, 95012,94808,95239,94824,94488
33f8a46, 23-07-2016, 16, 85738,86812,86205,84592,87400
33f8a46, 24-07-2016, 1, 247525,250331,249772,255400,248257
33f8a46, 24-07-2016, 2, 117562,119538,117826,117801,116533
33f8a46, 24-07-2016, 4, 108640,109483,109512,109734,108583
33f8a46, 24-07-2016, 8, 95635,94254,94674,96426,95168
33f8a46, 24-07-2016, 16, 85742,86418,86458,86209,89651
33f8a46, 25-07-2016, 1, 240775,238686,239572,244994,236399
33f8a46, 25-07-2016, 2, 117299,117702,115993,117619,116573
33f8a46, 25-07-2016, 4, 108576,109184,108724,108170,109698
33f8a46, 25-07-2016, 8, 94819,94424,94509,94154,94387
33f8a46, 25-07-2016, 16, 85328,85272,85563,85541,85004
33f8a46, 26-07-2016, 1, 239983,239709,249996,246796,245353
33f8a46, 26-07-2016, 2, 117364,118626,116833,118718,116996
33f8a46, 26-07-2016, 4, 108492,108296,108978,108929,108752
33f8a46, 26-07-2016, 8, 94286,94926,95952,93838,94578
33f8a46, 26-07-2016, 16, 85198,85411,84793,86055,86311
33f8a46, 27-07-2016, 1, 249698,241642,251081,249327,252024
33f8a46, 27-07-2016, 2, 118124,118183,118441,118041,118050
33f8a46, 27-07-2016, 4, 108275,108809,108752,108289,109935
33f8a46, 27-07-2016, 8, 93124,94797,93916,94270,93565
33f8a46, 27-07-2016, 16, 84978,85129,85311,84823,86187
b8b3256, 29-07-2016, 1, 247160,246833,206134,244816,246181
b8b3256, 29-07-2016, 2, 117867,117826,117348,117760,118191
b8b3256, 29-07-2016, 4, 109619,110072,109405,109727,109526
b8b3256, 29-07-2016, 8, 94610,96710,97440,95695,95109
b8b3256, 29-07-2016, 16, 88292,85598,85012,85664,85554
7d90701, 30-07-2016, 1, 250369,249624,254625,252289,235074
7d90701, 30-07-2016, 2, 118033,118575,118718,119156,118408
7d90701, 30-07-2016, 4, 109291,109669,109720,109369,110595
7d90701, 30-07-2016, 8, 97225,96560,95575,94899,95739
7d90701, 30-07-2016, 16, 86929,87807,87091,89905,86938
10e1bd7, 31-07-2016, 1, 248551,242691,254200,242621,250219
10e1bd7, 31-07-2016, 2, 118408,117274,117225,117718,118450
10e1bd7, 31-07-2016, 4, 110072,109298,109269,108929,109813
10e1bd7, 31-07-2016, 8, 94899,94212,96382,98089,94974
10e1bd7, 31-07-2016, 16, 86565,85672,87010,85629,84669
390c7c6, 01-08-2016, 1, 225561,221189,223547,223072,224926
390c7c6, 01-08-2016, 2, 111640,110741,111210,110880,111632
390c7c6, 01-08-2016, 4, 98371,98562,98643,98130,98417
390c7c6, 01-08-2016, 8, 82928,83444,82740,83097,83010
390c7c6, 01-08-2016, 16, 72710,73649,71863,73723,73990
1df19d5, 02-08-2016, 1, 228791,224565,228947,228572,231826
1df19d5, 03-08-2016, 1, 226811,233438,229888,232082,226352
1df19d5, 02-08-2016, 2, 112621,113383,113001,112050,111692
1df19d5, 03-08-2016, 2, 112803,113176,113459,113107,113505
1df19d5, 02-08-2016, 4, 97045,98916,100354,99675,99379
1df19d5, 03-08-2016, 4, 99823,100825,100589,100318,100222
1df19d5, 02-08-2016, 8, 84978,84507,83627,82982,84674
1df19d5, 03-08-2016, 8, 84409,84563,83735,85008,84329
1df19d5, 02-08-2016, 16, 73824,75464,72260,74888,71698
1df19d5, 03-08-2016, 16, 74512,74745,74818,72447,73993
9fd8f5b, 04-08-2016, 1, 236432,235272,235239,234221,232146
9fd8f5b, 04-08-2016, 2, 112690,113806,113130,113806,113482
9fd8f5b, 04-08-2016, 4, 100216,100583,100559,100210,99912
9fd8f5b, 04-08-2016, 8, 84422,84274,84584,84665,84896
9fd8f5b, 04-08-2016, 16, 75679,72657,75305,74453,73234
4af91c0, 05-08-2016, 1, 225713,229228,226750,233764,229573
4af91c0, 05-08-2016, 2, 113390,112750,111975,111447,112606
4af91c0, 05-08-2016, 4, 99244,98690,99669,99936,99244
4af91c0, 05-08-2016, 8, 83084,81494,83171,84265,83819
4af91c0, 05-08-2016, 16, 72194,73824,74902,73359,74579
1214788, 06-08-2016, 1, 233082,231602,232532,230203,232307
1214788, 06-08-2016, 2, 110522,109412,110000,109483,110137
1214788, 06-08-2016, 4, 95239,95184,95087,95157,94904
1214788, 06-08-2016, 8, 75730,76111,76654,77101,76605
1214788, 06-08-2016, 16, 68855,69425,70162,69664,69125
1214788, 07-08-2016, 1, 233568,231922,230172,224775,231634
1214788, 07-08-2016, 2, 109085,109986,109284,109784,109433
1214788, 07-08-2016, 4, 94674,94690,95499,95477,95055
1214788, 07-08-2016, 8, 76277,76657,77304,76375,74781
1214788, 07-08-2016, 16, 69405,69914,69829,69110,69480
1214788, 08-08-2016, 1, 235635,234286,236499,229573,233861
1214788, 08-08-2016, 2, 109455,109326,109669,108373,110036
1214788, 08-08-2016, 4, 94840,94291,94776,94706,94509
1214788, 08-08-2016, 8, 75190,76291,76402,75645,76396
1214788, 08-08-2016, 16, 69719,69853,69972,70133,70242
1214788, 09-08-2016, 1, 229072,228978,228572,232243,233992
1214788, 09-08-2016, 2, 108087,107920,108366,108261,108823
1214788, 09-08-2016, 4, 94069,93503,95098,93895,93264
1214788, 09-08-2016, 8, 77860,75936,75792,75833,75977
1214788, 09-08-2016, 16, 70306,69222,69202,69847,70063
4950d4d, 10-08-2016, 1, 227766,229040,230109,227951,227426
4950d4d, 10-08-2016, 2, 108275,107319,108844,109141,108555
4950d4d, 10-08-2016, 4, 94482,93838,94080,94281,94845
4950d4d, 10-08-2016, 8, 75420,76302,76326,75709,76840
4950d4d, 10-08-2016, 16, 72447,70136,70584,69858,70013
aa47a24, 11-08-2016, 1, 219024,223309,226934,222953,224926
aa47a24, 11-08-2016, 2, 106124,107989,106895,107574,107039
aa47a24, 11-08-2016, 4, 94085,93581,93607,94493,93202
aa47a24, 11-08-2016, 8, 76104,76507,76731,75461,76766
aa47a24, 11-08-2016, 16, 70174,77697,70224,69048,69719
aa47a24, 12-08-2016, 1, 229166,231922,232565,227673,233276
aa47a24, 12-08-2016, 2, 108003,106198,107567,106353,108094
aa47a24, 12-08-2016, 4, 94175,93937,93217,93649,93352
aa47a24, 12-08-2016, 8, 74446,76163,75720,77006,76004
aa47a24, 12-08-2016, 16, 69739,70573,68610,71566,68980
730b630, 13-08-2016, 1, 225288,226352,225834,226352,224595
730b630, 13-08-2016, 2, 107857,108422,108661,108380,107107
730b630, 13-08-2016, 4, 93843,93843,93534,93727,93832
730b630, 13-08-2016, 8, 75716,77407,75946,75905,76132
730b630, 13-08-2016, 16, 69705,70019,70066,69382,68844
730b630, 14-08-2016, 1, 231346,226199,230583,230932,228261
730b630, 14-08-2016, 2, 108555,108668,108583,109383,109298
730b630, 14-08-2016, 4, 94525,94488,95211,94733,94530
730b630, 14-08-2016, 8, 76163,76935,76080,76598,76629
730b630, 14-08-2016, 16, 70757,69028,69451,69431,69931
730b630, 15-08-2016, 1, 229322,233699,229542,188275,220173
730b630, 15-08-2016, 2, 107477,107844,107526,108115,106963
730b630, 15-08-2016, 4, 93093,94318,92758,93414,92856
730b630, 15-08-2016, 8, 86311,76995,76156,75396,82695
730b630, 15-08-2016, 16, 70742,68977,69147,69618,70274
99b8fc3, 16-08-2016, 1, 191564,220173,193710,231634,227580
99b8fc3, 16-08-2016, 2, 106313,107650,107079,107864,107162
99b8fc3, 16-08-2016, 4, 93503,94637,93492,93498,93948
99b8fc3, 16-08-2016, 8, 76689,76250,82549,82004,76441
99b8fc3, 16-08-2016, 16, 69253,71897,69858,77489,69250
99b8fc3, 17-08-2016, 1, 228697,220173,226322,227272,223250
99b8fc3, 17-08-2016, 2, 107032,107422,106522,106950,108170
99b8fc3, 17-08-2016, 4, 93790,93722,93264,92447,93853
99b8fc3, 17-08-2016, 8, 75515,77590,77261,75778,76970
99b8fc3, 17-08-2016, 16, 70245,69841,71018,70910,70221
8916138, 18-08-2016, 1, 228168,229951,233017,229668,193755
8916138, 18-08-2016, 2, 107712,107223,107175,108527,106963
8916138, 18-08-2016, 4, 93922,93670,94349,93906,94127
8916138, 18-08-2016, 8, 76524,76070,76063,75244,76063
8916138, 18-08-2016, 16, 69606,70121,69176,69896,69832
8916138, 19-08-2016, 1, 222628,229103,228697,227519,223875
8916138, 20-08-2016, 1, 231219,232661,222215,226965,191543
8916138, 19-08-2016, 2, 107643,108590,107148,108576,108296
8916138, 20-08-2016, 2, 105837,108128,107457,107961,107906
8916138, 19-08-2016, 4, 93456,93764,93885,93196,93560
8916138, 20-08-2016, 4, 95023,94520,93874,93738,94206
8916138, 19-08-2016, 8, 76819,76696,74206,75843,75915
8916138, 20-08-2016, 8, 76129,75901,76170,76208,75877
8916138, 19-08-2016, 16, 70368,69742,69388,70883,69014
8916138, 20-08-2016, 16, 69125,69345,69204,69099,69841
8916138, 21-08-2016, 1, 226444,227303,226047,226474,221394
8916138, 21-08-2016, 2, 107360,107264,107477,107498,108527
8916138, 21-08-2016, 4, 93425,95586,94222,92887,93817
8916138, 21-08-2016, 8, 74765,75600,76087,76685,77429
8916138, 21-08-2016, 16, 77701,70904,68847,70555,69803
8916138, 22-08-2016, 1, 189594,191805,226078,228044,193509
8916138, 22-08-2016, 2, 107726,107781,108865,106705,108527
8916138, 22-08-2016, 4, 93969,94201,94440,93000,93948
8916138, 22-08-2016, 8, 76239,75960,76531,76326,75774
8916138, 22-08-2016, 16, 68018,76960,68358,71039,70892
8916138, 23-08-2016, 1, 226230,226505,227889,223875,228106
8916138, 23-08-2016, 2, 107934,108471,107464,106786,107643
8916138, 23-08-2016, 4, 92815,93508,93864,94520,92856
8916138, 23-08-2016, 8, 76378,75604,75403,75039,76368
8916138, 23-08-2016, 16, 70413,69219,69786,70383,71069
8916138, 24-08-2016, 1, 221073,225591,222450,221511,226597
8916138, 24-08-2016, 2, 106037,106820,106387,107684,107285
8916138, 24-08-2016, 4, 94201,92830,94011,93425,94122
8916138, 24-08-2016, 8, 77697,76731,77636,76011,77229
8916138, 24-08-2016, 16, 69059,68222,69549,69725,69210
9570639, 25-08-2016, 1, 229856,229166,226230,225409,231730
9570639, 25-08-2016, 2, 106522,107326,108380,107436,107374
9570639, 25-08-2016, 4, 94291,93838,93388,93680,95077
9570639, 25-08-2016, 8, 75915,76277,75559,75539,76528
9570639, 25-08-2016, 16, 71338,77225,77976,69751,71799
99a7132, 26-08-2016, 1, 228759,225561,226597,229825,225440
99a7132, 26-08-2016, 2, 108122,108394,107271,108943,108929
99a7132, 26-08-2016, 4, 93922,94022,94169,93979,94032
99a7132, 26-08-2016, 8, 75822,77183,76198,76108,77300
99a7132, 26-08-2016, 16, 69696,69350,71438,71114,70868
b0a20fe, 27-08-2016, 1, 227611,191433,228915,227210,231155
b0a20fe, 27-08-2016, 2, 106705,105770,107299,106766,107705
b0a20fe, 27-08-2016, 4, 93644,93832,93769,93759,94027
b0a20fe, 27-08-2016, 8, 77346,76132,75525,76305,75761
b0a20fe, 27-08-2016, 16, 68677,70212,69937,71642,68762
b0a20fe, 28-08-2016, 1, 228697,225834,225440,225258,229072
b0a20fe, 28-08-2016, 2, 106991,107100,107491,106603,106272
b0a20fe, 28-08-2016, 4, 93922,93482,93217,92051,92789
b0a20fe, 28-08-2016, 8, 77233,76180,76382,75857,75967
b0a20fe, 28-08-2016, 16, 69514,71120,70080,77536,70142
c523338, 29-08-2016, 1, 222835,224805,223995,224956,223161
c523338, 29-08-2016, 2, 109455,109433,109163,109326,109149
c523338, 29-08-2016, 4, 98963,98940,97576,98342,98412
c523338, 29-08-2016, 8, 77972,78026,78292,77838,78497
c523338, 29-08-2016, 16, 70230,71144,70742,69327,70925
0e55479, 07-09-2016, 1, 225956,227118,228324,221335,227426
dcda22d, 01-09-2016, 1, 222775,220434,230361,225167,220811
dcda22d, 02-09-2016, 1, 225379,227673,225016,216034,227735
dcda22d, 03-09-2016, 1, 218681,216620,224474,223726,221774
dcda22d, 04-09-2016, 1, 220637,219367,221657,219224,216872
dcda22d, 05-09-2016, 1, 230014,228261,220463,229228,225682
dcda22d, 06-09-2016, 1, 213750,222362,217490,221511,220029
dcda22d, 30-08-2016, 1, 222038,219798,220260,218084,218482
dcda22d, 31-08-2016, 1, 223220,223309,223250,222953,222716
0e55479, 07-09-2016, 2, 108387,108115,108205,108929,108464
dcda22d, 01-09-2016, 2, 108080,108569,108993,108710,109120
dcda22d, 02-09-2016, 2, 108788,109326,109469,108366,109698
dcda22d, 03-09-2016, 2, 108268,108087,109383,108731,108583
dcda22d, 04-09-2016, 2, 106454,107388,106468,107878,105810
dcda22d, 05-09-2016, 2, 108964,108219,107636,108485,109462
dcda22d, 06-09-2016, 2, 109712,109269,109234,109376,108590
dcda22d, 30-08-2016, 2, 108359,108010,107920,106583,106549
dcda22d, 31-08-2016, 2, 107899,108647,108282,109276,107045
0e55479, 07-09-2016, 4, 98084,98504,98858,98591,98331
dcda22d, 01-09-2016, 4, 98765,98969,98574,98864,99203
dcda22d, 02-09-2016, 4, 98170,98469,98285,98342,98562
dcda22d, 03-09-2016, 4, 97741,98533,96905,98452,97502
dcda22d, 04-09-2016, 4, 97998,97525,97906,97451,97695
dcda22d, 05-09-2016, 4, 98325,98701,98435,97175,99221
dcda22d, 06-09-2016, 4, 98181,98176,97895,97981,97576
dcda22d, 30-08-2016, 4, 97327,98458,97895,98032,97878
dcda22d, 31-08-2016, 4, 98101,98521,98992,98147,98141
0e55479, 07-09-2016, 8, 78516,78417,79823,78472,77748
dcda22d, 01-09-2016, 8, 77965,77820,78230,77604,77411
dcda22d, 02-09-2016, 8, 77600,78347,78859,79865,78692
dcda22d, 03-09-2016, 8, 77780,78030,78226,78483,78183
dcda22d, 04-09-2016, 8, 78041,78549,77701,78201,78157
dcda22d, 05-09-2016, 8, 78406,78132,78023,77990,78070
dcda22d, 06-09-2016, 8, 77802,80870,77386,78299,77791
dcda22d, 30-08-2016, 8, 79732,78402,77802,79668,77404
dcda22d, 31-08-2016, 8, 79774,79895,78633,83581,78288
0e55479, 07-09-2016, 16, 68633,70295,72086,70558,69893
dcda22d, 01-09-2016, 16, 73071,72422,70898,71232,70007
dcda22d, 02-09-2016, 16, 70359,70644,71383,70010,71307
dcda22d, 03-09-2016, 16, 70724,68501,69995,72986,69359
dcda22d, 04-09-2016, 16, 72341,71658,72553,69526,70007
dcda22d, 05-09-2016, 16, 75590,70221,70811,69768,70048
dcda22d, 06-09-2016, 16, 69955,69923,73730,70139,72225
dcda22d, 30-08-2016, 16, 71624,70976,70955,69955,71003
dcda22d, 31-08-2016, 16, 71645,71256,70579,69068,71740
0f21c78, 08-09-2016, 1, 221686,227704,227766,228572,221102
0f21c78, 08-09-2016, 2, 110675,109820,109870,110217,110210
0f21c78, 08-09-2016, 4, 99468,98812,99627,99174,99456
0f21c78, 08-09-2016, 8, 78267,78574,78376,78519,77766
0f21c78, 08-09-2016, 16, 70883,71277,72682,70377,70283
0f21c78, 09-09-2016, 1, 225682,187938,217181,227488,220927
0f21c78, 09-09-2016, 2, 108331,108261,108696,109619,109419
0f21c78, 09-09-2016, 4, 98021,97707,98348,98112,98279
0f21c78, 09-09-2016, 8, 79987,77382,78837,78164,78807
0f21c78, 09-09-2016, 16, 70641,70602,73218,69543,70413
0f21c78, 10-09-2016, 1, 184629,218653,229354,221306,226965
0f21c78, 10-09-2016, 2, 108457,106739,108401,108583,109276
0f21c78, 10-09-2016, 4, 98504,97383,98550,97434,98256
0f21c78, 10-09-2016, 8, 78766,78818,77672,80163,78070
0f21c78, 10-09-2016, 16, 80671,70700,69491,71676,68470
0f21c78, 11-09-2016, 1, 187079,222185,226658,222362,187308
0f21c78, 11-09-2016, 2, 107045,108324,107347,107767,107121
0f21c78, 11-09-2016, 4, 97457,97559,97163,97901,97180
0f21c78, 11-09-2016, 8, 77539,78139,82290,78508,77597
0f21c78, 11-09-2016, 16, 69549,73212,72919,71876,70510
5cabaaa, 16-09-2016, 1, 187959,184995,228137,187623,188508
8b59627, 21-09-2016, 1,
e47e854, 14-09-2016, 1, 231602,182084,219052,182778,187644
5cabaaa, 16-09-2016, 2, 108689,106279,107809,108555,108583
8b59627, 21-09-2016, 2,
e47e854, 14-09-2016, 2, 107920,108352,109305,108766,110195
5cabaaa, 16-09-2016, 4, 97735,96029,98637,97792,98193
8b59627, 21-09-2016, 4,
e47e854, 14-09-2016, 4, 97781,97463,98707,98342,98435
5cabaaa, 16-09-2016, 8, 78563,77994,82120,83340,77687
8b59627, 21-09-2016, 8,
e47e854, 14-09-2016, 8, 79808,79183,78081,77583,77889
5cabaaa, 16-09-2016, 16, 76084,68294,70537,77547,70644
8b59627, 21-09-2016, 16,
e47e854, 14-09-2016, 16, 71015,70089,69324,69416,70454
073e752, 23-09-2016, 1, 218681,218710,212477,219138,220753
073e752, 24-09-2016, 1, 218767,214817,217068,218226,218482
073e752, 25-09-2016, 1, 216648,217943,214625,214625,218596
073e752, 26-09-2016, 1, 212424,219081,182500,182659,183779
4b5e172, 29-09-2016, 1, 218425,216648,215923,215341,218710
cd175c7, 27-09-2016, 1, 216536,214927,219655,213968,213179
cd175c7, 28-09-2016, 1, 223637,216872,220058,203533,216452
e75cba7, 22-09-2016, 1, 183739,222068,181004,181867,181906
073e752, 23-09-2016, 2, 103073,104142,103832,102732,103685
073e752, 24-09-2016, 2, 104200,103225,103646,104265,103987
073e752, 25-09-2016, 2, 103372,104219,102985,103993,103270
073e752, 26-09-2016, 2, 102745,103832,103576,102776,101367
4b5e172, 29-09-2016, 2, 103961,103219,103742,103640,103813
cd175c7, 27-09-2016, 2, 103871,104187,103948,102966,103442
cd175c7, 28-09-2016, 2, 104090,104433,104375,104720,104103
e75cba7, 22-09-2016, 2, 103181,103807,104818,103403,103723
073e752, 23-09-2016, 4, 92375,91594,92835,91324,91849
073e752, 24-09-2016, 4, 91062,91839,92319,92625,93160
073e752, 25-09-2016, 4, 92949,91354,91579,91819,92304
073e752, 26-09-2016, 4, 91419,90011,92046,91794,90840
4b5e172, 29-09-2016, 4, 91930,91499,91484,92041,92682
cd175c7, 27-09-2016, 4, 92127,92102,91359,91484,91235
cd175c7, 28-09-2016, 4, 91126,91779,92589,91940,92213
e75cba7, 22-09-2016, 4, 92172,92646,92213,91220,91002
073e752, 23-09-2016, 8, 81728,83348,81984,82354,83303
073e752, 24-09-2016, 8, 81490,82290,82165,82185,83229
073e752, 25-09-2016, 8, 81427,81756,80944,82553,82524
073e752, 26-09-2016, 8, 81447,81250,82092,82476,80870
4b5e172, 29-09-2016, 8, 81022,81581,81427,81010,81804
cd175c7, 27-09-2016, 8, 81057,81645,81155,82165,80858
cd175c7, 28-09-2016, 8, 81435,81800,81621,81159,80944
e75cba7, 22-09-2016, 8, 82310,82257,82350,81506,82165
073e752, 23-09-2016, 16, 72591,72434,72182,71289,72720
073e752, 24-09-2016, 16, 72995,72494,72472,72484,72887
073e752, 25-09-2016, 16, 72903,72834,72815,72666,73014
073e752, 26-09-2016, 16, 71984,73056,72707,73196,72970
4b5e172, 29-09-2016, 16, 71971,72531,72182,72397,72117
cd175c7, 27-09-2016, 16, 72808,71796,72384,72219,72519
cd175c7, 28-09-2016, 16, 72685,72954,71953,72840,73158
e75cba7, 22-09-2016, 16, 72846,73052,72954,73205,72720
a0d73c6, 01-10-2016, 1, 211114,210769,208698,208568,215562
a0d73c6, 02-10-2016, 1, 216062,207126,207587,213722,208490
a0d73c6, 03-10-2016, 1, 214570,214214,207665,206514,204925
a0d73c6, 04-10-2016, 1, 220231,212720,220695,213641,221248
a0d73c6, 30-09-2016, 1, 185077,185322,185527,184082,184223
a0d73c6, 01-10-2016, 2, 104838,105404,104831,104310,105120
a0d73c6, 02-10-2016, 2, 103130,104245,103423,105877,104355
a0d73c6, 03-10-2016, 2, 104342,105041,104779,104407,105068
a0d73c6, 04-10-2016, 2, 102764,102764,104362,104466,104388
a0d73c6, 30-09-2016, 2, 105623,105391,104407,104083,103691
a0d73c6, 01-10-2016, 4, 92584,92294,91240,92127,91985
a0d73c6, 02-10-2016, 4, 91012,92748,90629,91714,92228
a0d73c6, 03-10-2016, 4, 92167,91230,92712,92559,91995
a0d73c6, 04-10-2016, 4, 92081,92345,91749,92528,91534
a0d73c6, 30-09-2016, 4, 92523,92671,92467,92549,92748
a0d73c6, 01-10-2016, 8, 82064,82249,82286,81840,81340
a0d73c6, 02-10-2016, 8, 80835,81498,80916,81840,81246
a0d73c6, 03-10-2016, 8, 82265,81800,81609,81728,81617
a0d73c6, 04-10-2016, 8, 81222,82177,81605,82249,82306
a0d73c6, 30-09-2016, 8, 82189,81506,82488,82338,81348
a0d73c6, 01-10-2016, 16, 72783,73119,71777,72008,72758
a0d73c6, 02-10-2016, 16, 72774,72447,73295,72481,72629
a0d73c6, 03-10-2016, 16, 72547,73173,72228,73536,72654
a0d73c6, 04-10-2016, 16, 72585,72954,72900,73327,72913
a0d73c6, 30-09-2016, 16, 73202,72805,72525,73132,72256
e138dfb, 05-10-2016, 1, 219081,216676,207126,211087,214542
e138dfb, 06-10-2016, 1, 182242,180206,182958,218283,217434
e138dfb, 07-10-2016, 1, 218340,182143,182084,217209,182005
e138dfb, 08-10-2016, 1, 216732,181238,182738,180867,180245
e138dfb, 09-10-2016, 1, 213695,212048,197078,209166,212720
e138dfb, 10-10-2016, 1, 223458,220898,183358,181043,219770
e138dfb, 11-10-2016, 1, 217040,218995,215313,213369,216620
e138dfb, 12-10-2016, 1, 175641,180906,182520,219943,175770
e138dfb, 13-10-2016, 1, 223339,222185,222775,223458,180886
e138dfb, 05-10-2016, 2, 103595,104025,103781,103086,104206
e138dfb, 06-10-2016, 2, 103302,103525,102745,104492,103922
e138dfb, 07-10-2016, 2, 103391,104200,104805,102688,103845
e138dfb, 08-10-2016, 2, 103595,103175,103697,104511,103659
e138dfb, 09-10-2016, 2, 104407,103365,104531,103877,104956
e138dfb, 10-10-2016, 2, 103987,103397,103156,103595,103257
e138dfb, 11-10-2016, 2, 105385,104648,103967,104995,105903
e138dfb, 12-10-2016, 2, 104381,104446,103130,104167,104570
e138dfb, 13-10-2016, 2, 103544,103922,103755,104701,103774
e138dfb, 05-10-2016, 4, 92122,91980,91594,92157,92835
e138dfb, 06-10-2016, 4, 92985,91764,91534,92584,91940
e138dfb, 07-10-2016, 4, 91215,92528,91669,90983,90845
e138dfb, 08-10-2016, 4, 91429,91529,92112,91300,92264
e138dfb, 09-10-2016, 4, 92856,93769,92112,92656,92370
e138dfb, 10-10-2016, 4, 90516,92350,90356,90727,91749
e138dfb, 11-10-2016, 4, 91280,91759,90438,92304,91300
e138dfb, 12-10-2016, 4, 91409,91834,91704,90963,92006
e138dfb, 13-10-2016, 4, 90331,91854,91379,90993,91905
e138dfb, 05-10-2016, 8, 82777,81597,82846,82165,81140
e138dfb, 06-10-2016, 8, 81459,81665,81980,82455,82290
e138dfb, 07-10-2016, 8, 82773,81577,81230,81732,81804
e138dfb, 08-10-2016, 8, 81253,82973,82504,81876,82810
e138dfb, 09-10-2016, 8, 81936,81820,81649,80877,81140
e138dfb, 10-10-2016, 8, 81222,82826,81693,81621,81653
e138dfb, 11-10-2016, 8, 82000,81808,81085,80602,82362
e138dfb, 12-10-2016, 8, 82153,83748,87954,81490,81828
e138dfb, 13-10-2016, 8, 81202,80952,82957,80347,82476
e138dfb, 05-10-2016, 16, 72986,72061,72456,72197,72616
e138dfb, 06-10-2016, 16, 72597,72688,72497,72925,72821
e138dfb, 07-10-2016, 16, 72566,72582,72629,72406,72774
e138dfb, 08-10-2016, 16, 73228,72894,72228,73119,73382
e138dfb, 09-10-2016, 16, 72938,72269,72578,73269,72692
e138dfb, 10-10-2016, 16, 72799,73033,72632,73613,72910
e138dfb, 11-10-2016, 16, 71845,72560,73260,72459,72428
e138dfb, 12-10-2016, 16, 72350,72736,72478,72107,72954
e138dfb, 13-10-2016, 16, 72644,73021,72704,73033,72910
cba86e2, 19-10-2016, 1, 180750,184122,177012,178064,182699
cba86e2, 20-10-2016, 1, 217688,215010,217886,218311,214460
cba86e2, 21-10-2016, 1, 207716,216090,219798,216313,218824
cba86e2, 22-10-2016, 1, 224805,220608,220782,211620,217603
cba86e2, 23-10-2016, 1, 177050,180090,182898,182361,177349
cba86e2, 24-10-2016, 1, 219195,183538,184001,181611,176547
e138dfb, 14-10-2016, 1, 180517,219885,178386,174381,220869
e138dfb, 15-10-2016, 1, 215424,182044,181946,178690,183759
e138dfb, 16-10-2016, 1, 184487,223607,182998,183779,218396
e138dfb, 17-10-2016, 1, 220347,218056,182242,179474,180808
e138dfb, 18-10-2016, 1, 181729,184812,183057,214872,223696
cba86e2, 19-10-2016, 2, 102953,103168,103685,103086,103942
cba86e2, 20-10-2016, 2, 104453,103909,104323,104193,103238
cba86e2, 21-10-2016, 2, 103117,104414,104524,104949,104155
cba86e2, 22-10-2016, 2, 103308,104200,103423,103672,103807
cba86e2, 23-10-2016, 2, 104433,103589,101019,103238,103736
cba86e2, 24-10-2016, 2, 104303,102953,103768,103595,102909
e138dfb, 14-10-2016, 2, 103525,103794,102884,103589,104505
e138dfb, 15-10-2016, 2, 104375,103678,103742,103308,104825
e138dfb, 16-10-2016, 2, 104090,102739,103416,102783,104083
e138dfb, 17-10-2016, 2, 102394,103111,103794,102884,104648
e138dfb, 18-10-2016, 2, 104949,104064,103614,103137,105186
cba86e2, 19-10-2016, 4, 91614,91424,92636,91524,91915
cba86e2, 20-10-2016, 4, 91890,93269,91389,91769,92046
cba86e2, 21-10-2016, 4, 92213,91980,91265,94728,96338
cba86e2, 22-10-2016, 4, 91754,92416,91859,93326,92671
cba86e2, 23-10-2016, 4, 91604,91634,91985,90756,90614
cba86e2, 24-10-2016, 4, 91181,90560,91449,92907,90166
e138dfb, 14-10-2016, 4, 92213,92001,92846,92928,90560
e138dfb, 15-10-2016, 4, 92467,92233,92615,91047,90998
e138dfb, 16-10-2016, 4, 92743,92954,91409,92426,91754
e138dfb, 17-10-2016, 4, 90948,92447,91844,92279,91285
e138dfb, 18-10-2016, 4, 91629,91980,92213,91784,91444
cba86e2, 19-10-2016, 8, 81206,82472,81415,81884,80920
cba86e2, 20-10-2016, 8, 81613,81053,81852,81053,82634
cba86e2, 21-10-2016, 8, 82048,80913,81435,81336,81772
cba86e2, 22-10-2016, 8, 81645,81089,81784,81776,80971
cba86e2, 23-10-2016, 8, 81573,81034,80706,81661,81510
cba86e2, 24-10-2016, 8, 81419,81752,81693,81677,81293
e138dfb, 14-10-2016, 8, 82137,81780,81864,81705,81593
e138dfb, 15-10-2016, 8, 82326,82383,82185,82663,80971
e138dfb, 16-10-2016, 8, 81301,81116,81073,81928,81589
e138dfb, 17-10-2016, 8, 82589,81140,81018,81697,81415
e138dfb, 18-10-2016, 8, 81002,82249,81784,82411,81038
cba86e2, 19-10-2016, 16, 72935,72566,73033,72704,72213
cba86e2, 20-10-2016, 16, 72450,72613,73027,73116,72989
cba86e2, 21-10-2016, 16, 73008,72415,73005,72444,72444
cba86e2, 22-10-2016, 16, 72469,72764,72560,73289,73005
cba86e2, 23-10-2016, 16, 71894,72014,72751,72982,73097
cba86e2, 24-10-2016, 16, 73059,72503,72241,73420,73097
e138dfb, 14-10-2016, 16, 72182,73132,73225,73002,73024
e138dfb, 15-10-2016, 16, 72824,73148,72862,72534,72742
e138dfb, 16-10-2016, 16, 72138,72114,72733,72761,72963
e138dfb, 17-10-2016, 16, 72616,73078,72846,72849,72944
e138dfb, 18-10-2016, 16, 73151,72726,72444,72563,73568
3a0931b, 27-10-2016, 1, 179014,178291,182559,181650,183961
3a0931b, 28-10-2016, 1, 220116,213995,223816,216676,224055
cba86e2, 25-10-2016, 1, 220898,182361,182599,219712,219482
cba86e2, 26-10-2016, 1, 179936,220318,179167,184304,182242
3a0931b, 27-10-2016, 2, 104232,104187,103295,102959,104681
3a0931b, 28-10-2016, 2, 103512,104772,103819,104245,103480
cba86e2, 25-10-2016, 2, 104479,103098,102076,103563,101594
cba86e2, 26-10-2016, 2, 102663,104265,104342,104707,104012
3a0931b, 27-10-2016, 4, 91965,90933,92031,92462,91569
3a0931b, 28-10-2016, 4, 90761,91885,92564,91870,91970
cba86e2, 25-10-2016, 4, 91384,92006,92462,92026,92319
cba86e2, 26-10-2016, 4, 92041,91945,92692,91544,91077
3a0931b, 27-10-2016, 8, 81796,80858,81124,83274,82362
3a0931b, 28-10-2016, 8, 81681,81470,81463,81313,81570
cba86e2, 25-10-2016, 8, 82460,81633,81022,82096,81920
cba86e2, 26-10-2016, 8, 81155,82000,81780,81860,82691
3a0931b, 27-10-2016, 16, 73314,73343,72805,73356,72729
3a0931b, 28-10-2016, 16, 73126,72635,73234,72244,72736
cba86e2, 25-10-2016, 16, 72843,72362,73684,73317,73084
cba86e2, 26-10-2016, 16, 72365,72941,72707,72415,73040
15e2650, 29-10-2016, 1, 15252015,15114609,15252015,15252015,15252015,15252015,15252015,14716856,15252015,15252015
15e2650, 29-10-2016, 2, 15679641,13751816,13640013,13421773,13530013,13640013,14339501,13640013,13530013,13640013
15e2650, 29-10-2016, 4, 14979657,13210406,14847094,14847094,14847094,13107200,14979657,14847094,15114609,13210406
15e2650, 29-10-2016, 8, 12807035,12710012,14716856,13107200,14339501,12807035,14588883,12807035,14847094,14339501
15e2650, 29-10-2016, 16, 13865468,12157403,14098501,12157403,13421773,12157403,13640013,13315251,13865468,12246143
2d63c51, 30-10-2016, 1, 180303,180032,217293,183177,180692
a35894d, 31-10-2016, 1, 221921,221335,218995,218624,213614
2d63c51, 30-10-2016, 2, 101878,102757,105750,103672,103493
a35894d, 31-10-2016, 2, 103909,102808,104213,103993,103004
2d63c51, 30-10-2016, 4, 93461,91329,91995,92248,92569
a35894d, 31-10-2016, 4, 92137,93057,92274,92784,92238
2d63c51, 30-10-2016, 8, 82362,81526,81573,81384,81808
a35894d, 31-10-2016, 8, 81872,82419,82141,82476,81968
2d63c51, 30-10-2016, 16, 72793,72967,72663,72569,73040
a35894d, 31-10-2016, 16, 73011,72733,72856,72976,73430
4b914b4, 01-11-2016, 1, 213559,213044,208776,211194,220492
4b914b4, 01-11-2016, 2, 103659,104342,104200,104923,103589
4b914b4, 01-11-2016, 4, 92076,92503,92076,92223,91419
4b914b4, 01-11-2016, 8, 81768,82201,82395,81848,82048
4b914b4, 01-11-2016, 16, 72903,73196,73269,73040,72862
4b914b4, 02-11-2016, 1, 182460,182401,182361,218340,178045
4b914b4, 02-11-2016, 2, 103378,103704,103954,103557,103060
4b914b4, 02-11-2016, 4, 90766,92086,91674,92636,92006
4b914b4, 02-11-2016, 8, 82004,83237,82016,82362,81455
4b914b4, 02-11-2016, 16, 71925,72979,72846,73005,72331
4b914b4, 03-11-2016, 1, 181454,216229,182341,180517,218995
4b914b4, 03-11-2016, 2, 102947,103162,103569,103935,102909
4b914b4, 03-11-2016, 4, 91694,91215,91369,91359,91324
4b914b4, 03-11-2016, 8, 81585,81852,81399,82060,81273
4b914b4, 03-11-2016, 16, 72881,73704,72707,73362,72331
4b914b4, 04-11-2016, 1, 222746,224504,205754,221598,212828
4b914b4, 04-11-2016, 2, 104058,104917,104949,104388,104570
4b914b4, 04-11-2016, 4, 92477,91319,94106,91275,93362
4b914b4, 04-11-2016, 8, 82052,82290,82004,81705,81411
4b914b4, 04-11-2016, 16, 72444,72197,73164,72967,72903
4b914b4, 05-11-2016, 1, 179397,178500,177499,181493,220029
4b914b4, 05-11-2016, 2, 103736,103852,103461,103238,102425
4b914b4, 05-11-2016, 4, 91940,93217,91980,91689,91839
4b914b4, 05-11-2016, 8, 81617,82310,82370,81996,81788
4b914b4, 05-11-2016, 16, 72739,73049,72834,72963,72802
4b914b4, 06-11-2016, 1, 176770,223250,180439,183759,183418
4b914b4, 06-11-2016, 1, 180264,215784,221015,218567,217519
4b914b4, 06-11-2016, 2, 103787,103162,102940,103232,104000
4b914b4, 06-11-2016, 2, 104064,104537,103232,103942,103595
4b914b4, 06-11-2016, 4, 91106,92051,91910,91709,92213
4b914b4, 06-11-2016, 4, 92056,92006,91419,91141,91295
4b914b4, 06-11-2016, 8, 81320,81856,81242,81451,80850
4b914b4, 06-11-2016, 8, 82257,81147,81092,81621,82379
4b914b4, 06-11-2016, 16, 72002,72989,73030,72188,72916
4b914b4, 06-11-2016, 16, 72761,72369,72638,72481,72913
4b914b4, 07-11-2016, 1, 222864,213641,215093,217040,222835
4b914b4, 07-11-2016, 2, 104394,103755,104375,104479,104668
4b914b4, 07-11-2016, 4, 92728,93139,92127,92238,92238
4b914b4, 07-11-2016, 8, 82464,82908,81605,82189,81175
4b914b4, 07-11-2016, 16, 72334,73040,72591,72701,72497
4b914b4, 08-11-2016, 1, 220347,209820,215645,222539,218453
4b914b4, 08-11-2016, 2, 103219,103871,103295,103493,103372
4b914b4, 08-11-2016, 4, 91819,90938,92112,92284,92375
4b914b4, 08-11-2016, 8, 82104,81151,81589,81467,83361
4b914b4, 08-11-2016, 16, 72903,72422,72541,72011,72210
4b914b4, 09-11-2016, 1, 221335,182222,212209,217943,216900
4b914b4, 09-11-2016, 2, 103251,103525,104381,103774,102294
4b914b4, 09-11-2016, 4, 91574,93047,91404,91156,91624
4b914b4, 09-11-2016, 8, 81840,81892,80063,81593,81681
4b914b4, 09-11-2016, 16, 73301,72528,72447,72663,72365
4b914b4, 10-11-2016, 1, 219253,220840,221921,218567,214597
4b914b4, 10-11-2016, 2, 104674,103929,104459,103877,103550
4b914b4, 10-11-2016, 4, 91774,92697,93357,92046,92641
4b914b4, 10-11-2016, 8, 82419,81772,81884,81534,80991
4b914b4, 10-11-2016, 16, 72585,72547,73215,72148,72717
4b914b4, 11-11-2016, 1, 220666,221248,215701,220260,210109
4b914b4, 11-11-2016, 2, 103942,104851,102651,102101,103359
4b914b4, 11-11-2016, 4, 91424,92355,92421,91910,98637
4b914b4, 11-11-2016, 8, 83598,81463,81689,81297,81924
4b914b4, 11-11-2016, 16, 72922,72679,73788,72783,72422
4b914b4, 12-11-2016, 1, 221950,213750,218824,218824,214542
4b914b4, 12-11-2016, 2, 102839,102638,102020,101680,103864
4b914b4, 12-11-2016, 4, 91975,92503,90914,91870,92764
4b914b4, 12-11-2016, 8, 81022,81780,81261,81352,80983
4b914b4, 12-11-2016, 16, 72720,72811,72742,73002,73202
4b914b4, 13-11-2016, 1, 222805,219511,223309,218824,222215
4b914b4, 13-11-2016, 2, 104174,104077,103807,103987,104310
4b914b4, 13-11-2016, 4, 91900,91419,91849,91819,91649
4b914b4, 13-11-2016, 8, 82004,81780,80877,81257,81269
4b914b4, 13-11-2016, 16, 72811,73122,72607,72881,73126
4b914b4, 14-11-2016, 1, 216620,218795,215175,210557,217462
4b914b4, 14-11-2016, 2, 104323,104368,103871,103308,103219
4b914b4, 14-11-2016, 4, 92107,91714,90845,92309,92559
4b914b4, 14-11-2016, 8, 81673,81593,81534,80733,82100
4b914b4, 14-11-2016, 16, 72903,72494,72758,72415,73037
4b914b4, 15-11-2016, 1, 220289,218738,223072,220202,221481
4b914b4, 15-11-2016, 2, 104310,103768,104206,104284,104818
4b914b4, 15-11-2016, 4, 92137,92096,91679,92122,92264
4b914b4, 15-11-2016, 8, 81788,81800,81403,82072,81912
4b914b4, 15-11-2016, 16, 72275,72986,72256,71793,72644
4b914b4, 16-11-2016, 1, 219425,217434,209427,220840,218084
4b914b4, 16-11-2016, 2, 103922,104609,104316,103416,101453
4b914b4, 16-11-2016, 4, 91684,91719,92036,92964,92370
4b914b4, 16-11-2016, 8, 81198,80963,81281,81313,82076
4b914b4, 16-11-2016, 16, 72622,73116,72597,72951,71603
4b914b4, 17-11-2016, 1, 182401,182302,181415,215812,220289
4b914b4, 17-11-2016, 2, 103537,102350,104336,102313,103156
4b914b4, 17-11-2016, 4, 91032,91364,91709,92046,91920
4b914b4, 17-11-2016, 8, 81892,82565,81693,81546,81597
4b914b4, 17-11-2016, 16, 73475,72856,72710,73110,73317
4b914b4, 18-11-2016, 1, 185220,216648,178424,218881,181258
4b914b4, 18-11-2016, 2, 103035,102525,103156,102776,103244
4b914b4, 18-11-2016, 4, 90468,91970,90948,92646,91156
4b914b4, 18-11-2016, 8, 81265,81812,81490,81542,80621
4b914b4, 18-11-2016, 16, 72688,72341,72868,72808,72575
4b914b4, 20-11-2016, 1, 215867,217829,219943,219453,221511
4b914b4, 20-11-2016, 2, 103550,104148,103717,104025,104524
4b914b4, 20-11-2016, 4, 91220,91769,92707,92928,91449
4b914b4, 20-11-2016, 8, 82298,81065,81848,81657,80905
4b914b4, 20-11-2016, 16, 72375,72726,72494,72434,72651
4b914b4, 21-11-2016, 1, 211167,216396,212585,216816,211353
4b914b4, 21-11-2016, 2, 104161,104511,103685,104032,104564
4b914b4, 21-11-2016, 4, 93425,92284,92523,92233,92682
4b914b4, 21-11-2016, 8, 81570,81844,82020,81486,81828
4b914b4, 21-11-2016, 16, 72837,72676,72701,72736,72456
4b914b4, 22-11-2016, 1, 217914,222480,214845,215535,216592
4b914b4, 22-11-2016, 2, 103467,104779,103942,103295,104096
4b914b4, 22-11-2016, 4, 92538,92213,91769,91176,92964
4b914b4, 22-11-2016, 8, 81920,81234,80745,81732,81344
4b914b4, 22-11-2016, 16, 72770,72582,72185,72372,72247
4b914b4, 23-11-2016, 1, 180342,185343,223488,179724,217490
4b914b4, 23-11-2016, 2, 101977,104077,102500,103359,103935
4b914b4, 23-11-2016, 4, 92309,90791,91190,92294,92304
4b914b4, 23-11-2016, 8, 81665,81728,82769,81573,82157
4b914b4, 23-11-2016, 16, 73173,72736,72824,72588,72042
4b914b4, 24-11-2016, 1, 181062,182084,179320,218967,183699
4b914b4, 24-11-2016, 2, 102569,103832,104629,102757,103054
4b914b4, 24-11-2016, 4, 91679,91225,91524,90860,90629
4b914b4, 24-11-2016, 8, 82435,81717,82189,81384,82137
4b914b4, 24-11-2016, 16, 72632,72365,72440,72843,72748
4b914b4, 25-11-2016, 1, 179091,183197,179512,181572,184588
4b914b4, 25-11-2016, 2, 103800,102469,104433,104058,104239
4b914b4, 25-11-2016, 4, 91082,91729,91729,92314,91319
4b914b4, 25-11-2016, 8, 82342,81018,81900,81463,81792
4b914b4, 25-11-2016, 16, 72859,73292,72238,72986,72378
4b914b4, 26-11-2016, 1, 183297,183719,183860,225167,182639
4b914b4, 26-11-2016, 2, 102820,103359,104727,103980,102947
4b914b4, 26-11-2016, 4, 91579,91920,92284,91057,92365
4b914b4, 26-11-2016, 8, 81081,82261,82060,81234,82334
4b914b4, 26-11-2016, 16, 73056,72935,71968,72519,72887
4b914b4, 27-11-2016, 1, 211406,209192,211780,210452,212855
4b914b4, 27-11-2016, 2, 104564,105299,104167,103781,105677
4b914b4, 27-11-2016, 4, 91176,92330,93435,92964,91319
4b914b4, 27-11-2016, 8, 82189,82395,81896,82671,81904
4b914b4, 27-11-2016, 16, 72459,72929,72660,72319,72834
4b914b4, 28-11-2016, 1, 177255,180984,185220,182084,222421
4b914b4, 28-11-2016, 2, 103730,103749,103845,101336,103993
4b914b4, 28-11-2016, 4, 91494,91116,91489,92157,91669
4b914b4, 28-11-2016, 8, 81617,81649,80621,80995,81435
4b914b4, 28-11-2016, 16, 72748,72982,72786,73122,72478
4b914b4, 29-11-2016, 1, 176287,222303,184426,182679,179244
4b914b4, 29-11-2016, 2, 102126,103384,102877,102846,103813
4b914b4, 29-11-2016, 4, 91664,91464,91161,91086,92076
4b914b4, 29-11-2016, 8, 81340,80909,82088,81100,81681
4b914b4, 29-11-2016, 16, 72751,72440,72566,73212,72247
4b914b4, 30-11-2016, 1, 180303,218198,183037,181965,222038
4b914b4, 30-11-2016, 2, 104232,103251,103124,104733,104362
4b914b4, 30-11-2016, 4, 92289,92370,91995,90438,91295
4b914b4, 30-11-2016, 8, 83023,81681,81336,81171,81554
4b914b4, 30-11-2016, 16, 72582,73193,73091,72666,73094
4b914b4, 01-12-2016, 1, 182958,215867,220695,181847,219712
4b914b4, 01-12-2016, 2, 102669,104019,103569,103794,103569
4b914b4, 01-12-2016, 4, 91310,91709,91839,92671,92061
4b914b4, 01-12-2016, 8, 82116,81784,82048,81490,81988
4b914b4, 01-12-2016, 16, 72563,72799,72138,73333,72957
4b914b4, 02-12-2016, 1, 182321,182858,215010,185343,183719
4b914b4, 02-12-2016, 2, 102607,104622,104278,104727,102425
4b914b4, 02-12-2016, 4, 91885,91220,92794,92779,91734
4b914b4, 02-12-2016, 8, 81868,82460,82618,81034,81419
4b914b4, 02-12-2016, 16, 72657,72294,72309,72522,72538
4b914b4, 04-12-2016, 1, 181926,179455,217716,218396,208025
4b914b4, 04-12-2016, 2, 102940,104903,102940,104531,103333
4b914b4, 04-12-2016, 4, 91599,91096,91854,91749,90869
4b914b4, 04-12-2016, 8, 81384,81175,82197,82524,82237
4b914b4, 04-12-2016, 16, 72799,73052,72588,73145,72484
4b914b4, 05-12-2016, 1, 216508,181867,179743,208361,183900
4b914b4, 05-12-2016, 2, 104420,102713,103723,103168,103029
4b914b4, 05-12-2016, 4, 91769,91759,91574,91414,90825
4b914b4, 05-12-2016, 8, 82488,81328,81701,82257,82472
4b914b4, 05-12-2016, 16, 73298,72834,72770,73398,72297
4b914b4, 06-12-2016, 1, 182203,182440,221306,214378,221219
4b914b4, 06-12-2016, 2, 103372,104336,103156,103474,104492
4b914b4, 06-12-2016, 4, 91865,92871,91724,91245,92325
4b914b4, 06-12-2016, 8, 81972,81419,82040,81320,81709
4b914b4, 06-12-2016, 16, 72796,73225,72849,73052,72840
4b914b4, 07-12-2016, 1, 217547,183037,183739,182143,186227
4b914b4, 07-12-2016, 2, 104329,103633,103544,102732,104772
4b914b4, 07-12-2016, 4, 91354,90737,91409,91754,90904
4b914b4, 07-12-2016, 8, 81089,82318,81641,81756,81964
4b914b4, 07-12-2016, 16, 72666,72412,72692,72519,72660
4b914b4, 08-12-2016, 1, 178557,182500,213641,183739,184264
4b914b4, 08-12-2016, 2, 103219,103092,103391,103391,103461
4b914b4, 08-12-2016, 4, 91444,91975,91784,91225,91865
4b914b4, 08-12-2016, 8, 80516,82032,82020,81403,81439
4b914b4, 08-12-2016, 16, 73154,72818,72447,72126,72560
4b914b4, 09-12-2016, 1, 179897,181004,222392,181847,180439
4b914b4, 09-12-2016, 2, 104577,103486,104355,104590,104707
4b914b4, 09-12-2016, 4, 91935,91779,91880,93362,91769
4b914b4, 09-12-2016, 8, 82068,81092,81116,82088,81573
4b914b4, 09-12-2016, 16, 73186,73533,72622,72761,73040
4b914b4, 10-12-2016, 1, 184021,222274,185794,174182,220376
4b914b4, 10-12-2016, 2, 103909,104155,103270,105160,103225
4b914b4, 10-12-2016, 4, 92026,91794,91634,91990,92223
4b914b4, 10-12-2016, 8, 81222,82112,81649,80932,81340
4b914b4, 10-12-2016, 16, 73065,72780,72563,73507,72688
4b914b4, 11-12-2016, 1, 184284,184284,182302,220898,219052
4b914b4, 11-12-2016, 2, 104648,103531,104284,103653,103614
4b914b4, 11-12-2016, 4, 92355,92162,92142,91925,92213
4b914b4, 11-12-2016, 8, 82310,81447,81506,81888,81776
4b914b4, 11-12-2016, 16, 72764,72748,72478,73209,72541
4b914b4, 12-12-2016, 1, 180808,179320,183478,216816,181729
4b914b4, 13-12-2016, 1, 208724,215341,215812,208568,209401
4b914b4, 12-12-2016, 2, 105246,103340,102469,103749,102745
4b914b4, 13-12-2016, 2, 103627,101705,104336,104537,103423
4b914b4, 12-12-2016, 4, 92457,90914,92071,91141,92132
4b914b4, 13-12-2016, 4, 92574,92350,92208,92102,92056
4b914b4, 12-12-2016, 8, 82052,81443,81693,82092,81709
4b914b4, 13-12-2016, 8, 82189,82237,81617,81124,82691
4b914b4, 12-12-2016, 16, 72856,72447,72309,72381,73135
4b914b4, 13-12-2016, 16, 72622,72704,72619,72657,72938
4b914b4, 14-12-2016, 1, 218624,174200,213234,214652,217660
4b914b4, 14-12-2016, 2, 104388,103685,104414,104949,102651
4b914b4, 14-12-2016, 4, 91629,92294,92208,91419,92259
4b914b4, 14-12-2016, 8, 82638,83084,81455,81880,82549
4b914b4, 14-12-2016, 16, 72717,72745,72260,72780,72758
4b914b4, 15-12-2016, 1, 182778,182203,184548,177631,180984
4b914b4, 15-12-2016, 2, 104012,102814,104917,105457,103903
4b914b4, 15-12-2016, 4, 92969,91524,91965,92253,93305
4b914b4, 15-12-2016, 8, 81653,81944,81387,81018,83060
4b914b4, 15-12-2016, 16, 72919,72528,72365,72306,73151
4b914b4, 16-12-2016, 1, 214186,208309,212289,216788,210135
4b914b4, 17-12-2016, 1, 211593,208594,208051,209873,213071
4b914b4, 16-12-2016, 2, 103563,103321,103200,104701,102701
4b914b4, 17-12-2016, 2, 103832,103961,104375,104917,103582
4b914b4, 16-12-2016, 4, 93264,92238,91181,92687,91774
4b914b4, 17-12-2016, 4, 90742,90555,90283,90575,91789
4b914b4, 16-12-2016, 8, 81613,81724,82193,81490,81740
4b914b4, 17-12-2016, 8, 82455,80741,82004,82298,80975
4b914b4, 16-12-2016, 16, 72764,72913,73046,72369,72469
4b914b4, 17-12-2016, 16, 73333,72998,72272,73030,72244
4b914b4, 18-12-2016, 1, 212882,212747,211727,203262,214077
4b914b4, 19-12-2016, 1, 216956,216928,210849,212882,216732
4b914b4, 18-12-2016, 2, 103550,104459,103308,102997,104265
4b914b4, 19-12-2016, 2, 103929,104310,104524,104511,103435
4b914b4, 18-12-2016, 4, 90463,91052,91255,91439,91131
4b914b4, 19-12-2016, 4, 91789,91689,91890,92457,91849
4b914b4, 18-12-2016, 8, 82419,81478,81960,82752,81840
4b914b4, 19-12-2016, 8, 81744,81836,81868,81324,81764
4b914b4, 18-12-2016, 16, 73027,73002,72976,71981,73221
4b914b4, 19-12-2016, 16, 72419,72607,72500,72613,72897
4b914b4, 20-12-2016, 1, 177725,184021,217858,181847,182044
4b914b4, 20-12-2016, 2, 103576,104129,104407,102978,103512
4b914b4, 20-12-2016, 4, 92564,90909,91334,92401,91779
4b914b4, 20-12-2016, 8, 82004,83506,81443,82024,81526
4b914b4, 20-12-2016, 16, 73148,72459,72786,72774,72415
4b914b4, 21-12-2016, 1, 214050,209558,214817,216034,214405
4b914b4, 21-12-2016, 2, 104045,103486,104135,104544,104956
4b914b4, 21-12-2016, 4, 93373,93607,92959,93088,92021
4b914b4, 21-12-2016, 8, 82028,81928,82379,81701,82225
4b914b4, 21-12-2016, 16, 72169,72777,72717,72745,72575
4b914b4, 22-12-2016, 1, 181965,220202,185774,181768,182163
4b914b4, 22-12-2016, 2, 104459,104687,105239,103742,103257
4b914b4, 22-12-2016, 4, 93274,92162,92314,92442,91844
4b914b4, 22-12-2016, 8, 84974,87500,81443,81324,81856
4b914b4, 22-12-2016, 16, 73002,72005,73209,72648,73062
4b914b4, 23-12-2016, 1, 183317,219195,178329,217519,183418
4b914b4, 24-12-2016, 1, 182421,183860,183659,184426,181199
4b914b4, 25-12-2016, 1, 214790,223875,211994,222362,223161
4b914b4, 23-12-2016, 2, 103525,103736,101828,101662,103506
4b914b4, 24-12-2016, 2, 104252,102363,103890,103467,104206
4b914b4, 25-12-2016, 2, 104949,102688,102991,103774,103768
4b914b4, 23-12-2016, 4, 92314,92076,92330,90998,91225
4b914b4, 24-12-2016, 4, 91454,90998,91499,91809,91374
4b914b4, 25-12-2016, 4, 93472,92350,92243,91131,92046
4b914b4, 23-12-2016, 8, 81649,82508,81924,82274,81132
4b914b4, 24-12-2016, 8, 82598,82036,81026,81669,81912
4b914b4, 25-12-2016, 8, 81218,82177,82520,81340,81748
4b914b4, 23-12-2016, 16, 73100,72793,72045,72516,72166
4b914b4, 24-12-2016, 16, 72878,72494,72944,73205,72648
4b914b4, 25-12-2016, 16, 72575,72695,73037,73078,72676
4b914b4, 26-12-2016, 1, 215424,183257,181670,178900,178671
4b914b4, 26-12-2016, 2, 103461,103621,104479,104278,104485
4b914b4, 26-12-2016, 4, 91654,92335,91875,90899,91599
4b914b4, 26-12-2016, 8, 80897,80846,81250,81709,81665
4b914b4, 26-12-2016, 16, 72695,72603,72550,72052,72733
4b914b4, 27-12-2016, 1, 222657,225046,186000,184548,184975
4b914b4, 28-12-2016, 1, 183799,182978,180731,173444,175347
4b914b4, 27-12-2016, 2, 104167,103251,104252,104051,105438
4b914b4, 28-12-2016, 2, 103723,104537,103435,103697,103187
4b914b4, 27-12-2016, 4, 92061,92661,91809,93093,92995
4b914b4, 28-12-2016, 4, 92026,91870,91136,91295,91895
4b914b4, 27-12-2016, 8, 81613,82314,82941,81661,82826
4b914b4, 28-12-2016, 8, 82080,81713,81736,81320,81285
4b914b4, 27-12-2016, 16, 73244,73199,72982,72704,73391
4b914b4, 28-12-2016, 16, 72172,72758,72328,73151,72748
4b914b4, 29-12-2016, 1, 219253,182838,182401,212531,181101
4b914b4, 29-12-2016, 2, 103864,103897,103967,102953,103314
4b914b4, 29-12-2016, 4, 91870,91714,91275,91839,91584
4b914b4, 29-12-2016, 8, 81301,80792,81880,82863,81713
4b914b4, 29-12-2016, 16, 73205,72297,73423,73011,73218
4b914b4, 30-12-2016, 1, 217153,222539,181690,179820,181985
4b914b4, 30-12-2016, 2, 102972,103283,103563,103016,103942
4b914b4, 30-12-2016, 4, 91027,92467,91679,90536,91374
4b914b4, 30-12-2016, 8, 81864,81092,81605,80959,81372
4b914b4, 30-12-2016, 16, 72992,73110,72481,72758,73231
4b914b4, 31-12-2016, 1, 183981,183578,178862,177819,213777
4b914b4, 31-12-2016, 2, 104012,103073,102884,103295,104310
4b914b4, 31-12-2016, 4, 90978,91744,91809,91950,91915
4b914b4, 31-12-2016, 8, 81800,82362,81293,81740,81463
4b914b4, 31-12-2016, 16, 72751,73369,72509,72824,73122
4b914b4, 01-01-2017, 1, 180867,182540,222009,185261,181670
4b914b4, 01-01-2017, 2, 103839,103086,105068,102928,102909
4b914b4, 01-01-2017, 4, 91022,90830,92198,91494,91604
4b914b4, 01-01-2017, 8, 81625,81780,81760,82447,81372
4b914b4, 01-01-2017, 16, 72288,72979,72419,72531,72783
4b914b4, 02-01-2017, 1, 183518,183900,181317,176994,179647
4b914b4, 02-01-2017, 2, 103035,103608,103067,103442,104779
4b914b4, 02-01-2017, 4, 92401,92416,92177,92355,91116
4b914b4, 02-01-2017, 8, 81629,82973,81218,81768,83163
4b914b4, 02-01-2017, 16, 73231,73225,73119,72666,73116
4b914b4, 03-01-2017, 1, 182401,180168,184122,177274,185322
4b914b4, 03-01-2017, 2, 104297,103954,104329,104155,103742
4b914b4, 03-01-2017, 4, 92026,92733,89968,92152,91854
4b914b4, 03-01-2017, 8, 81892,81348,82120,81992,82298
4b914b4, 03-01-2017, 16, 72808,72954,73154,72777,72913
2c7f4a5, 04-01-2017, 1, 184507,211114,176788,182699,181847
2c7f4a5, 04-01-2017, 2, 103685,102338,104291,104103,103130
2c7f4a5, 04-01-2017, 4, 91965,91965,92579,91975,90590
2c7f4a5, 04-01-2017, 8, 81976,82141,81451,81573,81609
2c7f4a5, 04-01-2017, 16, 73186,72802,72679,73459,73116
