b627a5c, 07-07-2015, 1, 108003,107216,106916,107073,107025
b627a5c, 07-07-2015, 2, 108738,108640,108682,108611,108408
b627a5c, 07-07-2015, 4, 108003,107622,107127,108163,107450
b627a5c, 07-07-2015, 8, 108478,108865,108345,108950,108626
315c167, 07-07-2015, 16, 105305,105041,105299,126173,104890
f326cd3, 12-07-2015, 1, 112917,114912,114787,114889,114928
f326cd3, 12-07-2015, 2, 112970,112599,112735,112963,113039
f326cd3, 12-07-2015, 4, 110493,111373,110529,111063,111085
f326cd3, 12-07-2015, 8, 111284,111255,111100,111417,111100
f326cd3, 12-07-2015, 16, 112027,113467,113031,112659,111982
acd14d1, 16-07-2015, 1, 120181,121144,121196,121161,121004
acd14d1, 16-07-2015, 2, 120838,119889,120665,121328,120569
acd14d1, 16-07-2015, 4, 120804,120535,120995,120856,121153
acd14d1, 16-07-2015, 8, 119897,120448,120017,120258,120043
acd14d1, 16-07-2015, 16, 144631,119038,118626,118133,118970
a0c3c29, 17-07-2015, 1, 121381,121609,121574,121354,121636
a0c3c29, 17-07-2015, 2, 121804,121945,122034,121697,122426
a0c3c29, 17-07-2015, 4, 119889,120319,120379,120301,119931
a0c3c29, 17-07-2015, 8, 121100,121495,121574,121750,121548
a0c3c29, 17-07-2015, 16, 120830,121030,121512,120821,121083
3ea1609, 18-07-2015, 1, 111848,112207,111870,111803,111484
3ea1609, 18-07-2015, 2, 115244,115102,114802,115196,114638
3ea1609, 18-07-2015, 4, 110464,111329,111041,111196,110777
3ea1609, 18-07-2015, 8, 110858,110638,110558,110617,111439
3ea1609, 18-07-2015, 16, 111506,140055,112758,132647,130298
bc0d832, 01-08-2015, 1, 167337,167387,167521,166639,167538
bc0d832, 01-08-2015, 2, 167605,167789,167991,167772,167906
bc0d832, 01-08-2015, 4, 166689,167755,167004,167154,166888
bc0d832, 01-08-2015, 8, 168395,168260,168260,168243,168564
bc0d832, 01-08-2015, 16, 197402,167354,197124,167037,167991
d2fdca2, 02-08-2015, 1, 168210,168751,168598,168870,168480
d2fdca2, 02-08-2015, 2, 165865,166226,166325,166226,166210
d2fdca2, 02-08-2015, 4, 167638,167839,166921,167605,167722
d2fdca2, 02-08-2015, 8, 169006,168260,168260,167974,167856
d2fdca2, 02-08-2015, 16, 195334,165033,165701,193308,165049
efad1f4, 04-08-2015, 1, 165130,165325,165930,165358,165586
efad1f4, 04-08-2015, 2, 164612,163377,164225,164338,163568
efad1f4, 04-08-2015, 4, 163377,163457,164209,163856,163505
efad1f4, 04-08-2015, 8, 165228,165195,165717,165276,165228
efad1f4, 04-08-2015, 16, 193934,193130,164806,165244,165244
974a2f4, 06-08-2015, 1, 169364,169518,169347,168700,169210
974a2f4, 06-08-2015, 2, 169006,169245,168277,168666,168514
974a2f4, 06-08-2015, 4, 168041,166871,168277,168243,168176
974a2f4, 06-08-2015, 8, 166589,166987,167504,167688,167839
974a2f4, 06-08-2015, 16, 167638,168514,167890,198476,168531
5b5bed6, 09-08-2015, 1, 164644,164257,164757,164499,164773
5b5bed6, 09-08-2015, 2, 163139,163792,163425,163345,164048
5b5bed6, 09-08-2015, 4, 162712,163473,163314,163664,163393
5b5bed6, 09-08-2015, 8, 162775,162680,162743,163744,162996
5b5bed6, 09-08-2015, 16, 187602,163952,192355,195379,196087
1e1238a, 11-08-2015, 1, 166854,165881,165881,165980,165750
1e1238a, 11-08-2015, 2, 166193,165865,165848,166375,165848
1e1238a, 11-08-2015, 4, 166474,165635,165260,165685,165276
1e1238a, 11-08-2015, 8, 165407,165586,165685,165570,165488
1e1238a, 11-08-2015, 16, 164919,193531,165098,165472,165211
2e640e3, 12-08-2015, 1, 156899,156504,156840,156752,156752
2e640e3, 12-08-2015, 2, 157090,156840,156548,156826,156723
2e640e3, 12-08-2015, 4, 155561,156577,155647,155662,156548
2e640e3, 12-08-2015, 8, 156767,156752,156212,156358,156752
2e640e3, 12-08-2015, 16, 155258,155359,156183,155489,156709
237b5c1, 13-08-2015, 1, 157223,157046,156606,156855,156504
237b5c1, 13-08-2015, 2, 156053,156709,156053,155691,156227
237b5c1, 13-08-2015, 4, 155561,155373,155792,155546,156024
237b5c1, 13-08-2015, 8, 155273,156067,156024,156067,155417
237b5c1, 13-08-2015, 16, 155763,155575,155792,155792,155951
5f94396, 14-08-2015, 1, 158380,157459,157592,158470,158156
5f94396, 14-08-2015, 2, 157178,157740,158635,157607,157695
5f94396, 14-08-2015, 4, 157829,157695,158022,157829,157577
5f94396, 14-08-2015, 8, 157061,156038,156972,156943,156548
5f94396, 14-08-2015, 16, 157621,156679,159890,157149,157370
6261a17, 15-08-2015, 1, 155633,155489,156053,156387,155806
6261a17, 15-08-2015, 2, 155691,156082,156358,156314,156067
6261a17, 15-08-2015, 4, 156227,156373,155719,156183,154330
6261a17, 15-08-2015, 8, 156183,156300,155763,156125,156169
6261a17, 15-08-2015, 16, 156140,155908,183699,156227,156314
f565790, 21-08-2015, 1, 137327,137812,137993,137529,137158
f565790, 21-08-2015, 2, 138838,139172,139508,138884,138873
f565790, 21-08-2015, 4, 138942,139045,139473,138597,138976
f565790, 21-08-2015, 8, 138312,138164,138494,138380,138437
f565790, 21-08-2015, 16, 139473,166325,166144,165407,138838
3cbff1b, 26-08-2015, 1, 138392,138005,137676,138517,138403
3cbff1b, 26-08-2015, 2, 136935,138426,138575,138563,138221
3cbff1b, 26-08-2015, 4, 137767,138540,138712,138735,139299
3cbff1b, 26-08-2015, 8, 139531,139612,139845,139927,139682
3cbff1b, 26-08-2015, 16, 166424,138243,138095,138312,138506
4967366, 28-08-2015, 1, 139903,140713,140430,140630,140524
4967366, 28-08-2015, 2, 139554,139985,139508,139519,139450
4967366, 28-08-2015, 4, 140161,140524,139973,140172,140266
4967366, 28-08-2015, 8, 140008,139589,140442,139496,139868
4967366, 28-08-2015, 16, 168480,169245,167437,169330,140748
58c47dc, 29-08-2015, 1, 139670,139438,140313,140172,139438
58c47dc, 29-08-2015, 2, 140301,140055,140489,140254,138472
58c47dc, 29-08-2015, 4, 140266,140207,140572,140184,140254
58c47dc, 29-08-2015, 8, 138884,139752,139717,138838,139380
58c47dc, 29-08-2015, 16, 168989,165717,140032,169450,168531
e079875, 30-08-2015, 1, 139022,139554,139265,139311,139566
e079875, 30-08-2015, 2, 140266,140067,139915,139798,139438
e079875, 30-08-2015, 4, 140477,140489,140572,140678,139822
e079875, 30-08-2015, 8, 139543,139045,140607,140172,139589
e079875, 30-08-2015, 16, 139997,168717,165472,168615,168683
05093d1, 08-09-2015, 1, 142192,142071,142361,142228,142120
05093d1, 08-09-2015, 2, 141628,141341,141927,141699,142385
05093d1, 08-09-2015, 4, 141616,142252,141831,141711,141508
05093d1, 08-09-2015, 8, 141318,141616,141699,141699,141843
05093d1, 08-09-2015, 16, 167304,141580,141855,142156,142011
cb4ea59, 19-09-2015, 1, 85642,83623,84768,86338,84785
cb4ea59, 19-09-2015, 2, 78288,78384,78402,77809,77903
cb4ea59, 19-09-2015, 4, 99268,97929,98841,98164,97883
cb4ea59, 19-09-2015, 8, 79987,78464,79052,78833,79156
cb4ea59, 19-09-2015, 16, 83390,107747,79265,86834,90697
4e631e5, 20-09-2015, 1, 78948,78336,78589,80055,78373
4e631e5, 20-09-2015, 2, 83299,83635,84439,82213,83365
4e631e5, 20-09-2015, 4, 97017,96388,96917,97141,97525
4e631e5, 20-09-2015, 8, 84883,85021,85207,82537,84342
4e631e5, 20-09-2015, 16, 96743,99657,101766,100800,103035
14bd43a, 22-09-2015, 1, 101147,100565,100982,99906,100547
14bd43a, 22-09-2015, 2, 100420,98916,99948,100879,100474
14bd43a, 22-09-2015, 4, 78937,79351,79483,80730,79562
14bd43a, 22-09-2015, 8, 96299,98777,97429,98124,98556
14bd43a, 22-09-2015, 16, 87545,86236,102506,90278,104083
f77fcee, 24-09-2015, 1, 79755,80987,80331,80405,79634
f77fcee, 24-09-2015, 2, 78696,78299,79404,78940,78729
f77fcee, 24-09-2015, 4, 79615,79774,79198,78296,78918
f77fcee, 24-09-2015, 8, 77539,78074,77475,76483,78340
f77fcee, 24-09-2015, 16, 86911,86476,86108,86267,87268
d58441a, 29-09-2015, 1, 77665,77845,77708,77827,77386
d58441a, 29-09-2015, 2, 77382,77867,78597,77780,77179
d58441a, 29-09-2015, 4, 79464,79104,77885,78955,78457
d58441a, 29-09-2015, 8, 81034,80258,80765,80944,80304
d58441a, 29-09-2015, 16, 79460,91091,81210,86897,78516
1e4521d, 01-10-2015, 1, 78527,80354,79888,80036,79622
1e4521d, 01-10-2015, 2, 77389,78611,77730,78034,79130
1e4521d, 01-10-2015, 4, 77983,77547,79329,77439,79213
1e4521d, 01-10-2015, 8, 80082,78974,80086,78911,79964
1e4521d, 01-10-2015, 16, 91419,85120,109648,85861,89445
a3e9a3f, 02-10-2015, 1, 79351,78974,78837,78608,79766
a3e9a3f, 02-10-2015, 2, 78567,78259,77361,78237,77881
a3e9a3f, 02-10-2015, 4, 78417,80147,79164,80052,80109
a3e9a3f, 02-10-2015, 8, 77751,77579,77658,77806,77222
a3e9a3f, 02-10-2015, 16, 110369,86726,77896,107899,109533
83cc2d8, 16-10-2015, 1, 77885,77676,78274,79815,77411
83cc2d8, 16-10-2015, 2, 78681,78450,78729,78670,78744
83cc2d8, 16-10-2015, 4, 78387,78110,79007,79265,79108
83cc2d8, 16-10-2015, 8, 81816,81096,81530,81089,81530
83cc2d8, 16-10-2015, 16, 80013,89665,83344,86969,80174
6d53791, 19-10-2015, 1, 79228,78903,77741,77748,80209
6d53791, 19-10-2015, 2, 77414,76935,77329,76668,76675
6d53791, 19-10-2015, 4, 79573,78737,77590,79276,78796
6d53791, 19-10-2015, 8, 78900,79622,79250,79314,79649
6d53791, 19-10-2015, 16, 106441,87154,86240,106909,86834
2f56983, 20-10-2015, 1, 77954,78523,79660,79690,79175
2f56983, 20-10-2015, 2, 78384,79366,78523,79842,78406
2f56983, 20-10-2015, 4, 80071,78578,79299,78959,78486
2f56983, 20-10-2015, 8, 80017,78851,78788,78674,80278
2f56983, 20-10-2015, 16, 107045,107802,90050,105683,87710
582676f, 22-10-2015, 1, 79209,78501,77806,79201,79671
582676f, 22-10-2015, 2, 78351,79876,79052,80520,78420
582676f, 22-10-2015, 4, 78197,78044,80166,77640,78541
582676f, 22-10-2015, 8, 79355,79366,78907,80197,78630
582676f, 22-10-2015, 16, 79740,79588,80097,106786,91305
221d5a8, 28-02-2016, 1, 89799,90016,90609,90161,90346
221d5a8, 28-02-2016, 2, 86812,87123,85350,86704,86201
221d5a8, 28-02-2016, 4, 81053,79460,78589,79045,78929
221d5a8, 28-02-2016, 8, 71953,72241,72021,71925,72316
221d5a8, 28-02-2016, 16, 67457,68120,68281,67957,68256
35d6e5d, 29-02-2016, 1, 90796,91334,90604,91804,92712
35d6e5d, 29-02-2016, 2, 85940,86812,86418,85997,85953
35d6e5d, 29-02-2016, 4, 80182,79168,79930,78106,80757
35d6e5d, 29-02-2016, 8, 73289,72098,72954,72406,73186
35d6e5d, 29-02-2016, 16, 68991,68159,68001,68125,68067
1c0b6c5, 04-03-2016, 1, 89222,89915,88759,90516,90380
f80054d, 05-03-2016, 1, 92152,93021,93310,91875,91975
1c0b6c5, 04-03-2016, 2, 85856,86391,86405,85021,85817
f80054d, 05-03-2016, 2, 85411,87141,86597,86753,85940
1c0b6c5, 04-03-2016, 4, 77918,78914,78226,80075,78929
f80054d, 05-03-2016, 4, 78892,78263,79119,79261,80358
1c0b6c5, 04-03-2016, 8, 73356,72821,72821,71857,72344
f80054d, 05-03-2016, 8, 72815,71408,71894,72381,72506
1c0b6c5, 04-03-2016, 16, 68347,68576,68423,68448,68450
f80054d, 05-03-2016, 16, 67707,68442,67598,68142,68448
9d77b21, 07-03-2016, 1, 90089,91399,92289,90707,91844
9d77b21, 07-03-2016, 2, 86139,85450,86055,84533,87259
9d77b21, 07-03-2016, 4, 77644,77986,79607,79884,78996
9d77b21, 07-03-2016, 8, 72356,73462,73562,73847,73205
9d77b21, 07-03-2016, 16, 68926,67932,67675,66703,67650
22d7896, 08-03-2016, 1, 91116,92289,92738,91260,94440
22d7896, 08-03-2016, 2, 85936,86646,85637,85944,87313
22d7896, 08-03-2016, 4, 79287,80013,80574,80979,78472
22d7896, 08-03-2016, 8, 74052,73882,72616,72670,72714
22d7896, 08-03-2016, 16, 68968,68333,67965,68462,67278
4b8198f, 09-03-2016, 1, 89771,90370,89393,90186,91305
4b8198f, 10-03-2016, 1, 91564,92132,91709,91664,90166
4b8198f, 09-03-2016, 2, 87268,85799,86830,85354,85821
4b8198f, 10-03-2016, 2, 86365,86183,85896,87055,86906
4b8198f, 09-03-2016, 4, 79895,80166,79850,79460,79434
4b8198f, 10-03-2016, 4, 80312,78881,79975,78435,77066
4b8198f, 09-03-2016, 8, 73154,72632,73993,72061,71389
4b8198f, 10-03-2016, 8, 72897,73455,72591,71913,71786
4b8198f, 09-03-2016, 16, 67779,68386,67757,68504,67476
4b8198f, 10-03-2016, 16, 67888,68827,67203,68624,67289
601ac5a, 11-03-2016, 1, 90205,91664,92016,89862,90458
601ac5a, 12-03-2016, 1, 92544,91659,92051,90468,91794
601ac5a, 13-03-2016, 1, 90094,89622,90031,89703,92646
601ac5a, 11-03-2016, 2, 86454,85905,87573,85354,84789
601ac5a, 12-03-2016, 2, 86785,87096,87331,86214,87674
601ac5a, 13-03-2016, 2, 86888,85524,86476,83735,86316
601ac5a, 11-03-2016, 4, 80205,79074,78402,77994,79630
601ac5a, 12-03-2016, 4, 79956,78785,81289,79456,80025
601ac5a, 13-03-2016, 4, 77881,79033,78678,78963,79949
601ac5a, 11-03-2016, 8, 72309,72973,72884,72872,72799
601ac5a, 12-03-2016, 8, 74104,72698,73850,73539,71811
601ac5a, 13-03-2016, 8, 71931,71716,72566,72622,72967
601ac5a, 11-03-2016, 16, 68487,68100,67335,67809,68120
601ac5a, 12-03-2016, 16, 68361,67781,67932,67940,68206
601ac5a, 13-03-2016, 16, 67990,68106,67666,67620,67525
4835edf, 15-03-2016, 1,
4835edf, 16-03-2016, 1,
601ac5a, 14-03-2016, 1, 89857,90860,91980,90791,90326
4835edf, 15-03-2016, 2,
4835edf, 16-03-2016, 2,
601ac5a, 14-03-2016, 2, 85777,86418,87082,86911,86996
4835edf, 15-03-2016, 4,
4835edf, 16-03-2016, 4,
601ac5a, 14-03-2016, 4, 79138,80209,78900,78527,80090
4835edf, 15-03-2016, 8,
4835edf, 16-03-2016, 8,
601ac5a, 14-03-2016, 8, 72591,72818,72821,73977,72503
4835edf, 15-03-2016, 16,
4835edf, 16-03-2016, 16,
601ac5a, 14-03-2016, 16, 68784,67968,69119,67707,69227
4835edf, 17-03-2016, 1,
4835edf, 17-03-2016, 2,
4835edf, 17-03-2016, 4,
4835edf, 17-03-2016, 8,
4835edf, 17-03-2016, 16,
edf5cef, 18-03-2016, 1,
edf5cef, 18-03-2016, 2,
edf5cef, 18-03-2016, 4,
edf5cef, 18-03-2016, 8,
edf5cef, 18-03-2016, 16,
540a515, 19-03-2016, 1,
540a515, 19-03-2016, 2,
540a515, 19-03-2016, 4,
540a515, 19-03-2016, 8,
540a515, 19-03-2016, 16,
540a515, 20-03-2016, 1,
751da54, 22-03-2016, 1,
8ef737d, 21-03-2016, 1,
540a515, 20-03-2016, 2,
751da54, 22-03-2016, 2,
8ef737d, 21-03-2016, 2,
540a515, 20-03-2016, 4,
751da54, 22-03-2016, 4,
8ef737d, 21-03-2016, 4,
540a515, 20-03-2016, 8,
751da54, 22-03-2016, 8,
8ef737d, 21-03-2016, 8,
540a515, 20-03-2016, 16,
751da54, 22-03-2016, 16,
8ef737d, 21-03-2016, 16,
92ffe69, 23-03-2016, 1,
92ffe69, 23-03-2016, 2,
92ffe69, 23-03-2016, 4,
92ffe69, 23-03-2016, 8,
92ffe69, 23-03-2016, 16,
f675ff8, 24-03-2016, 1,
f675ff8, 24-03-2016, 2,
f675ff8, 24-03-2016, 4,
f675ff8, 24-03-2016, 8,
f675ff8, 24-03-2016, 16,
7c008bd, 25-03-2016, 1,
7c008bd, 25-03-2016, 2,
7c008bd, 25-03-2016, 4,
7c008bd, 25-03-2016, 8,
7c008bd, 25-03-2016, 16,
f9d41a6, 26-03-2016, 1,
f9d41a6, 26-03-2016, 2,
f9d41a6, 26-03-2016, 4,
f9d41a6, 26-03-2016, 8,
f9d41a6, 26-03-2016, 16,
82adbde, 27-03-2016, 1,
82adbde, 28-03-2016, 1,
9a03686, 29-03-2016, 1,
82adbde, 27-03-2016, 2,
82adbde, 28-03-2016, 2,
9a03686, 29-03-2016, 2,
82adbde, 27-03-2016, 4,
82adbde, 28-03-2016, 4,
9a03686, 29-03-2016, 4,
82adbde, 27-03-2016, 8,
82adbde, 28-03-2016, 8,
9a03686, 29-03-2016, 8,
82adbde, 27-03-2016, 16,
82adbde, 28-03-2016, 16,
9a03686, 29-03-2016, 16,
c01e00f, 30-03-2016, 1,
c01e00f, 30-03-2016, 2,
c01e00f, 30-03-2016, 4,
c01e00f, 30-03-2016, 8,
c01e00f, 30-03-2016, 16,
45c5635, 31-03-2016, 1,
45c5635, 31-03-2016, 2,
45c5635, 31-03-2016, 4,
45c5635, 31-03-2016, 8,
45c5635, 31-03-2016, 16,
8f4568f, 01-04-2016, 1, 92431,91694,91185,91300,90287
8f4568f, 02-04-2016, 1, 91374,93623,90507,93279,92846
8f4568f, 01-04-2016, 2, 87077,86307,87123,86938,86343
8f4568f, 02-04-2016, 2, 86338,87204,87245,85826,82455
8f4568f, 01-04-2016, 4, 79370,80532,80013,79134,79415
8f4568f, 02-04-2016, 4, 79994,80002,80029,80366,81804
8f4568f, 01-04-2016, 8, 72632,73103,73591,73433,72922
8f4568f, 02-04-2016, 8, 73678,72403,72695,72434,72256
8f4568f, 01-04-2016, 16, 69179,67962,67322,67238,67820
8f4568f, 02-04-2016, 16, 67675,66529,65938,65590,64732
faca1d0, 03-04-2016, 1, 91027,90570,91399,92866,91270
faca1d0, 03-04-2016, 2, 86161,85090,83039,87231,85905
faca1d0, 03-04-2016, 4, 79649,80186,79190,79321,80586
faca1d0, 03-04-2016, 8, 72166,71937,72632,72777,73613
faca1d0, 03-04-2016, 16, 68206,66991,66600,66550,67400
2fef88c, 05-04-2016, 1, 92477,94904,92928,93754,92815
d0ddc25, 04-04-2016, 1, 92825,92183,92897,94085,92851
2fef88c, 05-04-2016, 2, 88032,86749,86601,87885,87545
d0ddc25, 04-04-2016, 2, 86965,87096,86960,85185,87082
2fef88c, 05-04-2016, 4, 81265,81356,80270,80304,79800
d0ddc25, 04-04-2016, 4, 79983,79600,78483,80803,81384
2fef88c, 05-04-2016, 8, 73691,73707,73202,72194,72714
d0ddc25, 04-04-2016, 8, 73788,73305,73430,73420,72500
2fef88c, 05-04-2016, 16, 67414,66431,67004,66857,66919
d0ddc25, 04-04-2016, 16, 69373,69051,67631,67582,67888
2fef88c, 06-04-2016, 1, 91784,91559,92223,92011,92498
2fef88c, 06-04-2016, 2, 87218,87986,86033,86960,87390
2fef88c, 06-04-2016, 4, 80995,80792,80258,80347,78888
2fef88c, 06-04-2016, 8, 73196,73684,73231,72982,73129
2fef88c, 06-04-2016, 16, 69127,67179,67481,67656,66855
329561a, 07-04-2016, 1, 92559,92493,90094,92011,90468
329561a, 07-04-2016, 2, 86933,84490,85914,87313,86735
329561a, 07-04-2016, 4, 78472,78369,80486,79142,78351
329561a, 07-04-2016, 8, 73183,72350,73132,72676,72569
329561a, 07-04-2016, 16, 66616,66868,67855,66497,67696
187bd93, 09-04-2016, 1, 91200,93399,92923,92472,93129
347caf0, 10-04-2016, 1, 89436,91369,91205,89517,88656
347caf0, 11-04-2016, 1, 90065,89795,90575,88985,91965
347caf0, 13-04-2016, 1, 92493,91062,91240,93498,92259
d57ae3d, 08-04-2016, 1, 92026,93388,92600,93425,93780
187bd93, 09-04-2016, 2, 86011,87010,86655,87290,86280
347caf0, 10-04-2016, 2, 84742,84546,82024,85554,86077
347caf0, 11-04-2016, 2, 82052,85043,87023,86789,81956
347caf0, 13-04-2016, 2, 86704,86512,86749,86969,83469
d57ae3d, 08-04-2016, 2, 87050,86467,87692,86303,84789
187bd93, 09-04-2016, 4, 77860,80710,78922,78571,80105
347caf0, 10-04-2016, 4, 78918,79577,80270,79216,78582
347caf0, 11-04-2016, 4, 79261,80393,78391,78655,80792
347caf0, 13-04-2016, 4, 80858,78703,80920,81159,78900
d57ae3d, 08-04-2016, 4, 80835,81752,79156,79142,80117
187bd93, 09-04-2016, 8, 73247,72563,73365,73433,74085
347caf0, 10-04-2016, 8, 72887,72840,73782,73353,71737
347caf0, 11-04-2016, 8, 72135,72695,71710,70931,72528
347caf0, 13-04-2016, 8, 72359,73260,73253,72903,72406
d57ae3d, 08-04-2016, 8, 73623,73504,73324,73954,72843
187bd93, 09-04-2016, 16, 68616,66619,67368,66310,67590
347caf0, 10-04-2016, 16, 68294,67397,67951,68117,68100
347caf0, 11-04-2016, 16, 68139,68253,68864,68073,67063
347caf0, 13-04-2016, 16, 68515,66255,66211,66727,67117
d57ae3d, 08-04-2016, 16, 67268,66360,65505,65595,65912
83e1769, 14-04-2016, 1,
af5f9fe, 16-04-2016, 1, 211406,211194,210557,211753,210109
af5f9fe, 17-04-2016, 1, 212209,208698,210981,211780,207254
af5f9fe, 18-04-2016, 1, 210188,212128,208128,210928,211994
bc133ca, 19-04-2016, 1, 208102,207305,208698,209532,208724
ecc9138, 15-04-2016, 1, 215120,214268,215756,218852,217321
83e1769, 14-04-2016, 2,
af5f9fe, 16-04-2016, 2, 125297,126334,124432,125250,125063
af5f9fe, 17-04-2016, 2, 124840,124147,125128,124682,124691
af5f9fe, 18-04-2016, 2, 125729,125054,125287,124248,125644
bc133ca, 19-04-2016, 2, 125606,125729,125297,124830,126515
ecc9138, 15-04-2016, 2, 127062,125250,126258,126449,126554
83e1769, 14-04-2016, 4,
af5f9fe, 16-04-2016, 4, 113314,112947,113636,113659,112834
af5f9fe, 17-04-2016, 4, 113960,112357,113429,113214,111900
af5f9fe, 18-04-2016, 4, 113682,113728,113268,113268,113275
bc133ca, 19-04-2016, 4, 111078,111632,113168,113421,112327
ecc9138, 15-04-2016, 4, 114146,114747,114069,114271,112659
83e1769, 14-04-2016, 8,
af5f9fe, 16-04-2016, 8, 98153,99057,98170,99022,98371
af5f9fe, 17-04-2016, 8, 98841,98521,98233,98072,99326
af5f9fe, 18-04-2016, 8, 98118,96855,98823,98905,98273
bc133ca, 19-04-2016, 8, 98957,98597,98250,98412,98400
ecc9138, 15-04-2016, 8, 98279,99456,99250,98753,99244
83e1769, 14-04-2016, 16,
af5f9fe, 16-04-2016, 16, 87839,88604,86046,88334,88185
af5f9fe, 17-04-2016, 16, 89174,86360,85751,85380,85034
af5f9fe, 18-04-2016, 16, 89075,86659,86267,85887,85138
bc133ca, 19-04-2016, 16, 85962,86338,85887,85900,85769
ecc9138, 15-04-2016, 16, 88642,86659,85782,86024,86028
4deadba, 20-04-2016, 1, 210004,209244,208698,211914,208932
4deadba, 20-04-2016, 2, 124868,123918,125503,124840,125400
4deadba, 20-04-2016, 4, 113207,112170,113084,113383,112508
4deadba, 20-04-2016, 8, 98498,97068,98038,98021,96504
4deadba, 20-04-2016, 16, 88450,87123,85506,84635,83689
4deadba, 21-04-2016, 1, 208724,209506,209978,207382,211273
4deadba, 21-04-2016, 2, 125870,125250,125306,126163,124738
4deadba, 21-04-2016, 4, 112690,112478,113329,112803,111841
4deadba, 21-04-2016, 8, 98308,98614,98464,99010,97463
4deadba, 21-04-2016, 16, 88005,86152,85012,83802,83125
4deadba, 22-04-2016, 1, 209637,211273,208932,211967,208594
4deadba, 22-04-2016, 2, 123571,125409,124812,124285,125409
4deadba, 22-04-2016, 4, 113222,113528,113891,113490,113352
4deadba, 22-04-2016, 8, 97695,98371,98951,98887,98089
4deadba, 22-04-2016, 16, 88157,87277,88005,87683,87669
66c6f1e, 24-04-2016, 1, 211780,206514,209140,206973,209192
e31e052, 23-04-2016, 1, 209663,209375,212209,209978,209427
66c6f1e, 24-04-2016, 2, 121706,125409,124257,124340,123208
e31e052, 23-04-2016, 2, 125409,124525,126192,125175,126059
66c6f1e, 24-04-2016, 4, 111938,112072,113436,111166,112395
e31e052, 23-04-2016, 4, 113375,113598,112440,113398,114380
66c6f1e, 24-04-2016, 8, 98061,97508,98337,98707,97531
e31e052, 23-04-2016, 8, 98498,99086,98846,98539,97724
66c6f1e, 24-04-2016, 16, 88079,87959,87186,88171,87995
e31e052, 23-04-2016, 16, 88590,89264,88116,88250,88269
66c6f1e, 25-04-2016, 1, 209558,207973,207152,208568,207152
66c6f1e, 25-04-2016, 2, 124028,122955,124469,123744,124784
66c6f1e, 25-04-2016, 4, 113191,111915,111938,112282,112493
66c6f1e, 25-04-2016, 8, 97372,98089,98435,94787,98101
66c6f1e, 25-04-2016, 16, 88097,88343,88134,88343,88905
179fc55, 26-04-2016, 1, 212209,211834,209846,213505,213179
179fc55, 26-04-2016, 2, 125946,125823,125672,125550,125691
179fc55, 26-04-2016, 4, 113790,113513,113314,114442,114411
179fc55, 26-04-2016, 8, 98928,98487,98556,99086,98291
179fc55, 26-04-2016, 16, 87340,87719,87545,86857,88529
1f71923, 28-04-2016, 1, 208180,214735,215010,216341,214625
1f71923, 28-04-2016, 2, 126050,126812,126458,126230,126889
1f71923, 28-04-2016, 4, 115371,115569,115355,114865,115450
1f71923, 28-04-2016, 8, 99645,100432,100288,99971,99900
1f71923, 28-04-2016, 16, 88844,89445,89881,88966,90181
1f71923, 29-04-2016, 1, 216704,217293,216900,214762,216816
1f71923, 29-04-2016, 2, 126515,126525,126745,127613,127283
1f71923, 29-04-2016, 4, 115450,116121,115561,116258,116452
1f71923, 29-04-2016, 8, 100402,100649,99989,101025,100982
1f71923, 29-04-2016, 16, 89665,88385,90453,90707,89288
8ac768e, 30-04-2016, 1, 214817,214817,213098,216173,214625
8ac768e, 30-04-2016, 2, 125587,126050,126050,127982,127467
8ac768e, 30-04-2016, 4, 116403,116468,116073,115569,116218
8ac768e, 30-04-2016, 8, 99415,100103,100055,100583,100228
8ac768e, 30-04-2016, 16, 90663,89593,89478,89973,89934
8ac768e, 01-05-2016, 1, 214762,212774,212370,212936,213071
8ac768e, 01-05-2016, 2, 127700,127535,126821,127448,127351
8ac768e, 01-05-2016, 4, 115418,115538,116339,116162,113574
8ac768e, 01-05-2016, 8, 100698,99669,100354,100631,99924
8ac768e, 01-05-2016, 16, 90132,88506,89761,89226,89298
8ac768e, 02-05-2016, 1, 214268,216062,214104,216592,214735
f0bd292, 02-05-2016, 1, 214077,212801,215535,212128,213614
8ac768e, 02-05-2016, 2, 128227,127312,127690,127206,126831
f0bd292, 02-05-2016, 2, 127545,127216,127739,127428,126812
8ac768e, 02-05-2016, 4, 115657,115379,116500,116089,115697
f0bd292, 02-05-2016, 4, 115921,116145,116914,115244,115809
8ac768e, 02-05-2016, 8, 98753,100456,100282,100396,99698
f0bd292, 02-05-2016, 8, 100192,100198,100366,100097,100958
8ac768e, 02-05-2016, 16, 89828,89445,89469,89780,90200
f0bd292, 02-05-2016, 16, 88060,88971,89852,89775,90360
195eabb, 03-05-2016, 1, 212021,211140,212235,209375,212477
195eabb, 03-05-2016, 2, 128581,128256,127081,127467,127225
195eabb, 03-05-2016, 4, 115721,114771,115577,115466,116630
195eabb, 03-05-2016, 8, 100336,100710,100988,100336,100922
195eabb, 03-05-2016, 16, 89790,89843,90551,89203,90629
d3b42ee, 04-05-2016, 1, 214214,211167,211034,215065,209088
d3b42ee, 04-05-2016, 2, 125550,126850,126908,127225,126021
d3b42ee, 04-05-2016, 4, 114912,115395,115609,115086,115110
d3b42ee, 04-05-2016, 8, 99983,100577,100438,100414,99740
d3b42ee, 04-05-2016, 16, 89737,88990,90693,90297,89169
ae974a4, 05-05-2016, 1, 211700,213234,214735,214570,212477
ae974a4, 05-05-2016, 2, 127904,128168,127690,127023,127071
ae974a4, 05-05-2016, 4, 115841,116129,115809,115865,116315
ae974a4, 05-05-2016, 8, 100061,100788,99971,101251,100192
ae974a4, 05-05-2016, 16, 89689,90590,88858,89684,90190
0282595, 06-05-2016, 1, 207357,209401,206058,208698,208413
0282595, 06-05-2016, 2, 126793,126592,126059,126965,126078
0282595, 06-05-2016, 4, 115530,114771,115498,115418,115196
0282595, 06-05-2016, 8, 100348,99847,98130,99882,98759
0282595, 06-05-2016, 16, 89498,88436,89809,89222,90273
2458685, 08-05-2016, 1, 205578,212289,212693,223517,213206
2458685, 08-05-2016, 2, 127826,127119,128404,128798,127749
2458685, 08-05-2016, 4, 113413,114255,114030,113752,114983
2458685, 08-05-2016, 8, 99503,99757,100252,99039,100073
2458685, 08-05-2016, 16, 89402,89584,89526,90953,90132
2458685, 09-05-2016, 1, 209873,211834,212397,212182,212828
a497393, 10-05-2016, 1, 214872,213777,213044,212693,213017
2458685, 09-05-2016, 2, 127322,127216,127545,128453,126088
a497393, 10-05-2016, 2, 126640,127062,126927,127245,127438
2458685, 09-05-2016, 4, 113867,113567,113898,114107,114512
a497393, 10-05-2016, 4, 113744,112841,112433,113875,113821
2458685, 09-05-2016, 8, 99936,99894,99799,99080,99805
a497393, 10-05-2016, 8, 100390,100420,99769,99127,100619
2458685, 09-05-2016, 16, 90375,89973,88957,89627,89751
a497393, 10-05-2016, 16, 89718,90889,90268,89742,90497
fbee2ee, 11-05-2016, 1, 212262,213423,218396,215230,214845
fbee2ee, 11-05-2016, 2, 125993,126937,125616,127014,127062
fbee2ee, 11-05-2016, 4, 114162,114419,113406,114278,114247
fbee2ee, 11-05-2016, 8, 99479,99900,99746,100025,100246
fbee2ee, 11-05-2016, 16, 90375,90200,89790,88595,89255
1c0e89a, 12-05-2016, 1, 216900,216229,213478,215203,213288
a23877b, 13-05-2016, 1, 212504,215037,208361,208439,212693
1c0e89a, 12-05-2016, 2, 127148,126687,126154,127004,125851
a23877b, 13-05-2016, 2, 127014,126649,126296,128021,126975
1c0e89a, 12-05-2016, 4, 115785,116857,115849,115062,114857
a23877b, 13-05-2016, 4, 116500,116105,116825,116955,116679
1c0e89a, 12-05-2016, 8, 100258,101606,100366,100776,100162
a23877b, 13-05-2016, 8, 100728,101532,101238,101128,101434
1c0e89a, 12-05-2016, 16, 88905,88707,89455,89459,90629
a23877b, 13-05-2016, 16, 89939,89302,89795,88971,89212
b60677b, 14-05-2016, 1, 215590,216341,214927,218425,216341
b60677b, 14-05-2016, 2, 125917,127148,127525,127807,127341
b60677b, 14-05-2016, 4, 116363,115905,116492,116411,116630
b60677b, 14-05-2016, 8, 100879,100812,101263,101031,100837
b60677b, 14-05-2016, 16, 90394,89713,90307,89269,89617
9b04306, 15-05-2016, 1, 211914,215479,216872,216956,217378
9b04306, 15-05-2016, 2,
9b04306, 15-05-2016, 4,
9b04306, 15-05-2016, 8,
9b04306, 15-05-2016, 16,
16d9cd8, 16-05-2016, 1, 209140,213668,210875,210902,209088
f790834, 17-05-2016, 1, 210531,211167,211914,210928,210135
f790834, 18-05-2016, 1, 211220,210716,210769,209637,208932
16d9cd8, 16-05-2016, 2, 126088,128158,127642,127817,127129
f790834, 17-05-2016, 2, 125269,125156,125861,125785,125222
f790834, 18-05-2016, 2, 125879,124257,125729,126439,125007
16d9cd8, 16-05-2016, 4, 116565,116654,116573,116849,116622
f790834, 17-05-2016, 4, 114489,115173,115125,114630,115268
f790834, 18-05-2016, 4, 115212,114999,115347,115236,114419
16d9cd8, 16-05-2016, 8, 101446,101116,101483,101367,101434
f790834, 17-05-2016, 8, 100318,100679,98876,99876,100565
f790834, 18-05-2016, 8, 100270,99586,100318,99960,99344
16d9cd8, 16-05-2016, 16, 89037,90079,88905,89843,89250
f790834, 17-05-2016, 16, 89579,88768,88971,89009,88623
f790834, 18-05-2016, 16, 87963,88717,88848,89046,88511
33fe0c1, 19-05-2016, 1, 211807,210267,212963,213777,214900
33fe0c1, 19-05-2016, 2, 123744,125100,126050,126649,125259
33fe0c1, 19-05-2016, 4, 114692,115849,115212,114740,115371
33fe0c1, 19-05-2016, 8, 100324,100366,100607,99977,100498
33fe0c1, 19-05-2016, 16, 88338,88834,88721,89264,88167
33fe0c1, 20-05-2016, 1, 215230,212316,214790,214790,216480
33fe0c1, 20-05-2016, 2, 125184,126287,126239,124368,125493
33fe0c1, 20-05-2016, 4, 115149,115825,116105,115593,116178
33fe0c1, 20-05-2016, 8, 100571,100133,100306,100837,99817
33fe0c1, 20-05-2016, 16, 87972,89023,88787,89046,88707
33fe0c1, 21-05-2016, 1, 207280,208206,207228,205326,207049
33fe0c1, 21-05-2016, 2, 124285,124821,125908,124896,124673
33fe0c1, 21-05-2016, 4, 115857,115141,114544,114310,114505
33fe0c1, 21-05-2016, 8, 100013,100115,99362,98934,100180
33fe0c1, 21-05-2016, 16, 89193,88320,89013,88853,88726
33fe0c1, 22-05-2016, 1, 211140,214104,211380,209297,210004
33fe0c1, 23-05-2016, 1, 213804,214405,216872,214104,216732
7611b5f, 24-05-2016, 1, 214762,211486,211220,211673,214214
77631d8, 25-05-2016, 1, 209401,208984,211380,208620,209088
77631d8, 26-05-2016, 1, 212209,214077,216732,216034,213668
b890054, 27-05-2016, 1,
33fe0c1, 22-05-2016, 2, 124728,124998,125418,124849,125447
33fe0c1, 23-05-2016, 2, 124451,126640,126468,125955,125306
7611b5f, 24-05-2016, 2, 126430,126392,126420,125710,125813
77631d8, 25-05-2016, 2, 124239,125898,124654,125418,124961
77631d8, 26-05-2016, 2, 124599,124979,124340,123753,124858
b890054, 27-05-2016, 2,
33fe0c1, 22-05-2016, 4, 114740,113790,114232,115078,115133
33fe0c1, 23-05-2016, 4, 115323,114076,116194,115228,115841
7611b5f, 24-05-2016, 4, 115054,115841,115236,114356,115395
77631d8, 25-05-2016, 4, 114740,114395,114802,114763,114763
77631d8, 26-05-2016, 4, 114154,114622,114857,114100,115268
b890054, 27-05-2016, 4,
33fe0c1, 22-05-2016, 8, 98539,100192,99586,98846,99415
33fe0c1, 23-05-2016, 8, 100982,100547,99663,100474,100595
7611b5f, 24-05-2016, 8, 101098,100625,100288,100432,100758
77631d8, 25-05-2016, 8, 100079,100462,99403,100204,100462
77631d8, 26-05-2016, 8, 98765,100025,100031,99663,99954
b890054, 27-05-2016, 8,
33fe0c1, 22-05-2016, 16, 86776,88028,88632,88792,88511
33fe0c1, 23-05-2016, 16, 88162,88985,88773,87701,88046
7611b5f, 24-05-2016, 16, 88051,90040,88529,88924,88455
77631d8, 25-05-2016, 16, 89727,89217,88895,88362,89679
77631d8, 26-05-2016, 16, 88167,88782,89136,89018,88595
b890054, 27-05-2016, 16,
add260b, 28-05-2016, 1, 209062,209794,214022,209532,212209
add260b, 28-05-2016, 2, 124101,125334,124654,124303,124423
add260b, 28-05-2016, 4, 113829,114716,114881,114489,114201
add260b, 28-05-2016, 8, 99309,99527,99930,99769,99829
add260b, 28-05-2016, 16, 88740,88431,89364,87168,87788
add260b, 29-05-2016, 1, 209873,211061,210399,212128,209532
add260b, 29-05-2016, 2, 125278,125653,125606,123744,125974
add260b, 29-05-2016, 4, 115276,115538,115141,114787,114341
add260b, 29-05-2016, 8, 99936,100162,98852,98701,100180
add260b, 29-05-2016, 16, 88768,88204,88872,89847,88891
add260b, 30-05-2016, 1, 212235,212451,212235,212262,210373
add260b, 30-05-2016, 2, 125306,125156,124914,126487,125757
add260b, 30-05-2016, 4, 115363,114975,114310,115062,114552
add260b, 30-05-2016, 8, 100450,100294,100234,99894,100444
add260b, 30-05-2016, 16, 89298,89004,88782,88273,89416
add260b, 31-05-2016, 1, 212936,214515,216341,214542,212477
add260b, 31-05-2016, 2, 126392,125437,124626,125823,126678
add260b, 31-05-2016, 4, 114708,114968,114889,114325,114850
add260b, 31-05-2016, 8, 100541,99876,100306,100037,99793
add260b, 31-05-2016, 16, 88646,87637,89023,89009,89079
add260b, 01-06-2016, 1, 215562,214214,213886,214790,216592
add260b, 01-06-2016, 2, 124469,124738,126211,125795,124571
add260b, 01-06-2016, 4, 115593,115450,114007,114528,115490
add260b, 01-06-2016, 8, 99509,100103,99954,99356,100151
add260b, 01-06-2016, 16, 88778,89708,89915,88966,88881
2dc76fa, 02-06-2016, 1, 210955,210902,209427,209846,212990
2dc76fa, 02-06-2016, 2, 124599,126411,125719,124664,125616
2dc76fa, 02-06-2016, 4, 115062,115054,115387,114944,114834
2dc76fa, 02-06-2016, 8, 99710,99491,99039,99415,100583
2dc76fa, 02-06-2016, 16, 87646,88441,88241,88390,88292
8f4c433, 03-06-2016, 1, 210425,212101,215065,213586,211087
8f4c433, 03-06-2016, 2, 124562,124942,125823,125222,125147
8f4c433, 03-06-2016, 4, 115102,114708,115323,113752,114661
8f4c433, 03-06-2016, 8, 100037,99716,100649,98782,97429
8f4c433, 03-06-2016, 16, 86978,88975,88385,88839,88445
8f4c433, 04-06-2016, 1, 211460,209244,212209,212182,213668
8f4c433, 04-06-2016, 2, 124552,124701,124812,125531,125898
8f4c433, 04-06-2016, 4, 114653,115149,114622,115276,115133
8f4c433, 04-06-2016, 8, 100007,99168,99823,99539,99960
8f4c433, 04-06-2016, 16, 88032,89574,88139,88886,89236
8f4c433, 05-06-2016, 1, 211486,213750,216006,213098,213804
8f4c433, 05-06-2016, 2, 124728,125484,124018,124886,124793
8f4c433, 05-06-2016, 4, 114873,115299,113721,113983,115252
8f4c433, 05-06-2016, 8, 100426,99912,98876,99203,100210
8f4c433, 05-06-2016, 16, 87400,87871,88241,88689,88815
8f4c433, 06-06-2016, 1, 211220,211593,211327,212477,211247
8f4c433, 06-06-2016, 2, 125147,124905,124479,124914,125194
8f4c433, 06-06-2016, 4, 113146,115031,114771,114123,115442
8f4c433, 06-06-2016, 8, 99491,100139,99156,99734,99722
8f4c433, 06-06-2016, 16, 88338,88157,88811,87908,88975
e68ee5c, 09-06-2016, 1, 209768,211753,209532,210425,209715
f5d8e0b, 08-06-2016, 1, 209610,210399,208984,209532,210505
e68ee5c, 09-06-2016, 2, 125184,126754,124101,125128,123262
f5d8e0b, 08-06-2016, 2, 125889,123562,125531,125493,125842
e68ee5c, 09-06-2016, 4, 114771,115189,114944,115434,115458
f5d8e0b, 08-06-2016, 4, 114388,114842,115031,114583,115133
e68ee5c, 09-06-2016, 8, 99680,99675,100162,99734,100462
f5d8e0b, 08-06-2016, 8, 99051,100324,99870,100037,99657
e68ee5c, 09-06-2016, 16, 88162,89350,88759,88245,88385
f5d8e0b, 08-06-2016, 16, 89331,89279,88157,88092,88287
62f94d4, 11-06-2016, 1, 213559,212882,213125,214542,213071
62f94d4, 11-06-2016, 2, 123489,125325,125343,124469,125128
62f94d4, 11-06-2016, 4, 114700,114732,114865,115189,113306
62f94d4, 11-06-2016, 8, 99256,99675,99900,100360,98325
62f94d4, 11-06-2016, 16, 88231,88139,87830,86356,88245
62f94d4, 12-06-2016, 1, 209715,211034,212504,214159,210981
62f94d4, 12-06-2016, 2, 122497,125418,123991,125325,124303
62f94d4, 12-06-2016, 4, 115482,115149,115585,114794,114826
62f94d4, 12-06-2016, 8, 100330,100432,98864,98893,100073
62f94d4, 12-06-2016, 16, 88515,88037,89089,88371,87646
01193c4, 14-06-2016, 1, 210928,210610,211034,211834,210030
01193c4, 14-06-2016, 2, 121733,122712,122327,121865,122123
01193c4, 14-06-2016, 4, 114458,113752,114146,114905,113945
01193c4, 14-06-2016, 8, 99918,100698,99805,99556,99086
01193c4, 14-06-2016, 16, 89089,89283,88572,89374,88403
d523ab3, 15-06-2016, 1, 209088,210505,206362,209375,203731
d523ab3, 15-06-2016, 2, 122811,122390,123625,123226,123598
d523ab3, 15-06-2016, 4, 114818,114364,114123,115102,113598
d523ab3, 15-06-2016, 8, 99686,99680,99209,100186,100174
d523ab3, 15-06-2016, 16, 89075,89269,89293,88735,89302
51f9a57, 16-06-2016, 1, 205000,206159,204800,202379,206820
51f9a57, 16-06-2016, 2, 123671,124405,124479,125119,123380
51f9a57, 16-06-2016, 4, 114842,114356,114045,113252,115498
51f9a57, 16-06-2016, 8, 99133,99680,99775,99948,99109
51f9a57, 16-06-2016, 16, 88357,89670,89867,89089,89488
2db5940, 17-06-2016, 1, 208283,208154,207536,205855,205780
2db5940, 17-06-2016, 2, 122203,125147,119547,124331,122069
2db5940, 17-06-2016, 4, 114286,115046,113898,113906,112652
2db5940, 17-06-2016, 8, 99615,99098,100270,99586,99817
2db5940, 17-06-2016, 16, 89564,88543,89574,89872,88895
00e2783, 18-06-2016, 1, 209401,209768,210004,210663,212451
d21981c, 19-06-2016, 1, 208335,212774,211780,204850,206871
00e2783, 18-06-2016, 2, 122560,120995,120969,123371,122310
d21981c, 19-06-2016, 2, 123598,122176,122614,123808,123771
00e2783, 18-06-2016, 4, 113674,112735,114286,113806,114968
d21981c, 19-06-2016, 4, 113429,114255,114716,112185,112849
00e2783, 18-06-2016, 8, 96900,99209,97508,99285,98788
d21981c, 19-06-2016, 8, 100432,100067,99645,99811,99332
00e2783, 18-06-2016, 16, 89574,89283,88872,88665,88825
d21981c, 19-06-2016, 16, 88797,89023,89636,89117,88060
d4c5ae3, 20-06-2016, 1, 210399,208387,205226,203089,213995
d4c5ae3, 20-06-2016, 2, 123181,122132,121795,123307,123671
d4c5ae3, 20-06-2016, 4, 113674,115753,113107,114123,113836
d4c5ae3, 20-06-2016, 8, 97293,97090,99497,99621,99362
d4c5ae3, 20-06-2016, 16, 89174,89412,88637,88190,89617
ce65452, 21-06-2016, 1, 207357,209768,207793,208542,210267
ce65452, 21-06-2016, 2, 122703,123525,123598,121945,123890
ce65452, 21-06-2016, 4, 113921,113667,113421,113283,114131
ce65452, 21-06-2016, 8, 99279,99657,98899,99356,98631
ce65452, 21-06-2016, 16, 89397,87532,89084,89867,87880
ce65452, 22-06-2016, 1, 205477,204177,205628,207280,206565
ce65452, 22-06-2016, 2, 124617,124877,124037,123771,124165
ce65452, 22-06-2016, 4, 115125,114598,114865,114865,115039
ce65452, 22-06-2016, 8, 99362,99515,99203,98858,99232
ce65452, 22-06-2016, 16, 88176,89027,89060,88895,87857
ce65452, 23-06-2016, 1, 210214,207485,205000,205251,208516
ce65452, 23-06-2016, 2, 124423,123689,123808,124322,123507
ce65452, 23-06-2016, 4, 114583,114826,114952,113898,113100
ce65452, 23-06-2016, 8, 99882,99936,99870,99639,99746
ce65452, 23-06-2016, 16, 88534,88264,88180,87409,88656
2057dde, 29-06-2016, 1, 251948,251269,253203,260273,261490
2057dde, 29-06-2016, 2, 123181,123090,124331,124147,124914
2057dde, 29-06-2016, 4, 113621,115849,114528,113867,114022
2057dde, 29-06-2016, 8, 98812,99332,98899,99209,99615
2057dde, 29-06-2016, 16, 88858,89070,88190,88329,85280
0695d13, 30-06-2016, 1, 250481,254200,254354,253509,262883
0695d13, 30-06-2016, 2, 125974,123890,124257,122515,122238
0695d13, 30-06-2016, 4, 114380,112365,113207,113237,113852
0695d13, 30-06-2016, 8, 99485,98695,98858,98969,98870
0695d13, 30-06-2016, 16, 87600,87949,86911,88450,87972
0b8f766, 01-07-2016, 1, 252365,260597,253088,251835,256297
0b8f766, 01-07-2016, 2, 123353,125100,125522,122212,124239
0b8f766, 01-07-2016, 4, 113829,114325,114763,113821,114960
0b8f766, 01-07-2016, 8, 99156,99391,98899,98107,99421
0b8f766, 01-07-2016, 16, 89056,89108,88990,87816,88125
7f5479d, 02-07-2016, 1, 249364,256102,212693,259308,249996
7f5479d, 02-07-2016, 2, 124515,121363,124092,124747,125100
7f5479d, 02-07-2016, 4, 113744,113790,114092,112569,114779
7f5479d, 02-07-2016, 8, 98141,98516,97068,98759,99022
7f5479d, 02-07-2016, 16, 88450,88069,89274,88250,88019
7f5479d, 03-07-2016, 1, 252327,258708,251043,213315,246905
7f5479d, 03-07-2016, 2, 123854,123371,123890,123145,124220
7f5479d, 03-07-2016, 4, 114771,114928,114763,114411,113767
7f5479d, 03-07-2016, 8, 99930,97062,99841,99315,98164
7f5479d, 03-07-2016, 16, 88506,87678,89127,88023,88478
7f5479d, 04-07-2016, 1, 214488,211887,253088,249068,209978
7f5479d, 04-07-2016, 2, 125091,122694,123498,123826,122390
7f5479d, 04-07-2016, 4, 114263,114936,114123,113960,113968
7f5479d, 04-07-2016, 8, 99326,99197,99027,98992,98946
7f5479d, 04-07-2016, 16, 88478,88534,88895,88539,89350
7f5479d, 05-07-2016, 1, 251948,250182,261083,260394,262144
7f5479d, 05-07-2016, 2, 124368,122793,123973,124989,123117
7f5479d, 05-07-2016, 4, 114481,114131,114333,114084,113375
7f5479d, 05-07-2016, 8, 99226,98730,99444,99086,99168
7f5479d, 05-07-2016, 16, 88143,89108,88618,87177,86839
338665f, 06-07-2016, 1, 254895,248000,253816,258151,208439
338665f, 06-07-2016, 2, 124349,123009,124405,123826,124469
338665f, 06-07-2016, 4, 113490,114575,112403,114069,115450
338665f, 06-07-2016, 8, 98899,99462,99303,99051,98724
338665f, 06-07-2016, 16, 86807,89526,87729,88815,89193
0430db5, 07-07-2016, 1, 259428,263710,258071,259951,262021
0430db5, 07-07-2016, 2, 123918,124138,124211,124599,124092
0430db5, 07-07-2016, 4, 114255,113728,114224,115189,114850
0430db5, 07-07-2016, 8, 98181,98690,99444,99127,98539
0430db5, 07-07-2016, 16, 88604,88000,88572,88707,88171
80e6635, 08-07-2016, 1, 257952,262801,258469,259348,257635
80e6635, 08-07-2016, 2, 125035,123863,125484,124830,125691
80e6635, 08-07-2016, 4, 114263,114575,114061,115070,115268
80e6635, 08-07-2016, 8, 99716,98782,99098,99338,98957
80e6635, 08-07-2016, 16, 89236,88971,88469,89127,88227
8b2feb8, 09-07-2016, 1, 250818,249847,259870,248662,265672
8b2feb8, 09-07-2016, 2, 123289,125936,124395,124645,124414
8b2feb8, 09-07-2016, 4, 115212,114193,113682,114481,114489
8b2feb8, 09-07-2016, 8, 98066,99074,99338,99350,98852
8b2feb8, 09-07-2016, 16, 88825,88938,89098,88614,89445
8b2feb8, 10-07-2016, 1, 251721,253969,262226,254586,256768
8b2feb8, 10-07-2016, 2, 124257,123698,124691,125418,123790
8b2feb8, 10-07-2016, 4, 114216,113582,114325,113836,113759
8b2feb8, 10-07-2016, 8, 98812,99121,99474,98946,98876
8b2feb8, 10-07-2016, 16, 89536,88787,87866,88684,89550
8b2feb8, 11-07-2016, 1, 256532,261368,254625,260880,255594
8b2feb8, 11-07-2016, 2, 125175,125418,123826,123753,123362
8b2feb8, 11-07-2016, 4, 114341,114201,114873,114310,114208
8b2feb8, 11-07-2016, 8, 99515,99285,99226,99775,99356
8b2feb8, 11-07-2016, 16, 89541,89203,88609,88385,88698
ee66493, 12-07-2016, 1, 262595,263917,261450,259028,259870
ee66493, 12-07-2016, 2, 124998,125212,125325,124101,122025
ee66493, 12-07-2016, 4, 113644,114881,114450,114653,114364
ee66493, 12-07-2016, 8, 99268,98164,98846,99109,98649
ee66493, 12-07-2016, 16, 88600,88130,88942,89751,87802
ee66493, 13-07-2016, 1, 252897,252024,260516,254354,262760
ee66493, 13-07-2016, 2, 123489,125035,124989,124784,125813
ee66493, 13-07-2016, 4, 113528,114201,114802,113482,113945
ee66493, 13-07-2016, 8, 99858,96205,99209,98394,98452
ee66493, 13-07-2016, 16, 89502,89241,88208,89165,88872
ee66493, 14-07-2016, 1, 261450,261490,262678,259028,262925
ee66493, 14-07-2016, 2, 123909,123498,123717,123662,124285
ee66493, 14-07-2016, 4, 114857,114201,114567,113836,113937
ee66493, 14-07-2016, 8, 99521,99539,97690,98986,99033
ee66493, 14-07-2016, 16, 89122,88806,88919,89217,88975
ee66493, 15-07-2016, 1, 254470,252289,254316,252631,264583
ee66493, 15-07-2016, 2, 121963,124313,124599,120873,124488
ee66493, 15-07-2016, 4, 115244,114208,113744,114061,113790
ee66493, 15-07-2016, 8, 99462,98585,99675,98262,99432
ee66493, 15-07-2016, 16, 88028,88352,86605,89260,89469
ee66493, 16-07-2016, 1, 256886,254008,214680,213288,254354
ee66493, 16-07-2016, 2, 124451,124285,123108,124589,122623
ee66493, 16-07-2016, 4, 113690,114278,114677,113976,114567
ee66493, 16-07-2016, 8, 99139,99368,99539,99550,99769
ee66493, 16-07-2016, 16, 89042,89939,88199,88548,88684
ee66493, 17-07-2016, 1, 258988,252897,212424,214186,256454
ee66493, 17-07-2016, 2, 124083,124552,123498,123136,124775
ee66493, 17-07-2016, 4, 113682,113945,114100,113123,114700
ee66493, 17-07-2016, 8, 99320,98940,99103,99675,99675
ee66493, 17-07-2016, 16, 88914,87605,88797,88829,87912
ee66493, 18-07-2016, 1, 264000,262021,261980,261083,260314
ee66493, 18-07-2016, 2, 125063,123762,124037,123425,124793
ee66493, 18-07-2016, 4, 114356,114177,114740,114038,113937
ee66493, 18-07-2016, 8, 97440,98782,99309,99315,99051
ee66493, 18-07-2016, 16, 88483,88180,89536,88287,87687
ee66493, 19-07-2016, 1, 265967,261124,261327,262883,263544
ee66493, 19-07-2016, 2, 124276,124515,123616,125017,124775
ee66493, 19-07-2016, 4, 114968,113544,113467,114724,112538
ee66493, 19-07-2016, 8, 98724,99156,99550,99811,98922
ee66493, 19-07-2016, 16, 88764,88914,89042,87715,88492
5f33d69, 20-07-2016, 1, 211353,261613,250331,260962,248994
5f33d69, 20-07-2016, 2, 123845,125447,124979,123009,124174
5f33d69, 20-07-2016, 4, 114177,114364,114170,114185,113891
5f33d69, 20-07-2016, 8, 99203,98986,99527,98928,98400
5f33d69, 20-07-2016, 16, 87609,89193,88283,88464,87345
590e753, 21-07-2016, 1, 211967,251986,249698,259549,211087
590e753, 21-07-2016, 2, 123353,124285,124138,124728,124636
590e753, 21-07-2016, 4, 114897,114802,114716,113367,114473
590e753, 21-07-2016, 8, 98823,99168,99262,98487,98893
590e753, 21-07-2016, 16, 89684,89459,90283,90161,89226
17c203c, 22-07-2016, 1, 206692,248404,209401,248257,251759
17c203c, 22-07-2016, 2, 123927,124812,123307,124608,123335
17c203c, 22-07-2016, 4, 113914,113161,113482,113100,113898
17c203c, 22-07-2016, 8, 97282,98539,96460,99215,98655
17c203c, 22-07-2016, 16, 90668,90239,89564,87491,90253
33f8a46, 23-07-2016, 1, 242761,259910,259188,241156,248625
33f8a46, 23-07-2016, 2, 124488,124525,125550,124184,125747
33f8a46, 23-07-2016, 4, 113467,113651,113767,113960,114653
33f8a46, 23-07-2016, 8, 99852,99781,101896,99924,99763
33f8a46, 23-07-2016, 16, 90786,88778,90644,88162,89550
33f8a46, 24-07-2016, 1, 254779,253241,262595,257043,257992
33f8a46, 24-07-2016, 2, 123398,124830,124129,126249,124405
33f8a46, 24-07-2016, 4, 113536,114061,113976,114123,114115
33f8a46, 24-07-2016, 8, 100025,99841,100366,98975,99680
33f8a46, 24-07-2016, 16, 90516,91554,90443,90786,89612
33f8a46, 25-07-2016, 1, 249661,246253,210637,210769,249550
33f8a46, 25-07-2016, 2, 124849,124055,124626,123407,123289
33f8a46, 25-07-2016, 4, 114030,113444,113744,114380,113952
33f8a46, 25-07-2016, 8, 99468,99515,99639,98812,99621
33f8a46, 25-07-2016, 16, 89174,89421,90094,90487,89431
33f8a46, 26-07-2016, 1, 257754,257833,259669,260354,257675
33f8a46, 26-07-2016, 2, 124664,124018,123698,125512,125054
33f8a46, 26-07-2016, 4, 111900,112553,114170,114069,113574
33f8a46, 26-07-2016, 8, 98585,100007,99450,99415,98975
33f8a46, 26-07-2016, 16, 89203,91106,89703,89799,89737
33f8a46, 27-07-2016, 1, 253509,255672,247379,246181,247269
33f8a46, 27-07-2016, 2, 123289,125231,124313,126287,125428
33f8a46, 27-07-2016, 4, 113651,113674,113383,111982,113352
33f8a46, 27-07-2016, 8, 99474,101361,98637,99221,98946
33f8a46, 27-07-2016, 16, 89203,88005,88023,88241,88139
33f8a46, 28-07-2016, 1, 257992,255128,255089,257122,251495
33f8a46, 28-07-2016, 2, 124028,124064,124589,126268,125531
33f8a46, 28-07-2016, 4, 113329,114007,114944,113628,115031
33f8a46, 28-07-2016, 8, 98817,98940,99533,101834,99232
33f8a46, 28-07-2016, 16, 88966,89169,89369,89732,89723
b8b3256, 29-07-2016, 1, 208958,255361,252213,263048,255555
b8b3256, 29-07-2016, 2, 123045,124951,126069,123653,124479
b8b3256, 29-07-2016, 4, 114653,112403,114286,113628,113275
b8b3256, 29-07-2016, 8, 100127,99297,99847,99291,99197
b8b3256, 29-07-2016, 16, 90477,91126,91594,90132,87742
7d90701, 30-07-2016, 1, 250070,254354,257517,259148,262883
7d90701, 30-07-2016, 2, 125287,123918,124543,124571,125757
7d90701, 30-07-2016, 4, 113398,113790,113559,113844,113306
7d90701, 30-07-2016, 8, 99698,98719,98812,100456,98934
7d90701, 30-07-2016, 16, 89217,89321,89507,88102,93021
390c7c6, 01-08-2016, 1, 232371,229197,232985,236565,230203
390c7c6, 01-08-2016, 2, 117405,117094,117241,117143,116258
390c7c6, 01-08-2016, 4, 102294,104045,103454,103333,102776
390c7c6, 01-08-2016, 8, 88858,88310,89426,89127,89174
390c7c6, 01-08-2016, 16, 78519,77715,78307,77432,76598
1df19d5, 02-08-2016, 1, 240844,243961,242375,234942,241851
1df19d5, 03-08-2016, 1, 248184,244139,244887,241399,237604
1df19d5, 02-08-2016, 2, 120232,120830,121486,120569,120978
1df19d5, 03-08-2016, 2, 119966,120561,120943,121345,119564
1df19d5, 02-08-2016, 4, 105944,105923,106461,106064,105630
1df19d5, 03-08-2016, 4, 106232,106651,105657,106882,106827
1df19d5, 02-08-2016, 8, 91329,90079,89027,91101,90468
1df19d5, 03-08-2016, 8, 91509,89852,89997,90953,91072
1df19d5, 02-08-2016, 16, 80722,79585,80097,81427,80800
1df19d5, 03-08-2016, 16, 79269,79502,80497,80675,80547
9fd8f5b, 04-08-2016, 1, 240327,253624,240465,242550,245173
9fd8f5b, 04-08-2016, 2, 120647,119343,121258,119385,120483
9fd8f5b, 04-08-2016, 4, 106916,106111,105564,106481,106759
9fd8f5b, 04-08-2016, 8, 91649,89483,89747,90399,89517
9fd8f5b, 04-08-2016, 16, 81768,79619,79949,80193,81372
4af91c0, 05-08-2016, 1, 248220,242305,246651,245568,245281
4af91c0, 05-08-2016, 2, 121100,121910,121565,119837,119863
4af91c0, 05-08-2016, 4, 106353,106508,105650,105193,105325
4af91c0, 05-08-2016, 8, 90570,90869,91399,90840,91067
4af91c0, 05-08-2016, 16, 79502,81069,78825,79872,79717
1214788, 06-08-2016, 1, 241642,238890,238279,242235,238482
1214788, 06-08-2016, 2, 115801,114520,114905,115490,114473
1214788, 06-08-2016, 4, 98957,99203,97986,99805,98574
1214788, 06-08-2016, 8, 81732,82306,82052,82278,82427
1214788, 06-08-2016, 16, 74486,73710,74496,73030,75086
1214788, 07-08-2016, 1, 237671,241642,238822,240258,237436
1214788, 07-08-2016, 2, 116541,114185,116622,115681,115379
1214788, 07-08-2016, 4, 99373,99468,98521,99686,98626
1214788, 07-08-2016, 8, 81940,82145,81888,82221,82020
1214788, 07-08-2016, 16, 74239,73987,74150,74314,73126
1214788, 08-08-2016, 1, 241260,243113,243997,239298,238754
1214788, 08-08-2016, 2, 115189,114983,116711,115745,115015
1214788, 08-08-2016, 4, 99497,99847,99373,99450,99127
1214788, 08-08-2016, 8, 82322,82370,81772,82008,82366
1214788, 08-08-2016, 16, 73895,73433,73597,72894,73964
1214788, 09-08-2016, 1, 236199,240568,241607,239606,241191
1214788, 09-08-2016, 2, 115546,116137,116274,116630,115833
1214788, 09-08-2016, 4, 98887,99356,99121,99033,99432
1214788, 09-08-2016, 8, 81948,83031,82826,82520,81964
1214788, 09-08-2016, 16, 74885,75221,74026,74539,73237
4950d4d, 10-08-2016, 1, 240844,239264,238924,241399,242621
4950d4d, 10-08-2016, 2, 115753,116809,114991,116492,117307
4950d4d, 10-08-2016, 4, 100031,99368,99793,99539,99811
4950d4d, 10-08-2016, 8, 82965,82520,82650,83307,82342
4950d4d, 10-08-2016, 16, 74203,75140,74831,73565,73983
aa47a24, 11-08-2016, 1, 246072,243784,244495,243466,239196
aa47a24, 11-08-2016, 2, 116735,116121,114787,115673,117685
aa47a24, 11-08-2016, 4, 98981,99509,98852,99817,99016
aa47a24, 11-08-2016, 8, 82765,79815,82145,82646,83023
aa47a24, 11-08-2016, 16, 74728,74450,74249,74748,74536
aa47a24, 12-08-2016, 1, 241468,239196,234778,240396,245353
aa47a24, 12-08-2016, 2, 117553,116517,116113,116315,115228
aa47a24, 12-08-2016, 4, 99491,99150,99185,99746,99799
aa47a24, 12-08-2016, 8, 82290,82549,82290,82149,82472
aa47a24, 12-08-2016, 16, 72428,73821,73578,73710,73882
730b630, 13-08-2016, 1, 241364,246072,241156,242656,241225
730b630, 13-08-2016, 2, 116105,115561,116646,115577,115777
730b630, 13-08-2016, 4, 99651,99303,98285,99728,99704
730b630, 13-08-2016, 8, 82177,81856,81772,82370,82728
730b630, 13-08-2016, 16, 73860,73135,74486,74685,74473
730b630, 14-08-2016, 1, 243113,245317,243042,243713,247269
730b630, 14-08-2016, 2, 117381,114920,115745,117414,115873
730b630, 14-08-2016, 4, 98649,99273,99989,99474,100013
730b630, 14-08-2016, 8, 82650,81940,82524,82225,82354
730b630, 14-08-2016, 16, 73655,73970,73568,75285,73974
730b630, 15-08-2016, 1, 241851,200684,243466,243430,203459
730b630, 15-08-2016, 2, 116460,116890,116687,116033,115985
730b630, 15-08-2016, 4, 99888,99734,100529,99332,99098
730b630, 15-08-2016, 8, 82887,81892,82589,82415,81968
730b630, 15-08-2016, 16, 74516,73305,74602,72704,74265
99b8fc3, 16-08-2016, 1, 204177,242026,241642,242445,242902
99b8fc3, 16-08-2016, 2, 116137,116784,117529,114920,116242
99b8fc3, 16-08-2016, 4, 99598,98597,99303,99533,99403
99b8fc3, 16-08-2016, 8, 80174,79800,82900,81669,82687
99b8fc3, 16-08-2016, 16, 73876,73769,72967,74848,73433
8916138, 18-08-2016, 1, 243324,243078,200877,240258,198594
8916138, 18-08-2016, 2, 115125,115307,116379,115323,115977
8916138, 18-08-2016, 4, 99180,99268,98643,99238,98660
8916138, 18-08-2016, 8, 81868,81832,81984,82185,83610
8916138, 18-08-2016, 16, 72963,73321,72786,73948,72045
8916138, 19-08-2016, 1, 200253,198806,242515,240430,200973
8916138, 20-08-2016, 1, 243289,240775,201142,245317,243749
8916138, 19-08-2016, 2, 115062,115212,116001,115379,115585
8916138, 20-08-2016, 2, 117020,114999,115929,116898,115474
8916138, 19-08-2016, 4, 99350,99368,98574,99262,99835
8916138, 20-08-2016, 4, 99645,98748,99657,99746,99250
8916138, 19-08-2016, 8, 81928,82120,81641,81956,80979
8916138, 20-08-2016, 8, 81948,81693,81904,82793,81804
8916138, 19-08-2016, 16, 72849,73607,73613,73646,72547
8916138, 20-08-2016, 16, 72982,73707,72657,72607,72494
8916138, 21-08-2016, 1, 242761,240568,238245,239812,241364
8916138, 21-08-2016, 2, 114427,116760,116476,115458,116129
8916138, 21-08-2016, 4, 99209,98748,99503,98302,98864
8916138, 21-08-2016, 8, 81546,82460,82253,81924,81860
8916138, 21-08-2016, 16, 74440,73552,72853,73678,72878
8916138, 22-08-2016, 1, 242095,244174,241991,242515,245604
8916138, 22-08-2016, 2, 117258,115387,115945,116081,116081
8916138, 22-08-2016, 4, 98881,99568,99918,98788,99256
8916138, 22-08-2016, 8, 81848,81780,81820,81490,81836
8916138, 22-08-2016, 16, 73600,74045,73980,72278,73433
8916138, 23-08-2016, 1, 202306,240189,240844,199634,200253
8916138, 23-08-2016, 2, 115761,115857,114317,115985,115355
8916138, 23-08-2016, 4, 98934,99924,98986,99912,99127
8916138, 23-08-2016, 8, 81728,81681,81876,81800,82338
8916138, 23-08-2016, 16, 74374,72805,74160,73142,74045
9570639, 25-08-2016, 1, 197821,199491,196985,244032,198265
9570639, 25-08-2016, 2, 116866,115633,116025,115833,115585
9570639, 25-08-2016, 4, 99098,99092,99127,99309,99882
9570639, 25-08-2016, 8, 81431,81534,81128,81645,81423
9570639, 25-08-2016, 16, 73491,73752,73970,72897,73626
99a7132, 26-08-2016, 1, 235602,240672,236465,236866,241329
99a7132, 26-08-2016, 2, 115625,116476,116719,113559,116589
99a7132, 26-08-2016, 4, 98858,98940,99550,99799,98568
99a7132, 26-08-2016, 8, 81332,82655,82000,81147,80613
99a7132, 26-08-2016, 16, 73876,73801,73821,73059,72384
b0a20fe, 27-08-2016, 1, 243713,241364,243360,201673,200014
b0a20fe, 27-08-2016, 2, 116025,116436,116089,116065,115617
b0a20fe, 27-08-2016, 4, 98684,99016,98864,99010,99033
b0a20fe, 27-08-2016, 8, 81709,81832,81253,81042,81840
b0a20fe, 27-08-2016, 16, 74183,73433,73349,72761,73782
b0a20fe, 28-08-2016, 1, 245209,242831,240155,242235,243997
b0a20fe, 28-08-2016, 2, 116565,116266,115062,115133,116792
b0a20fe, 28-08-2016, 4, 99983,99527,99716,98608,100139
b0a20fe, 28-08-2016, 8, 82060,81297,81585,82379,81968
b0a20fe, 28-08-2016, 16, 72733,74049,73269,72805,73241
c523338, 29-08-2016, 1, 195129,196985,236799,240603,236766
c523338, 29-08-2016, 2, 117299,117644,117414,117950,117463
c523338, 29-08-2016, 4, 103640,104537,103582,103314,104135
c523338, 29-08-2016, 8, 83278,82655,82642,82789,83514
c523338, 29-08-2016, 16, 75069,73743,74785,73980,73675
0e55479, 07-09-2016, 1, 234221,235371,236599,238822,236766
dcda22d, 01-09-2016, 1, 236432,236833,238144,237000,234515
dcda22d, 02-09-2016, 1, 236499,235107,239469,238076,237369
dcda22d, 03-09-2016, 1, 233764,236232,237604,235041,238924
dcda22d, 04-09-2016, 1, 232823,238042,237201,233082,236000
dcda22d, 05-09-2016, 1, 238856,197402,237335,197263,238110
dcda22d, 06-09-2016, 1, 237840,234843,236933,233992,236465
dcda22d, 30-08-2016, 1, 237907,234876,236866,239230,234679
dcda22d, 31-08-2016, 1, 237134,234155,238144,232758,235404
0e55479, 07-09-2016, 2, 117859,118066,118600,117760,118000
dcda22d, 01-09-2016, 2, 116703,117520,117537,118199,116057
dcda22d, 02-09-2016, 2, 117867,117266,118083,117735,118166
dcda22d, 03-09-2016, 2, 117677,118041,116727,117364,117053
dcda22d, 04-09-2016, 2, 116719,116988,117004,117290,117636
dcda22d, 05-09-2016, 2, 117053,117851,117909,117208,117110
dcda22d, 06-09-2016, 2, 117760,118684,119360,118233,118433
dcda22d, 30-08-2016, 2, 118249,117307,117331,118299,117348
dcda22d, 31-08-2016, 2, 116776,116800,118274,117743,117884
0e55479, 07-09-2016, 4, 105074,103537,104446,104096,102877
dcda22d, 01-09-2016, 4, 104897,104648,104812,105365,104583
dcda22d, 02-09-2016, 4, 104485,104733,103365,103858,104142
dcda22d, 03-09-2016, 4, 104577,104433,103653,104381,105002
dcda22d, 04-09-2016, 4, 104407,104349,103909,104459,104812
dcda22d, 05-09-2016, 4, 104401,103640,104103,104051,104239
dcda22d, 06-09-2016, 4, 104766,104453,104674,104779,104792
dcda22d, 30-08-2016, 4, 102726,104342,103858,105530,104466
dcda22d, 31-08-2016, 4, 103954,104622,104989,102858,104655
0e55479, 07-09-2016, 8, 83402,83627,83031,83224,83539
dcda22d, 01-09-2016, 8, 83928,85241,83781,83377,83390
dcda22d, 02-09-2016, 8, 84819,83702,82484,83064,84601
dcda22d, 03-09-2016, 8, 83769,83027,83369,84991,83928
dcda22d, 04-09-2016, 8, 85554,83706,82777,83191,82712
dcda22d, 05-09-2016, 8, 82691,82838,83735,83229,83125
dcda22d, 06-09-2016, 8, 83719,83357,82887,82834,83669
dcda22d, 30-08-2016, 8, 83142,83953,83448,82932,83899
dcda22d, 31-08-2016, 8, 83631,84358,85302,83208,84168
0e55479, 07-09-2016, 16, 73756,73944,73860,74555,73970
dcda22d, 01-09-2016, 16, 74117,73369,74932,73607,74463
dcda22d, 02-09-2016, 16, 74072,75888,74463,75891,74420
dcda22d, 03-09-2016, 16, 73491,74104,74321,73420,74828
dcda22d, 04-09-2016, 16, 75376,74565,75898,75481,74344
dcda22d, 05-09-2016, 16, 75901,74314,73417,75407,74272
dcda22d, 06-09-2016, 16, 75140,74387,74321,75451,75096
dcda22d, 30-08-2016, 16, 74114,73655,75153,75696,74625
dcda22d, 31-08-2016, 16, 73491,74298,69978,74357,77418
0f21c78, 09-09-2016, 1, 197518,195858,235867,237369,195516
0f21c78, 09-09-2016, 2, 117159,117356,117992,116955,116980
0f21c78, 09-09-2016, 4, 104252,104511,104155,103839,103563
0f21c78, 09-09-2016, 8, 83357,83735,82646,82569,82724
0f21c78, 09-09-2016, 16, 75809,74546,73504,75434,75076
0f21c78, 10-09-2016, 1, 198101,198172,238279,239606,197495
0f21c78, 10-09-2016, 2, 116403,116331,117636,116242,118224
0f21c78, 10-09-2016, 4, 103800,103993,104245,104648,104388
0f21c78, 10-09-2016, 8, 83802,83431,83669,83581,83274
0f21c78, 10-09-2016, 16, 73346,73765,74938,74741,74995
0f21c78, 11-09-2016, 1, 237739,234614,234548,192025,234384
0f21c78, 11-09-2016, 2, 116735,117102,116996,116331,116833
0f21c78, 11-09-2016, 4, 104577,104635,104025,104949,103340
0f21c78, 11-09-2016, 8, 82953,81760,83299,83023,82748
0f21c78, 11-09-2016, 16, 74672,74868,74440,73365,75424
5cabaaa, 16-09-2016, 1, 234712,232629,192179,236532,199776
8b59627, 21-09-2016, 1,
e47e854, 14-09-2016, 1, 197425,198500,240465,194541,195744
5cabaaa, 16-09-2016, 2, 116194,116833,117012,116735,117192
8b59627, 21-09-2016, 2,
e47e854, 14-09-2016, 2, 116145,115252,117751,117884,116963
5cabaaa, 16-09-2016, 4, 104316,104064,104161,104310,104045
8b59627, 21-09-2016, 4,
e47e854, 14-09-2016, 4, 104720,104635,103346,104375,104394
5cabaaa, 16-09-2016, 8, 81880,83064,82891,83047,83142
8b59627, 21-09-2016, 8,
e47e854, 14-09-2016, 8, 84257,82777,82699,82655,82423
5cabaaa, 16-09-2016, 16, 75553,74397,73404,74295,75607
8b59627, 21-09-2016, 16,
e47e854, 14-09-2016, 16, 74036,74199,73967,73610,74032
073e752, 23-09-2016, 1, 230996,229103,225986,226047,229919
073e752, 24-09-2016, 1, 221511,230710,230520,229354,229103
073e752, 25-09-2016, 1, 226872,233373,230235,230235,223965
073e752, 26-09-2016, 1, 233373,226108,234548,188911,190110
e75cba7, 22-09-2016, 1, 230140,187602,230964,228572,186974
073e752, 23-09-2016, 2, 109191,109626,109376,109655,109562
073e752, 24-09-2016, 2, 109648,108066,109791,110239,109007
073e752, 25-09-2016, 2, 110108,109021,110116,108626,110631
073e752, 26-09-2016, 2, 108703,109412,108731,110253,109355
e75cba7, 22-09-2016, 2, 109085,108324,109134,109234,108865
073e752, 23-09-2016, 4, 102039,101031,102033,101226,101705
073e752, 24-09-2016, 4, 101410,101074,101785,102757,101232
073e752, 25-09-2016, 4, 103416,103512,102344,101238,101952
073e752, 26-09-2016, 4, 101588,101391,102563,101251,103251
e75cba7, 22-09-2016, 4, 101631,100946,102865,101909,99960
073e752, 23-09-2016, 8, 90414,91664,92360,91734,90953
073e752, 24-09-2016, 8, 91754,91524,90604,91225,91594
073e752, 25-09-2016, 8, 91200,91824,91784,91915,91885
073e752, 26-09-2016, 8, 92544,92147,92856,93238,92233
e75cba7, 22-09-2016, 8, 90933,91479,90658,89651,89910
073e752, 23-09-2016, 16, 76253,76598,76448,76246,76156
073e752, 24-09-2016, 16, 76531,76316,76703,76633,76364
073e752, 25-09-2016, 16, 76577,76291,76413,76868,76580
073e752, 26-09-2016, 16, 76608,76766,76812,76706,76531
e75cba7, 22-09-2016, 16, 76104,76091,75857,76246,76507
4b5e172, 29-09-2016, 1, 183699,228791,184771,185056,222509
a0d73c6, 01-10-2016, 1, 218710,217773,232339,226719,224294
a0d73c6, 02-10-2016, 1, 191608,221657,192113,185445,192113
a0d73c6, 03-10-2016, 1, 190932,191849,185712,224115,224715
a0d73c6, 04-10-2016, 1, 190067,189766,189702,222480,222539
a0d73c6, 30-09-2016, 1, 216788,224534,227766,232178,223488
cd175c7, 27-09-2016, 1, 190261,184812,192113,189316,231059
cd175c7, 28-09-2016, 1, 224835,230869,191543,185363,188720
4b5e172, 29-09-2016, 2, 109598,109734,109298,109655,109770
a0d73c6, 01-10-2016, 2, 109333,110595,110799,110544,109619
a0d73c6, 02-10-2016, 2, 108837,108971,110631,110065,109928
a0d73c6, 03-10-2016, 2, 110116,110755,109986,111166,108338
a0d73c6, 04-10-2016, 2, 109720,110704,109928,108738,110173
a0d73c6, 30-09-2016, 2, 109141,108135,110311,108492,110000
cd175c7, 27-09-2016, 2, 109964,110022,108795,109770,108038
cd175c7, 28-09-2016, 2, 109634,109426,108619,109677,109276
4b5e172, 29-09-2016, 4, 101902,102256,104051,102350,102783
a0d73c6, 01-10-2016, 4, 102940,101269,103181,102839,102651
a0d73c6, 02-10-2016, 4, 103333,102525,103640,102651,103117
a0d73c6, 03-10-2016, 4, 102795,102695,102306,102600,101921
a0d73c6, 04-10-2016, 4, 101508,102163,102344,99704,103608
a0d73c6, 30-09-2016, 4, 102250,103749,102369,102764,102481
cd175c7, 27-09-2016, 4, 103086,104583,102444,103321,102839
cd175c7, 28-09-2016, 4, 103270,101946,102966,102638,101514
4b5e172, 29-09-2016, 8, 94154,90273,95179,92447,95461
a0d73c6, 01-10-2016, 8, 92355,90580,91945,91429,93067
a0d73c6, 02-10-2016, 8, 90702,93937,91915,91484,93160
a0d73c6, 03-10-2016, 8, 94845,92243,93399,91699,94653
a0d73c6, 04-10-2016, 8, 93259,91554,93612,91910,92031
a0d73c6, 30-09-2016, 8, 93649,90766,91136,93202,93440
cd175c7, 27-09-2016, 8, 93869,91424,92549,92396,91096
cd175c7, 28-09-2016, 8, 92264,92559,92707,91166,92702
4b5e172, 29-09-2016, 16, 77414,76706,76949,77357,76671
a0d73c6, 01-10-2016, 16, 76706,76770,76805,76974,76727
a0d73c6, 02-10-2016, 16, 76907,76696,76406,75363,76826
a0d73c6, 03-10-2016, 16, 76974,76833,76577,76836,76780
a0d73c6, 04-10-2016, 16, 75998,76956,76773,75675,76910
a0d73c6, 30-09-2016, 16, 76748,77073,76612,76942,76472
cd175c7, 27-09-2016, 16, 76264,76084,76316,76974,76198
cd175c7, 28-09-2016, 16, 76250,76946,76903,76812,76184
e138dfb, 05-10-2016, 1, 221891,232661,231091,185159,193799
e138dfb, 06-10-2016, 1, 226658,184062,185384,183257,193487
e138dfb, 07-10-2016, 1, 184142,234581,178785,185732,231314
e138dfb, 08-10-2016, 1, 227087,191324,181926,189981,225409
e138dfb, 09-10-2016, 1, 225500,232114,191543,229197,186849
e138dfb, 10-10-2016, 1, 191128,185302,231219,189616,183317
e138dfb, 05-10-2016, 2, 109655,110029,108886,110246,110224
e138dfb, 06-10-2016, 2, 109262,109284,109070,109806,109849
e138dfb, 07-10-2016, 2, 109078,110289,110544,109134,110268
e138dfb, 08-10-2016, 2, 109634,111388,110719,109448,110000
e138dfb, 09-10-2016, 2, 109099,109298,110000,110828,108275
e138dfb, 10-10-2016, 2, 108569,109569,110471,110210,108773
e138dfb, 05-10-2016, 4, 101896,101183,101202,103467,101742
e138dfb, 06-10-2016, 4, 102014,102325,103048,101853,103884
e138dfb, 07-10-2016, 4, 101324,106151,103935,101582,102369
e138dfb, 08-10-2016, 4, 103518,101909,101902,101049,100396
e138dfb, 09-10-2016, 4, 103308,103627,102877,101049,103041
e138dfb, 10-10-2016, 4, 103704,103004,100637,103372,103461
e138dfb, 05-10-2016, 8, 90404,90663,91584,92147,91419
e138dfb, 06-10-2016, 8, 94164,95012,92462,92820,91504
e138dfb, 07-10-2016, 8, 94027,93607,92676,93456,90424
e138dfb, 08-10-2016, 8, 94027,91930,94387,91704,95385
e138dfb, 09-10-2016, 8, 91499,93675,91674,92615,91679
e138dfb, 10-10-2016, 8, 94653,93890,90732,92589,92753
e138dfb, 05-10-2016, 16, 77265,76640,76822,76135,76819
e138dfb, 06-10-2016, 16, 77154,77062,76640,76921,77080
e138dfb, 07-10-2016, 16, 76921,77020,76108,76556,76455
e138dfb, 08-10-2016, 16, 76991,76070,76640,76956,76434
e138dfb, 09-10-2016, 16, 76458,76896,76528,76298,77133
e138dfb, 10-10-2016, 16, 77133,76741,76928,76833,76689
cba86e2, 19-10-2016, 1, 230203,224565,191193,189788,181926
cba86e2, 20-10-2016, 1, 222923,182084,227118,232275,228137
cba86e2, 21-10-2016, 1, 190045,231538,214955,227457,188191
cba86e2, 22-10-2016, 1, 182958,184183,224324,181552,189466
cba86e2, 23-10-2016, 1, 187329,221219,182918,187791,225986
e138dfb, 11-10-2016, 1, 215175,223995,227549,228884,226352
e138dfb, 12-10-2016, 1, 233244,213641,184264,184062,184304
e138dfb, 13-10-2016, 1, 231890,186124,185425,230014,233601
e138dfb, 14-10-2016, 1, 184588,190110,189380,177574,184548
e138dfb, 15-10-2016, 1, 183478,231410,186289,184608,225409
e138dfb, 16-10-2016, 1, 184771,184183,231506,186870,182878
e138dfb, 17-10-2016, 1, 191849,184325,218396,192047,179455
e138dfb, 18-10-2016, 1, 184507,225531,221160,231410,226811
cba86e2, 19-10-2016, 2, 109612,110022,110188,109078,108936
cba86e2, 20-10-2016, 2, 108929,109569,110420,108957,109813
cba86e2, 21-10-2016, 2, 108640,108450,109021,109820,108303
cba86e2, 22-10-2016, 2, 108802,111380,110022,108408,111255
cba86e2, 23-10-2016, 2, 108844,109950,106848,108675,108080
e138dfb, 11-10-2016, 2, 110217,110239,108590,111373,109921
e138dfb, 12-10-2016, 2, 112035,117851,109284,108703,111270
e138dfb, 13-10-2016, 2, 110807,109348,108759,109548,110159
e138dfb, 14-10-2016, 2, 110405,111417,111677,109298,110515
e138dfb, 15-10-2016, 2, 108766,110355,108682,110617,110558
e138dfb, 16-10-2016, 2, 109827,111521,109070,109078,110036
e138dfb, 17-10-2016, 2, 110668,111707,109892,110195,107182
e138dfb, 18-10-2016, 2, 109856,108858,109433,109156,109070
cba86e2, 19-10-2016, 4, 101847,101147,103302,102306,102113
cba86e2, 20-10-2016, 4, 100788,100547,102033,99888,101367
cba86e2, 21-10-2016, 4, 102113,103929,101655,101037,102413
cba86e2, 22-10-2016, 4, 102594,102026,102107,102538,104648
cba86e2, 23-10-2016, 4, 100861,102444,100934,101766,100601
e138dfb, 11-10-2016, 4, 101471,102770,101465,101489,102808
e138dfb, 12-10-2016, 4, 100667,102833,102319,102575,101037
e138dfb, 13-10-2016, 4, 102488,101147,102057,102972,102531
e138dfb, 14-10-2016, 4, 102713,100995,102057,102450,103283
e138dfb, 15-10-2016, 4, 103685,104956,103659,104989,104648
e138dfb, 16-10-2016, 4, 101927,103162,104851,101612,102538
e138dfb, 17-10-2016, 4, 101692,104012,101080,102632,102713
e138dfb, 18-10-2016, 4, 102120,102344,102846,102607,103225
cba86e2, 19-10-2016, 8, 92748,93227,92518,93995,93602
cba86e2, 20-10-2016, 8, 91579,92559,93284,92707,91225
cba86e2, 21-10-2016, 8, 91569,94408,93901,92964,91564
cba86e2, 22-10-2016, 8, 92825,92107,93129,91131,93937
cba86e2, 23-10-2016, 8, 92923,93738,92350,90938,95147
e138dfb, 11-10-2016, 8, 92001,93456,91434,91106,91057
e138dfb, 12-10-2016, 8, 93853,90210,92391,91275,90619
e138dfb, 13-10-2016, 8, 92707,90771,92738,92646,91519
e138dfb, 14-10-2016, 8, 92122,92152,92549,93409,90835
e138dfb, 15-10-2016, 8, 92605,91290,90312,92248,91116
e138dfb, 16-10-2016, 8, 93399,96040,91444,90419,93000
e138dfb, 17-10-2016, 8, 93145,94001,93503,92031,92416
e138dfb, 18-10-2016, 8, 93644,92918,92738,93743,93565
cba86e2, 19-10-2016, 16, 77045,77286,76430,76819,76780
cba86e2, 20-10-2016, 16, 76770,76689,76833,76343,76741
cba86e2, 21-10-2016, 16, 76696,76808,76748,76872,76559
cba86e2, 22-10-2016, 16, 76668,76921,77048,76850,76759
cba86e2, 23-10-2016, 16, 76591,76298,76441,76963,76995
e138dfb, 11-10-2016, 16, 77013,76465,76773,76787,76784
e138dfb, 12-10-2016, 16, 76819,76682,76861,77122,76956
e138dfb, 13-10-2016, 16, 76288,77023,76430,77055,77225
e138dfb, 14-10-2016, 16, 75929,76135,76984,76699,76594
e138dfb, 15-10-2016, 16, 76476,77023,76392,76521,76001
e138dfb, 16-10-2016, 16, 76559,76333,77130,76903,76409
e138dfb, 17-10-2016, 16, 76840,77091,76399,77073,76364
e138dfb, 18-10-2016, 16, 76371,76455,76696,76650,76801
cba86e2, 24-10-2016, 1, 188170,191564,183880,190477,180925
cba86e2, 24-10-2016, 2, 107996,110173,109512,108633,108541
cba86e2, 24-10-2016, 4, 103372,103435,103023,103029,102713
cba86e2, 24-10-2016, 8, 92360,93326,92467,93644,93248
cba86e2, 24-10-2016, 16, 76717,76766,76812,77190,76326
3a0931b, 27-10-2016, 1, 231762,192886,193732,185425,193777
cba86e2, 25-10-2016, 1, 184001,185507,190153,180808,182878
cba86e2, 26-10-2016, 1, 191368,189766,188466,190045,229354
3a0931b, 27-10-2016, 2, 109626,108198,110239,110624,109906
cba86e2, 25-10-2016, 2, 107726,111225,108950,109000,110282
cba86e2, 26-10-2016, 2, 108115,110318,110217,109878,110544
3a0931b, 27-10-2016, 4, 102356,102438,101508,103518,101312
cba86e2, 25-10-2016, 4, 102356,103884,101410,102002,101896
cba86e2, 26-10-2016, 4, 102814,102469,104000,103742,101104
3a0931b, 27-10-2016, 8, 93052,90346,93764,92411,91349
cba86e2, 25-10-2016, 8, 94413,93279,93290,91950,90555
cba86e2, 26-10-2016, 8, 92559,91559,93378,95077,92325
3a0931b, 27-10-2016, 16, 76981,76378,76815,77094,76843
cba86e2, 25-10-2016, 16, 76619,76469,76706,77147,76896
cba86e2, 26-10-2016, 16, 76812,76960,76857,76865,76917
3a0931b, 28-10-2016, 1, 219597,227118,230646,224414,231314
3a0931b, 28-10-2016, 2, 110173,109928,109269,110836,110289
3a0931b, 28-10-2016, 4, 102406,102020,101361,101330,103659
3a0931b, 28-10-2016, 8, 91052,91664,91156,92431,91779
3a0931b, 28-10-2016, 16, 76956,76953,76963,76364,76710
15e2650, 29-10-2016, 1, 15252015,15391941,15391941,13005594,15391941,15252015,15252015,15391941,15252015,15252015
15e2650, 29-10-2016, 2, 15978301,13640013,15827562,13640013,15978301,13640013,15978301,13640013,13640013,13640013
15e2650, 29-10-2016, 4, 15252015,13530013,14979657,13421773,15114609,12905551,15534459,12905551,15114609,14847094
15e2650, 29-10-2016, 8, 14847094,12520310,14588883,12710012,15114609,13751816,13210406,12520310,14463117,14716856
15e2650, 29-10-2016, 16, 14217980,11898735,11983726,11898735,13421773,12157403,13865468,11898735,13640013,13530013
2d63c51, 30-10-2016, 1, 189873,187854,227766,191893,191827
2d63c51, 30-10-2016, 2, 110493,110398,110580,109720,109326
2d63c51, 30-10-2016, 4, 102033,103601,101098,101196,103499
2d63c51, 30-10-2016, 8, 92902,91940,93571,93430,93901
2d63c51, 30-10-2016, 16, 76545,77766,76963,77073,77115
a35894d, 31-10-2016, 1, 222009,221044,221131,217575,219568
a35894d, 31-10-2016, 2, 111439,111388,111166,110058,110638
a35894d, 31-10-2016, 4, 102972,102928,102625,102450,103659
a35894d, 31-10-2016, 8, 92011,92482,91151,92370,91156
a35894d, 31-10-2016, 16, 77176,76903,77048,77069,76889
4b914b4, 01-11-2016, 1, 226658,185036,192135,184934,185650
4b914b4, 01-11-2016, 2, 112282,110755,110398,110391,109106
4b914b4, 01-11-2016, 4, 102802,101878,102101,103852,102306
4b914b4, 01-11-2016, 8, 92636,91699,93581,93031,91329
4b914b4, 01-11-2016, 16, 76942,77126,77091,77006,76784
4b914b4, 02-11-2016, 1, 229009,216173,233992,221306,225531
4b914b4, 02-11-2016, 2, 109834,111027,109177,109677,110398
4b914b4, 02-11-2016, 4, 103967,102144,102966,102638,102381
4b914b4, 02-11-2016, 8, 93326,92595,92137,93785,92218
4b914b4, 02-11-2016, 16, 76584,76875,76963,76469,76713
4b914b4, 03-11-2016, 1, 232694,225198,228635,231059,225925
4b914b4, 03-11-2016, 2, 111410,108773,110355,110152,109562
4b914b4, 03-11-2016, 4, 101952,102306,102306,102966,102188
4b914b4, 03-11-2016, 8, 93284,91925,92574,90820,92269
4b914b4, 03-11-2016, 16, 76766,76437,77268,76939,77140
4b914b4, 04-11-2016, 1, 220318,193108,193934,223607,224115
4b914b4, 04-11-2016, 2, 110087,108816,109834,110000,110043
4b914b4, 04-11-2016, 4, 104844,103474,102676,102966,101699
4b914b4, 04-11-2016, 8, 92969,93659,91260,92081,92026
4b914b4, 04-11-2016, 16, 76819,77222,77336,76664,76423
4b914b4, 05-11-2016, 1, 191084,186393,190672,187707,191041
4b914b4, 05-11-2016, 2, 111056,109662,108633,109641,110850
4b914b4, 05-11-2016, 4, 102858,103117,102014,104116,102676
4b914b4, 05-11-2016, 8, 91844,90953,93712,91684,91734
4b914b4, 05-11-2016, 16, 77048,76822,77257,76886,76619
4b914b4, 06-11-2016, 1, 224025,229228,229197,230109,231986
4b914b4, 06-11-2016, 1, 229009,227889,225349,233764,225561
4b914b4, 06-11-2016, 2, 111270,109548,110398,108184,111284
4b914b4, 06-11-2016, 2, 111699,110660,109957,109978,110916
4b914b4, 06-11-2016, 4, 102852,100716,102544,102250,103397
4b914b4, 06-11-2016, 4, 103359,102506,104213,103276,102057
4b914b4, 06-11-2016, 8, 91434,91072,91339,91995,91844
4b914b4, 06-11-2016, 8, 93171,93607,93305,91694,91315
4b914b4, 06-11-2016, 16, 76861,76819,76868,77261,76847
4b914b4, 06-11-2016, 16, 77201,77023,77225,76805,77130
4b914b4, 07-11-2016, 1, 222185,214405,221102,225258,223845
4b914b4, 07-11-2016, 2, 110333,110239,110015,110836,110697
4b914b4, 07-11-2016, 4, 102726,102959,103557,103168,103563
4b914b4, 07-11-2016, 8, 92001,91674,91479,91364,93492
4b914b4, 07-11-2016, 16, 76872,76780,76999,76734,76875
4b914b4, 08-11-2016, 1, 226383,231123,225319,187413,183719
4b914b4, 08-11-2016, 2, 108583,111129,109878,110166,109677
4b914b4, 08-11-2016, 4, 103633,101890,102638,102151,102865
4b914b4, 08-11-2016, 8, 91719,93456,93155,91905,91649
4b914b4, 08-11-2016, 16, 76717,76815,77240,76598,77172
4b914b4, 09-11-2016, 1, 191893,223161,229322,187350,228791
4b914b4, 09-11-2016, 2, 109028,110260,112095,109198,110043
4b914b4, 09-11-2016, 4, 102764,101933,104687,103124,102966
4b914b4, 09-11-2016, 8, 91990,91614,92386,95028,92615
4b914b4, 09-11-2016, 16, 76967,77030,77357,77052,77229
4b914b4, 10-11-2016, 1, 230742,229762,221950,231698,230140
4b914b4, 10-11-2016, 2, 110704,111056,109355,111071,110478
4b914b4, 10-11-2016, 4, 104109,102651,103569,101244,103162
4b914b4, 10-11-2016, 8, 92979,91151,92026,91141,92810
4b914b4, 10-11-2016, 16, 76741,76087,76872,76868,75833
4b914b4, 11-11-2016, 1, 213505,231346,228666,232661,216341
4b914b4, 11-11-2016, 2, 116339,109412,110420,109942,109971
4b914b4, 11-11-2016, 4, 103987,102770,102438,102039,100667
4b914b4, 11-11-2016, 8, 92723,91975,93279,90801,90776
4b914b4, 11-11-2016, 16, 76264,76981,76650,77261,76960
4b914b4, 12-11-2016, 1, 184629,183699,183338,192399,185016
4b914b4, 12-11-2016, 2, 109928,110210,110304,109655,112373
4b914b4, 12-11-2016, 4, 102814,101952,102972,101902,102909
4b914b4, 12-11-2016, 8, 92866,92892,91794,94164,91091
4b914b4, 12-11-2016, 16, 76822,76486,76559,77037,76924
4b914b4, 13-11-2016, 1, 186372,230456,231442,181513,188656
4b914b4, 13-11-2016, 2, 110828,109276,109935,111351,109262
4b914b4, 13-11-2016, 4, 101884,101514,103162,102638,101575
4b914b4, 13-11-2016, 8, 92391,93628,92513,92350,93388
4b914b4, 13-11-2016, 16, 76469,77176,76928,77151,76696
4b914b4, 14-11-2016, 1, 223517,191324,183880,184446,191346
4b914b4, 14-11-2016, 2, 110384,110015,110471,110602,108710
4b914b4, 14-11-2016, 4, 102250,103321,102107,102256,102008
4b914b4, 14-11-2016, 8, 91579,91290,92016,94776,92595
4b914b4, 14-11-2016, 16, 77529,76946,76434,76977,76865
4b914b4, 15-11-2016, 1, 229072,222097,220753,221073,228978
4b914b4, 15-11-2016, 2, 110268,111484,110166,111027,110975
4b914b4, 15-11-2016, 4, 102902,103251,103922,102600,102619
4b914b4, 15-11-2016, 8, 92335,94233,92172,94894,94450
4b914b4, 15-11-2016, 16, 76812,77052,77119,76755,77404
4b914b4, 16-11-2016, 1, 229385,227149,228168,226934,230710
4b914b4, 16-11-2016, 2, 109842,110376,110391,110123,109662
4b914b4, 16-11-2016, 4, 101569,104368,101043,101007,101502
4b914b4, 16-11-2016, 8, 92887,93518,91714,92799,94744
4b914b4, 16-11-2016, 16, 76521,76060,77080,77137,76872
4b914b4, 17-11-2016, 1, 189809,224986,233568,228168,190434
4b914b4, 17-11-2016, 2, 110289,109870,110587,110130,110036
4b914b4, 17-11-2016, 4, 101404,103073,105186,103461,101092
4b914b4, 17-11-2016, 8, 92615,93435,94621,92360,93404
4b914b4, 17-11-2016, 16, 76640,76368,77169,77151,76942
4b914b4, 18-11-2016, 1, 229856,225925,232791,233927,234712
4b914b4, 18-11-2016, 2, 110398,110617,109648,110587,109241
4b914b4, 18-11-2016, 4, 101705,103321,104453,103474,103665
4b914b4, 18-11-2016, 8, 91399,93618,92969,91374,92712
4b914b4, 18-11-2016, 16, 76734,76420,76812,77346,77154
4b914b4, 19-11-2016, 1, 229573,225895,229040,225682,222569
4b914b4, 19-11-2016, 2, 110595,110231,109569,109863,108289
4b914b4, 19-11-2016, 4, 103023,102997,102263,102144,102827
4b914b4, 19-11-2016, 8, 92882,91669,91589,92528,92682
4b914b4, 19-11-2016, 16, 77108,76917,77122,77247,76699
4b914b4, 20-11-2016, 1, 218767,228075,221686,220058,223042
4b914b4, 20-11-2016, 2, 110195,109362,110646,109369,109526
4b914b4, 20-11-2016, 4, 102256,102928,103225,103691,101822
4b914b4, 20-11-2016, 8, 92172,91106,91950,90801,92789
4b914b4, 20-11-2016, 16, 76931,76882,77101,77030,77140
4b914b4, 21-11-2016, 1, 229510,231091,220145,227580,221015
4b914b4, 21-11-2016, 2, 110260,109412,110087,109842,108198
4b914b4, 21-11-2016, 4, 102997,102890,103143,102513,101748
4b914b4, 21-11-2016, 8, 90998,92386,91519,91220,91524
4b914b4, 21-11-2016, 16, 76462,76458,76319,76752,77045
4b914b4, 22-11-2016, 1, 216760,223488,229134,225349,223042
4b914b4, 22-11-2016, 2, 109398,109440,110355,109007,110544
4b914b4, 22-11-2016, 4, 102356,103117,102884,103916,101575
4b914b4, 22-11-2016, 8, 93269,92651,92923,93067,92666
4b914b4, 22-11-2016, 16, 76577,76703,76910,76903,76441
4b914b4, 24-11-2016, 1, 191302,190650,187371,183659,191981
4b914b4, 24-11-2016, 2, 110902,110814,109827,111210,109957
4b914b4, 24-11-2016, 4, 102669,104232,103768,104838,102200
4b914b4, 24-11-2016, 8, 90016,91925,94797,94127,93974
4b914b4, 24-11-2016, 16, 76872,76538,76441,76413,76135
4b914b4, 26-11-2016, 1, 191411,185568,223666,192443,187267
4b914b4, 26-11-2016, 2, 109914,108626,110544,110159,109827
4b914b4, 26-11-2016, 4, 102833,102934,101202,101594,102607
4b914b4, 26-11-2016, 8, 91394,90796,90229,90766,92066
4b914b4, 26-11-2016, 16, 76476,76914,77158,76879,76531
4b914b4, 27-11-2016, 1, 184102,194316,231634,186000,190802
4b914b4, 27-11-2016, 2, 111321,110318,109634,109791,110145
4b914b4, 27-11-2016, 4, 101625,101754,101847,103029,103877
4b914b4, 27-11-2016, 8, 94334,91829,92431,93005,92274
4b914b4, 27-11-2016, 16, 76928,76354,76977,76903,76829
4b914b4, 28-11-2016, 1, 229103,192179,193822,184183,225016
4b914b4, 28-11-2016, 2, 110159,109950,109986,111358,109099
4b914b4, 28-11-2016, 4, 102632,103429,101074,103980,104019
4b914b4, 28-11-2016, 8, 92046,95255,92416,92498,91210
4b914b4, 28-11-2016, 16, 76455,76777,76882,76441,76931
4b914b4, 29-11-2016, 1, 231570,191696,191324,192135,187539
4b914b4, 29-11-2016, 2, 110785,110843,109255,110485,110355
4b914b4, 29-11-2016, 4, 104661,104936,103582,102263,103563
4b914b4, 29-11-2016, 8, 90118,95510,92579,90864,93284
4b914b4, 29-11-2016, 16, 76981,77265,76960,77446,76857
4b914b4, 30-11-2016, 1, 230678,186621,227797,191827,182203
4b914b4, 30-11-2016, 2, 109156,108985,109426,110065,109298
4b914b4, 30-11-2016, 4, 102500,102456,103016,102419,102475
4b914b4, 30-11-2016, 8, 91679,93628,91619,94323,91324
4b914b4, 30-11-2016, 16, 76675,76198,76706,76857,76309
4b914b4, 01-12-2016, 1, 192443,227241,179628,219856,180323
4b914b4, 01-12-2016, 2, 109056,110123,109648,109619,110181
4b914b4, 01-12-2016, 4, 101619,100940,101625,103717,104629
4b914b4, 01-12-2016, 8, 91250,92467,90026,92738,92682
4b914b4, 01-12-2016, 16, 76755,76549,76329,76437,75641
4b914b4, 02-12-2016, 1, 191063,224685,185877,192775,187455
4b914b4, 02-12-2016, 2, 109326,112140,110420,109141,110058
4b914b4, 02-12-2016, 4, 102519,104019,103340,102839,102157
4b914b4, 02-12-2016, 8, 91865,93310,93707,92335,93780
4b914b4, 02-12-2016, 16, 77062,75651,76668,76847,77052
4b914b4, 03-12-2016, 1, 230615,228853,222835,233146,194767
4b914b4, 03-12-2016, 2, 110617,110427,110231,107203,109978
4b914b4, 03-12-2016, 4, 102132,104596,101699,102413,103749
4b914b4, 03-12-2016, 8, 92360,93305,91539,92697,94286
4b914b4, 03-12-2016, 16, 76253,75973,75888,76770,76675
4b914b4, 04-12-2016, 1, 184853,191521,191128,190283,190391
4b914b4, 04-12-2016, 2, 109548,110333,110609,110435,111632
4b914b4, 04-12-2016, 4, 102288,102057,102940,102921,103601
4b914b4, 04-12-2016, 8, 92314,95293,91779,94185,92892
4b914b4, 04-12-2016, 16, 76636,76988,76326,76587,76177
4b914b4, 05-12-2016, 1, 191390,190564,192532,223428,184975
4b914b4, 05-12-2016, 2, 109612,108731,108943,109398,109412
4b914b4, 05-12-2016, 4, 104000,102219,103845,102865,101019
4b914b4, 05-12-2016, 8, 96100,93217,91854,93639,91814
4b914b4, 05-12-2016, 16, 76458,76752,76236,76636,76587
4b914b4, 06-12-2016, 1, 226108,186642,189316,228355,192554
4b914b4, 06-12-2016, 2, 109362,109483,108541,110087,111056
4b914b4, 06-12-2016, 4, 104232,102363,101791,101884,103557
4b914b4, 06-12-2016, 8, 94562,93310,90953,92284,92081
4b914b4, 06-12-2016, 16, 76640,77087,76545,77204,75977
4b914b4, 07-12-2016, 1, 226474,223190,228822,180711,185363
4b914b4, 07-12-2016, 2, 109469,110602,107429,110624,107760
4b914b4, 07-12-2016, 4, 101116,102531,101736,103060,103086
4b914b4, 07-12-2016, 8, 92152,91339,93321,92132,94408
4b914b4, 07-12-2016, 16, 76316,77034,76815,76850,76577
4b914b4, 08-12-2016, 1, 224145,192975,189423,182321,196524
4b914b4, 08-12-2016, 2, 111299,109014,110239,109099,110130
4b914b4, 08-12-2016, 4, 101459,102057,102947,102194,102682
4b914b4, 08-12-2016, 8, 91975,91880,94418,93482,91454
4b914b4, 08-12-2016, 16, 76777,76594,75686,76741,76931
4b914b4, 09-12-2016, 1, 230996,190715,232436,192975,190650
4b914b4, 09-12-2016, 2, 109856,110821,110587,110355,110442
4b914b4, 09-12-2016, 4, 104727,103181,102953,102783,102858
4b914b4, 09-12-2016, 8, 94169,93659,93373,91744,92467
4b914b4, 09-12-2016, 16, 76570,76284,77059,77425,77041
4b914b4, 10-12-2016, 1, 231634,190737,191368,190132,189018
4b914b4, 10-12-2016, 2, 110311,110924,109986,110580,108901
4b914b4, 10-12-2016, 4, 103942,102002,103263,102776,101330
4b914b4, 10-12-2016, 8, 93670,92021,94456,93906,91880
4b914b4, 10-12-2016, 16, 76472,76584,76984,76469,77052
4b914b4, 11-12-2016, 1, 233049,191564,189702,224866,192421
4b914b4, 11-12-2016, 2, 110887,110646,108745,110188,110828
4b914b4, 11-12-2016, 4, 103384,103659,103864,105803,103832
4b914b4, 11-12-2016, 8, 92574,92016,92676,94974,92856
4b914b4, 11-12-2016, 16, 77105,76748,76921,76850,77176
4b914b4, 12-12-2016, 1, 189573,188360,231826,191019,189124
4b914b4, 13-12-2016, 1, 231123,229260,188635,229573,189018
4b914b4, 12-12-2016, 2, 108943,111521,110500,110814,110015
4b914b4, 13-12-2016, 2, 110087,110697,109935,110595,110799
4b914b4, 12-12-2016, 4, 103839,101453,102363,102419,104000
4b914b4, 13-12-2016, 4, 101251,103181,102369,101871,103372
4b914b4, 12-12-2016, 8, 93597,91176,92340,95914,91524
4b914b4, 13-12-2016, 8, 93628,92183,92733,91579,96365
4b914b4, 12-12-2016, 16, 77101,76717,77254,76759,76946
4b914b4, 13-12-2016, 16, 76872,76389,75822,77169,76462
4b914b4, 14-12-2016, 1, 229888,188869,192598,191521,232726
4b914b4, 14-12-2016, 2, 110675,110188,108031,110326,110398
4b914b4, 14-12-2016, 4, 102701,102207,103251,101816,102739
4b914b4, 14-12-2016, 8, 92046,92498,92574,93047,93295
4b914b4, 14-12-2016, 16, 76868,76991,77115,77158,77140
4b914b4, 15-12-2016, 1, 227797,226719,228386,227241,227364
4b914b4, 15-12-2016, 2, 109355,109799,109921,111358,110108
4b914b4, 15-12-2016, 4, 103225,102363,105087,103251,102219
4b914b4, 15-12-2016, 8, 91880,92584,92646,91499,92641
4b914b4, 15-12-2016, 16, 77144,77190,77094,76999,76741
4b914b4, 16-12-2016, 1, 189981,183317,233471,189723,185712
4b914b4, 17-12-2016, 1, 185240,189895,185445,228572,186538
4b914b4, 16-12-2016, 2, 110828,109669,109455,109085,109978
4b914b4, 17-12-2016, 2, 109870,111166,110821,110916,110217
4b914b4, 16-12-2016, 4, 103263,103194,105199,101803,101995
4b914b4, 17-12-2016, 4, 103480,102588,101921,101025,101013
4b914b4, 16-12-2016, 8, 93498,93394,92360,92595,92026
4b914b4, 17-12-2016, 8, 91205,91619,92964,92411,91809
4b914b4, 16-12-2016, 16, 76250,76977,77037,76427,77183
4b914b4, 17-12-2016, 16, 76942,75898,76563,77119,76514
4b914b4, 18-12-2016, 1, 182838,225804,183598,193576,227303
4b914b4, 19-12-2016, 1, 229636,184873,185691,183900,185507
4b914b4, 18-12-2016, 2, 109070,109248,109971,110755,109469
4b914b4, 19-12-2016, 2, 109248,111499,109748,109398,109993
4b914b4, 18-12-2016, 4, 103098,103832,102852,102469,103359
4b914b4, 19-12-2016, 4, 103397,103742,102288,102107,103403
4b914b4, 18-12-2016, 8, 92228,91484,91669,92102,90948
4b914b4, 19-12-2016, 8, 92294,91504,91859,91834,91439
4b914b4, 18-12-2016, 16, 77293,76416,76378,77052,76685
4b914b4, 19-12-2016, 16, 77126,76601,76115,77098,77080
4b914b4, 20-12-2016, 1, 191281,189231,192642,188890,227395
4b914b4, 20-12-2016, 2, 111580,109971,110376,110880,112132
4b914b4, 20-12-2016, 4, 104116,101373,102381,100825,104635
4b914b4, 20-12-2016, 8, 93775,92355,93717,91639,91849
4b914b4, 20-12-2016, 16, 77154,76745,76857,77286,76556
4b914b4, 21-12-2016, 1, 181277,187686,188869,230330,226017
4b914b4, 21-12-2016, 2, 109914,110260,107830,109669,108619
4b914b4, 21-12-2016, 4, 102120,102200,102720,100336,102494
4b914b4, 21-12-2016, 8, 91930,93098,91419,90825,90385
4b914b4, 21-12-2016, 16, 76476,76633,76535,76636,76229
4b914b4, 22-12-2016, 1, 190585,188826,192069,188826,229636
4b914b4, 22-12-2016, 2, 111647,109376,109935,109827,110821
4b914b4, 22-12-2016, 4, 103448,103762,103397,104440,103423
4b914b4, 22-12-2016, 8, 90356,94043,91265,94095,90127
4b914b4, 22-12-2016, 16, 76857,76517,77421,77151,76699
4b914b4, 23-12-2016, 1, 186746,226169,187162,234646,187623
4b914b4, 24-12-2016, 1, 185466,185322,190067,233341,225531
4b914b4, 25-12-2016, 1, 227241,190520,189509,185589,231986
4b914b4, 23-12-2016, 2, 109892,110719,109526,110668,110624
4b914b4, 24-12-2016, 2, 110181,111196,109849,108901,110275
4b914b4, 25-12-2016, 2, 109921,111063,110188,111218,110435
4b914b4, 23-12-2016, 4, 102494,102896,102563,102400,101847
4b914b4, 24-12-2016, 4, 102846,103474,102846,102350,103987
4b914b4, 25-12-2016, 4, 104570,103130,102488,104032,101748
4b914b4, 23-12-2016, 8, 93274,91744,95001,91834,92959
4b914b4, 24-12-2016, 8, 93895,92081,92630,91970,92753
4b914b4, 25-12-2016, 8, 91935,91990,91549,91744,93472
4b914b4, 23-12-2016, 16, 76917,76717,77272,76759,76573
4b914b4, 24-12-2016, 16, 76766,76664,76988,76717,76970
4b914b4, 25-12-2016, 16, 77133,76808,75977,77183,77364
4b914b4, 26-12-2016, 1, 227858,190911,225804,185630,185897
4b914b4, 26-12-2016, 2, 109113,110116,108738,109184,109184
4b914b4, 26-12-2016, 4, 102319,103035,101013,102858,102619
4b914b4, 26-12-2016, 8, 91275,91955,93388,93498,93321
4b914b4, 26-12-2016, 16, 76364,76430,76531,76741,76250
4b914b4, 28-12-2016, 1, 189402,185835,187896,192377,184832
4b914b4, 28-12-2016, 2, 111818,110785,109305,109755,109612
4b914b4, 28-12-2016, 4, 103092,102344,103314,101791,102450
4b914b4, 28-12-2016, 8, 90850,90487,91940,92289,94403
4b914b4, 28-12-2016, 16, 76552,76657,75846,77087,76399
4b914b4, 29-12-2016, 1, 229919,231890,187854,187581,182858
4b914b4, 29-12-2016, 2, 111041,109799,109412,109863,108696
4b914b4, 29-12-2016, 4, 103314,103864,100704,102814,102966
4b914b4, 29-12-2016, 8, 91859,92386,90756,93062,92243
4b914b4, 29-12-2016, 16, 76953,77186,77122,76664,76727
4b914b4, 30-12-2016, 1, 232500,187434,234122,232500,192864
4b914b4, 30-12-2016, 2, 109241,111617,107643,110719,109483
4b914b4, 30-12-2016, 4, 103819,102770,101391,103474,101177
4b914b4, 30-12-2016, 8, 91794,91709,94159,90639,92943
4b914b4, 30-12-2016, 16, 76580,76893,76755,76566,76194
4b914b4, 31-12-2016, 1, 192047,191543,191959,229166,192179
4b914b4, 31-12-2016, 2, 109376,110347,109106,109712,109433
4b914b4, 31-12-2016, 4, 102852,100728,102244,103162,102101
4b914b4, 31-12-2016, 8, 89440,92345,93592,90796,93047
4b914b4, 31-12-2016, 16, 77094,76963,76678,76236,76531
