b627a5c, 07-07-2015, 1, 179167,178557,179320,179263,179340
315c167, 07-07-2015, 2, 187665,189146,187833,189146,187959
b627a5c, 07-07-2015, 4, 188720,188678,188572,187938,188699
b627a5c, 07-07-2015, 8, 168142,169638,168666,169210,169638
b627a5c, 07-07-2015, 16, 189124,189018,189509,188212,188635
f326cd3, 12-07-2015, 1, 189188,190585,189509,190434,190304
f326cd3, 12-07-2015, 2, 186683,187560,186642,187100,187707
f326cd3, 12-07-2015, 4, 187686,187204,188106,187037,187539
f326cd3, 12-07-2015, 8, 184001,183398,183538,183197,183900
f326cd3, 12-07-2015, 16, 189895,189745,190067,190694,190629
acd14d1, 16-07-2015, 1, 196639,196662,196478,197031,196893
acd14d1, 16-07-2015, 2, 196156,196800,196708,195996,196110
acd14d1, 16-07-2015, 4, 196639,196593,196340,196133,196916
acd14d1, 16-07-2015, 8, 197565,196800,197495,198125,197938
acd14d1, 16-07-2015, 16, 238550,239572,237335,237739,239435
a0c3c29, 17-07-2015, 1, 201238,201214,201262,200517,200805
a0c3c29, 17-07-2015, 2, 196133,195607,196639,196593,196547
a0c3c29, 17-07-2015, 4, 201601,201166,200949,200684,200469
a0c3c29, 17-07-2015, 8, 200997,201069,201528,201286,201117
a0c3c29, 17-07-2015, 16, 194406,195653,195996,195402,195311
3ea1609, 18-07-2015, 1, 185036,184832,185281,184568,185159
3ea1609, 18-07-2015, 2, 186062,184995,185404,185794,186248
3ea1609, 18-07-2015, 4, 185835,186248,185118,186041,185527
3ea1609, 18-07-2015, 8, 184873,185363,183498,183900,183840
3ea1609, 18-07-2015, 16, 186455,185815,186186,186227,185856
c6fb82b, 24-07-2015, 1, 219167,219712,219626,219195,219885
c6fb82b, 24-07-2015, 2, 218767,219568,219310,219081,218967
c6fb82b, 24-07-2015, 4, 217547,217716,218056,217886,216369
c6fb82b, 24-07-2015, 8, 215895,216006,216341,215479,215369
c6fb82b, 24-07-2015, 16, 214955,215867,215756,215756,215784
bc0d832, 01-08-2015, 1, 220782,220695,221044,220695,221044
bc0d832, 01-08-2015, 2, 219770,219655,219683,220202,219798
bc0d832, 01-08-2015, 4, 219110,219626,219052,219914,219798
bc0d832, 01-08-2015, 8, 220029,219971,220173,219683,220000
bc0d832, 01-08-2015, 16, 230837,221306,220405,220289,220898
d2fdca2, 02-08-2015, 1, 221073,220463,221248,221423,221657
d2fdca2, 02-08-2015, 2, 220724,220724,221015,220608,221102
d2fdca2, 02-08-2015, 4, 220058,220087,220029,220058,220637
d2fdca2, 02-08-2015, 8, 219511,220173,219914,220231,220000
d2fdca2, 02-08-2015, 16, 256807,218881,218909,219167,218995
f851440, 03-08-2015, 1, 217801,218368,218198,217716,218198
f851440, 03-08-2015, 2, 218283,217829,218710,217773,218084
f851440, 03-08-2015, 4, 218311,217914,217801,217603,218027
f851440, 03-08-2015, 8, 218909,219339,218824,218909,219138
f851440, 03-08-2015, 16, 218368,219367,218995,218396,218368
efad1f4, 04-08-2015, 1, 217943,218938,218824,218539,218396
efad1f4, 04-08-2015, 2, 219310,219339,219597,219568,219683
efad1f4, 04-08-2015, 4, 218226,218368,218169,218141,217858
efad1f4, 04-08-2015, 8, 219253,219281,219367,219138,219052
efad1f4, 04-08-2015, 16, 219339,219024,219052,219425,219425
34c9f42, 08-08-2015, 1, 200517,201093,201093,201214,201577
34c9f42, 08-08-2015, 2, 204276,204078,203879,204476,204102
34c9f42, 08-08-2015, 4, 204750,204600,204525,204227,204227
34c9f42, 08-08-2015, 8, 200564,201310,200660,200949,201093
34c9f42, 08-08-2015, 16, 207870,207973,208154,207922,208232
5b5bed6, 09-08-2015, 1, 195813,195973,196248,196064,195973
5b5bed6, 09-08-2015, 2, 199848,200014,200062,199610,200038
5b5bed6, 09-08-2015, 4, 195835,195675,195973,195470,196064
5b5bed6, 09-08-2015, 8, 202991,203212,203212,202991,202917
5b5bed6, 09-08-2015, 16, 203237,202917,202746,203237,203089
1e1238a, 11-08-2015, 1, 206743,207280,207152,207459,207254
1e1238a, 11-08-2015, 2, 207126,207228,207024,206922,206820
1e1238a, 11-08-2015, 4, 205628,205502,205226,205000,205729
1e1238a, 11-08-2015, 8, 200612,200373,200829,200901,200756
1e1238a, 11-08-2015, 16, 206235,206083,206591,206134,206083
2e640e3, 12-08-2015, 1, 194971,195539,195220,194812,195425
2e640e3, 12-08-2015, 2, 195356,195516,195311,195311,194631
2e640e3, 12-08-2015, 4, 191455,192201,192047,191915,192135
2e640e3, 12-08-2015, 8, 187434,187917,187833,187812,187308
2e640e3, 12-08-2015, 16, 195197,195175,195220,194971,195448
237b5c1, 13-08-2015, 1, 193487,193019,192864,192797,193286
237b5c1, 13-08-2015, 2, 192069,192819,193330,193219,192775
237b5c1, 13-08-2015, 4, 189359,189873,189231,189745,190369
237b5c1, 13-08-2015, 8, 192223,192620,192819,192510,192664
237b5c1, 13-08-2015, 16, 218824,219110,219110,218653,219024
5f94396, 14-08-2015, 1, 199586,198641,198547,198617,199089
5f94396, 14-08-2015, 2, 198924,198641,198359,198688,198265
5f94396, 14-08-2015, 4, 195721,195311,195334,195402,195379
5f94396, 14-08-2015, 8, 191740,191433,191172,191281,191390
5f94396, 14-08-2015, 16, 198265,197961,198265,198265,197915
6261a17, 15-08-2015, 1, 194046,194248,194699,194451,194586
6261a17, 15-08-2015, 2, 193934,193889,194361,194248,193397
6261a17, 15-08-2015, 4, 196800,197402,197147,197054,196916
6261a17, 15-08-2015, 8, 197821,198055,197705,198031,197472
6261a17, 15-08-2015, 16, 196271,196179,196225,195927,228884
081ce4e, 20-08-2015, 1, 194271,194293,194181,193956,194091
081ce4e, 20-08-2015, 2, 198125,198031,198289,198664,198359
081ce4e, 20-08-2015, 4, 194024,194271,193889,193979,193487
081ce4e, 20-08-2015, 8, 188423,188656,188339,188805,188529
081ce4e, 20-08-2015, 16, 197495,196777,196869,196777,197449
f565790, 21-08-2015, 1, 175000,175182,175365,175182,175219
f565790, 21-08-2015, 2, 175622,174981,175641,175329,175256
f565790, 21-08-2015, 4, 176139,176231,175880,175714,175788
f565790, 21-08-2015, 8, 174599,174781,174472,174981,174654
f565790, 21-08-2015, 16, 205126,175954,175512,175788,204675
107ed41, 27-08-2015, 1, 176584,176547,176695,176621,176398
107ed41, 27-08-2015, 2, 176509,176938,176491,176602,176509
107ed41, 27-08-2015, 4, 176435,176287,176176,176361,175567
107ed41, 27-08-2015, 8, 176621,176324,175936,176046,176398
107ed41, 27-08-2015, 16, 175991,175586,175439,175991,175384
4967366, 28-08-2015, 1, 177124,176770,176751,176938,177405
4967366, 28-08-2015, 2, 176213,176454,176584,176435,176268
4967366, 28-08-2015, 4, 176788,176324,176398,176770,176732
4967366, 28-08-2015, 8, 176046,176826,176602,176491,176844
4967366, 28-08-2015, 16, 204301,175862,205075,203879,204750
58c47dc, 29-08-2015, 1, 177330,177649,177068,177480,177274
58c47dc, 29-08-2015, 2, 176176,176565,176863,176509,176547
58c47dc, 29-08-2015, 4, 176714,176639,176956,176342,176751
58c47dc, 29-08-2015, 8, 176565,176491,175733,175714,175917
58c47dc, 29-08-2015, 16, 176305,176491,176139,175549,175972
e079875, 30-08-2015, 1, 176732,177162,176751,176900,176844
e079875, 30-08-2015, 2, 175733,176213,176639,176065,176009
e079875, 30-08-2015, 4, 176361,176398,176176,176120,176509
e079875, 30-08-2015, 8, 177143,176844,176509,176919,176807
e079875, 30-08-2015, 16, 175899,203484,176732,176454,204525
cb4ea59, 19-09-2015, 1, 92866,92748,94567,95255,92779
cb4ea59, 19-09-2015, 2, 93743,93310,95892,94493,94872
cb4ea59, 19-09-2015, 4, 92887,94964,95848,92641,93785
cb4ea59, 19-09-2015, 8, 95684,95077,94445,95651,95039
cb4ea59, 19-09-2015, 16, 111863,115355,116009,116363,116307
4e631e5, 20-09-2015, 1, 93555,90113,91504,92421,91915
4e631e5, 20-09-2015, 2, 94722,94360,95077,92091,94894
4e631e5, 20-09-2015, 4, 85120,93932,90404,93602,92564
4e631e5, 20-09-2015, 8, 85936,86834,88046,85835,86731
4e631e5, 20-09-2015, 16, 92523,115713,115825,116565,116630
14bd43a, 22-09-2015, 1, 110355,112584,113275,112963,113567
14bd43a, 22-09-2015, 2, 115181,111034,115681,115228,111811
14bd43a, 22-09-2015, 4, 110946,111484,112690,110362,112065
14bd43a, 22-09-2015, 8, 93062,93675,93644,92738,92846
14bd43a, 22-09-2015, 16, 119675,100970,123616,119428,123090
f77fcee, 24-09-2015, 1, 85293,84270,86440,86254,86011
f77fcee, 24-09-2015, 2, 86033,84862,85237,83802,84721
f77fcee, 24-09-2015, 4, 86861,86436,85250,86006,87141
f77fcee, 24-09-2015, 8, 86543,86588,86601,86094,86280
f77fcee, 24-09-2015, 16, 95526,122623,121065,119131,123927
d58441a, 29-09-2015, 1, 85760,85480,86445,86659,86556
d58441a, 29-09-2015, 2, 85865,87866,87109,86974,87491
d58441a, 29-09-2015, 4, 86740,85782,85799,86915,87450
d58441a, 29-09-2015, 8, 85081,85734,85975,86400,86516
d58441a, 29-09-2015, 16, 98176,122883,125616,99769,122605
1e4521d, 01-10-2015, 1, 86396,86050,84358,85703,83911
1e4521d, 01-10-2015, 2, 86942,87109,86436,85633,85720
1e4521d, 01-10-2015, 4, 85602,85856,83257,85224,83966
1e4521d, 01-10-2015, 8, 82663,84858,83460,84316,84185
1e4521d, 01-10-2015, 16, 97090,124248,122158,122982,123244
a3e9a3f, 02-10-2015, 1, 85485,85402,85567,85051,85254
a3e9a3f, 02-10-2015, 2, 87010,86543,85224,86489,85528
a3e9a3f, 02-10-2015, 4, 84550,85267,85677,86125,84991
a3e9a3f, 02-10-2015, 8, 85685,86405,85839,87729,87664
a3e9a3f, 02-10-2015, 16, 124184,94169,95990,123172,122461
83cc2d8, 16-10-2015, 1, 85971,87055,87400,85664,86530
83cc2d8, 16-10-2015, 2, 86187,85791,85185,85537,85655
83cc2d8, 16-10-2015, 4, 86271,83811,86911,87331,87309
83cc2d8, 16-10-2015, 8, 86028,84198,86090,85181,84618
83cc2d8, 16-10-2015, 16, 124775,124886,121249,122560,123099
6d53791, 19-10-2015, 1, 86130,86825,87940,88143,86965
6d53791, 19-10-2015, 2, 84609,84768,84601,84575,84265
6d53791, 19-10-2015, 4, 84181,86307,85034,85870,86839
6d53791, 19-10-2015, 8, 86254,85646,86942,86329,86320
6d53791, 19-10-2015, 16, 123771,125710,123099,125870,126373
2f56983, 20-10-2015, 1, 86134,84793,85372,85064,85791
2f56983, 20-10-2015, 2, 87272,84050,86960,85004,86236
2f56983, 20-10-2015, 4, 87894,86347,86978,86758,86378
2f56983, 20-10-2015, 8, 86534,85637,85372,85424,85034
2f56983, 20-10-2015, 16, 125587,125343,125813,127613,127071
18b1738, 29-10-2015, 1, 87834,88264,88539,87336,88455
18b1738, 29-10-2015, 2, 89852,87500,89027,89326,88853
18b1738, 29-10-2015, 4, 87885,86834,86325,88162,87177
18b1738, 29-10-2015, 8, 88848,87788,87023,88726,88162
18b1738, 29-10-2015, 16, 89046,88065,87752,88069,86825
3fdffa2, 01-11-2015, 1, 86731,86347,85839,87259,87395
3fdffa2, 01-11-2015, 2, 89407,88642,88324,89326,89212
3fdffa2, 01-11-2015, 4, 89217,89084,88431,87404,87263
3fdffa2, 01-11-2015, 8, 87309,87091,89065,90132,87609
3fdffa2, 01-11-2015, 16, 88651,87550,88773,88222,87150
221d5a8, 28-02-2016, 1, 94456,94680,95201,94461,93659
221d5a8, 28-02-2016, 2, 86365,86588,86731,87564,88324
221d5a8, 28-02-2016, 4, 79740,79600,80920,81238,80792
221d5a8, 28-02-2016, 8, 73798,73727,73317,74144,72992
221d5a8, 28-02-2016, 16, 70410,68948,69448,69048,69250
35d6e5d, 29-02-2016, 1, 94845,95689,94953,95390,95271
35d6e5d, 29-02-2016, 2, 87876,87023,87784,88408,87523
35d6e5d, 29-02-2016, 4, 80258,79419,82703,79138,80328
35d6e5d, 29-02-2016, 8, 74731,73449,73798,72235,74023
35d6e5d, 29-02-2016, 16, 68827,69658,69508,69053,69356
1c0b6c5, 04-03-2016, 1, 94942,93560,95881,97400,96967
f80054d, 05-03-2016, 1, 97684,96189,97242,99315,98089
1c0b6c5, 04-03-2016, 2, 87236,87236,86668,87825,87568
f80054d, 05-03-2016, 2, 88586,88431,88000,87472,87500
1c0b6c5, 04-03-2016, 4, 79287,81112,82245,80916,81884
f80054d, 05-03-2016, 4, 80082,80428,78729,81151,79142
1c0b6c5, 04-03-2016, 8, 73626,72415,74147,72840,72742
f80054d, 05-03-2016, 8, 72736,73087,73446,71981,71953
1c0b6c5, 04-03-2016, 16, 68858,67740,70230,68917,68943
f80054d, 05-03-2016, 16, 68445,69546,69336,68353,69350
7c9c5a8, 06-03-2016, 1, 94770,96900,95749,96610,97463
7c9c5a8, 06-03-2016, 2, 87797,87674,87482,87959,87495
7c9c5a8, 06-03-2016, 4, 80940,80193,80143,79317,77907
7c9c5a8, 06-03-2016, 8, 72369,72197,72729,72913,72550
7c9c5a8, 06-03-2016, 16, 69485,68023,68700,67836,69500
9d77b21, 07-03-2016, 1, 96565,96643,95646,96637,96073
9d77b21, 07-03-2016, 2, 88236,87848,88455,87295,88051
9d77b21, 07-03-2016, 4, 81085,80983,81760,80182,81411
9d77b21, 07-03-2016, 8, 73756,74479,72692,73215,73244
9d77b21, 07-03-2016, 16, 68906,70814,68142,69589,68980
22d7896, 08-03-2016, 1, 97861,99168,100276,99309,97474
22d7896, 08-03-2016, 2, 89060,87674,87802,88455,88060
22d7896, 08-03-2016, 4, 82508,81577,81732,80582,81179
22d7896, 08-03-2016, 8, 74999,73879,74137,73902,72783
22d7896, 08-03-2016, 16, 69079,68793,69966,69439,70472
4b8198f, 09-03-2016, 1, 97079,96799,97992,97361,96029
4b8198f, 10-03-2016, 1, 95859,96034,95651,94106,95163
4b8198f, 09-03-2016, 2, 89065,87742,88171,88675,87779
4b8198f, 10-03-2016, 2, 87811,87917,87843,87655,87816
4b8198f, 09-03-2016, 4, 80297,80710,79766,79930,81840
4b8198f, 10-03-2016, 4, 81253,80182,79937,81395,80710
4b8198f, 09-03-2016, 8, 73869,73420,72194,72544,73465
4b8198f, 10-03-2016, 8, 74078,74400,73727,73782,73931
4b8198f, 09-03-2016, 16, 69998,68495,69056,69222,69520
4b8198f, 10-03-2016, 16, 69638,69870,69911,69563,69085
601ac5a, 11-03-2016, 1, 97225,97519,94530,96078,95662
601ac5a, 12-03-2016, 1, 96128,96821,96029,97017,97627
601ac5a, 13-03-2016, 1, 94573,94222,95985,95815,93171
601ac5a, 11-03-2016, 2, 86713,87386,87779,87477,87250
601ac5a, 12-03-2016, 2, 87623,87756,88051,87646,87168
601ac5a, 13-03-2016, 2, 87299,87177,86637,87788,87568
601ac5a, 11-03-2016, 4, 80343,82455,80301,81467,80765
601ac5a, 12-03-2016, 4, 81463,79819,79634,81677,80497
601ac5a, 13-03-2016, 4, 79747,81482,81697,79607,81447
601ac5a, 11-03-2016, 8, 73148,73346,72815,73091,73132
601ac5a, 12-03-2016, 8, 73967,72733,72723,72739,72780
601ac5a, 13-03-2016, 8, 73481,73186,72657,72415,73065
601ac5a, 11-03-2016, 16, 70045,68739,68339,68599,68974
601ac5a, 12-03-2016, 16, 68815,68462,68957,68683,68700
601ac5a, 13-03-2016, 16, 68372,69085,68136,68414,68111
4835edf, 15-03-2016, 1, 96821,98061,97906,97463,97832
4835edf, 16-03-2016, 1, 98464,99144,99847,100619,100456
601ac5a, 14-03-2016, 1, 98216,97792,96238,97542,97282
4835edf, 15-03-2016, 2, 86646,86423,87041,87127,86726
4835edf, 16-03-2016, 2, 88975,88501,88329,88515,87486
601ac5a, 14-03-2016, 2, 85949,87304,87830,87381,87295
4835edf, 15-03-2016, 4, 80776,79329,80544,80691,81352
4835edf, 16-03-2016, 4, 81053,81776,82241,82060,81808
601ac5a, 14-03-2016, 4, 82080,80540,80312,80621,80924
4835edf, 15-03-2016, 8, 71925,73250,71814,73234,73002
4835edf, 16-03-2016, 8, 74305,74902,74622,73142,74291
601ac5a, 14-03-2016, 8, 72638,73588,73420,74845,73908
4835edf, 15-03-2016, 16, 70318,68706,69388,68159,68883
4835edf, 16-03-2016, 16, 70537,69566,69445,70262,69307
601ac5a, 14-03-2016, 16, 69393,70709,69385,69139,68801
4835edf, 17-03-2016, 1, 99503,99491,100013,99787,97912
4835edf, 17-03-2016, 2, 87046,87922,88750,89269,87646
4835edf, 17-03-2016, 4, 79819,80648,81116,80916,82225
4835edf, 17-03-2016, 8, 72698,73513,73100,73565,72717
4835edf, 17-03-2016, 16, 69899,69818,68988,68680,69827
edf5cef, 18-03-2016, 1, 99385,95821,98835,97986,96482
edf5cef, 18-03-2016, 2, 88014,88689,88074,87186,88637
edf5cef, 18-03-2016, 4, 81006,82032,81411,80870,80594
edf5cef, 18-03-2016, 8, 72207,73202,72862,72472,73196
edf5cef, 18-03-2016, 16, 69113,68720,69629,69603,69068
540a515, 19-03-2016, 1, 97690,96200,96721,99462,97327
540a515, 19-03-2016, 2, 88900,87931,87268,86870,86749
540a515, 19-03-2016, 4, 82326,82883,81558,80807,80955
540a515, 19-03-2016, 8, 72789,73886,72375,73199,73584
540a515, 19-03-2016, 16, 68751,69809,69130,68830,69147
540a515, 20-03-2016, 1, 98135,98342,96460,98130,96754
751da54, 22-03-2016, 1, 96471,96771,96371,97237,95717
8ef737d, 21-03-2016, 1, 98193,97090,97621,96404,98788
540a515, 20-03-2016, 2, 86161,86735,86682,87949,87019
751da54, 22-03-2016, 2, 87500,88646,88427,87936,87182
8ef737d, 21-03-2016, 2, 87200,86592,87359,88083,87413
540a515, 20-03-2016, 4, 80567,81368,79949,80474,81403
751da54, 22-03-2016, 4, 81884,80726,82748,82941,80909
8ef737d, 21-03-2016, 4, 82642,82201,81984,81605,81042
540a515, 20-03-2016, 8, 72021,72378,72739,71965,72058
751da54, 22-03-2016, 8, 73314,74134,72932,73824,72745
8ef737d, 21-03-2016, 8, 71971,72491,72891,73021,73056
540a515, 20-03-2016, 16, 67563,68672,68793,69190,68370
751da54, 22-03-2016, 16, 69987,68725,69116,69048,68906
8ef737d, 21-03-2016, 16, 68821,68768,68576,68495,68233
92ffe69, 23-03-2016, 1, 97690,97832,97832,98719,96715
92ffe69, 23-03-2016, 2, 87701,87600,86583,88190,87091
92ffe69, 23-03-2016, 4, 79287,79145,81617,82012,81514
92ffe69, 23-03-2016, 8, 73808,73468,72906,73507,73369
92ffe69, 23-03-2016, 16, 68506,69485,69795,68395,69841
f675ff8, 24-03-2016, 1, 95684,96233,96233,97724,96255
f675ff8, 24-03-2016, 2, 87577,86383,87055,86686,87019
f675ff8, 24-03-2016, 4, 80862,79385,80768,81514,80201
f675ff8, 24-03-2016, 8, 73327,73266,72503,72070,73295
f675ff8, 24-03-2016, 16, 68089,68275,68621,69199,68847
7c008bd, 25-03-2016, 1, 99539,99051,99250,99444,98319
7c008bd, 25-03-2016, 2, 87118,87628,87545,87532,86480
7c008bd, 25-03-2016, 4, 81120,79611,83167,80489,79030
7c008bd, 25-03-2016, 8, 74049,73410,73980,72761,74801
7c008bd, 25-03-2016, 16, 69153,67866,68742,68880,68700
f9d41a6, 26-03-2016, 1, 95190,94551,96316,95066,94228
f9d41a6, 26-03-2016, 2, 85533,87710,85835,87926,86812
f9d41a6, 26-03-2016, 4, 80362,82286,82084,81108,82173
f9d41a6, 26-03-2016, 8, 72428,72872,71740,73161,71851
f9d41a6, 26-03-2016, 16, 68745,65271,64592,64712,64907
82adbde, 27-03-2016, 1, 96833,96034,97096,98055,95804
82adbde, 28-03-2016, 1, 98072,97992,93649,99680,98713
82adbde, 27-03-2016, 2, 87281,87683,88134,87395,87123
82adbde, 28-03-2016, 2, 86258,87409,86605,87168,87545
82adbde, 27-03-2016, 4, 81804,83614,79130,82561,82225
82adbde, 28-03-2016, 4, 81085,80339,81498,80749,80220
82adbde, 27-03-2016, 8, 73798,73791,72688,72948,72692
82adbde, 28-03-2016, 8, 73362,73401,73273,73843,73691
82adbde, 27-03-2016, 16, 70080,68529,68306,67768,67943
82adbde, 28-03-2016, 16, 68734,67645,67721,68773,67916
9a03686, 29-03-2016, 1, 97684,99174,96793,97040,95591
9a03686, 29-03-2016, 2, 87028,85633,86316,87014,86418
9a03686, 29-03-2016, 4, 80772,80036,82064,80718,80378
9a03686, 29-03-2016, 8, 73459,72859,72780,73701,73372
9a03686, 29-03-2016, 16, 67806,67233,67015,66405,65301
c01e00f, 30-03-2016, 1, 100103,97747,101214,99882,99752
c01e00f, 30-03-2016, 2, 88581,87664,89293,88534,88469
c01e00f, 30-03-2016, 4, 81693,82133,81018,81198,82165
c01e00f, 30-03-2016, 8, 73905,74334,73247,75668,73717
c01e00f, 30-03-2016, 16, 69236,68192,66637,67039,66208
45c5635, 31-03-2016, 1, 97638,97231,97678,100306,99174
45c5635, 31-03-2016, 2, 88097,87871,87422,88185,87715
45c5635, 31-03-2016, 4, 80909,81128,81010,80862,80094
45c5635, 31-03-2016, 8, 73801,73132,73575,73520,73266
45c5635, 31-03-2016, 16, 68081,66542,67018,67125,65744
8f4568f, 01-04-2016, 1, 97952,98256,97941,98325,97695
8f4568f, 02-04-2016, 1, 99462,97918,98176,98452,97214
8f4568f, 01-04-2016, 2, 86579,87500,85782,85826,85773
8f4568f, 02-04-2016, 2, 87871,88726,87862,87646,87949
8f4568f, 01-04-2016, 4, 79664,79171,78729,80224,78900
8f4568f, 02-04-2016, 4, 82524,80617,78442,80928,81972
8f4568f, 01-04-2016, 8, 72431,71710,71508,71060,70469
8f4568f, 02-04-2016, 8, 73378,73462,73662,73148,72770
8f4568f, 01-04-2016, 16, 68742,68464,67443,69307,68717
8f4568f, 02-04-2016, 16, 68914,65457,65870,65500,65780
faca1d0, 03-04-2016, 1, 96543,97587,100133,98124,97434
faca1d0, 03-04-2016, 2, 87559,86343,86610,86498,88985
faca1d0, 03-04-2016, 4, 80136,78135,81625,79713,79876
faca1d0, 03-04-2016, 8, 72986,72353,72011,72821,72247
faca1d0, 03-04-2016, 16, 69270,67400,66727,68018,66677
2fef88c, 05-04-2016, 1, 100049,97718,94228,96194,99995
d0ddc25, 04-04-2016, 1, 103130,101915,102275,101588,99273
2fef88c, 05-04-2016, 2, 87349,87931,88768,88670,88231
d0ddc25, 04-04-2016, 2, 89160,87926,87830,88623,88985
2fef88c, 05-04-2016, 4, 82274,83320,81697,80528,80186
d0ddc25, 04-04-2016, 4, 82024,80220,81010,82797,83569
2fef88c, 05-04-2016, 8, 74052,72673,74173,73918,73908
d0ddc25, 04-04-2016, 8, 73756,73241,74281,74420,74170
2fef88c, 05-04-2016, 16, 68804,68153,66671,67422,66677
d0ddc25, 04-04-2016, 16, 67864,65925,66772,67251,66400
2fef88c, 06-04-2016, 1, 97576,96227,100055,97412,93461
2fef88c, 06-04-2016, 2, 84905,86498,86463,85259,85146
2fef88c, 06-04-2016, 4, 80695,79381,79876,80178,77622
2fef88c, 06-04-2016, 8, 71793,72263,71584,72761,72897
2fef88c, 06-04-2016, 16, 67617,67724,68638,67985,68445
329561a, 07-04-2016, 1, 96967,100139,98153,99268,98835
329561a, 07-04-2016, 2, 89184,87377,88362,88726,87715
329561a, 07-04-2016, 4, 81868,81526,80378,83158,80358
329561a, 07-04-2016, 8, 73199,73652,74006,72729,74245
329561a, 07-04-2016, 16, 69202,67254,66815,66810,66476
187bd93, 09-04-2016, 1, 98164,97923,97175,99156,99462
347caf0, 10-04-2016, 1, 101717,100946,98672,97667,98701
347caf0, 11-04-2016, 1, 99273,98250,98666,98469,99103
347caf0, 12-04-2016, 1, 98423,97282,97141,99627,101080
347caf0, 13-04-2016, 1, 101251,97906,98493,95760,101594
d57ae3d, 08-04-2016, 1, 100800,99852,96939,98112,96866
187bd93, 09-04-2016, 2, 86077,87286,89027,87651,87982
347caf0, 10-04-2016, 2, 88301,89269,87839,88660,89631
347caf0, 11-04-2016, 2, 89426,86866,88717,87788,87742
347caf0, 12-04-2016, 2, 87168,88264,86888,86655,87931
347caf0, 13-04-2016, 2, 88046,88296,88352,89608,89838
d57ae3d, 08-04-2016, 2, 88721,87309,87286,87830,87986
187bd93, 09-04-2016, 4, 81285,79895,81297,79892,79022
347caf0, 10-04-2016, 4, 82990,81996,81140,82912,80370
347caf0, 11-04-2016, 4, 81439,81653,81546,82998,83002
347caf0, 12-04-2016, 4, 80983,78384,81415,81022,79637
347caf0, 13-04-2016, 4, 81038,82375,82269,81852,80819
d57ae3d, 08-04-2016, 4, 80428,80478,79808,82756,80040
187bd93, 09-04-2016, 8, 72306,71962,72717,72126,72027
347caf0, 10-04-2016, 8, 73610,73785,73250,75042,73542
347caf0, 11-04-2016, 8, 73675,73850,74235,72027,73568
347caf0, 12-04-2016, 8, 73273,72748,72541,72862,73600
347caf0, 13-04-2016, 8, 73915,74088,74268,74239,73798
d57ae3d, 08-04-2016, 8, 73311,73928,73915,74117,73497
187bd93, 09-04-2016, 16, 68985,66494,65058,64902,66415
347caf0, 10-04-2016, 16, 68745,66329,66523,66849,66999
347caf0, 11-04-2016, 16, 69079,69276,68683,68297,68532
347caf0, 12-04-2016, 16, 69592,66597,65873,66355,65705
347caf0, 13-04-2016, 16, 70019,68490,67251,66442,66956
d57ae3d, 08-04-2016, 16, 68697,68409,67792,69036,68423
83e1769, 14-04-2016, 1, 272712,277768,274541,276989,272225
af5f9fe, 16-04-2016, 1, 264667,263710,262925,264000,266136
af5f9fe, 17-04-2016, 1, 263131,261980,264834,262390,262472
af5f9fe, 18-04-2016, 1, 263420,265169,264333,262966,262554
bc133ca, 19-04-2016, 1, 264167,266517,267026,264708,265841
ecc9138, 15-04-2016, 1, 265169,265546,266559,257794,264876
83e1769, 14-04-2016, 2, 124793,125569,126277,125418,126975
af5f9fe, 16-04-2016, 2, 126059,126392,125644,125908,125578
af5f9fe, 17-04-2016, 2, 126069,125409,125569,124701,125832
af5f9fe, 18-04-2016, 2, 124497,124942,124849,124905,124701
bc133ca, 19-04-2016, 2, 125804,125804,124821,125194,125418
ecc9138, 15-04-2016, 2, 125795,125428,126088,125653,125597
83e1769, 14-04-2016, 4, 114912,113667,114952,115418,115117
af5f9fe, 16-04-2016, 4, 115785,115395,113790,114395,115110
af5f9fe, 17-04-2016, 4, 115094,114575,114983,114325,113298
af5f9fe, 18-04-2016, 4, 115395,115236,114685,113344,114794
bc133ca, 19-04-2016, 4, 116121,114920,114434,115291,114583
ecc9138, 15-04-2016, 4, 115977,114740,114092,114873,115173
83e1769, 14-04-2016, 8, 99262,97912,98556,97582,97525
af5f9fe, 16-04-2016, 8, 101373,100276,100282,101318,101177
af5f9fe, 17-04-2016, 8, 101342,101165,100378,100613,98881
af5f9fe, 18-04-2016, 8, 100710,100318,99876,100511,101226
bc133ca, 19-04-2016, 8, 100916,100589,100831,100673,101483
ecc9138, 15-04-2016, 8, 99045,101055,101502,100571,100049
83e1769, 14-04-2016, 16, 88740,89843,89089,87077,87118
af5f9fe, 16-04-2016, 16, 92396,92289,93310,92723,91106
af5f9fe, 17-04-2016, 16, 91285,89226,89713,89564,89051
af5f9fe, 18-04-2016, 16, 92279,90648,89293,88208,90341
bc133ca, 19-04-2016, 16, 92589,92538,90864,91027,90263
ecc9138, 15-04-2016, 16, 93041,91379,91905,90855,90560
4deadba, 20-04-2016, 1, 268092,265252,263461,263172,266390
4deadba, 20-04-2016, 2, 126211,125390,126640,126831,125927
4deadba, 20-04-2016, 4, 115753,115593,116533,115921,116323
4deadba, 20-04-2016, 8, 101257,100897,100812,101086,100740
4deadba, 20-04-2016, 16, 93727,90742,90312,90084,87779
4deadba, 21-04-2016, 1, 267068,267281,266728,267707,265504
4deadba, 21-04-2016, 2, 126515,125927,126220,125946,125400
4deadba, 21-04-2016, 4, 115729,115625,115769,115753,115817
4deadba, 21-04-2016, 8, 101092,101312,101092,100372,101220
4deadba, 21-04-2016, 16, 90845,89949,90468,89070,89891
4deadba, 22-04-2016, 1, 266263,265378,266347,268693,266856
4deadba, 22-04-2016, 2, 127467,125634,125437,125091,124303
4deadba, 22-04-2016, 4, 116250,115777,115593,115498,114952
4deadba, 22-04-2016, 8, 99221,101098,101074,100547,101600
4deadba, 22-04-2016, 16, 91669,91439,90234,92959,91654
66c6f1e, 24-04-2016, 1, 266898,265294,264625,267111,265588
e31e052, 23-04-2016, 1, 262267,262226,259870,261531,258628
66c6f1e, 24-04-2016, 2, 125334,124257,124248,125156,124506
e31e052, 23-04-2016, 2, 126097,125917,125965,126173,125493
66c6f1e, 24-04-2016, 4, 114606,112644,114380,114669,114881
e31e052, 23-04-2016, 4, 116009,115929,115841,115625,114559
66c6f1e, 24-04-2016, 8, 101141,100324,99852,99858,101055
e31e052, 23-04-2016, 8, 100849,101013,101037,100390,100565
66c6f1e, 24-04-2016, 16, 91865,90840,91344,91464,92218
e31e052, 23-04-2016, 16, 92021,90600,92233,91285,92248
66c6f1e, 25-04-2016, 1, 262883,266263,265085,264625,264541
66c6f1e, 25-04-2016, 2, 125428,124719,124636,125493,125231
66c6f1e, 25-04-2016, 4, 114708,114802,115355,113559,115323
66c6f1e, 25-04-2016, 8, 100819,101128,100734,100318,101141
66c6f1e, 25-04-2016, 16, 90103,91669,91739,91479,92564
179fc55, 26-04-2016, 1, 262925,255555,263503,265799,267111
179fc55, 26-04-2016, 2, 125512,126392,125738,126458,125653
179fc55, 26-04-2016, 4, 115086,115062,114146,113421,114177
179fc55, 26-04-2016, 8, 101086,100420,100523,101055,101631
179fc55, 26-04-2016, 16, 93295,92913,91774,91654,91644
a360618, 27-04-2016, 1, 261735,264959,266517,265630,262842
a360618, 27-04-2016, 2, 125484,125278,124331,124691,124896
a360618, 27-04-2016, 4, 114897,115046,114638,115133,113168
a360618, 27-04-2016, 8, 101287,100318,101171,100547,100879
a360618, 27-04-2016, 16, 91890,91890,91086,91629,90653
1f71923, 28-04-2016, 1, 266983,266432,263131,262925,264416
1f71923, 28-04-2016, 2, 125710,125456,124951,125634,125026
1f71923, 28-04-2016, 4, 114544,115585,114201,115031,115593
1f71923, 28-04-2016, 8, 100408,100661,99675,100270,101238
1f71923, 28-04-2016, 16, 91604,91769,90810,91131,92661
1f71923, 29-04-2016, 1, 264876,266178,266898,266390,270034
1f71923, 29-04-2016, 2, 125475,125710,126296,126477,126059
1f71923, 29-04-2016, 4, 115546,115315,115585,115482,115857
1f71923, 29-04-2016, 8, 101251,100157,100728,100885,101049
1f71923, 29-04-2016, 16, 91945,91794,91077,92096,91419
8ac768e, 30-04-2016, 1, 261124,259348,266052,264000,264375
8ac768e, 30-04-2016, 2, 126173,125203,126107,125325,125700
8ac768e, 30-04-2016, 4, 115086,114606,114850,114842,114685
8ac768e, 30-04-2016, 8, 99971,100916,100819,100180,101001
8ac768e, 30-04-2016, 16, 92289,90580,90825,90983,91479
8ac768e, 01-05-2016, 1, 261083,261980,253624,261490,257477
8ac768e, 01-05-2016, 2, 125456,125522,126668,125823,125203
8ac768e, 01-05-2016, 4, 115577,115753,114905,115125,115023
8ac768e, 01-05-2016, 8, 101116,100312,100976,100879,100402
8ac768e, 01-05-2016, 16, 91549,90702,89179,91534,91875
8ac768e, 02-05-2016, 1, 268693,266644,266983,268521,261043
f0bd292, 02-05-2016, 1, 261980,262636,259068,259268,261246
8ac768e, 02-05-2016, 2, 126802,127264,127014,125315,126487
f0bd292, 02-05-2016, 2, 126258,126344,125194,125119,125965
8ac768e, 02-05-2016, 4, 116573,115673,116041,115737,115617
f0bd292, 02-05-2016, 4, 116025,115633,115387,114968,115474
8ac768e, 02-05-2016, 8, 101202,101330,101446,101853,101606
f0bd292, 02-05-2016, 8, 100157,100970,100619,101013,100408
8ac768e, 02-05-2016, 16, 92892,91315,92284,90766,89823
f0bd292, 02-05-2016, 16, 91344,90874,91654,92001,90820
195eabb, 03-05-2016, 1, 264917,262226,264416,268007,265420
195eabb, 03-05-2016, 2, 126382,127042,126021,125785,125861
195eabb, 03-05-2016, 4, 114889,115561,115761,114983,115801
195eabb, 03-05-2016, 8, 98975,100390,100964,100849,100595
195eabb, 03-05-2016, 16, 91419,90776,92995,91584,91880
d3b42ee, 04-05-2016, 1, 264083,266390,264959,262308,264125
d3b42ee, 04-05-2016, 2, 125072,124877,125531,126640,126707
d3b42ee, 04-05-2016, 4, 115125,115577,115371,114952,115031
d3b42ee, 04-05-2016, 8, 100698,98527,99912,100903,100806
d3b42ee, 04-05-2016, 16, 92370,91824,92274,92452,91484
ae974a4, 05-05-2016, 1, 264042,268307,267323,266686,263544
ae974a4, 05-05-2016, 2, 126831,126392,126649,126239,127293
ae974a4, 05-05-2016, 4, 115697,115985,116411,116436,116339
ae974a4, 05-05-2016, 8, 98574,101330,101165,101128,101711
ae974a4, 05-05-2016, 16, 92472,90998,91369,90555,91624
0282595, 06-05-2016, 1, 266052,255594,262678,265672,265588
0282595, 06-05-2016, 2, 125026,125372,125766,125026,126078
0282595, 06-05-2016, 4, 115204,115260,114614,113976,114794
0282595, 06-05-2016, 8, 100180,101299,98118,100940,100468
0282595, 06-05-2016, 16, 89660,92107,92056,91779,90297
2458685, 07-05-2016, 1, 255945,262513,264625,264917,265672
2458685, 07-05-2016, 2, 122910,123235,123000,123562,122640
2458685, 07-05-2016, 4, 114310,114364,113721,114567,114583
2458685, 07-05-2016, 8, 100764,100746,99645,101385,100025
2458685, 07-05-2016, 16, 92467,89065,90634,92309,91604
2458685, 08-05-2016, 1, 266517,262226,264167,265883,263917
2458685, 08-05-2016, 2, 124092,122820,123698,124119,123480
2458685, 08-05-2016, 4, 116776,114131,115530,115657,115395
2458685, 08-05-2016, 8, 100982,100480,100162,101269,100988
2458685, 08-05-2016, 16, 92203,90904,91126,91569,91255
2458685, 09-05-2016, 1, 263793,264125,265799,262513,267366
a497393, 10-05-2016, 1, 265925,265883,263296,266009,265504
2458685, 09-05-2016, 2, 123644,124211,123045,124451,123036
a497393, 10-05-2016, 2, 122025,122408,122721,121768,122069
2458685, 09-05-2016, 4, 115450,115196,115458,115284,115514
a497393, 10-05-2016, 4, 114069,113983,115117,114630,114489
2458685, 09-05-2016, 8, 101135,101165,101061,101625,100982
a497393, 10-05-2016, 8, 100849,101037,100770,101465,101019
2458685, 09-05-2016, 16, 90751,89378,90648,91151,92086
a497393, 10-05-2016, 16, 90805,91042,91920,90468,88604
fbee2ee, 11-05-2016, 1, 265378,266094,265799,264750,265001
fbee2ee, 11-05-2016, 2, 122363,123644,122901,122238,122087
fbee2ee, 11-05-2016, 4, 114341,114061,114912,114473,114622
fbee2ee, 11-05-2016, 8, 101232,100139,101625,100710,100995
fbee2ee, 11-05-2016, 16, 90658,91141,90948,91434,91514
1c0e89a, 12-05-2016, 1, 264000,267068,262472,267494,268092
a23877b, 13-05-2016, 1, 259951,261735,260637,263296,262185
1c0e89a, 12-05-2016, 2, 124951,125110,123090,124285,125306
a23877b, 13-05-2016, 2, 123054,124497,124055,124193,123353
1c0e89a, 12-05-2016, 4, 117776,117611,115538,118266,117504
a23877b, 13-05-2016, 4, 116971,117184,117611,117488,116670
1c0e89a, 12-05-2016, 8, 102720,102569,102802,103493,102619
a23877b, 13-05-2016, 8, 102344,102256,102544,102463,101196
1c0e89a, 12-05-2016, 16, 91724,91052,90761,91205,90472
a23877b, 13-05-2016, 16, 90161,90370,89886,91037,90565
b60677b, 14-05-2016, 1, 259749,258190,262801,261572,261246
b60677b, 14-05-2016, 2, 125484,125007,125418,125203,125212
b60677b, 14-05-2016, 4, 118425,118108,118483,117942,118324
b60677b, 14-05-2016, 8, 103086,103232,102494,102991,103206
b60677b, 14-05-2016, 16, 91111,90688,90629,90565,90707
16d9cd8, 16-05-2016, 1, 259148,259669,261898,264083,258071
f790834, 17-05-2016, 1, 265169,262062,262883,253471,263255
f790834, 18-05-2016, 1, 260193,261980,262226,264834,259749
16d9cd8, 16-05-2016, 2, 123108,124395,124165,124129,124138
f790834, 17-05-2016, 2, 122946,124129,123362,123982,123918
f790834, 18-05-2016, 2, 123854,123607,123407,124119,122982
16d9cd8, 16-05-2016, 4, 116980,117578,116980,116662,117471
f790834, 17-05-2016, 4, 115825,115777,114092,115937,115189
f790834, 18-05-2016, 4, 117595,117061,117661,117570,117967
16d9cd8, 16-05-2016, 8, 101971,100728,103435,102531,102014
f790834, 17-05-2016, 8, 100867,100934,101779,101575,101502
f790834, 18-05-2016, 8, 102814,104759,102444,102544,102107
16d9cd8, 16-05-2016, 16, 92198,91230,90737,91744,90712
f790834, 17-05-2016, 16, 90007,90815,89670,90103,91499
f790834, 18-05-2016, 16, 90840,90810,89431,90433,90963
33fe0c1, 19-05-2016, 1, 264708,265294,261043,264583,265210
33fe0c1, 19-05-2016, 2, 124405,124037,124580,123726,124562
33fe0c1, 19-05-2016, 4, 117636,116971,116898,117414,117307
33fe0c1, 19-05-2016, 8, 102575,102877,102313,102033,101508
33fe0c1, 19-05-2016, 16, 90786,90747,91096,90953,90801
33fe0c1, 20-05-2016, 1, 262595,264583,267451,264208,262801
33fe0c1, 20-05-2016, 2, 124009,123036,124046,123453,123489
33fe0c1, 20-05-2016, 4, 117143,117751,117045,118450,118025
33fe0c1, 20-05-2016, 8, 102325,100849,103086,103213,102928
33fe0c1, 20-05-2016, 16, 90472,90482,90268,91364,90307
33fe0c1, 21-05-2016, 1, 262144,261898,261531,261572,261653
33fe0c1, 21-05-2016, 2, 121892,121609,124009,122865,121556
33fe0c1, 21-05-2016, 4, 115761,115299,114818,115633,113138
33fe0c1, 21-05-2016, 8, 101422,101159,98870,101520,100228
33fe0c1, 21-05-2016, 16, 90326,90482,89823,89440,89737
33fe0c1, 22-05-2016, 1, 264750,264167,261083,265001,263876
33fe0c1, 23-05-2016, 1, 258151,263213,259268,261694,260840
7611b5f, 24-05-2016, 1, 262966,262883,258310,262842,264208
77631d8, 25-05-2016, 1, 265462,264375,262760,265799,258988
77631d8, 26-05-2016, 1, 263917,263131,261002,262308,259268
b890054, 27-05-2016, 1, 262595,263420,261980,261572,259388
33fe0c1, 22-05-2016, 2, 123108,124877,124147,123680,124534
33fe0c1, 23-05-2016, 2, 122847,122007,121963,122874,121750
7611b5f, 24-05-2016, 2, 122632,121812,122506,123498,123616
77631d8, 25-05-2016, 2, 123362,123717,123835,123507,123726
77631d8, 26-05-2016, 2, 123954,123680,123982,124248,124009
b890054, 27-05-2016, 2, 122910,122614,122847,123326,123244
33fe0c1, 22-05-2016, 4, 116670,116145,116266,116484,115078
33fe0c1, 23-05-2016, 4, 116041,116298,115657,116444,116121
7611b5f, 24-05-2016, 4, 114278,116436,115945,116638,116323
77631d8, 25-05-2016, 4, 117446,117307,116379,116371,116234
77631d8, 26-05-2016, 4, 117217,117364,117992,117299,117446
b890054, 27-05-2016, 4, 114826,117127,117208,117200,117102
33fe0c1, 22-05-2016, 8, 101232,101631,101031,101668,101312
33fe0c1, 23-05-2016, 8, 102033,101342,101680,101668,101520
7611b5f, 24-05-2016, 8, 101619,100946,101122,101055,101391
77631d8, 25-05-2016, 8, 102657,101971,102663,102070,101834
77631d8, 26-05-2016, 8, 99680,101600,101049,102219,102238
b890054, 27-05-2016, 8, 101952,102244,101779,101884,101909
33fe0c1, 22-05-2016, 16, 91295,91116,90894,90634,90438
33fe0c1, 23-05-2016, 16, 89541,91136,90502,89872,90697
7611b5f, 24-05-2016, 16, 90356,89987,90761,89963,90147
77631d8, 25-05-2016, 16, 90644,92299,90512,90385,90463
77631d8, 26-05-2016, 16, 89737,90031,90791,91925,90326
b890054, 27-05-2016, 16, 90820,90302,92223,90497,89953
add260b, 28-05-2016, 1, 263089,265294,259068,266898,266136
add260b, 28-05-2016, 2, 123353,122452,122452,123362,123063
add260b, 28-05-2016, 4, 115577,114567,115665,114936,115921
add260b, 28-05-2016, 8, 101299,100348,100300,101489,101459
add260b, 28-05-2016, 16, 90825,91499,91449,90278,91310
add260b, 29-05-2016, 1, 261898,262966,259348,254470,261980
add260b, 29-05-2016, 2, 121848,123845,122649,122865,123516
add260b, 29-05-2016, 4, 115023,116073,115905,114092,115498
add260b, 29-05-2016, 8, 101896,100728,101348,99503,101299
add260b, 29-05-2016, 16, 89785,91136,90727,91664,90835
add260b, 30-05-2016, 1, 263959,263213,259790,266390,265169
add260b, 30-05-2016, 2, 124322,124322,123708,124193,122578
add260b, 30-05-2016, 4, 115426,116500,116218,117414,116646
add260b, 30-05-2016, 8, 101797,102607,101915,102625,102263
add260b, 30-05-2016, 16, 91589,90570,90021,91250,91265
add260b, 31-05-2016, 1, 264375,263379,259108,264876,263834
add260b, 31-05-2016, 2, 123717,121795,123181,123416,123063
add260b, 31-05-2016, 4, 115929,116065,115681,115785,116857
add260b, 31-05-2016, 8, 101434,101355,101502,101649,101061
add260b, 31-05-2016, 16, 91779,91082,91389,91794,91230
add260b, 01-06-2016, 1, 261002,261490,259228,257083,264042
add260b, 01-06-2016, 2, 121636,123181,123562,122955,122132
add260b, 01-06-2016, 4, 116573,115554,115236,116379,114881
add260b, 01-06-2016, 8, 101502,101717,102051,101244,102008
add260b, 01-06-2016, 16, 90614,90084,91235,91819,92687
2dc76fa, 02-06-2016, 1, 258868,262636,261205,259468,255945
2dc76fa, 02-06-2016, 2, 123262,122078,123954,122919,123480
2dc76fa, 02-06-2016, 4, 116186,116557,116033,115793,116097
2dc76fa, 02-06-2016, 8, 102225,100922,101557,101754,101995
2dc76fa, 02-06-2016, 16, 90978,90864,90210,89584,91260
8f4c433, 03-06-2016, 1, 259348,258828,258549,254625,257043
8f4c433, 03-06-2016, 2, 121600,122426,121442,122096,121039
8f4c433, 03-06-2016, 4, 114395,115506,114208,115291,115007
8f4c433, 03-06-2016, 8, 101983,101001,101013,101147,101736
8f4c433, 03-06-2016, 16, 90011,90830,91230,89838,91285
8f4c433, 04-06-2016, 1, 254393,261165,260556,261735,262226
8f4c433, 04-06-2016, 2, 123762,122194,123534,121671,122542
8f4c433, 04-06-2016, 4, 114944,115769,115046,115490,114497
8f4c433, 04-06-2016, 8, 101582,99728,101306,100438,100258
8f4c433, 04-06-2016, 16, 90978,90409,90205,90268,90904
8f4c433, 05-06-2016, 1, 260475,256689,259308,260112,261817
8f4c433, 05-06-2016, 2, 121874,122847,123208,122892,121874
8f4c433, 05-06-2016, 4, 114944,114177,115474,115649,115769
8f4c433, 05-06-2016, 8, 101619,101391,101165,102157,101946
8f4c433, 05-06-2016, 16, 90776,89809,91052,92223,90399
8f4c433, 06-06-2016, 1, 263544,262021,261653,261735,259991
8f4c433, 06-06-2016, 2, 122417,122560,122820,122221,122408
8f4c433, 06-06-2016, 4, 115713,115315,115625,115220,115395
8f4c433, 06-06-2016, 8, 99521,101220,100946,100782,101397
8f4c433, 06-06-2016, 16, 89478,91824,90394,91002,91285
f5d8e0b, 07-06-2016, 1, 262308,260435,260072,261287,260193
f5d8e0b, 07-06-2016, 2, 122203,123226,123000,122087,123544
f5d8e0b, 07-06-2016, 4, 115721,115641,115777,116089,115315
f5d8e0b, 07-06-2016, 8, 101263,101674,101471,101631,100601
f5d8e0b, 07-06-2016, 16, 90016,91584,91414,90963,89245
e68ee5c, 09-06-2016, 1, 258429,258708,255789,258828,263213
f5d8e0b, 08-06-2016, 1, 256063,263213,260233,260556,258389
e68ee5c, 09-06-2016, 2, 124193,122229,123371,123307,123262
f5d8e0b, 08-06-2016, 2, 123790,123462,124961,124147,124728
e68ee5c, 09-06-2016, 4, 116727,116234,117184,116355,117176
f5d8e0b, 08-06-2016, 4, 118383,117578,117135,115466,117078
e68ee5c, 09-06-2016, 8, 101729,101545,102225,101803,101729
f5d8e0b, 08-06-2016, 8, 102008,102494,102256,101915,102306
e68ee5c, 09-06-2016, 16, 88825,91032,91409,90497,90127
f5d8e0b, 08-06-2016, 16, 89852,90555,89852,90796,90983
62f94d4, 10-06-2016, 1, 261490,258270,263420,259749,261124
62f94d4, 10-06-2016, 2, 122721,123317,123217,123744,122865
62f94d4, 10-06-2016, 4, 116711,117004,117192,117078,116436
62f94d4, 10-06-2016, 8, 102381,101890,100222,102450,102394
62f94d4, 10-06-2016, 16, 90958,91429,89345,90825,89165
62f94d4, 11-06-2016, 1, 262636,263959,260193,261735,260921
62f94d4, 11-06-2016, 2, 123708,123909,124248,123199,123489
62f94d4, 11-06-2016, 4, 117834,117249,116711,117151,117159
62f94d4, 11-06-2016, 8, 102638,102256,102200,102175,102313
62f94d4, 11-06-2016, 16, 92001,89795,91689,91141,90722
62f94d4, 12-06-2016, 1, 261653,262226,261817,261694,261653
62f94d4, 12-06-2016, 2, 124589,123644,123689,123217,124156
62f94d4, 12-06-2016, 4, 115506,116963,117102,117110,116776
62f94d4, 12-06-2016, 8, 101859,102256,102663,102033,102419
62f94d4, 12-06-2016, 16, 90365,89732,90123,90098,90639
01193c4, 14-06-2016, 1, 263337,261653,261694,259468,261898
01193c4, 14-06-2016, 2, 122479,123298,122497,121512,123371
01193c4, 14-06-2016, 4, 117438,117127,117340,117463,116971
01193c4, 14-06-2016, 8, 101293,102107,102657,102419,102928
01193c4, 14-06-2016, 16, 90103,91684,91260,90287,90697
d523ab3, 15-06-2016, 1, 260273,257715,261490,260921,260678
d523ab3, 15-06-2016, 2, 122238,122061,123090,123090,122542
d523ab3, 15-06-2016, 4, 116784,116484,117884,117323,117520
d523ab3, 15-06-2016, 8, 103067,102444,102200,102588,102419
d523ab3, 15-06-2016, 16, 90924,91599,91200,89383,90292
51f9a57, 16-06-2016, 1, 261327,263503,261776,260880,258270
51f9a57, 16-06-2016, 2, 123662,123317,123099,121919,121848
51f9a57, 16-06-2016, 4, 117512,116727,118141,116371,115865
51f9a57, 16-06-2016, 8, 102902,102132,102250,102450,100541
51f9a57, 16-06-2016, 16, 91759,90045,89046,91190,90810
2db5940, 17-06-2016, 1, 263461,262966,262760,258788,261817
2db5940, 17-06-2016, 2, 121618,123271,120795,122354,123726
2db5940, 17-06-2016, 4, 116081,116009,116589,115985,116001
2db5940, 17-06-2016, 8, 102431,102500,102506,102057,102688
2db5940, 17-06-2016, 16, 92021,93492,91539,90065,91474
00e2783, 18-06-2016, 1, 261858,266644,261002,259508,261205
d21981c, 19-06-2016, 1, 260597,259669,264917,256650,259951
00e2783, 18-06-2016, 2, 122435,123416,123453,122506,123616
d21981c, 19-06-2016, 2, 121689,122444,122730,123217,123208
00e2783, 18-06-2016, 4, 117389,117455,117225,116841,117768
d21981c, 19-06-2016, 4, 116589,116841,115857,116687,117192
00e2783, 18-06-2016, 8, 102039,102909,102764,102157,103365
d21981c, 19-06-2016, 8, 102132,102381,101748,100228,102338
00e2783, 18-06-2016, 16, 89274,91062,91240,92137,91319
d21981c, 19-06-2016, 16, 92564,92218,89963,91439,92815
d4c5ae3, 20-06-2016, 1, 258469,263834,265336,266263,257438
d4c5ae3, 20-06-2016, 2, 122444,122919,123362,123344,122820
d4c5ae3, 20-06-2016, 4, 117710,116776,117983,117619,116339
d4c5ae3, 20-06-2016, 8, 102232,102425,103048,102795,102450
d4c5ae3, 20-06-2016, 16, 91439,90933,91534,91704,91414
ce65452, 21-06-2016, 1, 265715,265715,262431,263461,263668
ce65452, 21-06-2016, 2, 122667,123235,124248,122991,121892
ce65452, 21-06-2016, 4, 117958,116744,117110,117102,116630
ce65452, 21-06-2016, 8, 101692,102563,101674,102651,102726
ce65452, 21-06-2016, 16, 92309,90707,90786,93000,91260
ce65452, 22-06-2016, 1, 267068,259348,259589,264876,263213
ce65452, 22-06-2016, 2, 123253,122676,124276,123489,122078
ce65452, 22-06-2016, 4, 116347,116679,117842,116395,117611
ce65452, 22-06-2016, 8, 102915,101810,103276,102607,101921
ce65452, 22-06-2016, 16, 91849,91324,90634,92687,92370
ce65452, 23-06-2016, 1, 258908,263710,262308,265546,263627
ce65452, 23-06-2016, 2, 122820,123253,122390,122649,122838
ce65452, 23-06-2016, 4, 117553,118008,117004,117110,116323
ce65452, 23-06-2016, 8, 102494,102839,102450,102739,102213
ce65452, 23-06-2016, 16, 91394,91814,91970,92132,91067
2057dde, 29-06-2016, 1, 299486,302893,304431,307500,306545
2057dde, 29-06-2016, 2, 123126,123698,122901,122829,121963
2057dde, 29-06-2016, 4, 117208,116646,116800,117710,116670
2057dde, 29-06-2016, 8, 102394,101379,102795,102107,101902
2057dde, 29-06-2016, 16, 91339,90468,91329,90050,90879
0695d13, 30-06-2016, 1, 304597,301586,307500,295374,308291
0695d13, 30-06-2016, 2, 124423,123662,124202,123762,122874
0695d13, 30-06-2016, 4, 117004,116931,116703,116339,116752
0695d13, 30-06-2016, 8, 101557,101909,102026,101410,101600
0695d13, 30-06-2016, 16, 91091,90688,90697,91794,90516
0b8f766, 01-07-2016, 1, 304874,304211,307952,310287,304211
0b8f766, 01-07-2016, 2, 124239,123973,123753,123973,123735
0b8f766, 01-07-2016, 4, 117512,117545,116403,116622,116290
0b8f766, 01-07-2016, 8, 100198,101171,100746,101251,101502
0b8f766, 01-07-2016, 16, 90653,91424,90938,90007,91082
7f5479d, 02-07-2016, 1, 263751,263296,258549,265252,264000
7f5479d, 02-07-2016, 2, 124000,122061,124294,123208,123145
7f5479d, 02-07-2016, 4, 116403,117200,117702,117208,117200
7f5479d, 02-07-2016, 8, 101410,101729,100819,102138,100740
7f5479d, 02-07-2016, 16, 90958,90771,90771,90215,90943
7f5479d, 03-07-2016, 1, 307500,299807,306154,305373,307331
7f5479d, 03-07-2016, 2, 124165,123117,123544,122856,123172
7f5479d, 03-07-2016, 4, 116857,117053,116420,116825,117282
7f5479d, 03-07-2016, 8, 101859,101287,101061,101736,101766
7f5479d, 03-07-2016, 16, 90186,89593,91359,90302,91086
7f5479d, 04-07-2016, 1, 305207,300829,322577,304376,304597
7f5479d, 04-07-2016, 2, 123425,122730,123698,122829,122461
7f5479d, 04-07-2016, 4, 117520,116565,117012,116638,117168
7f5479d, 04-07-2016, 8, 101220,101717,101471,101001,101367
7f5479d, 04-07-2016, 16, 91875,91166,90132,91250,91724
7f5479d, 05-07-2016, 1, 259508,259428,258151,263131,262636
7f5479d, 05-07-2016, 2, 122874,122444,124747,124460,124092
7f5479d, 05-07-2016, 4, 116914,116307,116809,116436,117184
7f5479d, 05-07-2016, 8, 101539,101508,101637,100679,100547
7f5479d, 05-07-2016, 16, 90693,91017,92142,90727,91854
338665f, 06-07-2016, 1, 303825,304929,298209,304266,300237
338665f, 06-07-2016, 2, 123662,123753,123708,124110,123625
338665f, 06-07-2016, 4, 116581,116996,116484,116679,117397
338665f, 06-07-2016, 8, 100613,101729,101189,100360,102238
338665f, 06-07-2016, 16, 91225,90879,90404,90884,91854
0430db5, 07-07-2016, 1, 260233,260435,258988,258708,257240
0430db5, 07-07-2016, 2, 123407,123653,123973,124037,123799
0430db5, 07-07-2016, 4, 117356,115865,116849,116898,116065
0430db5, 07-07-2016, 8, 101324,101293,100934,101404,99811
0430db5, 07-07-2016, 16, 92006,90825,91910,91870,92056
80e6635, 08-07-2016, 1, 260759,263007,263585,257319,259348
80e6635, 08-07-2016, 2, 123407,124970,123808,123826,123434
80e6635, 08-07-2016, 4, 117307,116298,116841,117644,117086
80e6635, 08-07-2016, 8, 101723,101263,101754,101594,102225
80e6635, 08-07-2016, 16, 90737,91599,89814,91764,90924
8b2feb8, 09-07-2016, 1, 299861,302783,310517,308122,299219
8b2feb8, 09-07-2016, 2, 124432,123863,122605,124303,123018
8b2feb8, 09-07-2016, 4, 116622,116638,116882,117061,116436
8b2feb8, 09-07-2016, 8, 101588,101355,100661,101440,101361
8b2feb8, 09-07-2016, 16, 90904,90487,91905,91210,89560
8b2feb8, 10-07-2016, 1, 300667,306769,310919,299914,307613
8b2feb8, 10-07-2016, 2, 123271,124119,123434,124230,123000
8b2feb8, 10-07-2016, 4, 116234,117151,115793,117348,117127
8b2feb8, 10-07-2016, 8, 101385,102463,101244,101269,101061
8b2feb8, 10-07-2016, 16, 91384,90904,90943,90278,90317
8b2feb8, 11-07-2016, 1, 317090,311323,311035,319444,312250
8b2feb8, 11-07-2016, 2, 123544,122061,124368,122176,124719
8b2feb8, 11-07-2016, 4, 117545,117053,117225,117143,116963
8b2feb8, 11-07-2016, 8, 101312,101244,101865,101520,100710
8b2feb8, 11-07-2016, 16, 90820,92365,91002,91260,91062
ee66493, 12-07-2016, 1, 308461,305207,306601,307106,304431
ee66493, 12-07-2016, 2, 124728,123863,122649,122390,122310
ee66493, 12-07-2016, 4, 117884,116809,117967,117520,117340
ee66493, 12-07-2016, 8, 101453,102294,101952,101416,100595
ee66493, 12-07-2016, 16, 91459,89617,89155,91339,91205
ee66493, 14-07-2016, 1, 312600,306657,300398,299486,298793
ee66493, 14-07-2016, 2, 124858,123453,123635,122488,123444
ee66493, 14-07-2016, 4, 116792,116817,116298,116379,115110
ee66493, 14-07-2016, 8, 101545,100294,101890,101841,101582
ee66493, 14-07-2016, 16, 90993,90815,89925,91106,90600
ee66493, 15-07-2016, 1, 305373,300237,308178,303990,303550
ee66493, 15-07-2016, 2, 124248,124617,124046,124331,123680
ee66493, 15-07-2016, 4, 116914,116874,115681,117315,116371
ee66493, 15-07-2016, 8, 101847,101263,101385,100667,102144
ee66493, 15-07-2016, 16, 90673,90433,90668,91141,90590
ee66493, 16-07-2016, 1, 305040,306377,323260,311323,314121
ee66493, 16-07-2016, 2, 123735,121416,125653,125946,125063
ee66493, 16-07-2016, 4, 117299,117760,117537,117094,116735
ee66493, 16-07-2016, 8, 101884,102288,101055,102144,100601
ee66493, 16-07-2016, 16, 90727,91789,89703,90443,91384
ee66493, 17-07-2016, 1, 296103,320237,306657,297205,303276
ee66493, 17-07-2016, 2, 123262,124018,122838,124488,120917
ee66493, 17-07-2016, 4, 116089,117118,116282,117249,116411
ee66493, 17-07-2016, 8, 101232,100861,102126,102057,101471
ee66493, 17-07-2016, 16, 90326,90541,90390,90776,89255
ee66493, 18-07-2016, 1, 300667,303057,308802,306489,327936
ee66493, 18-07-2016, 2, 124138,123380,124617,122910,124552
ee66493, 18-07-2016, 4, 116939,116500,117430,116492,116971
ee66493, 18-07-2016, 8, 101625,102381,101128,101921,101520
ee66493, 18-07-2016, 16, 90074,91032,90771,90142,90590
ee66493, 19-07-2016, 1, 261490,261613,258349,261694,259428
ee66493, 19-07-2016, 2, 122694,123689,123407,124497,124193
ee66493, 19-07-2016, 4, 116711,116768,117389,117094,117208
ee66493, 19-07-2016, 8, 101483,100861,101643,101459,101902
ee66493, 19-07-2016, 16, 90727,91389,89512,90234,91111
5f33d69, 20-07-2016, 1, 296522,282302,311323,298262,297679
5f33d69, 20-07-2016, 2, 124009,123326,123817,123181,123982
5f33d69, 20-07-2016, 4, 117118,116784,118041,117595,117735
5f33d69, 20-07-2016, 8, 100940,101723,101779,101471,101563
5f33d69, 20-07-2016, 16, 90953,91804,90820,92193,90137
590e753, 21-07-2016, 1, 310230,302074,302292,296156,292949
590e753, 21-07-2016, 2, 121645,123045,124682,123117,123145
590e753, 21-07-2016, 4, 116226,116817,116784,116057,117282
590e753, 21-07-2016, 8, 101061,101582,102182,101055,102033
590e753, 21-07-2016, 16, 92152,92467,91664,91052,91769
33f8a46, 23-07-2016, 1, 302020,300398,308688,304763,304266
33f8a46, 23-07-2016, 2, 123909,122865,122739,123280,122865
33f8a46, 23-07-2016, 4, 115514,114007,116105,115865,114505
33f8a46, 23-07-2016, 8, 101736,101080,100928,99817,100559
33f8a46, 23-07-2016, 16, 89944,90771,92671,91037,91136
33f8a46, 24-07-2016, 1, 261939,260193,260435,261776,261653
33f8a46, 24-07-2016, 2, 125512,126154,126783,125738,125306
33f8a46, 24-07-2016, 4, 117094,117422,116727,117381,116025
33f8a46, 24-07-2016, 8, 101397,101153,100885,102113,101269
33f8a46, 24-07-2016, 16, 92051,93139,92416,91439,92431
33f8a46, 25-07-2016, 1, 313827,260718,261083,252175,261572
33f8a46, 25-07-2016, 2, 123708,123571,124636,123289,123872
33f8a46, 25-07-2016, 4, 117249,116614,117135,117389,117094
33f8a46, 25-07-2016, 8, 101748,101742,101729,101483,101275
33f8a46, 25-07-2016, 16, 91275,90801,92203,92482,92228
33f8a46, 26-07-2016, 1, 307331,301803,306713,308688,295062
33f8a46, 26-07-2016, 2, 123271,124037,123344,123845,122694
33f8a46, 26-07-2016, 4, 114255,116009,118550,116476,115953
33f8a46, 26-07-2016, 8, 98216,102400,100282,101971,100740
33f8a46, 26-07-2016, 16, 91324,91151,91444,90850,93088
33f8a46, 27-07-2016, 1, 260193,261124,263627,266517,264667
33f8a46, 27-07-2016, 2, 124423,124756,122874,123326,124119
33f8a46, 27-07-2016, 4, 117340,117045,117323,117233,116923
33f8a46, 27-07-2016, 8, 101723,101483,101471,101717,101655
33f8a46, 27-07-2016, 16, 92365,92959,92335,91235,92233
33f8a46, 28-07-2016, 1, 316611,307952,315480,317390,313593
33f8a46, 28-07-2016, 2, 122034,123181,123099,122667,123000
33f8a46, 28-07-2016, 4, 116857,114912,115633,115347,115204
33f8a46, 28-07-2016, 8, 101453,99609,101104,100504,99775
33f8a46, 28-07-2016, 16, 90864,91609,92051,91215,91714
b8b3256, 29-07-2016, 1, 255555,260962,259870,256180,262431
b8b3256, 29-07-2016, 2, 124285,124868,123918,123680,124046
b8b3256, 29-07-2016, 4, 116849,116980,116266,116492,116719
b8b3256, 29-07-2016, 8, 101055,99615,101896,100679,101177
b8b3256, 29-07-2016, 16, 90458,92380,92923,92006,91181
7d90701, 30-07-2016, 1, 258708,250070,258908,259148,260597
7d90701, 30-07-2016, 2, 123644,124266,124812,123854,125082
7d90701, 30-07-2016, 4, 116606,116363,116939,117110,117045
7d90701, 30-07-2016, 8, 101116,101110,101612,102095,100855
7d90701, 30-07-2016, 16, 92784,92692,91280,91769,92856
390c7c6, 01-08-2016, 1, 268521,264125,264959,266728,258908
390c7c6, 01-08-2016, 2, 115665,114912,115633,115220,115913
390c7c6, 01-08-2016, 4, 102909,103327,103397,102688,102827
390c7c6, 01-08-2016, 8, 86628,88385,87848,86103,87816
390c7c6, 01-08-2016, 16, 72422,76577,75140,74612,76205
1df19d5, 02-08-2016, 1, 250631,237604,245892,247964,237268
1df19d5, 03-08-2016, 1, 240120,283064,281875,283878,245245
1df19d5, 02-08-2016, 2, 118836,119004,118241,118651,118802
1df19d5, 03-08-2016, 2, 119598,118743,119072,119097,118844
1df19d5, 02-08-2016, 4, 105510,105557,105153,104779,104616
1df19d5, 03-08-2016, 4, 105750,105770,105743,105937,104923
1df19d5, 02-08-2016, 8, 89184,88858,89023,89407,88764
1df19d5, 03-08-2016, 8, 89402,89541,89212,89288,89117
1df19d5, 02-08-2016, 16, 78472,79093,77243,77446,78490
1df19d5, 03-08-2016, 16, 78175,76706,74417,77961,78439
9fd8f5b, 04-08-2016, 1, 243855,243997,247196,240189,243890
9fd8f5b, 04-08-2016, 2, 118475,118810,118760,118752,119241
9fd8f5b, 04-08-2016, 4, 104740,104349,105371,104362,104864
9fd8f5b, 04-08-2016, 8, 89507,89160,87619,89094,89598
9fd8f5b, 04-08-2016, 16, 75444,78903,77126,76991,77791
4af91c0, 05-08-2016, 1, 278368,280087,294751,283016,280931
4af91c0, 05-08-2016, 2, 118676,118383,118016,119004,117694
4af91c0, 05-08-2016, 4, 104956,105068,104006,103929,105193
4af91c0, 05-08-2016, 8, 88609,89374,89165,88768,89982
4af91c0, 05-08-2016, 16, 75939,78197,78044,76763,78538
1214788, 06-08-2016, 1, 276760,282969,276259,288169,280462
1214788, 06-08-2016, 2, 113551,114567,113713,113146,114232
1214788, 06-08-2016, 4, 100752,100583,101385,101238,101135
1214788, 06-08-2016, 8, 81681,81431,81697,81697,82403
1214788, 06-08-2016, 16, 75870,76343,72925,73912,74262
1214788, 07-08-2016, 1, 275805,283591,280555,283975,272667
1214788, 07-08-2016, 2, 114434,114201,113306,113161,114232
1214788, 07-08-2016, 4, 100849,101705,101202,100988,101232
1214788, 07-08-2016, 8, 81768,80874,81593,81609,81673
1214788, 07-08-2016, 16, 73568,74662,73177,76469,74091
1214788, 09-08-2016, 1, 287281,243501,241225,243466,244317
1214788, 09-08-2016, 2, 113230,113914,114763,112894,114818
1214788, 09-08-2016, 4, 101373,100812,101068,100897,100782
1214788, 09-08-2016, 8, 81399,81788,80247,82096,80800
1214788, 09-08-2016, 16, 74085,74023,74328,74281,74147
4950d4d, 10-08-2016, 1, 270994,281639,272579,279016,276214
4950d4d, 10-08-2016, 2, 114372,116727,117586,113513,113821
4950d4d, 10-08-2016, 4, 100109,100740,100619,101007,101214
4950d4d, 10-08-2016, 8, 81637,81768,81812,81788,81661
4950d4d, 10-08-2016, 16, 74945,74124,75491,74692,74364
aa47a24, 11-08-2016, 1, 270950,268650,271960,274766,276532
aa47a24, 11-08-2016, 2, 111699,111968,112553,113375,112788
aa47a24, 11-08-2016, 4, 99033,100819,100336,100770,100517
aa47a24, 11-08-2016, 8, 84935,81554,83257,80312,82350
aa47a24, 11-08-2016, 16, 78907,74367,75315,75227,74838
aa47a24, 12-08-2016, 1, 272800,287429,287232,286496,284553
aa47a24, 12-08-2016, 2, 114700,113138,113123,113406,114201
aa47a24, 12-08-2016, 4, 100426,101220,101520,101068,100240
aa47a24, 12-08-2016, 8, 81151,81748,87059,81159,79487
aa47a24, 12-08-2016, 16, 74486,74938,74212,74592,75641
730b630, 13-08-2016, 1, 281923,279667,274138,274496,277539
730b630, 13-08-2016, 2, 113513,113107,113452,113628,112894
730b630, 13-08-2016, 4, 101153,99971,100589,100607,100589
730b630, 13-08-2016, 8, 79922,81669,81053,81175,81159
730b630, 13-08-2016, 16, 74483,74062,73804,73762,74262
730b630, 15-08-2016, 1, 237234,278877,237469,236665,236799
730b630, 15-08-2016, 2, 113199,113115,112834,113153,112758
730b630, 15-08-2016, 4, 99971,100079,100348,100595,101680
730b630, 15-08-2016, 8, 82618,81884,81372,85760,82056
730b630, 15-08-2016, 16, 78681,76493,74506,78940,75621
99b8fc3, 16-08-2016, 1, 234024,241017,235734,237033,232082
99b8fc3, 16-08-2016, 2, 113252,112796,111729,113207,112365
99b8fc3, 16-08-2016, 4, 99550,101043,100661,99983,101287
99b8fc3, 16-08-2016, 8, 80266,81764,81356,81964,80243
99b8fc3, 16-08-2016, 16, 74755,74815,74301,74114,73951
99b8fc3, 17-08-2016, 1, 238516,233601,284891,240361,239880
99b8fc3, 17-08-2016, 2, 114255,114302,112667,113498,111811
99b8fc3, 17-08-2016, 4, 101080,101183,100831,101496,101147
99b8fc3, 17-08-2016, 8, 81558,81120,81253,83544,81514
99b8fc3, 17-08-2016, 16, 73756,75366,74672,74565,75956
8916138, 18-08-2016, 1, 277218,280368,280931,283303,276806
8916138, 18-08-2016, 2, 112940,112132,113836,113436,112963
8916138, 18-08-2016, 4, 100710,101177,99092,99894,100378
8916138, 18-08-2016, 8, 79377,81924,80393,80772,81724
8916138, 18-08-2016, 16, 73817,75946,74420,73091,75774
8916138, 19-08-2016, 1, 239846,238347,235338,240603,241607
8916138, 20-08-2016, 1, 238516,241538,239572,240499,240017
8916138, 19-08-2016, 2, 113567,111565,112561,111848,111997
8916138, 20-08-2016, 2, 115450,112644,113829,112985,112993
8916138, 19-08-2016, 4, 99527,101128,99580,99592,100198
8916138, 20-08-2016, 4, 100885,101061,102200,100728,99586
8916138, 19-08-2016, 8, 81218,80788,81748,81026,81968
8916138, 20-08-2016, 8, 82056,81328,85738,81494,80971
8916138, 19-08-2016, 16, 74278,74111,75319,73488,73905
8916138, 20-08-2016, 16, 76053,74262,77030,73804,77979
8916138, 21-08-2016, 1, 242902,244139,242305,240465,237335
8916138, 21-08-2016, 2, 114810,114084,113782,114881,114905
8916138, 21-08-2016, 4, 101557,100940,101859,101434,100661
8916138, 21-08-2016, 8, 81352,81210,81297,81112,81764
8916138, 21-08-2016, 16, 73951,73491,73097,74615,73078
8916138, 22-08-2016, 1, 238788,235206,239060,236199,235867
8916138, 22-08-2016, 2, 113115,114294,112087,113567,111152
8916138, 22-08-2016, 4, 100928,100270,100879,100456,99051
8916138, 22-08-2016, 8, 80991,78922,80928,80462,80807
8916138, 22-08-2016, 16, 73065,76619,73954,74147,74668
8916138, 23-08-2016, 1, 236399,238652,242061,241225,241956
8916138, 23-08-2016, 2, 112531,113375,111677,112743,111863
8916138, 23-08-2016, 4, 101141,100109,99609,102481,100276
8916138, 23-08-2016, 8, 81092,81856,80683,80075,81808
8916138, 23-08-2016, 16, 73510,73568,73011,73873,73382
8916138, 24-08-2016, 1, 277768,283351,280649,274182,282445
8916138, 24-08-2016, 2, 114216,114286,113875,113867,113452
8916138, 24-08-2016, 4, 101141,100535,100619,101147,101958
8916138, 24-08-2016, 8, 82213,81717,81601,81147,80936
8916138, 24-08-2016, 16, 73727,75052,75908,76472,74668
9570639, 25-08-2016, 1, 278738,282017,268264,282778,285618
9570639, 25-08-2016, 2, 113344,112925,113230,114045,111647
9570639, 25-08-2016, 4, 101822,99692,101342,101293,100837
9570639, 25-08-2016, 8, 81892,83097,80862,81788,82048
9570639, 25-08-2016, 16, 74539,74222,73681,74232,73824
99a7132, 26-08-2016, 1, 290918,282350,279294,283878,283303
99a7132, 26-08-2016, 2, 114857,114865,114661,114185,113130
99a7132, 26-08-2016, 4, 101293,101196,100897,101244,100270
99a7132, 26-08-2016, 8, 81792,81844,80730,79630,79846
99a7132, 26-08-2016, 16, 74469,74865,75312,73378,74715
b0a20fe, 28-08-2016, 1, 234548,233992,238822,238313,233438
b0a20fe, 28-08-2016, 2, 112463,112237,112629,112985,112932
b0a20fe, 28-08-2016, 4, 100619,99027,100964,99841,99918
b0a20fe, 28-08-2016, 8, 83886,81872,81625,81788,88712
b0a20fe, 28-08-2016, 16, 74055,78825,75867,74695,75163
c523338, 29-08-2016, 1, 276487,276578,271652,276578,273690
c523338, 29-08-2016, 2, 114975,115961,116009,114317,115929
c523338, 29-08-2016, 4, 105048,105404,105107,105897,105737
c523338, 29-08-2016, 8, 82965,83539,83253,83229,83544
c523338, 29-08-2016, 16, 75019,75607,75200,76462,75241
0e55479, 07-09-2016, 1, 283782,280837,282397,276123,278784
dcda22d, 01-09-2016, 1, 234286,238482,237739,232500,237772
dcda22d, 02-09-2016, 1, 235900,237335,236232,280790,231314
dcda22d, 03-09-2016, 1, 236499,238788,238822,239196,238177
dcda22d, 04-09-2016, 1, 234155,232629,237167,233796,229542
dcda22d, 05-09-2016, 1, 276214,286349,277035,279341,284891
dcda22d, 06-09-2016, 1, 276123,280837,268007,271828,277309
dcda22d, 30-08-2016, 1, 278321,274317,268564,274721,276578
dcda22d, 31-08-2016, 1, 273022,276168,277218,276259,275760
0e55479, 07-09-2016, 2, 114842,113559,115189,115276,114520
dcda22d, 01-09-2016, 2, 114240,114559,113767,114349,114661
dcda22d, 02-09-2016, 2, 115577,115284,116017,114700,115117
dcda22d, 03-09-2016, 2, 115713,115617,115721,115023,115577
dcda22d, 04-09-2016, 2, 114123,113636,113945,113551,113945
dcda22d, 05-09-2016, 2, 114999,115410,115769,115849,115125
dcda22d, 06-09-2016, 2, 114873,115689,114747,115094,115363
dcda22d, 30-08-2016, 2, 115953,114842,115023,115291,114732
dcda22d, 31-08-2016, 2, 113782,114092,113536,114341,113176
0e55479, 07-09-2016, 4, 104779,105232,104485,103974,104668
dcda22d, 01-09-2016, 4, 105325,105312,104681,104550,104590
dcda22d, 02-09-2016, 4, 106051,105457,105477,105180,105537
dcda22d, 03-09-2016, 4, 105790,106004,106178,106266,105930
dcda22d, 04-09-2016, 4, 104864,103845,104401,104661,103877
dcda22d, 05-09-2016, 4, 105068,105964,105930,105857,106171
dcda22d, 06-09-2016, 4, 105153,105797,106064,104897,106004
dcda22d, 30-08-2016, 4, 105259,105279,105385,105530,106077
dcda22d, 31-08-2016, 4, 103697,105404,104291,104219,103749
0e55479, 07-09-2016, 8, 82863,82004,83220,82520,83427
dcda22d, 01-09-2016, 8, 82108,82655,82411,82435,82056
dcda22d, 02-09-2016, 8, 83848,83229,82977,83544,83113
dcda22d, 03-09-2016, 8, 83694,83802,83756,82986,84046
dcda22d, 04-09-2016, 8, 82965,83229,84325,86530,83606
dcda22d, 05-09-2016, 8, 83589,83456,82589,83440,83886
dcda22d, 06-09-2016, 8, 83436,83694,84063,84189,83088
dcda22d, 30-08-2016, 8, 83798,83769,84257,83544,83999
dcda22d, 31-08-2016, 8, 82370,83377,82830,82193,82879
0e55479, 07-09-2016, 16, 75336,75015,75498,77536,74559
dcda22d, 01-09-2016, 16, 74032,73507,74516,74393,73720
dcda22d, 02-09-2016, 16, 74575,76664,74496,75136,75396
dcda22d, 03-09-2016, 16, 75498,76149,75322,75400,73951
dcda22d, 04-09-2016, 16, 78981,75005,75026,75891,76378
dcda22d, 05-09-2016, 16, 75244,75522,75194,75400,75713
dcda22d, 06-09-2016, 16, 75221,74838,80278,80082,74922
dcda22d, 30-08-2016, 16, 75346,74791,75846,76514,76685
dcda22d, 31-08-2016, 16, 74615,74868,74928,75977,74662
0f21c78, 08-09-2016, 1, 236000,233861,271081,234811,241156
0f21c78, 08-09-2016, 2, 114755,115260,115442,115625,114968
0f21c78, 08-09-2016, 4, 105757,106010,106583,105957,105371
0f21c78, 08-09-2016, 8, 83978,84130,83357,83544,83369
0f21c78, 08-09-2016, 16, 75929,75130,76277,74878,74433
0f21c78, 09-09-2016, 1, 236166,238042,232532,236565,232371
0f21c78, 09-09-2016, 2, 113176,114747,115260,115141,114968
0f21c78, 09-09-2016, 4, 103800,104792,104577,105259,104459
0f21c78, 09-09-2016, 8, 82265,82936,83556,83303,82945
0f21c78, 09-09-2016, 16, 84206,75970,75106,74872,73951
0f21c78, 10-09-2016, 1, 232565,237638,238076,235338,226413
0f21c78, 10-09-2016, 2, 114630,114669,115466,115141,116049
0f21c78, 10-09-2016, 4, 106071,105763,106454,105537,103384
0f21c78, 10-09-2016, 8, 83560,83585,84482,83995,83606
0f21c78, 10-09-2016, 16, 73765,76198,75356,75292,74838
0f21c78, 11-09-2016, 1, 237638,235966,239094,239503,234843
0f21c78, 11-09-2016, 2, 115220,115403,114434,115299,115371
0f21c78, 11-09-2016, 4, 106212,105431,105074,105717,105823
0f21c78, 11-09-2016, 8, 82687,82998,82233,83382,83899
0f21c78, 11-09-2016, 16, 76149,74324,74374,75133,75508
5cabaaa, 16-09-2016, 1, 235536,234581,238313,281167,233699
8b59627, 21-09-2016, 1, 272181,230172,228697,226689,227334
e47e854, 14-09-2016, 1, 237402,237234,238380,229009,236899
5cabaaa, 16-09-2016, 2, 112012,111655,111833,114278,114278
8b59627, 21-09-2016, 2, 108809,108457,109291,108233,109333
e47e854, 14-09-2016, 2, 115753,114622,115212,114968,115284
5cabaaa, 16-09-2016, 4, 104278,103909,104206,103238,105180
8b59627, 21-09-2016, 4, 100885,101165,100837,101019,101459
e47e854, 14-09-2016, 4, 104472,105677,105750,105074,105365
5cabaaa, 16-09-2016, 8, 82431,85030,83991,83498,85751
8b59627, 21-09-2016, 8, 89852,89727,88660,88782,90443
e47e854, 14-09-2016, 8, 82928,83731,84075,82468,83060
5cabaaa, 16-09-2016, 16, 75319,74579,74928,75400,73043
8b59627, 21-09-2016, 16, 78567,78406,77651,79149,78763
e47e854, 14-09-2016, 16, 73488,75396,74364,75891,75925
073e752, 23-09-2016, 1, 264208,263544,255633,259830,265169
e75cba7, 22-09-2016, 1, 274003,230109,230646,230045,271608
073e752, 23-09-2016, 2, 109106,109562,108590,109462,109234
e75cba7, 22-09-2016, 2, 108675,108893,109056,109269,108457
073e752, 23-09-2016, 4, 101619,102625,102350,101736,103922
e75cba7, 22-09-2016, 4, 100806,103730,103257,103672,104019
073e752, 23-09-2016, 8, 89997,89217,90560,90399,90634
e75cba7, 22-09-2016, 8, 89188,90016,90707,89550,88469
073e752, 23-09-2016, 16, 78970,78700,78402,79434,78718
e75cba7, 22-09-2016, 16, 78788,78751,78707,79100,78215
073e752, 24-09-2016, 1, 264167,257319,259709,258748,254741
073e752, 25-09-2016, 1, 222835,231187,228697,224174,230140
073e752, 26-09-2016, 1, 230837,231474,232823,230615,228759
4b5e172, 29-09-2016, 1, 267537,263420,264792,263585,260354
a0d73c6, 01-10-2016, 1, 272490,271696,272313,267026,267622
a0d73c6, 02-10-2016, 1, 266432,266601,265210,265925,262678
a0d73c6, 03-10-2016, 1, 265294,270382,268393,268736,271257
a0d73c6, 30-09-2016, 1, 273423,269340,273423,272402,266898
cd175c7, 27-09-2016, 1, 262185,265925,262842,263917,268952
cd175c7, 28-09-2016, 1, 263876,263296,264250,256023,267451
073e752, 24-09-2016, 2, 110515,108401,108802,109978,110094
073e752, 25-09-2016, 2, 108017,107927,108780,108816,108837
073e752, 26-09-2016, 2, 109569,109198,108457,109291,108837
4b5e172, 29-09-2016, 2, 108499,108752,109234,108703,107374
a0d73c6, 01-10-2016, 2, 112222,109612,109691,108654,108865
a0d73c6, 02-10-2016, 2, 107837,108373,108303,109512,109021
a0d73c6, 03-10-2016, 2, 109092,109241,108759,109269,108858
a0d73c6, 30-09-2016, 2, 108177,109490,108101,110036,110087
cd175c7, 27-09-2016, 2, 108317,109070,107719,109426,108492
cd175c7, 28-09-2016, 2, 107899,108943,109899,109957,108583
073e752, 24-09-2016, 4, 100770,102896,102444,102232,103251
073e752, 25-09-2016, 4, 101766,103717,101092,100976,100952
073e752, 26-09-2016, 4, 103137,103270,103010,102619,101649
4b5e172, 29-09-2016, 4, 101068,102107,100390,101705,101816
a0d73c6, 01-10-2016, 4, 101391,102213,101557,102300,102250
a0d73c6, 02-10-2016, 4, 100186,100396,103493,101086,102613
a0d73c6, 03-10-2016, 4, 102350,103935,102613,104129,106024
a0d73c6, 30-09-2016, 4, 102594,102325,103029,102488,101902
cd175c7, 27-09-2016, 4, 103054,102563,102909,101214,102802
cd175c7, 28-09-2016, 4, 103974,104232,104193,102707,101717
073e752, 24-09-2016, 8, 91295,90079,89867,90429,89612
073e752, 25-09-2016, 8, 89027,89847,89245,89694,90536
073e752, 26-09-2016, 8, 90590,88938,89867,89727,88768
4b5e172, 29-09-2016, 8, 91072,91779,89198,89207,89689
a0d73c6, 01-10-2016, 8, 89891,90292,90845,90258,90570
a0d73c6, 02-10-2016, 8, 91804,90590,89891,89742,89469
a0d73c6, 03-10-2016, 8, 90551,92102,90683,90244,91834
a0d73c6, 30-09-2016, 8, 94803,89737,90443,89857,89876
cd175c7, 27-09-2016, 8, 91255,90983,91295,90973,90292
cd175c7, 28-09-2016, 8, 89369,91002,89478,89670,90118
073e752, 24-09-2016, 16, 78332,78670,78733,78700,78959
073e752, 25-09-2016, 16, 78563,78483,78655,78774,78387
073e752, 26-09-2016, 16, 78692,79336,78744,78398,79108
4b5e172, 29-09-2016, 16, 78530,78523,78737,78726,78303
a0d73c6, 01-10-2016, 16, 78989,78844,78670,79011,78574
a0d73c6, 02-10-2016, 16, 79063,78874,77511,78888,78844
a0d73c6, 03-10-2016, 16, 79097,79071,78929,79108,79063
a0d73c6, 30-09-2016, 16, 78848,79004,78472,78468,79149
cd175c7, 27-09-2016, 16, 79310,78362,78026,78807,78288
cd175c7, 28-09-2016, 16, 79123,78593,79224,78696,78926
a0d73c6, 04-10-2016, 1, 265169,268564,268221,267026,266009
a0d73c6, 04-10-2016, 2, 110000,108443,109691,109806,109056
a0d73c6, 04-10-2016, 4, 103187,105391,104629,105990,102789
a0d73c6, 04-10-2016, 8, 89742,90717,89646,89751,90717
a0d73c6, 04-10-2016, 16, 78737,78978,79160,78777,78792
e138dfb, 05-10-2016, 1, 260516,256847,248625,255750,257083
e138dfb, 06-10-2016, 1, 229291,227210,228635,228448,232243
e138dfb, 07-10-2016, 1, 229793,231954,226078,228013,227858
e138dfb, 08-10-2016, 1, 233082,227611,233471,224625,227334
e138dfb, 05-10-2016, 2, 108844,108773,108576,108184,108443
e138dfb, 06-10-2016, 2, 108590,108240,107788,108865,109149
e138dfb, 07-10-2016, 2, 107927,109170,110420,107899,108795
e138dfb, 08-10-2016, 2, 108066,108282,109842,108366,109319
e138dfb, 05-10-2016, 4, 100553,100673,101717,103749,101834
e138dfb, 06-10-2016, 4, 103149,103384,101385,102695,103903
e138dfb, 07-10-2016, 4, 103762,102126,102563,100498,101940
e138dfb, 08-10-2016, 4, 102688,102544,102350,100649,102281
e138dfb, 05-10-2016, 8, 89459,91215,88909,89689,90904
e138dfb, 06-10-2016, 8, 91669,90595,90205,90069,89416
e138dfb, 07-10-2016, 8, 89766,90331,90776,89684,89886
e138dfb, 08-10-2016, 8, 88952,89925,90424,90673,90118
e138dfb, 05-10-2016, 16, 78696,78996,79513,78205,78622
e138dfb, 06-10-2016, 16, 78674,77669,79254,78937,78781
e138dfb, 07-10-2016, 16, 78512,78844,78766,78589,77784
e138dfb, 08-10-2016, 16, 79209,79045,78807,78670,78748
cba86e2, 19-10-2016, 1, 230393,230045,226965,229103,231826
cba86e2, 20-10-2016, 1, 240983,256650,259468,264876,254973
cba86e2, 21-10-2016, 1, 260516,254085,259508,261490,258509
e138dfb, 09-10-2016, 1, 268049,271652,274901,270819,269947
e138dfb, 10-10-2016, 1, 226689,230172,229479,232307,227982
e138dfb, 11-10-2016, 1, 254934,264375,266305,267537,258588
e138dfb, 12-10-2016, 1, 231314,230014,232694,231570,230330
e138dfb, 13-10-2016, 1, 232436,228978,230932,231794,226597
e138dfb, 14-10-2016, 1, 262760,226719,227241,232823,230393
e138dfb, 15-10-2016, 1, 227827,226352,224565,226719,227951
e138dfb, 16-10-2016, 1, 226965,227519,225470,227642,227889
e138dfb, 17-10-2016, 1, 225470,218226,221219,228106,225865
e138dfb, 18-10-2016, 1, 231858,229385,232114,271037,230869
cba86e2, 19-10-2016, 2, 108809,108886,110202,109519,109163
cba86e2, 20-10-2016, 2, 107996,108886,109734,107726,108387
cba86e2, 21-10-2016, 2, 108738,108436,109469,108010,108254
e138dfb, 09-10-2016, 2, 109698,109426,108380,108590,110289
e138dfb, 10-10-2016, 2, 110369,110485,109770,108296,109163
e138dfb, 11-10-2016, 2, 110130,109021,109127,109677,109662
e138dfb, 12-10-2016, 2, 108296,106793,109626,109284,107982
e138dfb, 13-10-2016, 2, 108837,109298,108858,109834,109433
e138dfb, 14-10-2016, 2, 109014,107560,107920,108766,109099
e138dfb, 15-10-2016, 2, 108562,107871,108275,109440,108415
e138dfb, 16-10-2016, 2, 108978,108993,108780,109605,108943
e138dfb, 17-10-2016, 2, 109348,109042,108604,108802,109741
e138dfb, 18-10-2016, 2, 110101,109078,109000,108773,109476
cba86e2, 19-10-2016, 4, 101964,102890,101921,102350,102978
cba86e2, 20-10-2016, 4, 101373,103557,102928,103601,101336
cba86e2, 21-10-2016, 4, 102519,102057,101153,101612,100934
e138dfb, 09-10-2016, 4, 102375,102588,103035,103691,101539
e138dfb, 10-10-2016, 4, 102638,102256,105232,102582,102169
e138dfb, 11-10-2016, 4, 103048,104200,103359,101952,104025
e138dfb, 12-10-2016, 4, 102020,102556,101927,103232,103922
e138dfb, 13-10-2016, 4, 103175,102331,104271,104239,103537
e138dfb, 14-10-2016, 4, 102126,100698,102325,101202,102275
e138dfb, 15-10-2016, 4, 101958,103130,103327,102294,102619
e138dfb, 16-10-2016, 4, 102575,101557,103175,102244,102175
e138dfb, 17-10-2016, 4, 102256,102244,101361,102039,103474
e138dfb, 18-10-2016, 4, 102200,102953,103576,102506,104142
cba86e2, 19-10-2016, 8, 90585,91300,89274,89155,90166
cba86e2, 20-10-2016, 8, 89987,90055,90045,91067,89378
cba86e2, 21-10-2016, 8, 89675,90341,90732,89627,90414
e138dfb, 09-10-2016, 8, 89617,90624,89536,90385,89780
e138dfb, 10-10-2016, 8, 89766,90186,89775,91534,90796
e138dfb, 11-10-2016, 8, 89283,90360,89843,91275,90850
e138dfb, 12-10-2016, 8, 90147,90123,91022,90219,90108
e138dfb, 13-10-2016, 8, 90312,93843,90118,89756,90791
e138dfb, 14-10-2016, 8, 90761,89612,90060,91166,90113
e138dfb, 15-10-2016, 8, 90619,89179,90079,90604,91022
e138dfb, 16-10-2016, 8, 89155,88829,89761,89814,89512
e138dfb, 17-10-2016, 8, 90040,90668,91057,89103,89483
e138dfb, 18-10-2016, 8, 90021,89345,91379,90815,91146
cba86e2, 19-10-2016, 16, 79362,79302,79280,79310,78711
cba86e2, 20-10-2016, 16, 78711,78978,79015,79355,78461
cba86e2, 21-10-2016, 16, 78748,78944,79097,79261,78223
e138dfb, 09-10-2016, 16, 78707,78113,78574,78985,78190
e138dfb, 10-10-2016, 16, 78844,78560,79179,78952,79434
e138dfb, 11-10-2016, 16, 79423,79160,78825,78937,79329
e138dfb, 12-10-2016, 16, 79175,78567,79026,78534,79056
e138dfb, 13-10-2016, 16, 79340,79505,79022,79479,78608
e138dfb, 14-10-2016, 16, 78785,78944,78770,79149,79464
e138dfb, 15-10-2016, 16, 79093,79224,78851,78840,78585
e138dfb, 16-10-2016, 16, 78914,78892,79004,78398,78877
e138dfb, 17-10-2016, 16, 78681,78948,78896,79097,77798
e138dfb, 18-10-2016, 16, 79168,79336,79119,79456,79717
cba86e2, 22-10-2016, 1, 258429,261490,251646,260193,263751
cba86e2, 23-10-2016, 1, 227210,223547,227395,222509,225652
cba86e2, 24-10-2016, 1, 226965,225470,223816,222509,227580
cba86e2, 22-10-2016, 2, 109127,108936,109562,109476,109177
cba86e2, 23-10-2016, 2, 108844,107948,108844,108816,108851
cba86e2, 24-10-2016, 2, 107677,107567,108457,108626,109241
cba86e2, 22-10-2016, 4, 103755,104995,101748,101890,101612
cba86e2, 23-10-2016, 4, 101680,102369,103512,101865,102607
cba86e2, 24-10-2016, 4, 101699,102425,102057,101810,101649
cba86e2, 22-10-2016, 8, 91067,89312,90899,90668,88858
cba86e2, 23-10-2016, 8, 89184,89474,89131,89378,89670
cba86e2, 24-10-2016, 8, 89431,89317,90551,89512,89293
cba86e2, 22-10-2016, 16, 77669,79419,79205,78593,78989
cba86e2, 23-10-2016, 16, 78571,78648,78896,79030,78431
cba86e2, 24-10-2016, 16, 78585,78692,79048,78833,78900
3a0931b, 27-10-2016, 1,
cba86e2, 25-10-2016, 1, 229636,265672,223220,227827,228417
cba86e2, 26-10-2016, 1, 231442,229793,228666,229888,230014
3a0931b, 27-10-2016, 2,
cba86e2, 25-10-2016, 2, 107996,109156,108886,108858,110398
cba86e2, 26-10-2016, 2, 107781,108576,108710,109641,109000
3a0931b, 27-10-2016, 4,
cba86e2, 25-10-2016, 4, 101440,102827,102877,101822,101810
cba86e2, 26-10-2016, 4, 102363,102569,101871,103283,102406
3a0931b, 27-10-2016, 8,
cba86e2, 25-10-2016, 8, 91190,89531,89876,89369,91509
cba86e2, 26-10-2016, 8, 91329,91017,90521,89939,89766
3a0931b, 27-10-2016, 16,
cba86e2, 25-10-2016, 16, 79011,78722,78892,79115,77543
cba86e2, 26-10-2016, 16, 78888,78766,78563,78413,78667
3a0931b, 28-10-2016, 1,
3a0931b, 28-10-2016, 2,
3a0931b, 28-10-2016, 4,
3a0931b, 28-10-2016, 8,
3a0931b, 28-10-2016, 16,
15e2650, 29-10-2016, 1, 15114609,15114609,15114609,15114609,15114609,15114609,15114609,15114609,15114609,15114609
15e2650, 29-10-2016, 2, 13421773,13421773,14217980,14098501,15679641,13640013,13530013,13530013,15534459,13530013
15e2650, 29-10-2016, 4, 14716856,12905551,14716856,13210406,15114609,14716856,14847094,14463117,13981013,13107200
15e2650, 29-10-2016, 8, 14847094,14217980,13865468,12246143,13005594,13107200,14463117,14339501,13981013,12710012
15e2650, 29-10-2016, 16, 13751816,12157403,12069940,12157403,13530013,13210406,13865468,12069940,12157403,12246143
2d63c51, 30-10-2016, 1, 231346,230646,229166,228324,230646
2d63c51, 30-10-2016, 2, 110580,109355,110123,110029,109784
2d63c51, 30-10-2016, 4, 103378,101404,102256,101410,101909
2d63c51, 30-10-2016, 8, 90585,91960,89564,91489,89881
2d63c51, 30-10-2016, 16, 79115,79487,78996,79411,79171
a35894d, 31-10-2016, 1, 254432,266221,256886,266813,259629
a35894d, 31-10-2016, 2, 108541,108993,109712,109490,108936
a35894d, 31-10-2016, 4, 103429,103845,103710,103710,103448
a35894d, 31-10-2016, 8, 90370,90195,89469,89469,91684
a35894d, 31-10-2016, 16, 79239,79385,79660,79558,78161
4b914b4, 01-11-2016, 1, 228884,228759,229542,225865,226842
4b914b4, 01-11-2016, 2, 107719,108696,108205,109099,107871
4b914b4, 01-11-2016, 4, 101588,101293,102966,102966,102915
4b914b4, 01-11-2016, 8, 90575,90234,90448,89756,91754
4b914b4, 01-11-2016, 16, 79000,79415,78851,78955,78814
4b914b4, 02-11-2016, 1, 230203,230298,230393,227457,228728
4b914b4, 02-11-2016, 2, 108802,107148,109827,108816,107477
4b914b4, 02-11-2016, 4, 102419,101226,102450,102820,102928
4b914b4, 02-11-2016, 8, 90619,89136,89483,91017,90229
4b914b4, 02-11-2016, 16, 78700,78483,79104,78406,78903
4b914b4, 03-11-2016, 1, 224956,226505,225561,223935,222746
4b914b4, 03-11-2016, 2, 109092,108745,108597,108066,107601
4b914b4, 03-11-2016, 4, 103143,102369,101367,102294,101361
4b914b4, 03-11-2016, 8, 90742,89612,89655,89179,92026
4b914b4, 03-11-2016, 16, 78978,79340,79063,79374,79142
4b914b4, 04-11-2016, 1, 224625,227303,226444,224444,224715
4b914b4, 04-11-2016, 2, 108957,108985,107816,108562,108240
4b914b4, 04-11-2016, 4, 102338,102575,103010,101995,103672
4b914b4, 04-11-2016, 8, 89958,89598,89474,90011,90468
4b914b4, 04-11-2016, 16, 79329,79793,79198,78770,78516
4b914b4, 05-11-2016, 1, 227982,231922,225258,230456,228386
4b914b4, 05-11-2016, 2, 108163,108816,108345,107436,108915
4b914b4, 05-11-2016, 4, 101896,101927,102350,101964,104103
4b914b4, 05-11-2016, 8, 89790,90394,89469,91067,90094
4b914b4, 05-11-2016, 16, 79019,79026,78637,79280,78755
4b914b4, 06-11-2016, 1, 225591,223995,225077,223220,222156
4b914b4, 06-11-2016, 1, 232050,255517,227673,227272,230520
4b914b4, 06-11-2016, 2, 108971,108142,108191,109212,107920
4b914b4, 06-11-2016, 2, 109276,109070,110609,108422,109806
4b914b4, 06-11-2016, 4, 102400,103130,100782,101619,101361
4b914b4, 06-11-2016, 4, 103569,102531,102138,102481,101791
4b914b4, 06-11-2016, 8, 89569,90830,91181,90195,90629
4b914b4, 06-11-2016, 8, 90268,89713,89876,89925,90761
4b914b4, 06-11-2016, 16, 79362,78376,79411,79392,78615
4b914b4, 06-11-2016, 16, 79374,78844,78307,78985,78811
4b914b4, 07-11-2016, 1, 258628,266178,263007,256611,253356
4b914b4, 07-11-2016, 2, 109014,108964,108717,109698,109705
4b914b4, 07-11-2016, 4, 103054,104779,104342,103200,103697
4b914b4, 07-11-2016, 8, 90307,91121,90007,90747,91709
4b914b4, 07-11-2016, 16, 79004,79302,78766,79224,78774
4b914b4, 08-11-2016, 1, 263917,257833,253317,259669,256572
4b914b4, 08-11-2016, 2, 108268,108710,108212,107857,108661
4b914b4, 08-11-2016, 4, 102425,100867,100952,101416,102456
4b914b4, 08-11-2016, 8, 89188,89915,90166,88520,90536
4b914b4, 08-11-2016, 16, 78800,79115,78446,79048,79022
4b914b4, 09-11-2016, 1, 228013,228572,226474,225531,226444
4b914b4, 09-11-2016, 2, 107726,107271,108893,107982,108738
4b914b4, 09-11-2016, 4, 100246,101367,100770,102182,100988
4b914b4, 09-11-2016, 8, 90253,89679,89231,89684,89944
4b914b4, 09-11-2016, 16, 79130,78674,78501,78380,78299
4b914b4, 10-11-2016, 1, 261165,255711,266856,262678,266644
4b914b4, 10-11-2016, 2, 108485,108031,108289,108366,108668
4b914b4, 10-11-2016, 4, 101884,101202,102082,102039,102431
4b914b4, 10-11-2016, 8, 91509,90375,91235,90239,90137
4b914b4, 10-11-2016, 16, 78788,79487,78888,79198,79112
4b914b4, 11-11-2016, 1, 257359,256689,255167,256023,257201
4b914b4, 11-11-2016, 2, 108352,108915,109834,107450,108978
4b914b4, 11-11-2016, 4, 101428,101397,102238,103678,101878
4b914b4, 11-11-2016, 8, 90438,89751,89876,90963,89075
4b914b4, 11-11-2016, 16, 78877,78435,78534,79041,79026
4b914b4, 12-11-2016, 1, 256180,254973,254046,258708,262226
4b914b4, 12-11-2016, 2, 109049,108675,107684,109276,109177
4b914b4, 12-11-2016, 4, 103124,103403,101086,103537,102607
4b914b4, 12-11-2016, 8, 90156,89584,89483,88858,89900
4b914b4, 12-11-2016, 16, 78527,78659,78929,78380,79194
4b914b4, 13-11-2016, 1, 262226,260637,266052,263793,257517
4b914b4, 13-11-2016, 2, 109928,109056,108464,109021,109042
4b914b4, 13-11-2016, 4, 104440,102002,102356,102550,102890
4b914b4, 13-11-2016, 8, 92330,90840,90619,90688,90292
4b914b4, 13-11-2016, 16, 79284,79100,78292,79411,79194
4b914b4, 14-11-2016, 1, 269947,265588,261980,261898,262925
4b914b4, 14-11-2016, 2, 109885,109348,108128,108149,109298
4b914b4, 14-11-2016, 4, 102288,102481,101686,103308,101927
4b914b4, 14-11-2016, 8, 93036,90186,90766,89809,89963
4b914b4, 14-11-2016, 16, 78929,79317,79127,79430,79441
4b914b4, 15-11-2016, 1, 256650,247927,256493,256219,262144
4b914b4, 15-11-2016, 2, 108611,108345,108731,107788,107864
4b914b4, 15-11-2016, 4, 101226,101612,101068,101275,102877
4b914b4, 15-11-2016, 8, 91077,90658,90585,90181,90050
4b914b4, 15-11-2016, 16, 78641,78172,77914,78373,78314
4b914b4, 16-11-2016, 1, 261205,251156,264541,264667,261002
4b914b4, 16-11-2016, 2, 108654,109899,108710,108943,109727
4b914b4, 16-11-2016, 4, 103340,103346,102419,103048,102745
4b914b4, 16-11-2016, 8, 90065,90697,90404,91669,90879
4b914b4, 16-11-2016, 16, 79468,78516,79355,78989,79415
4b914b4, 18-11-2016, 1, 223488,225470,226750,225986,224174
4b914b4, 18-11-2016, 2, 108886,108703,109035,108682,107913
4b914b4, 18-11-2016, 4, 100788,102953,101902,102450,101196
4b914b4, 18-11-2016, 8, 91564,89383,89550,89245,89660
4b914b4, 18-11-2016, 16, 78722,79340,78420,79535,78992
4b914b4, 19-11-2016, 1, 269340,255984,262801,263710,264583
4b914b4, 19-11-2016, 2, 109220,109333,108611,109412,109784
4b914b4, 19-11-2016, 4, 102350,102550,103569,104303,102095
4b914b4, 19-11-2016, 8, 90166,90688,90331,89785,90253
4b914b4, 19-11-2016, 16, 79198,79171,80029,79460,79123
4b914b4, 20-11-2016, 1, 257083,259790,255906,261898,263131
4b914b4, 20-11-2016, 2, 107809,109885,108387,109305,109957
4b914b4, 20-11-2016, 4, 102163,102250,100752,102431,103314
4b914b4, 20-11-2016, 8, 91032,89269,89992,91544,89598
4b914b4, 20-11-2016, 16, 78164,79494,79479,79052,79347
4b914b4, 21-11-2016, 1, 266517,259709,259388,261327,261980
4b914b4, 21-11-2016, 2, 108872,109141,109163,108682,108640
4b914b4, 21-11-2016, 4, 103149,102858,105564,103270,103877
4b914b4, 21-11-2016, 8, 91002,91689,90176,89876,89603
4b914b4, 21-11-2016, 16, 79164,78822,79374,78685,79419
4b914b4, 22-11-2016, 1, 260273,255283,253816,262185,264876
4b914b4, 22-11-2016, 2, 107740,108562,108115,108886,108534
4b914b4, 22-11-2016, 4, 102985,103633,103048,101551,102544
4b914b4, 22-11-2016, 8, 91394,89393,90477,91185,90137
4b914b4, 22-11-2016, 16, 78066,78952,78726,78530,78663
4b914b4, 23-11-2016, 1, 227026,223220,230203,228635,224745
4b914b4, 23-11-2016, 2, 108647,107774,109120,108682,108837
4b914b4, 23-11-2016, 4, 101909,102575,102076,102538,103845
4b914b4, 23-11-2016, 8, 89193,91729,89910,89042,90914
4b914b4, 23-11-2016, 16, 77889,79254,78863,79209,79528
4b914b4, 24-11-2016, 1, 227272,226047,228915,227704,231762
4b914b4, 24-11-2016, 2, 109106,108865,108922,109806,109177
4b914b4, 24-11-2016, 4, 103704,102720,104936,102795,103442
4b914b4, 24-11-2016, 8, 91339,89222,90786,90546,90516
4b914b4, 24-11-2016, 16, 79505,78848,79015,78981,79441
4b914b4, 25-11-2016, 1, 224324,225804,229636,227026,228510
4b914b4, 25-11-2016, 2, 107698,108122,109548,108611,108422
4b914b4, 25-11-2016, 4, 103295,101031,102419,101760,102764
4b914b4, 25-11-2016, 8, 91844,89795,90147,89838,90065
4b914b4, 25-11-2016, 16, 78589,79888,78340,79487,79000
4b914b4, 26-11-2016, 1, 226017,231378,231954,223756,227982
4b914b4, 26-11-2016, 2, 109942,109691,109448,109569,109519
4b914b4, 26-11-2016, 4, 101884,101662,103640,102896,103308
4b914b4, 26-11-2016, 8, 90648,90889,91574,90229,89742
4b914b4, 26-11-2016, 16, 78718,79056,79168,79100,78354
4b914b4, 27-11-2016, 1, 268307,269817,267878,266559,257715
4b914b4, 27-11-2016, 2, 107961,108619,108436,110471,108450
4b914b4, 27-11-2016, 4, 102469,101526,102269,102802,103563
4b914b4, 27-11-2016, 8, 90492,90098,91220,89905,91082
4b914b4, 27-11-2016, 16, 78955,78597,79475,79045,78737
4b914b4, 28-11-2016, 1, 225591,223309,221891,224986,225500
4b914b4, 28-11-2016, 2, 108443,108450,108184,108149,109555
4b914b4, 28-11-2016, 4, 101915,100734,102600,102991,101822
4b914b4, 28-11-2016, 8, 89608,90448,88961,89780,92132
4b914b4, 28-11-2016, 16, 78726,78527,79287,79059,78718
4b914b4, 29-11-2016, 1, 230615,230551,229919,269643,226842
4b914b4, 29-11-2016, 2, 109519,109099,108303,109376,109849
4b914b4, 29-11-2016, 4, 104342,102488,101336,102300,101318
4b914b4, 29-11-2016, 8, 91474,90409,91769,91669,90531
4b914b4, 29-11-2016, 16, 79355,79498,78848,79250,79690
4b914b4, 30-11-2016, 1, 229573,229982,226474,230869,232082
4b914b4, 30-11-2016, 2, 107608,108908,108583,108240,110108
4b914b4, 30-11-2016, 4, 102207,102852,101306,103200,102082
4b914b4, 30-11-2016, 8, 91295,90438,90356,90864,89699
4b914b4, 30-11-2016, 16, 79033,79498,79056,79201,79086
4b914b4, 01-12-2016, 1, 228666,232500,225470,230996,229448
4b914b4, 01-12-2016, 2, 108268,108893,109355,108122,107913
4b914b4, 01-12-2016, 4, 102163,101834,102144,101545,100414
4b914b4, 01-12-2016, 8, 90555,90244,90317,91057,91935
4b914b4, 01-12-2016, 16, 79168,78989,78837,79438,79112
4b914b4, 02-12-2016, 1, 227858,228884,229825,231634,228822
4b914b4, 02-12-2016, 2, 108373,108499,107802,110043,107850
4b914b4, 02-12-2016, 4, 103137,101514,102469,102657,102802
4b914b4, 02-12-2016, 8, 89188,89464,90526,90103,91002
4b914b4, 02-12-2016, 16, 79063,79377,78785,78903,79071
4b914b4, 03-12-2016, 1, 229197,227982,228137,225561,227642
4b914b4, 03-12-2016, 2, 110953,108324,108922,109348,108031
4b914b4, 03-12-2016, 4, 101489,101674,101013,100330,101822
4b914b4, 03-12-2016, 8, 89847,91052,90312,89949,90084
4b914b4, 03-12-2016, 16, 78571,79220,78840,79011,79030
4b914b4, 04-12-2016, 1, 231954,230583,227210,231922,264708
4b914b4, 04-12-2016, 2, 109312,108696,108837,108724,109021
4b914b4, 04-12-2016, 4, 101471,103149,102607,102513,101736
4b914b4, 04-12-2016, 8, 90438,90026,90776,90370,89929
4b914b4, 04-12-2016, 16, 78933,79622,78748,79280,78667
4b914b4, 05-12-2016, 1, 225137,255517,227735,224956,228230
4b914b4, 05-12-2016, 2, 108513,108534,108703,108738,108929
4b914b4, 05-12-2016, 4, 101348,101631,102657,102550,102369
4b914b4, 05-12-2016, 8, 90263,90365,90580,91524,90507
4b914b4, 05-12-2016, 16, 79603,79093,79052,78733,79011
4b914b4, 06-12-2016, 1, 230393,229888,230045,229951,230678
4b914b4, 06-12-2016, 2, 109149,108675,109598,111292,108633
4b914b4, 06-12-2016, 4, 101557,101766,103060,102488,102613
4b914b4, 06-12-2016, 8, 90433,90668,90781,90924,89790
4b914b4, 06-12-2016, 16, 78948,79045,78907,79793,79123
4b914b4, 07-12-2016, 1, 255555,233568,229197,231250,229322
4b914b4, 07-12-2016, 2, 109950,109505,110130,109957,109028
4b914b4, 07-12-2016, 4, 103659,101902,103365,104485,102827
4b914b4, 07-12-2016, 8, 89751,89852,90629,91764,91329
4b914b4, 07-12-2016, 16, 79190,79257,79056,79336,79015
4b914b4, 08-12-2016, 1, 225470,231410,230520,229479,229636
4b914b4, 08-12-2016, 2, 108066,108198,109878,108865,109070
4b914b4, 08-12-2016, 4, 104142,102890,102369,102394,103048
4b914b4, 08-12-2016, 8, 90026,90766,89641,90609,89555
4b914b4, 08-12-2016, 16, 78978,78974,79082,79201,79517
