8b4137f, 08-06-2015, 1, 9.29
8b4137f, 08-06-2015, 2, 9.22
8b4137f, 08-06-2015, 4, 9.21
8b4137f, 08-06-2015, 8, 9.23
8b4137f, 08-06-2015, 16, 9.25
8b4137f, 08-06-2015, 32, 9.24
8b4137f, 08-06-2015, 64, 9.21
8b4137f, 08-06-2015, 128, 9.34
8b4137f, 08-06-2015, 256, 9.51
8b4137f, 08-06-2015, 512, 9.77
8b4137f, 08-06-2015, 1024, 10.37
8b4137f, 08-06-2015, 2048, 11.03
8b4137f, 08-06-2015, 4096, 12.69
8b4137f, 08-06-2015, 8192, 19.51
8b4137f, 08-06-2015, 16384, 25.25
8b4137f, 08-06-2015, 32768, 38.14
8b4137f, 08-06-2015, 65536, 69.25
8b4137f, 08-06-2015, 131072, 108.68
8b4137f, 08-06-2015, 262144, 173.48
8b4137f, 08-06-2015, 524288, 306.79
8b4137f, 08-06-2015, 1048576, 700.99
8b4137f, 08-06-2015, 2097152, 2460.26
8b4137f, 08-06-2015, 4194304, 3206.18
0c0e07e, 11-06-2015, 1, 9.47
0c0e07e, 11-06-2015, 2, 9.46
0c0e07e, 11-06-2015, 4, 9.48
0c0e07e, 11-06-2015, 8, 9.48
0c0e07e, 11-06-2015, 16, 9.48
0c0e07e, 11-06-2015, 32, 9.53
0c0e07e, 11-06-2015, 64, 9.61
0c0e07e, 11-06-2015, 128, 9.67
0c0e07e, 11-06-2015, 256, 9.85
0c0e07e, 11-06-2015, 512, 10.05
0c0e07e, 11-06-2015, 1024, 10.65
0c0e07e, 11-06-2015, 2048, 11.43
0c0e07e, 11-06-2015, 4096, 13.06
0c0e07e, 11-06-2015, 8192, 19.90
0c0e07e, 11-06-2015, 16384, 26.64
0c0e07e, 11-06-2015, 32768, 36.57
0c0e07e, 11-06-2015, 65536, 69.78
0c0e07e, 11-06-2015, 131072, 109.28
0c0e07e, 11-06-2015, 262144, 174.78
0c0e07e, 11-06-2015, 524288, 307.40
0c0e07e, 11-06-2015, 1048576, 700.16
0c0e07e, 11-06-2015, 2097152, 2474.62
0c0e07e, 11-06-2015, 4194304, 3196.84
368a0e2, 12-06-2015, 1, 8.92
368a0e2, 12-06-2015, 2, 8.86
368a0e2, 12-06-2015, 4, 8.87
368a0e2, 12-06-2015, 8, 8.88
368a0e2, 12-06-2015, 16, 8.88
368a0e2, 12-06-2015, 32, 8.90
368a0e2, 12-06-2015, 64, 8.90
368a0e2, 12-06-2015, 128, 9.03
368a0e2, 12-06-2015, 256, 9.24
368a0e2, 12-06-2015, 512, 9.43
368a0e2, 12-06-2015, 1024, 10.02
368a0e2, 12-06-2015, 2048, 10.66
368a0e2, 12-06-2015, 4096, 12.28
368a0e2, 12-06-2015, 8192, 19.31
368a0e2, 12-06-2015, 16384, 26.02
368a0e2, 12-06-2015, 32768, 36.59
368a0e2, 12-06-2015, 65536, 69.08
368a0e2, 12-06-2015, 131072, 108.44
368a0e2, 12-06-2015, 262144, 173.50
368a0e2, 12-06-2015, 524288, 307.58
368a0e2, 12-06-2015, 1048576, 701.77
368a0e2, 12-06-2015, 2097152, 2474.23
368a0e2, 12-06-2015, 4194304, 3202.62
c1ee24b, 13-06-2015, 1, 8.96
c1ee24b, 13-06-2015, 2, 8.98
c1ee24b, 13-06-2015, 4, 8.94
c1ee24b, 13-06-2015, 8, 8.91
c1ee24b, 13-06-2015, 16, 8.99
c1ee24b, 13-06-2015, 32, 9.02
c1ee24b, 13-06-2015, 64, 8.97
c1ee24b, 13-06-2015, 128, 9.07
c1ee24b, 13-06-2015, 256, 9.23
c1ee24b, 13-06-2015, 512, 9.52
c1ee24b, 13-06-2015, 1024, 10.06
c1ee24b, 13-06-2015, 2048, 10.83
c1ee24b, 13-06-2015, 4096, 12.49
c1ee24b, 13-06-2015, 8192, 19.40
c1ee24b, 13-06-2015, 16384, 26.60
c1ee24b, 13-06-2015, 32768, 38.74
c1ee24b, 13-06-2015, 65536, 69.44
c1ee24b, 13-06-2015, 131072, 109.13
c1ee24b, 13-06-2015, 262144, 174.16
c1ee24b, 13-06-2015, 524288, 307.28
c1ee24b, 13-06-2015, 1048576, 703.17
c1ee24b, 13-06-2015, 2097152, 2493.20
c1ee24b, 13-06-2015, 4194304, 3209.67
2bab77b, 17-06-2015, 1, 9.58
2bab77b, 17-06-2015, 2, 9.53
2bab77b, 17-06-2015, 4, 9.55
2bab77b, 17-06-2015, 8, 9.47
2bab77b, 17-06-2015, 16, 9.48
2bab77b, 17-06-2015, 32, 9.52
2bab77b, 17-06-2015, 64, 9.54
2bab77b, 17-06-2015, 128, 9.64
2bab77b, 17-06-2015, 256, 9.81
2bab77b, 17-06-2015, 512, 10.01
2bab77b, 17-06-2015, 1024, 10.59
2bab77b, 17-06-2015, 2048, 11.34
2bab77b, 17-06-2015, 4096, 12.97
2bab77b, 17-06-2015, 8192, 18.47
2bab77b, 17-06-2015, 16384, 25.53
2bab77b, 17-06-2015, 32768, 37.24
2bab77b, 17-06-2015, 65536, 70.06
2bab77b, 17-06-2015, 131072, 109.56
2bab77b, 17-06-2015, 262144, 174.55
2bab77b, 17-06-2015, 524288, 308.45
2bab77b, 17-06-2015, 1048576, 702.95
2bab77b, 17-06-2015, 2097152, 2489.28
2bab77b, 17-06-2015, 4194304, 3209.48
9cc4db7, 18-06-2015, 1, 9.12
9cc4db7, 18-06-2015, 2, 9.10
9cc4db7, 18-06-2015, 4, 9.10
9cc4db7, 18-06-2015, 8, 9.09
9cc4db7, 18-06-2015, 16, 9.08
9cc4db7, 18-06-2015, 32, 9.14
9cc4db7, 18-06-2015, 64, 9.14
9cc4db7, 18-06-2015, 128, 9.36
9cc4db7, 18-06-2015, 256, 9.45
9cc4db7, 18-06-2015, 512, 9.69
9cc4db7, 18-06-2015, 1024, 10.30
9cc4db7, 18-06-2015, 2048, 10.97
9cc4db7, 18-06-2015, 4096, 12.63
9cc4db7, 18-06-2015, 8192, 19.30
9cc4db7, 18-06-2015, 16384, 25.54
9cc4db7, 18-06-2015, 32768, 38.71
9cc4db7, 18-06-2015, 65536, 69.82
9cc4db7, 18-06-2015, 131072, 109.48
9cc4db7, 18-06-2015, 262144, 174.53
9cc4db7, 18-06-2015, 524288, 307.86
9cc4db7, 18-06-2015, 1048576, 703.84
9cc4db7, 18-06-2015, 2097152, 2474.07
9cc4db7, 18-06-2015, 4194304, 3203.35
1890d48, 24-06-2015, 1, 8.68
1890d48, 24-06-2015, 2, 8.69
1890d48, 24-06-2015, 4, 8.70
1890d48, 24-06-2015, 8, 8.66
1890d48, 24-06-2015, 16, 8.68
1890d48, 24-06-2015, 32, 8.74
1890d48, 24-06-2015, 64, 8.69
1890d48, 24-06-2015, 128, 8.79
1890d48, 24-06-2015, 256, 8.99
1890d48, 24-06-2015, 512, 9.23
1890d48, 24-06-2015, 1024, 9.85
1890d48, 24-06-2015, 2048, 10.35
1890d48, 24-06-2015, 4096, 11.92
1890d48, 24-06-2015, 8192, 17.12
1890d48, 24-06-2015, 16384, 22.54
1890d48, 24-06-2015, 32768, 32.70
1890d48, 24-06-2015, 65536, 67.63
1890d48, 24-06-2015, 131072, 106.46
1890d48, 24-06-2015, 262144, 169.07
1890d48, 24-06-2015, 524288, 300.14
1890d48, 24-06-2015, 1048576, 673.24
1890d48, 24-06-2015, 2097152, 2311.73
1890d48, 24-06-2015, 4194304, 3001.66
0ee19ff, 26-06-2015, 1, 9.06
0ee19ff, 26-06-2015, 2, 9.06
0ee19ff, 26-06-2015, 4, 9.06
0ee19ff, 26-06-2015, 8, 9.04
0ee19ff, 26-06-2015, 16, 9.05
0ee19ff, 26-06-2015, 32, 9.04
0ee19ff, 26-06-2015, 64, 9.01
0ee19ff, 26-06-2015, 128, 9.10
0ee19ff, 26-06-2015, 256, 9.30
0ee19ff, 26-06-2015, 512, 9.50
0ee19ff, 26-06-2015, 1024, 10.09
0ee19ff, 26-06-2015, 2048, 10.63
0ee19ff, 26-06-2015, 4096, 12.27
0ee19ff, 26-06-2015, 8192, 17.10
0ee19ff, 26-06-2015, 16384, 22.36
0ee19ff, 26-06-2015, 32768, 32.53
0ee19ff, 26-06-2015, 65536, 68.50
0ee19ff, 26-06-2015, 131072, 106.62
0ee19ff, 26-06-2015, 262144, 170.87
0ee19ff, 26-06-2015, 524288, 302.68
0ee19ff, 26-06-2015, 1048576, 682.27
0ee19ff, 26-06-2015, 2097152, 2371.30
0ee19ff, 26-06-2015, 4194304, 3087.62
365ebe3, 30-06-2015, 1, 9.32
365ebe3, 30-06-2015, 2, 9.30
365ebe3, 30-06-2015, 4, 9.30
365ebe3, 30-06-2015, 8, 9.19
365ebe3, 30-06-2015, 16, 9.22
365ebe3, 30-06-2015, 32, 9.29
365ebe3, 30-06-2015, 64, 9.29
365ebe3, 30-06-2015, 128, 9.39
365ebe3, 30-06-2015, 256, 9.57
365ebe3, 30-06-2015, 512, 9.86
365ebe3, 30-06-2015, 1024, 10.34
365ebe3, 30-06-2015, 2048, 11.11
365ebe3, 30-06-2015, 4096, 12.81
365ebe3, 30-06-2015, 8192, 19.59
365ebe3, 30-06-2015, 16384, 26.22
365ebe3, 30-06-2015, 32768, 39.60
365ebe3, 30-06-2015, 65536, 69.90
365ebe3, 30-06-2015, 131072, 109.12
365ebe3, 30-06-2015, 262144, 174.19
365ebe3, 30-06-2015, 524288, 307.76
365ebe3, 30-06-2015, 1048576, 695.29
365ebe3, 30-06-2015, 2097152, 2418.00
365ebe3, 30-06-2015, 4194304, 3136.52
00ae069, 01-07-2015, 1, 8.93
00ae069, 01-07-2015, 2, 8.89
00ae069, 01-07-2015, 4, 8.88
00ae069, 01-07-2015, 8, 8.87
00ae069, 01-07-2015, 16, 8.90
00ae069, 01-07-2015, 32, 8.96
00ae069, 01-07-2015, 64, 8.94
00ae069, 01-07-2015, 128, 9.10
00ae069, 01-07-2015, 256, 9.26
00ae069, 01-07-2015, 512, 9.52
00ae069, 01-07-2015, 1024, 10.10
00ae069, 01-07-2015, 2048, 10.64
00ae069, 01-07-2015, 4096, 12.34
00ae069, 01-07-2015, 8192, 17.47
00ae069, 01-07-2015, 16384, 22.90
00ae069, 01-07-2015, 32768, 32.70
00ae069, 01-07-2015, 65536, 68.28
00ae069, 01-07-2015, 131072, 106.97
00ae069, 01-07-2015, 262144, 169.97
00ae069, 01-07-2015, 524288, 300.11
00ae069, 01-07-2015, 1048576, 679.89
00ae069, 01-07-2015, 2097152, 2366.57
00ae069, 01-07-2015, 4194304, 3085.14
d3511be, 02-07-2015, 1, 9.23
d3511be, 02-07-2015, 2, 9.23
d3511be, 02-07-2015, 4, 9.15
d3511be, 02-07-2015, 8, 9.10
d3511be, 02-07-2015, 16, 9.12
d3511be, 02-07-2015, 32, 9.21
d3511be, 02-07-2015, 64, 9.19
d3511be, 02-07-2015, 128, 9.31
d3511be, 02-07-2015, 256, 9.48
d3511be, 02-07-2015, 512, 9.76
d3511be, 02-07-2015, 1024, 10.23
d3511be, 02-07-2015, 2048, 10.86
d3511be, 02-07-2015, 4096, 12.40
d3511be, 02-07-2015, 8192, 17.23
d3511be, 02-07-2015, 16384, 22.37
d3511be, 02-07-2015, 32768, 32.21
d3511be, 02-07-2015, 65536, 67.52
d3511be, 02-07-2015, 131072, 105.50
d3511be, 02-07-2015, 262144, 169.58
d3511be, 02-07-2015, 524288, 301.59
d3511be, 02-07-2015, 1048576, 672.91
d3511be, 02-07-2015, 2097152, 2319.91
d3511be, 02-07-2015, 4194304, 3004.51
6874bfe, 03-07-2015, 1, 8.76
6874bfe, 03-07-2015, 2, 8.72
6874bfe, 03-07-2015, 4, 8.73
6874bfe, 03-07-2015, 8, 8.74
6874bfe, 03-07-2015, 16, 8.75
6874bfe, 03-07-2015, 32, 8.94
6874bfe, 03-07-2015, 64, 8.91
6874bfe, 03-07-2015, 128, 8.99
6874bfe, 03-07-2015, 256, 9.15
6874bfe, 03-07-2015, 512, 9.36
6874bfe, 03-07-2015, 1024, 9.95
6874bfe, 03-07-2015, 2048, 10.48
6874bfe, 03-07-2015, 4096, 12.10
6874bfe, 03-07-2015, 8192, 17.06
6874bfe, 03-07-2015, 16384, 22.21
6874bfe, 03-07-2015, 32768, 31.60
6874bfe, 03-07-2015, 65536, 66.91
6874bfe, 03-07-2015, 131072, 105.08
6874bfe, 03-07-2015, 262144, 169.34
6874bfe, 03-07-2015, 524288, 303.54
6874bfe, 03-07-2015, 1048576, 678.47
6874bfe, 03-07-2015, 2097152, 2359.67
6874bfe, 03-07-2015, 4194304, 3076.14
315c167, 04-07-2015, 1, 8.87
315c167, 04-07-2015, 2, 8.86
315c167, 04-07-2015, 4, 8.89
315c167, 04-07-2015, 8, 8.88
315c167, 04-07-2015, 16, 8.90
315c167, 04-07-2015, 32, 8.98
315c167, 04-07-2015, 64, 8.95
315c167, 04-07-2015, 128, 9.07
315c167, 04-07-2015, 256, 9.23
315c167, 04-07-2015, 512, 9.41
315c167, 04-07-2015, 1024, 10.01
315c167, 04-07-2015, 2048, 10.56
315c167, 04-07-2015, 4096, 12.14
315c167, 04-07-2015, 8192, 17.22
315c167, 04-07-2015, 16384, 22.85
315c167, 04-07-2015, 32768, 32.74
315c167, 04-07-2015, 65536, 67.55
315c167, 04-07-2015, 131072, 106.16
315c167, 04-07-2015, 262144, 170.06
315c167, 04-07-2015, 524288, 301.15
315c167, 04-07-2015, 1048576, 679.22
315c167, 04-07-2015, 2097152, 2357.75
315c167, 04-07-2015, 4194304, 3079.59
acd14d1, 12-07-2015, 1, 8.29
acd14d1, 12-07-2015, 2, 8.31
acd14d1, 12-07-2015, 4, 8.30
acd14d1, 12-07-2015, 8, 8.30
acd14d1, 12-07-2015, 16, 8.33
acd14d1, 12-07-2015, 32, 8.42
acd14d1, 12-07-2015, 64, 8.38
acd14d1, 12-07-2015, 128, 8.55
acd14d1, 12-07-2015, 256, 8.68
acd14d1, 12-07-2015, 512, 8.91
acd14d1, 12-07-2015, 1024, 9.35
acd14d1, 12-07-2015, 2048, 9.94
acd14d1, 12-07-2015, 4096, 11.72
acd14d1, 12-07-2015, 8192, 16.46
acd14d1, 12-07-2015, 16384, 22.16
acd14d1, 12-07-2015, 32768, 32.25
acd14d1, 12-07-2015, 65536, 66.88
acd14d1, 12-07-2015, 131072, 104.97
acd14d1, 12-07-2015, 262144, 169.03
acd14d1, 12-07-2015, 524288, 307.55
acd14d1, 12-07-2015, 1048576, 672.46
acd14d1, 12-07-2015, 2097152, 2290.27
acd14d1, 12-07-2015, 4194304, 3007.68
0e081a9, 14-07-2015, 1, 8.98
0e081a9, 14-07-2015, 2, 8.94
0e081a9, 14-07-2015, 4, 8.93
0e081a9, 14-07-2015, 8, 8.96
0e081a9, 14-07-2015, 16, 8.93
0e081a9, 14-07-2015, 32, 9.09
0e081a9, 14-07-2015, 64, 9.03
0e081a9, 14-07-2015, 128, 9.09
0e081a9, 14-07-2015, 256, 9.28
0e081a9, 14-07-2015, 512, 9.52
0e081a9, 14-07-2015, 1024, 9.96
0e081a9, 14-07-2015, 2048, 10.62
0e081a9, 14-07-2015, 4096, 12.40
0e081a9, 14-07-2015, 8192, 18.31
0e081a9, 14-07-2015, 16384, 27.13
0e081a9, 14-07-2015, 32768, 38.71
0e081a9, 14-07-2015, 65536, 69.84
0e081a9, 14-07-2015, 131072, 109.96
0e081a9, 14-07-2015, 262144, 174.22
0e081a9, 14-07-2015, 524288, 307.84
0e081a9, 14-07-2015, 1048576, 701.82
0e081a9, 14-07-2015, 2097152, 2519.97
0e081a9, 14-07-2015, 4194304, 3206.64
99df208, 15-07-2015, 1, 8.96
99df208, 15-07-2015, 2, 8.92
99df208, 15-07-2015, 4, 8.91
99df208, 15-07-2015, 8, 8.92
99df208, 15-07-2015, 16, 8.94
99df208, 15-07-2015, 32, 9.01
99df208, 15-07-2015, 64, 9.02
99df208, 15-07-2015, 128, 9.09
99df208, 15-07-2015, 256, 9.27
99df208, 15-07-2015, 512, 9.52
99df208, 15-07-2015, 1024, 9.96
99df208, 15-07-2015, 2048, 10.69
99df208, 15-07-2015, 4096, 12.43
99df208, 15-07-2015, 8192, 18.18
99df208, 15-07-2015, 16384, 25.60
99df208, 15-07-2015, 32768, 40.43
99df208, 15-07-2015, 65536, 71.52
99df208, 15-07-2015, 131072, 110.41
99df208, 15-07-2015, 262144, 174.82
99df208, 15-07-2015, 524288, 309.63
99df208, 15-07-2015, 1048576, 704.30
99df208, 15-07-2015, 2097152, 2500.51
99df208, 15-07-2015, 4194304, 3203.92
cb365ba, 16-07-2015, 1, 8.16
cb365ba, 16-07-2015, 2, 8.15
cb365ba, 16-07-2015, 4, 8.14
cb365ba, 16-07-2015, 8, 8.13
cb365ba, 16-07-2015, 16, 8.16
cb365ba, 16-07-2015, 32, 8.23
cb365ba, 16-07-2015, 64, 8.25
cb365ba, 16-07-2015, 128, 8.23
cb365ba, 16-07-2015, 256, 8.46
cb365ba, 16-07-2015, 512, 8.66
cb365ba, 16-07-2015, 1024, 9.13
cb365ba, 16-07-2015, 2048, 10.00
cb365ba, 16-07-2015, 4096, 11.70
cb365ba, 16-07-2015, 8192, 17.47
cb365ba, 16-07-2015, 16384, 25.79
cb365ba, 16-07-2015, 32768, 39.92
cb365ba, 16-07-2015, 65536, 68.63
cb365ba, 16-07-2015, 131072, 107.63
cb365ba, 16-07-2015, 262144, 172.20
cb365ba, 16-07-2015, 524288, 309.05
cb365ba, 16-07-2015, 1048576, 699.30
cb365ba, 16-07-2015, 2097152, 2478.93
cb365ba, 16-07-2015, 4194304, 3194.98
a0c3c29, 17-07-2015, 1, 8.23
a0c3c29, 17-07-2015, 2, 8.19
a0c3c29, 17-07-2015, 4, 8.20
a0c3c29, 17-07-2015, 8, 8.18
a0c3c29, 17-07-2015, 16, 8.21
a0c3c29, 17-07-2015, 32, 8.30
a0c3c29, 17-07-2015, 64, 8.29
a0c3c29, 17-07-2015, 128, 8.37
a0c3c29, 17-07-2015, 256, 8.56
a0c3c29, 17-07-2015, 512, 8.84
a0c3c29, 17-07-2015, 1024, 9.32
a0c3c29, 17-07-2015, 2048, 10.05
a0c3c29, 17-07-2015, 4096, 11.79
a0c3c29, 17-07-2015, 8192, 17.82
a0c3c29, 17-07-2015, 16384, 26.48
a0c3c29, 17-07-2015, 32768, 40.19
a0c3c29, 17-07-2015, 65536, 68.79
a0c3c29, 17-07-2015, 131072, 107.92
a0c3c29, 17-07-2015, 262144, 172.85
a0c3c29, 17-07-2015, 524288, 307.36
a0c3c29, 17-07-2015, 1048576, 700.10
a0c3c29, 17-07-2015, 2097152, 2444.68
a0c3c29, 17-07-2015, 4194304, 3193.98
3ea1609, 18-07-2015, 1, 8.99
3ea1609, 18-07-2015, 2, 8.95
3ea1609, 18-07-2015, 4, 8.95
3ea1609, 18-07-2015, 8, 8.95
3ea1609, 18-07-2015, 16, 8.84
3ea1609, 18-07-2015, 32, 8.93
3ea1609, 18-07-2015, 64, 8.88
3ea1609, 18-07-2015, 128, 9.04
3ea1609, 18-07-2015, 256, 9.18
3ea1609, 18-07-2015, 512, 9.44
3ea1609, 18-07-2015, 1024, 9.87
3ea1609, 18-07-2015, 2048, 10.58
3ea1609, 18-07-2015, 4096, 12.33
3ea1609, 18-07-2015, 8192, 18.28
3ea1609, 18-07-2015, 16384, 26.37
3ea1609, 18-07-2015, 32768, 39.38
3ea1609, 18-07-2015, 65536, 71.15
3ea1609, 18-07-2015, 131072, 110.75
3ea1609, 18-07-2015, 262144, 175.70
3ea1609, 18-07-2015, 524288, 315.56
3ea1609, 18-07-2015, 1048576, 705.88
3ea1609, 18-07-2015, 2097152, 2571.34
3ea1609, 18-07-2015, 4194304, 3214.73
a88dfe1, 20-07-2015, 1, 8.78
a88dfe1, 20-07-2015, 2, 8.75
a88dfe1, 20-07-2015, 4, 8.70
a88dfe1, 20-07-2015, 8, 8.73
a88dfe1, 20-07-2015, 16, 8.76
a88dfe1, 20-07-2015, 32, 8.75
a88dfe1, 20-07-2015, 64, 8.75
a88dfe1, 20-07-2015, 128, 8.87
a88dfe1, 20-07-2015, 256, 9.00
a88dfe1, 20-07-2015, 512, 9.29
a88dfe1, 20-07-2015, 1024, 9.75
a88dfe1, 20-07-2015, 2048, 10.46
a88dfe1, 20-07-2015, 4096, 12.21
a88dfe1, 20-07-2015, 8192, 17.51
a88dfe1, 20-07-2015, 16384, 25.42
a88dfe1, 20-07-2015, 32768, 38.07
a88dfe1, 20-07-2015, 65536, 70.36
a88dfe1, 20-07-2015, 131072, 109.09
a88dfe1, 20-07-2015, 262144, 173.87
a88dfe1, 20-07-2015, 524288, 310.77
a88dfe1, 20-07-2015, 1048576, 706.32
a88dfe1, 20-07-2015, 2097152, 2454.61
a88dfe1, 20-07-2015, 4194304, 3198.37
c6fb82b, 23-07-2015, 1, 8.19
c6fb82b, 23-07-2015, 2, 8.15
c6fb82b, 23-07-2015, 4, 8.14
c6fb82b, 23-07-2015, 8, 8.15
c6fb82b, 23-07-2015, 16, 8.16
c6fb82b, 23-07-2015, 32, 8.20
c6fb82b, 23-07-2015, 64, 8.20
c6fb82b, 23-07-2015, 128, 8.31
c6fb82b, 23-07-2015, 256, 8.56
c6fb82b, 23-07-2015, 512, 8.77
c6fb82b, 23-07-2015, 1024, 9.22
c6fb82b, 23-07-2015, 2048, 9.96
c6fb82b, 23-07-2015, 4096, 11.73
c6fb82b, 23-07-2015, 8192, 16.52
c6fb82b, 23-07-2015, 16384, 22.12
c6fb82b, 23-07-2015, 32768, 35.26
c6fb82b, 23-07-2015, 65536, 68.77
c6fb82b, 23-07-2015, 131072, 108.25
c6fb82b, 23-07-2015, 262144, 172.49
c6fb82b, 23-07-2015, 524288, 305.66
c6fb82b, 23-07-2015, 1048576, 701.22
c6fb82b, 23-07-2015, 2097152, 2461.56
c6fb82b, 23-07-2015, 4194304, 3205.26
beaa50c, 24-07-2015, 1, 8.35
beaa50c, 24-07-2015, 2, 8.33
beaa50c, 24-07-2015, 4, 8.34
beaa50c, 24-07-2015, 8, 8.34
beaa50c, 24-07-2015, 16, 8.36
beaa50c, 24-07-2015, 32, 8.38
beaa50c, 24-07-2015, 64, 8.39
beaa50c, 24-07-2015, 128, 8.46
beaa50c, 24-07-2015, 256, 8.75
beaa50c, 24-07-2015, 512, 8.93
beaa50c, 24-07-2015, 1024, 9.36
beaa50c, 24-07-2015, 2048, 10.11
beaa50c, 24-07-2015, 4096, 11.85
beaa50c, 24-07-2015, 8192, 16.72
beaa50c, 24-07-2015, 16384, 22.39
beaa50c, 24-07-2015, 32768, 34.20
beaa50c, 24-07-2015, 65536, 68.17
beaa50c, 24-07-2015, 131072, 107.67
beaa50c, 24-07-2015, 262144, 172.88
beaa50c, 24-07-2015, 524288, 304.65
beaa50c, 24-07-2015, 1048576, 698.54
beaa50c, 24-07-2015, 2097152, 2451.98
beaa50c, 24-07-2015, 4194304, 3200.17
23a6022, 26-07-2015, 1, 8.14
23a6022, 26-07-2015, 2, 8.14
23a6022, 26-07-2015, 4, 8.14
23a6022, 26-07-2015, 8, 8.13
23a6022, 26-07-2015, 16, 8.16
23a6022, 26-07-2015, 32, 8.23
23a6022, 26-07-2015, 64, 8.20
23a6022, 26-07-2015, 128, 8.37
23a6022, 26-07-2015, 256, 8.53
23a6022, 26-07-2015, 512, 8.77
23a6022, 26-07-2015, 1024, 9.22
23a6022, 26-07-2015, 2048, 10.00
23a6022, 26-07-2015, 4096, 11.74
23a6022, 26-07-2015, 8192, 16.57
23a6022, 26-07-2015, 16384, 22.48
23a6022, 26-07-2015, 32768, 34.57
23a6022, 26-07-2015, 65536, 68.78
23a6022, 26-07-2015, 131072, 108.09
23a6022, 26-07-2015, 262144, 172.88
23a6022, 26-07-2015, 524288, 309.42
23a6022, 26-07-2015, 1048576, 703.43
23a6022, 26-07-2015, 2097152, 2502.90
23a6022, 26-07-2015, 4194304, 3208.74
e3bf4c1, 28-07-2015, 1, 8.09
e3bf4c1, 28-07-2015, 2, 8.08
e3bf4c1, 28-07-2015, 4, 8.13
e3bf4c1, 28-07-2015, 8, 8.13
e3bf4c1, 28-07-2015, 16, 8.12
e3bf4c1, 28-07-2015, 32, 8.19
e3bf4c1, 28-07-2015, 64, 8.18
e3bf4c1, 28-07-2015, 128, 8.28
e3bf4c1, 28-07-2015, 256, 8.52
e3bf4c1, 28-07-2015, 512, 8.71
e3bf4c1, 28-07-2015, 1024, 9.18
e3bf4c1, 28-07-2015, 2048, 9.96
e3bf4c1, 28-07-2015, 4096, 11.75
e3bf4c1, 28-07-2015, 8192, 17.03
e3bf4c1, 28-07-2015, 16384, 22.59
e3bf4c1, 28-07-2015, 32768, 35.17
e3bf4c1, 28-07-2015, 65536, 68.30
e3bf4c1, 28-07-2015, 131072, 107.69
e3bf4c1, 28-07-2015, 262144, 173.01
e3bf4c1, 28-07-2015, 524288, 306.15
e3bf4c1, 28-07-2015, 1048576, 703.22
e3bf4c1, 28-07-2015, 2097152, 2481.57
e3bf4c1, 28-07-2015, 4194304, 3220.00
bc0d832, 31-07-2015, 1, 8.09
bc0d832, 31-07-2015, 2, 8.08
bc0d832, 31-07-2015, 4, 8.08
bc0d832, 31-07-2015, 8, 8.06
bc0d832, 31-07-2015, 16, 8.09
bc0d832, 31-07-2015, 32, 8.14
bc0d832, 31-07-2015, 64, 8.20
bc0d832, 31-07-2015, 128, 8.27
bc0d832, 31-07-2015, 256, 8.50
bc0d832, 31-07-2015, 512, 8.68
bc0d832, 31-07-2015, 1024, 9.15
bc0d832, 31-07-2015, 2048, 9.78
bc0d832, 31-07-2015, 4096, 11.58
bc0d832, 31-07-2015, 8192, 16.33
bc0d832, 31-07-2015, 16384, 22.32
bc0d832, 31-07-2015, 32768, 33.63
bc0d832, 31-07-2015, 65536, 67.95
bc0d832, 31-07-2015, 131072, 106.87
bc0d832, 31-07-2015, 262144, 172.20
bc0d832, 31-07-2015, 524288, 305.12
bc0d832, 31-07-2015, 1048576, 702.23
bc0d832, 31-07-2015, 2097152, 2473.97
bc0d832, 31-07-2015, 4194304, 3201.80
5b3580d, 01-08-2015, 1, 7.97
5b3580d, 01-08-2015, 2, 7.94
5b3580d, 01-08-2015, 4, 7.96
5b3580d, 01-08-2015, 8, 7.97
5b3580d, 01-08-2015, 16, 7.97
5b3580d, 01-08-2015, 32, 8.02
5b3580d, 01-08-2015, 64, 8.02
5b3580d, 01-08-2015, 128, 8.18
5b3580d, 01-08-2015, 256, 8.38
5b3580d, 01-08-2015, 512, 8.59
5b3580d, 01-08-2015, 1024, 9.03
5b3580d, 01-08-2015, 2048, 9.75
5b3580d, 01-08-2015, 4096, 11.52
5b3580d, 01-08-2015, 8192, 16.56
5b3580d, 01-08-2015, 16384, 22.32
5b3580d, 01-08-2015, 32768, 33.25
5b3580d, 01-08-2015, 65536, 68.31
5b3580d, 01-08-2015, 131072, 108.05
5b3580d, 01-08-2015, 262144, 173.26
5b3580d, 01-08-2015, 524288, 312.70
5b3580d, 01-08-2015, 1048576, 700.29
5b3580d, 01-08-2015, 2097152, 2456.42
5b3580d, 01-08-2015, 4194304, 3196.41
d2fdca2, 02-08-2015, 1, 7.82
d2fdca2, 02-08-2015, 2, 7.81
d2fdca2, 02-08-2015, 4, 7.83
d2fdca2, 02-08-2015, 8, 7.80
d2fdca2, 02-08-2015, 16, 7.82
d2fdca2, 02-08-2015, 32, 7.88
d2fdca2, 02-08-2015, 64, 7.93
d2fdca2, 02-08-2015, 128, 8.01
d2fdca2, 02-08-2015, 256, 8.18
d2fdca2, 02-08-2015, 512, 8.40
d2fdca2, 02-08-2015, 1024, 8.83
d2fdca2, 02-08-2015, 2048, 9.61
d2fdca2, 02-08-2015, 4096, 11.39
d2fdca2, 02-08-2015, 8192, 16.34
d2fdca2, 02-08-2015, 16384, 22.46
d2fdca2, 02-08-2015, 32768, 34.03
d2fdca2, 02-08-2015, 65536, 67.82
d2fdca2, 02-08-2015, 131072, 107.02
d2fdca2, 02-08-2015, 262144, 172.39
d2fdca2, 02-08-2015, 524288, 304.46
d2fdca2, 02-08-2015, 1048576, 701.77
d2fdca2, 02-08-2015, 2097152, 2463.58
d2fdca2, 02-08-2015, 4194304, 3203.31
f851440, 03-08-2015, 1, 8.21
f851440, 03-08-2015, 2, 8.24
f851440, 03-08-2015, 4, 8.23
f851440, 03-08-2015, 8, 8.20
f851440, 03-08-2015, 16, 8.20
f851440, 03-08-2015, 32, 8.36
f851440, 03-08-2015, 64, 8.26
f851440, 03-08-2015, 128, 8.34
f851440, 03-08-2015, 256, 8.64
f851440, 03-08-2015, 512, 8.78
f851440, 03-08-2015, 1024, 9.27
f851440, 03-08-2015, 2048, 10.01
f851440, 03-08-2015, 4096, 11.72
f851440, 03-08-2015, 8192, 17.01
f851440, 03-08-2015, 16384, 22.71
f851440, 03-08-2015, 32768, 34.80
f851440, 03-08-2015, 65536, 67.81
f851440, 03-08-2015, 131072, 107.75
f851440, 03-08-2015, 262144, 172.90
f851440, 03-08-2015, 524288, 307.68
f851440, 03-08-2015, 1048576, 700.76
f851440, 03-08-2015, 2097152, 2460.57
f851440, 03-08-2015, 4194304, 3207.53
ff0e3c7, 04-08-2015, 1, 7.98
ff0e3c7, 04-08-2015, 2, 7.99
ff0e3c7, 04-08-2015, 4, 7.98
ff0e3c7, 04-08-2015, 8, 7.96
ff0e3c7, 04-08-2015, 16, 7.98
ff0e3c7, 04-08-2015, 32, 8.03
ff0e3c7, 04-08-2015, 64, 8.04
ff0e3c7, 04-08-2015, 128, 8.16
ff0e3c7, 04-08-2015, 256, 8.34
ff0e3c7, 04-08-2015, 512, 8.58
ff0e3c7, 04-08-2015, 1024, 9.03
ff0e3c7, 04-08-2015, 2048, 9.76
ff0e3c7, 04-08-2015, 4096, 11.53
ff0e3c7, 04-08-2015, 8192, 16.38
ff0e3c7, 04-08-2015, 16384, 22.88
ff0e3c7, 04-08-2015, 32768, 34.47
ff0e3c7, 04-08-2015, 65536, 68.56
ff0e3c7, 04-08-2015, 131072, 108.00
ff0e3c7, 04-08-2015, 262144, 172.76
ff0e3c7, 04-08-2015, 524288, 304.81
ff0e3c7, 04-08-2015, 1048576, 700.40
ff0e3c7, 04-08-2015, 2097152, 2478.96
ff0e3c7, 04-08-2015, 4194304, 3202.54
63b98a0, 06-08-2015, 1, 7.78
63b98a0, 06-08-2015, 2, 7.71
63b98a0, 06-08-2015, 4, 7.72
63b98a0, 06-08-2015, 8, 7.70
63b98a0, 06-08-2015, 16, 7.70
63b98a0, 06-08-2015, 32, 7.76
63b98a0, 06-08-2015, 64, 7.79
63b98a0, 06-08-2015, 128, 7.87
63b98a0, 06-08-2015, 256, 8.07
63b98a0, 06-08-2015, 512, 8.25
63b98a0, 06-08-2015, 1024, 8.60
63b98a0, 06-08-2015, 2048, 9.14
63b98a0, 06-08-2015, 4096, 10.69
63b98a0, 06-08-2015, 8192, 15.35
63b98a0, 06-08-2015, 16384, 20.31
63b98a0, 06-08-2015, 32768, 29.65
63b98a0, 06-08-2015, 65536, 61.60
63b98a0, 06-08-2015, 131072, 95.51
63b98a0, 06-08-2015, 262144, 152.88
63b98a0, 06-08-2015, 524288, 275.84
63b98a0, 06-08-2015, 1048576, 641.19
63b98a0, 06-08-2015, 2097152, 2337.68
63b98a0, 06-08-2015, 4194304, 3090.88
a1e43e8, 07-08-2015, 1, 8.41
a1e43e8, 07-08-2015, 2, 8.35
a1e43e8, 07-08-2015, 4, 8.36
a1e43e8, 07-08-2015, 8, 8.35
a1e43e8, 07-08-2015, 16, 8.37
a1e43e8, 07-08-2015, 32, 8.49
a1e43e8, 07-08-2015, 64, 8.47
a1e43e8, 07-08-2015, 128, 8.50
a1e43e8, 07-08-2015, 256, 8.73
a1e43e8, 07-08-2015, 512, 8.93
a1e43e8, 07-08-2015, 1024, 9.45
a1e43e8, 07-08-2015, 2048, 10.19
a1e43e8, 07-08-2015, 4096, 11.97
a1e43e8, 07-08-2015, 8192, 16.59
a1e43e8, 07-08-2015, 16384, 22.00
a1e43e8, 07-08-2015, 32768, 34.37
a1e43e8, 07-08-2015, 65536, 68.80
a1e43e8, 07-08-2015, 131072, 108.91
a1e43e8, 07-08-2015, 262144, 174.36
a1e43e8, 07-08-2015, 524288, 311.16
a1e43e8, 07-08-2015, 1048576, 704.57
a1e43e8, 07-08-2015, 2097152, 2484.49
a1e43e8, 07-08-2015, 4194304, 3211.15
34c9f42, 08-08-2015, 1, 8.27
34c9f42, 08-08-2015, 2, 8.27
34c9f42, 08-08-2015, 4, 8.29
34c9f42, 08-08-2015, 8, 8.29
34c9f42, 08-08-2015, 16, 8.29
34c9f42, 08-08-2015, 32, 8.38
34c9f42, 08-08-2015, 64, 8.36
34c9f42, 08-08-2015, 128, 8.45
34c9f42, 08-08-2015, 256, 8.65
34c9f42, 08-08-2015, 512, 8.85
34c9f42, 08-08-2015, 1024, 9.31
34c9f42, 08-08-2015, 2048, 10.06
34c9f42, 08-08-2015, 4096, 11.87
34c9f42, 08-08-2015, 8192, 16.54
34c9f42, 08-08-2015, 16384, 22.63
34c9f42, 08-08-2015, 32768, 33.35
34c9f42, 08-08-2015, 65536, 68.71
34c9f42, 08-08-2015, 131072, 108.52
34c9f42, 08-08-2015, 262144, 173.85
34c9f42, 08-08-2015, 524288, 311.98
34c9f42, 08-08-2015, 1048576, 701.15
34c9f42, 08-08-2015, 2097152, 2481.00
34c9f42, 08-08-2015, 4194304, 3199.31
5b5bed6, 09-08-2015, 1, 8.53
5b5bed6, 09-08-2015, 2, 8.51
5b5bed6, 09-08-2015, 4, 8.51
5b5bed6, 09-08-2015, 8, 8.50
5b5bed6, 09-08-2015, 16, 8.50
5b5bed6, 09-08-2015, 32, 8.56
5b5bed6, 09-08-2015, 64, 8.53
5b5bed6, 09-08-2015, 128, 8.64
5b5bed6, 09-08-2015, 256, 8.86
5b5bed6, 09-08-2015, 512, 9.07
5b5bed6, 09-08-2015, 1024, 9.53
5b5bed6, 09-08-2015, 2048, 10.03
5b5bed6, 09-08-2015, 4096, 12.18
5b5bed6, 09-08-2015, 8192, 16.93
5b5bed6, 09-08-2015, 16384, 22.21
5b5bed6, 09-08-2015, 32768, 32.71
5b5bed6, 09-08-2015, 65536, 68.07
5b5bed6, 09-08-2015, 131072, 107.96
5b5bed6, 09-08-2015, 262144, 174.56
5b5bed6, 09-08-2015, 524288, 306.83
5b5bed6, 09-08-2015, 1048576, 702.06
5b5bed6, 09-08-2015, 2097152, 2464.15
5b5bed6, 09-08-2015, 4194304, 3205.75
5b5bed6, 10-08-2015, 1, 8.47
5b5bed6, 10-08-2015, 2, 8.47
5b5bed6, 10-08-2015, 4, 8.49
5b5bed6, 10-08-2015, 8, 8.48
5b5bed6, 10-08-2015, 16, 8.54
5b5bed6, 10-08-2015, 32, 8.57
5b5bed6, 10-08-2015, 64, 8.54
5b5bed6, 10-08-2015, 128, 8.65
5b5bed6, 10-08-2015, 256, 8.86
5b5bed6, 10-08-2015, 512, 9.06
5b5bed6, 10-08-2015, 1024, 9.51
5b5bed6, 10-08-2015, 2048, 10.26
5b5bed6, 10-08-2015, 4096, 12.06
5b5bed6, 10-08-2015, 8192, 16.91
5b5bed6, 10-08-2015, 16384, 22.35
5b5bed6, 10-08-2015, 32768, 33.19
5b5bed6, 10-08-2015, 65536, 67.98
5b5bed6, 10-08-2015, 131072, 108.14
5b5bed6, 10-08-2015, 262144, 173.39
5b5bed6, 10-08-2015, 524288, 304.76
5b5bed6, 10-08-2015, 1048576, 699.36
5b5bed6, 10-08-2015, 2097152, 2456.85
5b5bed6, 10-08-2015, 4194304, 3197.60
1e1238a, 11-08-2015, 1, 7.91
1e1238a, 11-08-2015, 2, 7.93
1e1238a, 11-08-2015, 4, 7.91
1e1238a, 11-08-2015, 8, 7.92
1e1238a, 11-08-2015, 16, 7.95
1e1238a, 11-08-2015, 32, 7.97
1e1238a, 11-08-2015, 64, 7.95
1e1238a, 11-08-2015, 128, 8.06
1e1238a, 11-08-2015, 256, 8.26
1e1238a, 11-08-2015, 512, 8.46
1e1238a, 11-08-2015, 1024, 8.82
1e1238a, 11-08-2015, 2048, 9.35
1e1238a, 11-08-2015, 4096, 10.82
1e1238a, 11-08-2015, 8192, 15.18
1e1238a, 11-08-2015, 16384, 20.03
1e1238a, 11-08-2015, 32768, 29.31
1e1238a, 11-08-2015, 65536, 61.02
1e1238a, 11-08-2015, 131072, 95.36
1e1238a, 11-08-2015, 262144, 152.26
1e1238a, 11-08-2015, 524288, 268.48
1e1238a, 11-08-2015, 1048576, 638.03
1e1238a, 11-08-2015, 2097152, 2317.95
1e1238a, 11-08-2015, 4194304, 3080.77
2e640e3, 12-08-2015, 1, 9.73
2e640e3, 12-08-2015, 2, 9.86
2e640e3, 12-08-2015, 4, 9.81
2e640e3, 12-08-2015, 8, 9.78
2e640e3, 12-08-2015, 16, 9.80
2e640e3, 12-08-2015, 32, 9.83
2e640e3, 12-08-2015, 64, 9.86
2e640e3, 12-08-2015, 128, 9.95
2e640e3, 12-08-2015, 256, 10.15
2e640e3, 12-08-2015, 512, 10.33
2e640e3, 12-08-2015, 1024, 10.78
2e640e3, 12-08-2015, 2048, 11.52
2e640e3, 12-08-2015, 4096, 13.30
2e640e3, 12-08-2015, 8192, 17.66
2e640e3, 12-08-2015, 16384, 23.37
2e640e3, 12-08-2015, 32768, 33.14
2e640e3, 12-08-2015, 65536, 69.86
2e640e3, 12-08-2015, 131072, 109.40
2e640e3, 12-08-2015, 262144, 174.96
2e640e3, 12-08-2015, 524288, 306.27
2e640e3, 12-08-2015, 1048576, 702.47
2e640e3, 12-08-2015, 2097152, 2467.47
2e640e3, 12-08-2015, 4194304, 3205.96
237b5c1, 13-08-2015, 1, 9.79
237b5c1, 13-08-2015, 2, 9.79
237b5c1, 13-08-2015, 4, 9.82
237b5c1, 13-08-2015, 8, 9.77
237b5c1, 13-08-2015, 16, 9.79
237b5c1, 13-08-2015, 32, 9.88
237b5c1, 13-08-2015, 64, 9.88
237b5c1, 13-08-2015, 128, 10.03
237b5c1, 13-08-2015, 256, 10.23
237b5c1, 13-08-2015, 512, 10.42
237b5c1, 13-08-2015, 1024, 10.86
237b5c1, 13-08-2015, 2048, 11.65
237b5c1, 13-08-2015, 4096, 13.27
237b5c1, 13-08-2015, 8192, 17.70
237b5c1, 13-08-2015, 16384, 23.44
237b5c1, 13-08-2015, 32768, 33.74
237b5c1, 13-08-2015, 65536, 69.94
237b5c1, 13-08-2015, 131072, 109.19
237b5c1, 13-08-2015, 262144, 173.31
237b5c1, 13-08-2015, 524288, 306.65
237b5c1, 13-08-2015, 1048576, 702.03
237b5c1, 13-08-2015, 2097152, 2466.76
237b5c1, 13-08-2015, 4194304, 3210.15
5f94396, 14-08-2015, 1, 9.58
5f94396, 14-08-2015, 2, 9.51
5f94396, 14-08-2015, 4, 9.52
5f94396, 14-08-2015, 8, 9.53
5f94396, 14-08-2015, 16, 9.56
5f94396, 14-08-2015, 32, 9.60
5f94396, 14-08-2015, 64, 9.66
5f94396, 14-08-2015, 128, 9.73
5f94396, 14-08-2015, 256, 9.87
5f94396, 14-08-2015, 512, 10.11
5f94396, 14-08-2015, 1024, 10.60
5f94396, 14-08-2015, 2048, 11.39
5f94396, 14-08-2015, 4096, 13.10
5f94396, 14-08-2015, 8192, 17.28
5f94396, 14-08-2015, 16384, 22.83
5f94396, 14-08-2015, 32768, 33.25
5f94396, 14-08-2015, 65536, 69.58
5f94396, 14-08-2015, 131072, 108.83
5f94396, 14-08-2015, 262144, 173.19
5f94396, 14-08-2015, 524288, 305.44
5f94396, 14-08-2015, 1048576, 700.82
5f94396, 14-08-2015, 2097152, 2463.72
5f94396, 14-08-2015, 4194304, 3201.47
6261a17, 15-08-2015, 1, 9.34
6261a17, 15-08-2015, 2, 9.37
6261a17, 15-08-2015, 4, 9.36
6261a17, 15-08-2015, 8, 9.33
6261a17, 15-08-2015, 16, 9.38
6261a17, 15-08-2015, 32, 9.42
6261a17, 15-08-2015, 64, 9.42
6261a17, 15-08-2015, 128, 9.49
6261a17, 15-08-2015, 256, 9.82
6261a17, 15-08-2015, 512, 10.04
6261a17, 15-08-2015, 1024, 10.40
6261a17, 15-08-2015, 2048, 11.02
6261a17, 15-08-2015, 4096, 12.86
6261a17, 15-08-2015, 8192, 17.62
6261a17, 15-08-2015, 16384, 23.30
6261a17, 15-08-2015, 32768, 33.31
6261a17, 15-08-2015, 65536, 70.47
6261a17, 15-08-2015, 131072, 109.99
6261a17, 15-08-2015, 262144, 174.81
6261a17, 15-08-2015, 524288, 310.43
6261a17, 15-08-2015, 1048576, 702.85
6261a17, 15-08-2015, 2097152, 2483.13
6261a17, 15-08-2015, 4194304, 3213.69
