b627a5c, 07-07-2015, 1, 519579,519740,519579,519579,519258
b627a5c, 07-07-2015, 2, 516222,515746,515271,516063,516540
b627a5c, 07-07-2015, 4, 509172,510101,509327,509946,509636
b627a5c, 07-07-2015, 8, 519258,519097,519740,519418,519258
b627a5c, 07-07-2015, 16, 517656,517496,516858,517496,516858
f326cd3, 12-07-2015, 1, 518616,519740,518936,520062,518616
f326cd3, 12-07-2015, 2, 517815,517815,517496,517975,517815
f326cd3, 12-07-2015, 4, 517336,516699,517815,517496,517656
f326cd3, 12-07-2015, 8, 513536,513222,513222,513065,513065
f326cd3, 12-07-2015, 16, 517815,517177,517815,518295,517815
acd14d1, 16-07-2015, 1, 542425,542601,543832,543128,544361
acd14d1, 16-07-2015, 2, 529751,529417,529250,529751,528583
acd14d1, 16-07-2015, 4, 543128,544892,544185,544361,544361
acd14d1, 16-07-2015, 8, 530925,530589,530757,530421,530757
acd14d1, 16-07-2015, 16, 531429,530925,530421,530925,530589
a0c3c29, 17-07-2015, 1, 530421,530757,530086,530253,530086
a0c3c29, 17-07-2015, 2, 529083,529417,528916,528583,529250
a0c3c29, 17-07-2015, 4, 530757,531429,531093,531766,531093
a0c3c29, 17-07-2015, 8, 529918,529918,530421,529918,530421
a0c3c29, 17-07-2015, 16, 531597,531261,531766,530757,530253
3ea1609, 18-07-2015, 1, 519097,519258,519097,520547,519418
3ea1609, 18-07-2015, 2, 512281,512438,511969,511969,512281
3ea1609, 18-07-2015, 4, 512908,512908,512908,512751,512908
3ea1609, 18-07-2015, 8, 510877,511500,511033,511189,512438
3ea1609, 18-07-2015, 16, 522492,522655,522329,522004,523144
f565790, 21-08-2015, 1, 573580,573188,573580,573776,573776
f565790, 21-08-2015, 2, 578126,577529,578525,579124,577728
f565790, 21-08-2015, 4, 574956,574562,575350,574956,574759
f565790, 21-08-2015, 8, 576141,575943,575943,575153,575548
f565790, 21-08-2015, 16, 573776,574562,573972,574169,575350
3cbff1b, 26-08-2015, 1, 575350,576141,575350,575745,575745
3cbff1b, 26-08-2015, 2, 575548,575745,574169,575350,575943
3cbff1b, 26-08-2015, 4, 575943,573776,573580,573188,575548
3cbff1b, 26-08-2015, 8, 574956,575745,574956,575548,575943
3cbff1b, 26-08-2015, 16, 576339,575943,575943,576339,576141
107ed41, 27-08-2015, 1, 570072,570072,569878,569298,569878
107ed41, 27-08-2015, 2, 570460,570266,569491,570266,570072
107ed41, 27-08-2015, 4, 569105,568719,567757,570072,569491
107ed41, 27-08-2015, 8, 571236,571042,571431,571431,572211
107ed41, 27-08-2015, 16, 569105,568334,568334,568141,568526
4967366, 28-08-2015, 1, 568912,568719,569298,568719,568526
4967366, 28-08-2015, 2, 568334,568719,567757,568912,568334
4967366, 28-08-2015, 4, 569491,569878,569298,569105,569491
4967366, 28-08-2015, 8, 571042,571626,570654,571042,571236
4967366, 28-08-2015, 16, 568719,569298,568141,568334,569298
58c47dc, 29-08-2015, 1, 570266,569878,570460,569491,569298
58c47dc, 29-08-2015, 2, 569685,568912,570460,569105,569685
58c47dc, 29-08-2015, 4, 569105,568334,568526,568526,567757
58c47dc, 29-08-2015, 8, 571821,571821,570460,570072,572406
58c47dc, 29-08-2015, 16, 568719,569105,567757,569298,568526
e079875, 30-08-2015, 1, 569298,568719,569298,568912,568912
e079875, 30-08-2015, 2, 568334,569105,568526,569491,568719
e079875, 30-08-2015, 4, 570848,571626,571626,571821,571431
e079875, 30-08-2015, 8, 571431,571821,571626,571042,571236
e079875, 30-08-2015, 16, 568526,569105,568526,569491,568912
05093d1, 09-09-2015, 1, 575153,575548,575350,575350,575350
05093d1, 09-09-2015, 2, 573384,573384,573188,573384,573384
05093d1, 09-09-2015, 4, 573580,573776,573188,572992,573776
05093d1, 09-09-2015, 8, 572211,573384,573188,573972,573384
05093d1, 09-09-2015, 16, 573384,573384,573580,573580,573972
cb4ea59, 19-09-2015, 1, 617718,617945,603497,616583,601550
cb4ea59, 19-09-2015, 2, 615001,614325,617036,615904,617036
cb4ea59, 19-09-2015, 4, 614100,590124,613202,615001,615452
cb4ea59, 19-09-2015, 8, 616583,619543,619543,619772,621148
cb4ea59, 19-09-2015, 16, 677047,633581,652049,634779,645526
4e631e5, 20-09-2015, 1, 608973,612531,611192,614550,612531
4e631e5, 20-09-2015, 2, 603280,615904,608311,608973,613651
4e631e5, 20-09-2015, 4, 604367,606332,607870,603714,604367
4e631e5, 20-09-2015, 8, 611637,611637,609859,612307,612978
4e631e5, 20-09-2015, 16, 670017,656900,675683,688720,674597
14bd43a, 22-09-2015, 1, 586411,559987,594094,588881,586821
14bd43a, 22-09-2015, 2, 595148,595782,591163,561299,597267
14bd43a, 22-09-2015, 4, 603931,629067,614775,624850,630722
14bd43a, 22-09-2015, 8, 559054,555353,548096,555353,554069
14bd43a, 22-09-2015, 16, 692415,682001,698178,688155,675139
f77fcee, 24-09-2015, 1, 574956,567565,569491,560736,564889
f77fcee, 24-09-2015, 2, 600688,602630,602414,603280,604367
f77fcee, 24-09-2015, 4, 570654,565461,570848,573188,550795
f77fcee, 24-09-2015, 8, 605676,605894,603497,607210,604149
f77fcee, 24-09-2015, 16, 670820,685904,682001,676501,679240
d58441a, 29-09-2015, 1, 605676,605020,606552,607870,606771
d58441a, 29-09-2015, 2, 607650,606771,606771,607430,608090
d58441a, 29-09-2015, 4, 606990,592625,604367,606990,607430
d58441a, 29-09-2015, 8, 582340,578924,564319,576933,573384
d58441a, 29-09-2015, 16, 683111,688155,694997,690989,687309
1e4521d, 01-10-2015, 1, 608752,606771,610969,607870,608311
1e4521d, 01-10-2015, 2, 607650,604367,606771,607870,602197
1e4521d, 01-10-2015, 4, 607870,607430,603497,603497,607210
1e4521d, 01-10-2015, 8, 608311,605020,603497,611415,607430
1e4521d, 01-10-2015, 16, 687873,680617,690989,690989,692415
a3e9a3f, 02-10-2015, 1, 609194,607430,605239,605239,606990
a3e9a3f, 02-10-2015, 2, 597479,604802,606113,608532,607210
a3e9a3f, 02-10-2015, 4, 601981,603714,603714,611861,606552
a3e9a3f, 02-10-2015, 8, 608973,609416,609194,610747,606332
a3e9a3f, 02-10-2015, 16, 691559,690705,696728,691844,698178
83cc2d8, 16-10-2015, 1, 611861,609859,610525,598545,610303
83cc2d8, 16-10-2015, 2, 611637,610969,611192,608752,609194
83cc2d8, 16-10-2015, 4, 609637,609859,604584,610525,611861
83cc2d8, 16-10-2015, 8, 586821,589916,589916,587849,583352
83cc2d8, 16-10-2015, 16, 687591,683668,684784,680617,685904
2f56983, 20-10-2015, 1, 578126,595782,578325,594304,581533
2f56983, 20-10-2015, 2, 604584,601334,602197,571042,604149
2f56983, 20-10-2015, 4, 608311,608311,608973,608973,609194
2f56983, 20-10-2015, 8, 582138,583555,573580,583962,577728
2f56983, 20-10-2015, 16, 689003,686746,688720,693560,690989
582676f, 24-10-2015, 1, 608532,607650,580929,604149,609859
582676f, 24-10-2015, 2, 575548,577529,576735,568912,579524
582676f, 24-10-2015, 4, 605676,578924,583962,597479,607870
582676f, 24-10-2015, 8, 601981,603280,581936,608973,610303
582676f, 24-10-2015, 16, 688155,636465,692129,689003,691274
18b1738, 29-10-2015, 1, 635501,633581,635501,635020,636465
18b1738, 29-10-2015, 2, 632864,634779,632864,613202,634060
18b1738, 29-10-2015, 4, 629775,613427,627420,633820,633820
18b1738, 29-10-2015, 8, 635260,634779,635020,635260,634299
18b1738, 29-10-2015, 16, 581533,605020,599186,586411,603280
3fdffa2, 31-10-2015, 1, 632864,632148,634299,635501,637190
3fdffa2, 31-10-2015, 2, 631435,624385,633341,628831,632387
3fdffa2, 31-10-2015, 4, 634299,633820,632625,627420,629775
3fdffa2, 31-10-2015, 8, 633581,628831,632148,632387,633581
3fdffa2, 31-10-2015, 16, 589295,607870,600258,603497,611415
221d5a8, 28-02-2016, 1, 591998,596629,595570,596417,597054
221d5a8, 28-02-2016, 2, 438505,435998,435433,437819,440000
221d5a8, 28-02-2016, 4, 412825,412318,413334,414457,412622
221d5a8, 28-02-2016, 8, 316134,337638,335880,326278,328450
221d5a8, 28-02-2016, 16, 239709,240948,243289,236532,240775
35d6e5d, 29-02-2016, 1, 587232,588261,586411,587438,585797
35d6e5d, 29-02-2016, 2, 438276,434981,439885,433520,437705
35d6e5d, 29-02-2016, 4, 411610,414764,415483,410602,411106
35d6e5d, 29-02-2016, 8, 333013,336419,336622,335611,335209
35d6e5d, 29-02-2016, 16, 241503,240155,239503,239777,240086
1c0b6c5, 04-03-2016, 1, 595148,596417,596842,597054,594515
f80054d, 05-03-2016, 1, 597692,597692,599186,599186,598118
1c0b6c5, 04-03-2016, 2, 439424,436566,436566,433856,438849
f80054d, 05-03-2016, 2, 439770,435659,439655,437134,434981
1c0b6c5, 04-03-2016, 4, 413639,414559,412927,415483,413028
f80054d, 05-03-2016, 4, 414764,415792,415278,412419,415175
1c0b6c5, 04-03-2016, 8, 337230,334141,335142,323198,335947
f80054d, 05-03-2016, 8, 336824,335880,335544,338660,324888
1c0b6c5, 04-03-2016, 16, 241677,240465,240017,240948,236565
f80054d, 05-03-2016, 16, 243466,240603,242235,243997,242937
7c9c5a8, 06-03-2016, 1, 576537,575943,575943,575548,575745
7c9c5a8, 06-03-2016, 2, 430627,430295,431291,434868,435659
7c9c5a8, 06-03-2016, 4, 410602,415175,413537,415586,412014
7c9c5a8, 06-03-2016, 8, 337774,336217,335276,337298,335343
7c9c5a8, 06-03-2016, 16, 239333,235801,243642,241399,241607
9d77b21, 07-03-2016, 1, 595148,595993,593464,596417,594094
9d77b21, 07-03-2016, 2, 434193,434305,435772,437248,435207
9d77b21, 07-03-2016, 4, 413130,415483,415380,415072,412318
9d77b21, 07-03-2016, 8, 332288,339345,337638,335075,334674
9d77b21, 07-03-2016, 16, 242621,241921,244210,242902,241607
22d7896, 08-03-2016, 1, 554069,555905,552974,556089,555721
22d7896, 08-03-2016, 2, 424847,423240,423667,423560,430737
22d7896, 08-03-2016, 4, 403298,406720,413436,409400,410703
22d7896, 08-03-2016, 8, 334207,334607,333410,319627,332881
22d7896, 08-03-2016, 16, 236465,239230,243678,242026,241087
4b8198f, 09-03-2016, 1, 577927,577728,578325,578325,579524
4b8198f, 10-03-2016, 1, 573188,577132,576141,574759,576141
4b8198f, 09-03-2016, 2, 434981,433632,435546,432849,435320
4b8198f, 10-03-2016, 2, 436566,433744,433184,433408,436112
4b8198f, 09-03-2016, 4, 413946,415278,414355,413334,413844
4b8198f, 10-03-2016, 4, 410402,411509,412318,411610,414867
4b8198f, 09-03-2016, 8, 337027,335142,336554,336082,338934
4b8198f, 10-03-2016, 8, 339276,334941,332617,338182,337298
4b8198f, 09-03-2016, 16, 242095,241991,243395,241087,240465
4b8198f, 10-03-2016, 16, 243855,241781,245066,236066,242550
601ac5a, 11-03-2016, 1,
601ac5a, 12-03-2016, 1, 587026,586616,586001,587026,584368
601ac5a, 13-03-2016, 1, 551338,566798,567373,567181,567181
601ac5a, 11-03-2016, 2,
601ac5a, 12-03-2016, 2, 437248,439309,437590,436907,434756
601ac5a, 13-03-2016, 2, 434868,428537,428099,427336,431291
601ac5a, 11-03-2016, 4,
601ac5a, 12-03-2016, 4, 413028,414457,413028,411509,411005
601ac5a, 13-03-2016, 4, 415586,414867,414150,413028,412419
601ac5a, 11-03-2016, 8,
601ac5a, 12-03-2016, 8, 337638,337706,333278,336217,334875
601ac5a, 13-03-2016, 8, 334341,332288,318898,333146,338046
601ac5a, 11-03-2016, 16,
601ac5a, 12-03-2016, 16, 241468,241434,243997,240948,241886
601ac5a, 13-03-2016, 16, 243961,240983,242026,241468,241921
4835edf, 15-03-2016, 1, 584776,584368,584165,582138,583555
4835edf, 16-03-2016, 1, 531261,550614,540852,540155,541900
601ac5a, 14-03-2016, 1, 583150,585797,587643,585184,585797
4835edf, 15-03-2016, 2, 433744,429965,429634,431735,429414
4835edf, 16-03-2016, 2, 422600,420798,424203,422600,430737
601ac5a, 14-03-2016, 2, 433408,436339,435998,433744,433520
4835edf, 15-03-2016, 4, 408901,407610,406228,406918,407214
4835edf, 16-03-2016, 4, 408006,404465,405051,404076,402042
601ac5a, 14-03-2016, 4, 413741,412014,415689,415483,414048
4835edf, 15-03-2016, 8, 351797,351061,351650,352388,343163
4835edf, 16-03-2016, 8, 331304,350841,351650,350768,352907
601ac5a, 14-03-2016, 8, 336824,337298,328000,336486,336554
4835edf, 15-03-2016, 16, 252897,261043,261043,261531,264583
4835edf, 16-03-2016, 16, 266644,264458,264291,261980,261083
601ac5a, 14-03-2016, 16, 237806,242586,243007,242726,244210
4835edf, 17-03-2016, 1, 581936,585388,582947,583758,575153
4835edf, 17-03-2016, 2, 434193,436225,434305,437590,435885
4835edf, 17-03-2016, 4, 407709,409300,409600,408404,412724
4835edf, 17-03-2016, 8, 352093,353056,350914,353950,352907
4835edf, 17-03-2016, 16, 263337,264250,267068,260394,262883
edf5cef, 18-03-2016, 1, 586616,586206,586821,584776,584572
edf5cef, 18-03-2016, 2, 435433,432068,432068,430075,434981
edf5cef, 18-03-2016, 4, 405933,407808,408105,408901,407808
edf5cef, 18-03-2016, 8, 351503,352833,345210,353800,351061
edf5cef, 18-03-2016, 16, 263544,264167,267494,263461,265336
540a515, 19-03-2016, 1, 578924,578325,582745,580727,579124
540a515, 19-03-2016, 2, 435659,433744,434868,430737,432180
540a515, 19-03-2016, 4, 409001,406523,411610,409500,410402
540a515, 19-03-2016, 8, 346565,343725,351797,348799,349963
540a515, 19-03-2016, 16, 265001,268049,260637,263131,261287
540a515, 20-03-2016, 1, 589916,585797,586411,584572,586001
751da54, 22-03-2016, 1, 584776,583758,582542,583555,583352
8ef737d, 21-03-2016, 1, 584980,586206,586821,587026,586616
540a515, 20-03-2016, 2, 425818,428865,429085,427990,428318
751da54, 22-03-2016, 2, 424310,428209,425602,425494,425818
8ef737d, 21-03-2016, 2, 429085,428427,429304,428318,428318
540a515, 20-03-2016, 4, 403978,404660,403492,402138,397564
751da54, 22-03-2016, 4, 403008,400124,403202,404563,404465
8ef737d, 21-03-2016, 4, 409900,405345,407313,407214,406031
540a515, 20-03-2016, 8, 348220,335679,349162,346208,346708
751da54, 22-03-2016, 8, 346065,345210,345423,345708,348726
8ef737d, 21-03-2016, 8, 350036,345993,345851,349380,351576
540a515, 20-03-2016, 16, 261450,260233,262801,253432,263751
751da54, 22-03-2016, 16, 253356,263544,263048,262925,266686
8ef737d, 21-03-2016, 16, 261124,260799,265001,261735,265085
92ffe69, 23-03-2016, 1, 592625,593464,594937,594515,595148
92ffe69, 23-03-2016, 2, 436452,432625,436452,435659,434756
92ffe69, 23-03-2016, 4, 409600,412521,409001,410201,412115
92ffe69, 23-03-2016, 8, 350475,352685,350768,350475,348799
92ffe69, 23-03-2016, 16, 257992,268435,263420,258151,266052
f675ff8, 24-03-2016, 1, 593674,595359,595359,595359,593044
f675ff8, 24-03-2016, 2, 435207,436452,439309,437020,437248
f675ff8, 24-03-2016, 4, 409101,411005,411711,411005,412825
f675ff8, 24-03-2016, 8, 353428,352907,351724,352537,352388
f675ff8, 24-03-2016, 16, 264167,263668,263959,263917,263048
7c008bd, 25-03-2016, 1, 587438,584776,586001,588468,589502
7c008bd, 25-03-2016, 2, 433968,436225,434756,438620,434418
7c008bd, 25-03-2016, 4, 410101,408105,411610,408105,408205
7c008bd, 25-03-2016, 8, 353800,352167,351576,352314,352314
7c008bd, 25-03-2016, 16, 264208,260921,259830,263959,264291
f9d41a6, 26-03-2016, 1, 595993,597905,602630,596205,597054
f9d41a6, 26-03-2016, 2, 436907,434081,438162,431957,437020
f9d41a6, 26-03-2016, 4, 408205,411812,412217,410703,407412
f9d41a6, 26-03-2016, 8, 351871,353130,351355,351061,349380
f9d41a6, 26-03-2016, 16, 266347,262966,263296,260678,264416
82adbde, 27-03-2016, 1, 575153,576735,576933,578724,573580
82adbde, 28-03-2016, 1, 594515,595359,595782,595993,592207
9a03686, 29-03-2016, 1, 600043,599829,599186,595148,597267
82adbde, 27-03-2016, 2, 434756,434081,432849,441157,431180
82adbde, 28-03-2016, 2, 433856,437705,435772,437705,432514
9a03686, 29-03-2016, 2, 436793,435998,436452,434530,437933
82adbde, 27-03-2016, 4, 407808,409600,408404,407115,409101
82adbde, 28-03-2016, 4, 411913,409500,407511,409800,411307
9a03686, 29-03-2016, 4, 410602,410101,411206,409800,408802
82adbde, 27-03-2016, 8, 343795,354249,352907,351724,353130
82adbde, 28-03-2016, 8, 351429,352537,350621,351208,352833
9a03686, 29-03-2016, 8, 351282,353056,353950,350475,351871
82adbde, 27-03-2016, 16, 265757,262719,261165,256180,261858
82adbde, 28-03-2016, 16, 263379,265043,263255,263255,257715
9a03686, 29-03-2016, 16, 262554,266474,262062,260921,248625
c01e00f, 30-03-2016, 1, 560548,564130,559054,558868,564889
c01e00f, 30-03-2016, 2, 424310,433968,425062,435659,432402
c01e00f, 30-03-2016, 4, 407016,409700,405149,402042,412115
c01e00f, 30-03-2016, 8, 352241,351871,351503,348871,351355
c01e00f, 30-03-2016, 16, 268995,265294,261694,262842,261858
45c5635, 31-03-2016, 1, 589709,591163,588881,589502,589088
45c5635, 31-03-2016, 2, 436566,433296,436339,432960,436907
45c5635, 31-03-2016, 4, 409900,408404,407709,408503,407907
45c5635, 31-03-2016, 8, 350694,351503,347786,348364,353875
45c5635, 31-03-2016, 16, 261246,265841,263793,264333,264167
8f4568f, 01-04-2016, 1, 579524,579524,578525,579124,585797
8f4568f, 02-04-2016, 1, 581936,586821,586411,586206,585797
8f4568f, 01-04-2016, 2, 435885,440000,437705,438391,437933
8f4568f, 02-04-2016, 2, 433632,437705,440347,439655,440116
8f4568f, 01-04-2016, 4, 407214,405835,408503,407313,407313
8f4568f, 02-04-2016, 4, 407313,408602,411307,409200,408304
8f4568f, 01-04-2016, 8, 348075,350328,352241,345210,350768
8f4568f, 02-04-2016, 8, 349963,353279,343233,352241,353577
8f4568f, 01-04-2016, 16, 271608,268135,265672,269124,266771
8f4568f, 02-04-2016, 16, 267921,272225,272845,265630,267451
faca1d0, 03-04-2016, 1, 574365,575745,578525,579124,576735
faca1d0, 03-04-2016, 2, 415998,420904,419430,418384,417551
faca1d0, 03-04-2016, 4, 396531,397659,397470,397942,398319
faca1d0, 03-04-2016, 8, 345352,347426,349598,346422,348147
faca1d0, 03-04-2016, 16, 267026,264375,266432,268779,263627
2fef88c, 05-04-2016, 1, 588055,588881,588674,587643,584776
d0ddc25, 04-04-2016, 1, 598118,598118,598332,595782,598332
2fef88c, 05-04-2016, 2, 422068,416205,419011,417863,417240
d0ddc25, 04-04-2016, 2, 416722,414355,417551,416102,417968
2fef88c, 05-04-2016, 4, 398698,400029,400220,398888,398888
d0ddc25, 04-04-2016, 4, 398225,397000,400029,400029,398509
2fef88c, 05-04-2016, 8, 346708,345922,344714,346923,347859
d0ddc25, 04-04-2016, 8, 335477,344926,345922,343233,346136
2fef88c, 05-04-2016, 16, 265967,265841,264458,270688,264416
d0ddc25, 04-04-2016, 16, 265043,267579,260799,264375,258988
2fef88c, 06-04-2016, 1, 561299,561674,558868,561674,547738
2fef88c, 06-04-2016, 2, 406622,412419,411206,412927,419221
2fef88c, 06-04-2016, 4, 395969,400029,394944,397282,396531
2fef88c, 06-04-2016, 8, 346350,338455,346350,345922,341208
2fef88c, 06-04-2016, 16, 264000,266856,260193,264458,260718
329561a, 07-04-2016, 1, 570460,568719,569105,567949,568719
329561a, 07-04-2016, 2, 409001,414457,416618,415586,412825
329561a, 07-04-2016, 4, 397094,401657,399838,398509,397753
329561a, 07-04-2016, 8, 350914,348220,349598,347354,341139
329561a, 07-04-2016, 16, 268995,260637,259148,266517,266052
347caf0, 10-04-2016, 1, 588468,589709,590331,590539,590747
347caf0, 11-04-2016, 1, 597054,597692,598332,597905,596842
347caf0, 13-04-2016, 1, 598332,597267,597054,597905,598332
d57ae3d, 08-04-2016, 1, 587232,587438,585797,584572,582542
347caf0, 10-04-2016, 2, 416515,418698,416102,415380,416205
347caf0, 11-04-2016, 2, 417551,417551,419430,420060,416929
347caf0, 13-04-2016, 2, 419326,416825,416102,418384,416618
d57ae3d, 08-04-2016, 2, 417240,417032,414355,420376,417032
347caf0, 10-04-2016, 4, 397753,398698,400889,396437,401177
347caf0, 11-04-2016, 4, 398414,398319,396906,397847,398698
347caf0, 13-04-2016, 4, 398225,401849,399743,399838,400315
d57ae3d, 08-04-2016, 4, 398509,396063,397942,399934,396812
347caf0, 10-04-2016, 8, 344148,349744,343936,347642,347642
347caf0, 11-04-2016, 8, 349963,337095,346565,346852,348364
347caf0, 13-04-2016, 8, 346923,345281,345495,345139,344289
d57ae3d, 08-04-2016, 8, 345281,348220,347931,346852,347139
347caf0, 10-04-2016, 16, 264625,263461,263834,261327,261124
347caf0, 11-04-2016, 16, 265715,262226,266771,268736,263959
347caf0, 13-04-2016, 16, 257517,258509,264042,261694,265757
d57ae3d, 08-04-2016, 16, 266644,265925,266347,262390,258868
83e1769, 14-04-2016, 1, 614550,615452,612531,614550,615226
af5f9fe, 16-04-2016, 1, 562994,570654,571042,570460,561111
af5f9fe, 17-04-2016, 1, 542075,522004,512908,514323,430185
af5f9fe, 18-04-2016, 1, 515587,563751,523797,528916,528250
bc133ca, 19-04-2016, 1, 558124,564509,579925,575350,576933
ecc9138, 15-04-2016, 1, 575943,577330,576735,575943,577132
83e1769, 14-04-2016, 2, 411005,415278,408901,407907,405835
af5f9fe, 16-04-2016, 2, 414867,423881,412724,413232,412014
af5f9fe, 17-04-2016, 2, 357723,419955,419430,403978,398319
af5f9fe, 18-04-2016, 2, 396250,410602,407709,397094,401177
bc133ca, 19-04-2016, 2, 415380,413130,424740,414457,426359
ecc9138, 15-04-2016, 2, 415278,412825,412927,429965,414048
83e1769, 14-04-2016, 4, 395502,396437,390804,395596,394109
af5f9fe, 16-04-2016, 4, 409300,405639,409200,408702,409600
af5f9fe, 17-04-2016, 4, 389715,395409,396906,398130,394294
af5f9fe, 18-04-2016, 4, 402428,404563,397376,407016,403687
bc133ca, 19-04-2016, 4, 405737,402138,405247,406130,404270
ecc9138, 15-04-2016, 4, 408404,407610,404856,407016,407610
83e1769, 14-04-2016, 8, 344077,343303,345708,343936,347498
af5f9fe, 16-04-2016, 8, 332617,334541,334074,329159,335410
af5f9fe, 17-04-2016, 8, 322391,323947,325518,325014,327233
af5f9fe, 18-04-2016, 8, 334274,332025,333278,327872,331500
bc133ca, 19-04-2016, 8, 332156,331500,336757,334074,332815
ecc9138, 15-04-2016, 8, 335410,333013,333676,334741,331369
83e1769, 14-04-2016, 16, 268264,270165,262103,262554,271916
af5f9fe, 16-04-2016, 16, 245784,241503,242726,244139,243254
af5f9fe, 17-04-2016, 16, 234482,237301,234122,238380,224866
af5f9fe, 18-04-2016, 16, 245676,244388,245676,246760,244601
bc133ca, 19-04-2016, 16, 235900,240052,242165,240396,242130
ecc9138, 15-04-2016, 16, 242937,243926,241364,242305,243890
4deadba, 20-04-2016, 1, 565651,562616,561299,563372,561111
4deadba, 20-04-2016, 2, 409500,421326,412825,413028,407214
4deadba, 20-04-2016, 4, 406228,407709,408802,407214,407412
4deadba, 20-04-2016, 8, 333410,334741,336352,334674,333477
4deadba, 20-04-2016, 16, 241156,237201,235140,241225,239914
4deadba, 21-04-2016, 1, 558310,559427,560548,564699,559054
4deadba, 21-04-2016, 2, 404465,413436,403590,403008,421326
4deadba, 21-04-2016, 4, 403105,404270,403881,403687,395316
4deadba, 21-04-2016, 8, 330520,328901,328193,315420,326978
4deadba, 21-04-2016, 16, 243148,238516,241225,229291,233211
4deadba, 22-04-2016, 1, 614775,616356,610081,607650,607870
4deadba, 22-04-2016, 2, 414252,412419,413639,415072,420904
4deadba, 22-04-2016, 4, 402138,402138,401849,400411,400985
4deadba, 22-04-2016, 8, 305096,311960,328707,327552,330260
4deadba, 22-04-2016, 16, 239572,230837,242515,241781,236000
66c6f1e, 24-04-2016, 1, 618173,616130,618401,618401,619543
e31e052, 23-04-2016, 1, 612084,606771,612307,615904,614325
66c6f1e, 24-04-2016, 2, 416205,421326,420798,429744,420376
e31e052, 23-04-2016, 2, 427119,429304,423667,424095,429744
66c6f1e, 24-04-2016, 4, 409300,407907,406031,408105,407214
e31e052, 23-04-2016, 4, 406622,409400,406622,409800,407907
66c6f1e, 24-04-2016, 8, 328321,331959,323510,332354,332683
e31e052, 23-04-2016, 8, 328643,332947,314121,332420,334008
66c6f1e, 24-04-2016, 16, 236599,243289,241017,241191,237806
e31e052, 23-04-2016, 16, 239743,241712,241191,242095,238110
66c6f1e, 25-04-2016, 1, 613202,614325,614325,613875,613875
66c6f1e, 25-04-2016, 2, 424955,427119,429744,422387,423560
66c6f1e, 25-04-2016, 4, 410301,410301,411206,406326,410904
66c6f1e, 25-04-2016, 8, 334741,333941,333146,335544,334808
66c6f1e, 25-04-2016, 16, 243466,239640,244923,240120,245784
179fc55, 26-04-2016, 1, 615226,620918,622070,619314,619772
179fc55, 26-04-2016, 2, 435207,424310,431735,431069,426467
179fc55, 26-04-2016, 4, 405051,411206,409101,410502,413130
179fc55, 26-04-2016, 8, 336082,337027,334674,335276,334274
179fc55, 26-04-2016, 16, 244352,245892,244887,242796,245030
a360618, 27-04-2016, 1, 619314,615904,611192,614775,619314
a360618, 27-04-2016, 2, 424417,433072,422387,423560,433184
a360618, 27-04-2016, 4, 407115,408006,410402,409400,405443
a360618, 27-04-2016, 8, 335276,334941,334407,334141,333477
a360618, 27-04-2016, 16, 239094,239094,246289,243078,243890
1f71923, 28-04-2016, 1, 625782,619543,620230,619085,620918
1f71923, 28-04-2016, 2, 446559,448469,446084,443373,444077
1f71923, 28-04-2016, 4, 424955,425926,425926,427010,424955
1f71923, 28-04-2016, 8, 315539,339139,339139,339002,321526
1f71923, 28-04-2016, 16, 241364,245102,241886,237705,244281
1f71923, 29-04-2016, 1, 610525,621839,623457,622994,622070
1f71923, 29-04-2016, 2, 447154,446916,443138,451000,449912
1f71923, 29-04-2016, 4, 423881,424740,423881,425494,422919
1f71923, 29-04-2016, 8, 341139,336824,340447,331369,341000
1f71923, 29-04-2016, 16, 242130,239538,240844,239162,241781
8ac768e, 30-04-2016, 1, 612084,614325,610303,612307,613427
8ac768e, 30-04-2016, 2, 438735,437590,435772,441157,446321
8ac768e, 30-04-2016, 4, 418593,418802,419011,422387,421221
8ac768e, 30-04-2016, 8, 341417,340793,333742,330977,336284
8ac768e, 30-04-2016, 16, 231922,241434,242831,245604,238380
8ac768e, 01-05-2016, 1, 615001,608973,610525,617490,614550
8ac768e, 01-05-2016, 2, 436452,439885,438849,438620,435546
8ac768e, 01-05-2016, 4, 416618,419535,417344,418280,418698
8ac768e, 01-05-2016, 8, 338387,340171,336149,338182,335276
8ac768e, 01-05-2016, 16, 241607,241364,240879,241607,238686
8ac768e, 02-05-2016, 1, 610525,617490,612531,611861,620459
f0bd292, 02-05-2016, 1, 611637,610747,609859,609637,612978
8ac768e, 02-05-2016, 2, 438505,436225,444312,437362,436679
f0bd292, 02-05-2016, 2, 436793,444901,441041,432402,436452
8ac768e, 02-05-2016, 4, 418489,419011,418907,418698,417136
f0bd292, 02-05-2016, 4, 415998,417551,417759,418176,419221
8ac768e, 02-05-2016, 8, 341556,339826,337163,339757,340516
f0bd292, 02-05-2016, 8, 324323,338797,332551,338319,335880
8ac768e, 02-05-2016, 16, 243113,239949,241329,241260,233438
f0bd292, 02-05-2016, 16, 242656,240672,242445,243536,237503
195eabb, 03-05-2016, 1, 613651,611637,612307,615226,616583
195eabb, 03-05-2016, 2, 437362,435546,436679,439079,436566
195eabb, 03-05-2016, 4, 412318,417032,415895,420271,418802
195eabb, 03-05-2016, 8, 339071,339620,339620,337502,338046
195eabb, 03-05-2016, 16, 241886,238076,242866,238144,239983
d3b42ee, 04-05-2016, 1, 609637,611415,609859,608311,606771
d3b42ee, 04-05-2016, 2, 441041,441390,435885,438391,436225
d3b42ee, 04-05-2016, 4, 420271,418489,418280,415278,418384
d3b42ee, 04-05-2016, 8, 338797,337842,338046,337774,338523
d3b42ee, 04-05-2016, 16, 240568,240568,244673,244210,240948
ae974a4, 05-05-2016, 1, 584980,461166,485733,485452,486437
ae974a4, 05-05-2016, 2, 427881,428756,427445,435094,428646
ae974a4, 05-05-2016, 4, 415072,412115,398225,408702,407610
ae974a4, 05-05-2016, 8, 337978,337570,336824,337095,337298
ae974a4, 05-05-2016, 16, 241573,237772,241121,242445,240155
0282595, 06-05-2016, 1, 587438,589916,589295,585388,587438
0282595, 06-05-2016, 2, 431402,434305,433968,434530,435998
0282595, 06-05-2016, 4, 419850,417863,416411,417968,415175
0282595, 06-05-2016, 8, 334541,339345,328321,336082,336486
0282595, 06-05-2016, 16, 241956,243360,238584,239777,233796
2458685, 07-05-2016, 1, 596629,590955,592207,591789,593254
2458685, 07-05-2016, 2, 436112,435546,438505,439655,437590
2458685, 07-05-2016, 4, 420166,423774,420166,423453,419955
2458685, 07-05-2016, 8, 338455,338182,323260,339139,338114
2458685, 07-05-2016, 16, 240534,242200,240775,240810,241156
2458685, 08-05-2016, 1, 544538,576933,576537,586206,582745
2458685, 08-05-2016, 2, 434530,439309,432402,432402,439770
2458685, 08-05-2016, 4, 419535,420271,416825,419535,420271
2458685, 08-05-2016, 8, 323635,335477,309087,339895,337298
2458685, 08-05-2016, 16, 233309,239743,238584,232275,237301
2458685, 09-05-2016, 1, 488278,581936,494903,492289,501261
a497393, 10-05-2016, 1, 464485,586411,578924,581734,580527
2458685, 09-05-2016, 2, 426576,401273,395876,428209,399934
a497393, 10-05-2016, 2, 439079,430295,434530,431180,423240
2458685, 09-05-2016, 4, 415689,414559,414252,416411,414559
a497393, 10-05-2016, 4, 418593,419116,419745,419850,421644
2458685, 09-05-2016, 8, 328514,328965,302074,334808,316910
a497393, 10-05-2016, 8, 335544,315717,332156,336149,338319
2458685, 09-05-2016, 16, 231570,231602,232436,232275,232661
a497393, 10-05-2016, 16, 240224,240189,240120,238042,239230
fbee2ee, 11-05-2016, 1, 462820,478392,459650,499619,506558
fbee2ee, 11-05-2016, 2, 401849,435772,402428,403881,399743
fbee2ee, 11-05-2016, 4, 410502,414559,415895,412622,414150
fbee2ee, 11-05-2016, 8, 331500,327296,304597,325077,331107
fbee2ee, 11-05-2016, 16, 229103,217773,214735,223220,230710
1c0e89a, 12-05-2016, 1, 445137,530421,533457,532948,530757
a23877b, 13-05-2016, 1, 629067,629775,626717,630012,629539
1c0e89a, 12-05-2016, 2, 421538,425602,420376,425062,421644
a23877b, 13-05-2016, 2, 443959,440231,436112,440810,441738
1c0e89a, 12-05-2016, 4, 423560,426250,425386,422175,426576
a23877b, 13-05-2016, 4, 431291,431402,428537,432402,429085
1c0e89a, 12-05-2016, 8, 353130,354473,346995,354848,355525
a23877b, 13-05-2016, 8, 358411,354623,357952,353205,356507
1c0e89a, 12-05-2016, 16, 259669,261287,262883,261572,262431
a23877b, 13-05-2016, 16, 260273,261980,262678,264208,258588
b60677b, 14-05-2016, 1, 557012,555169,567181,572992,565270
b60677b, 14-05-2016, 2, 420482,436907,417759,416722,435998
b60677b, 14-05-2016, 4, 417759,417968,417968,412927,417136
b60677b, 14-05-2016, 8, 349453,345068,344360,344572,346852
b60677b, 14-05-2016, 16, 250706,254470,251835,252707,253777
9b04306, 15-05-2016, 1, 444783,590331,594515,594304,594094
9b04306, 15-05-2016, 2, 425602,430737,423453,425818,438735
9b04306, 15-05-2016, 4, 423560,420587,422068,425926,425710
9b04306, 15-05-2016, 8, 351724,351355,351871,347067,349598
9b04306, 15-05-2016, 16, 261450,259870,260152,250743,258588
16d9cd8, 16-05-2016, 1, 579925,605676,603063,606552,606113
f790834, 18-05-2016, 1, 594094,600903,596417,602197,601334
16d9cd8, 16-05-2016, 2, 439885,427010,435998,433968,438505
f790834, 18-05-2016, 2, 423453,435659,434643,437362,440462
16d9cd8, 16-05-2016, 4, 423667,414867,424417,422706,422600
f790834, 18-05-2016, 4, 419955,420587,419326,420482,418489
16d9cd8, 16-05-2016, 8, 337027,351650,352019,353800,351429
f790834, 18-05-2016, 8, 353950,349380,349016,352167,352167
16d9cd8, 16-05-2016, 16, 262267,260840,260678,262390,259028
f790834, 18-05-2016, 16, 259669,259188,259709,261246,260394
33fe0c1, 19-05-2016, 1, 423774,522818,527917,526261,527254
33fe0c1, 19-05-2016, 2, 433856,430406,418698,431846,416825
33fe0c1, 19-05-2016, 4, 420692,420798,421221,427336,421644
33fe0c1, 19-05-2016, 8, 334141,349817,350475,352685,352093
33fe0c1, 19-05-2016, 16, 260840,262595,256102,260273,258988
33fe0c1, 20-05-2016, 1, 623688,605457,625083,619085,624385
33fe0c1, 20-05-2016, 2, 419326,418072,432180,417968,419535
33fe0c1, 20-05-2016, 4, 421221,421644,422387,421750,421856
33fe0c1, 20-05-2016, 8, 352907,351429,353353,346279,350914
33fe0c1, 20-05-2016, 16, 249216,262390,260152,248662,260840
33fe0c1, 21-05-2016, 1, 592834,584165,583352,591998,590331
33fe0c1, 21-05-2016, 2, 428646,437476,430406,435885,435772
33fe0c1, 21-05-2016, 4, 412825,421115,421962,419221,421962
33fe0c1, 21-05-2016, 8, 349525,352833,349162,352611,349380
33fe0c1, 21-05-2016, 16, 260759,260516,261939,259549,260314
33fe0c1, 22-05-2016, 1, 582138,601981,588674,601981,604584
33fe0c1, 23-05-2016, 1, 617945,591163,602414,605457,604149
7611b5f, 24-05-2016, 1, 552245,543832,539634,538422,545423
77631d8, 25-05-2016, 1, 502162,483354,484331,528916,524452
77631d8, 26-05-2016, 1, 641331,640596,641086,640107,641086
b890054, 27-05-2016, 1, 474469,503065,505642,504426,498580
33fe0c1, 22-05-2016, 2, 436225,440462,438391,433296,434193
33fe0c1, 23-05-2016, 2, 441622,433296,436679,426034,439655
7611b5f, 24-05-2016, 2, 432180,423667,436907,429195,427119
77631d8, 25-05-2016, 2, 417448,417759,434193,415586,419850
77631d8, 26-05-2016, 2, 441855,437590,438735,438162,441622
b890054, 27-05-2016, 2, 422387,437134,437819,437476,415998
33fe0c1, 22-05-2016, 4, 416722,419430,420798,423453,420166
33fe0c1, 23-05-2016, 4, 420798,421115,420904,421009,420271
7611b5f, 24-05-2016, 4, 418593,418280,419535,421644,420904
77631d8, 25-05-2016, 4, 416722,419116,411408,418176,412825
77631d8, 26-05-2016, 4, 427445,426359,425062,425170,427663
b890054, 27-05-2016, 4, 414048,411307,422281,421538,421009
33fe0c1, 22-05-2016, 8, 352093,338660,349234,352907,328643
33fe0c1, 23-05-2016, 8, 352907,349963,344077,353428,335276
7611b5f, 24-05-2016, 8, 347570,339002,346995,349234,331173
77631d8, 25-05-2016, 8, 344289,344007,340516,342392,341486
77631d8, 26-05-2016, 8, 353950,344714,351503,354698,354323
b890054, 27-05-2016, 8, 342322,346565,349016,345423,345779
33fe0c1, 22-05-2016, 16, 258988,258469,250369,259991,260556
33fe0c1, 23-05-2016, 16, 260880,260354,260718,262636,260475
7611b5f, 24-05-2016, 16, 245784,257161,254085,252631,254470
77631d8, 25-05-2016, 16, 254046,253585,254354,254046,253471
77631d8, 26-05-2016, 16, 259910,263959,263585,264375,260759
b890054, 27-05-2016, 16, 256063,256768,254857,253701,256141
add260b, 28-05-2016, 1, 634539,636224,635020,634779,636706
add260b, 28-05-2016, 2, 442787,443021,436566,436679,445373
add260b, 28-05-2016, 4, 429085,424847,425710,427336,426467
add260b, 28-05-2016, 8, 343233,354698,347426,351429,350988
add260b, 28-05-2016, 16, 263337,263172,253394,259629,261450
add260b, 29-05-2016, 1, 487993,562051,564509,563940,561111
add260b, 29-05-2016, 2, 431513,432849,417551,431291,424310
add260b, 29-05-2016, 4, 419326,420482,421538,419116,422387
add260b, 29-05-2016, 8, 350401,340102,347139,352314,338934
add260b, 29-05-2016, 16, 260840,261490,259790,260556,256532
add260b, 30-05-2016, 1, 637432,638645,638889,639132,640352
add260b, 30-05-2016, 2, 444077,446084,448229,443490,444077
add260b, 30-05-2016, 4, 426034,428099,428865,424847,428756
add260b, 30-05-2016, 8, 354323,354698,351576,354099,344855
add260b, 30-05-2016, 16, 259108,263461,264167,263503,262144
add260b, 31-05-2016, 1, 630960,637190,635020,636224,635260
add260b, 31-05-2016, 2, 444312,442320,440810,441506,439539
add260b, 31-05-2016, 4, 427990,428209,427772,426142,427663
add260b, 31-05-2016, 8, 351429,352241,352463,351797,351871
add260b, 31-05-2016, 16, 264667,264291,262021,262431,252745
add260b, 01-06-2016, 1, 205729,375918,426250,368973,427119
add260b, 01-06-2016, 2, 420587,406130,429854,409900,429304
add260b, 01-06-2016, 4, 412115,410602,418280,415483,413537
add260b, 01-06-2016, 8, 343444,345922,343444,339345,343514
add260b, 01-06-2016, 16, 252365,253203,252024,253739,247671
2dc76fa, 02-06-2016, 1, 629067,630012,626951,629303,630249
2dc76fa, 02-06-2016, 2, 440116,447154,432960,439424,439770
2dc76fa, 02-06-2016, 4, 425170,426250,427445,425170,426250
2dc76fa, 02-06-2016, 8, 353056,354099,355902,335947,356659
2dc76fa, 02-06-2016, 16, 263461,263627,264792,262883,262842
8f4c433, 03-06-2016, 1, 526592,557939,533457,536528,533626
8f4c433, 03-06-2016, 2, 408602,440231,410201,433856,434193
8f4c433, 03-06-2016, 4, 420482,415380,422493,421326,420587
8f4c433, 03-06-2016, 8, 351576,332749,351724,350548,341695
8f4c433, 03-06-2016, 16, 259790,262678,252897,262801,255789
8f4c433, 04-06-2016, 1, 477847,455160,457145,481827,476490
8f4c433, 04-06-2016, 2, 406031,428099,434081,438964,418593
8f4c433, 04-06-2016, 4, 421326,421326,421009,422493,421009
8f4c433, 04-06-2016, 8, 346780,345637,347067,346565,346708
8f4c433, 04-06-2016, 16, 254586,254354,254123,249512,256532
8f4c433, 06-06-2016, 1, 537731,566415,569685,572992,567373
8f4c433, 06-06-2016, 2, 437362,424740,421009,426250,428318
8f4c433, 06-06-2016, 4, 416102,417240,418176,410804,415278
8f4c433, 06-06-2016, 8, 345993,346565,347211,346494,331173
8f4c433, 06-06-2016, 16, 265378,253585,261327,263544,264042
f5d8e0b, 07-06-2016, 1, 364089,559614,574562,553338,555169
f5d8e0b, 07-06-2016, 2, 435659,428756,434868,428646,426034
f5d8e0b, 07-06-2016, 4, 422706,422493,422706,422068,424203
f5d8e0b, 07-06-2016, 8, 334741,349890,352907,351797,348220
f5d8e0b, 07-06-2016, 16, 260840,260880,260880,260678,249884
e68ee5c, 09-06-2016, 1, 504275,552427,551519,546489,549892
f5d8e0b, 08-06-2016, 1, 542250,537904,541900,544185,543832
e68ee5c, 09-06-2016, 2, 436566,423026,426901,440694,432960
f5d8e0b, 08-06-2016, 2, 435320,425926,420376,437590,438162
e68ee5c, 09-06-2016, 4, 422600,421221,421538,422706,420587
f5d8e0b, 08-06-2016, 4, 423667,422175,421221,424310,417344
e68ee5c, 09-06-2016, 8, 351724,351208,331435,351503,350988
f5d8e0b, 08-06-2016, 8, 345566,347498,338934,349525,341764
e68ee5c, 09-06-2016, 16, 260516,249512,260962,261980,251608
f5d8e0b, 08-06-2016, 16, 244994,255633,250481,255789,255517
62f94d4, 12-06-2016, 1, 467072,447512,482798,490275,486014
62f94d4, 12-06-2016, 2, 406031,409900,405933,422175,423346
62f94d4, 12-06-2016, 4, 416102,413232,411408,414764,418489
62f94d4, 12-06-2016, 8, 343163,341208,343725,345495,338182
62f94d4, 12-06-2016, 16, 248994,253969,253892,252517,249587
01193c4, 14-06-2016, 1, 593674,595570,600043,590331,592416
01193c4, 14-06-2016, 2, 438849,448229,441390,440578,447870
01193c4, 14-06-2016, 4, 438620,437134,435772,436566,438276
01193c4, 14-06-2016, 8, 359025,360956,355751,360335,354848
01193c4, 14-06-2016, 16, 263668,263834,266009,264167,248994
d523ab3, 15-06-2016, 1, 577927,582138,578724,582542,583962
d523ab3, 15-06-2016, 2, 427772,432625,436112,450033,446321
d523ab3, 15-06-2016, 4, 432180,437476,433968,433856,432960
d523ab3, 15-06-2016, 8, 355149,359794,352833,359486,357799
d523ab3, 15-06-2016, 16, 265001,266052,266559,265967,266856
51f9a57, 16-06-2016, 1, 550614,557939,563940,563183,581936
51f9a57, 16-06-2016, 2, 447035,441273,436793,434081,406031
51f9a57, 16-06-2016, 4, 427663,420060,421856,423667,422281
51f9a57, 16-06-2016, 8, 352463,353950,355826,349162,350694
51f9a57, 16-06-2016, 16, 256141,252441,254857,258032,255828
2db5940, 17-06-2016, 1, 448709,538422,544715,543656,542952
2db5940, 17-06-2016, 2, 447392,445847,442671,444312,446916
2db5940, 17-06-2016, 4, 427772,430959,430295,428865,431846
2db5940, 17-06-2016, 8, 346279,357190,360335,358488,356204
2db5940, 17-06-2016, 16, 263710,263420,262966,251646,263834
00e2783, 18-06-2016, 1, 446203,562428,525932,564130,565270
d21981c, 19-06-2016, 1, 461801,583555,560548,559241,559987
00e2783, 18-06-2016, 2, 433184,442087,415586,441041,409700
d21981c, 19-06-2016, 2, 426034,438620,438735,438505,443959
00e2783, 18-06-2016, 4, 430075,430295,429304,420904,427227
d21981c, 19-06-2016, 4, 427990,422706,419535,421750,425602
00e2783, 18-06-2016, 8, 356355,356129,356962,356507,355751
d21981c, 19-06-2016, 8, 349016,351650,353875,351650,348799
00e2783, 18-06-2016, 16, 251835,262636,250931,261613,263420
d21981c, 19-06-2016, 16, 264000,265001,254934,262267,252441
ce65452, 21-06-2016, 1, 636465,633820,637432,638160,636706
ce65452, 21-06-2016, 2, 445019,446084,444430,445373,445728
ce65452, 21-06-2016, 4, 434530,436566,432960,433744,435998
ce65452, 21-06-2016, 8, 359872,359409,360335,357723,362751
ce65452, 21-06-2016, 16, 263461,264042,263834,266941,258349
ce65452, 22-06-2016, 1, 517656,593674,594937,600258,597692
ce65452, 22-06-2016, 2, 450153,443959,445965,447035,445137
ce65452, 22-06-2016, 4, 428209,432625,428427,428099,431069
ce65452, 22-06-2016, 8, 345210,353205,355525,354698,358871
ce65452, 22-06-2016, 16, 265085,265378,260394,265757,266178
ce65452, 23-06-2016, 1, 538940,505034,505186,507478,510101
ce65452, 23-06-2016, 2, 413028,444430,429524,409700,430075
ce65452, 23-06-2016, 4, 425710,422600,426684,425170,427772
ce65452, 23-06-2016, 8, 350914,357723,361111,359255,340862
ce65452, 23-06-2016, 16, 265420,263048,266644,260921,267068
0695d13, 30-06-2016, 1, 544892,540852,544892,543128,541201
0695d13, 30-06-2016, 2, 424955,434418,426793,429414,426034
0695d13, 30-06-2016, 4, 414867,415998,419221,418072,417968
0695d13, 30-06-2016, 8, 336960,341417,339689,341139,355224
0695d13, 30-06-2016, 16, 262883,263461,255517,262144,262842
0b8f766, 01-07-2016, 1, 511345,558868,562994,558868,563751
0b8f766, 01-07-2016, 2, 433744,431180,431180,433296,436225
0b8f766, 01-07-2016, 4, 423240,424740,424955,429414,425710
0b8f766, 01-07-2016, 8, 355149,355224,355676,354174,345708
0b8f766, 01-07-2016, 16, 253739,261898,261409,248147,261287
7f5479d, 02-07-2016, 1, 555721,575745,584165,588468,601334
7f5479d, 02-07-2016, 2, 439539,437248,438849,439770,439309
7f5479d, 02-07-2016, 4, 430185,429414,430075,426901,429524
7f5479d, 02-07-2016, 8, 354099,356962,356431,341764,349234
7f5479d, 02-07-2016, 16, 264416,255555,261817,261083,256532
7f5479d, 03-07-2016, 1, 482798,565461,568334,563751,568526
7f5479d, 03-07-2016, 2, 434981,429085,431957,430959,431957
7f5479d, 03-07-2016, 4, 424740,426359,427554,423453,424525
7f5479d, 03-07-2016, 8, 350768,353800,331697,353205,353502
7f5479d, 03-07-2016, 16, 263296,261083,263627,262472,267153
7f5479d, 04-07-2016, 1, 581936,598972,579524,594726,579124
7f5479d, 04-07-2016, 2, 433296,434193,435207,435546,426359
7f5479d, 04-07-2016, 4, 419011,419640,425062,418072,424203
7f5479d, 04-07-2016, 8, 343163,347354,348944,349380,340654
7f5479d, 04-07-2016, 16, 245102,251419,252517,254470,254895
7f5479d, 05-07-2016, 1, 585592,594726,577728,578724,583150
7f5479d, 05-07-2016, 2, 438162,435659,435659,435094,437476
7f5479d, 05-07-2016, 4, 426576,428975,426901,427554,429085
7f5479d, 05-07-2016, 8, 354698,355600,357418,352463,350548
7f5479d, 05-07-2016, 16, 248037,251835,254973,242375,250743
338665f, 06-07-2016, 1, 581936,597905,581533,602846,599186
338665f, 06-07-2016, 2, 433632,435433,437705,432402,430627
338665f, 06-07-2016, 4, 422175,427119,426793,426142,423774
338665f, 06-07-2016, 8, 328772,341417,333410,348871,352388
338665f, 06-07-2016, 16, 247525,261409,259790,258748,260678
0430db5, 07-07-2016, 1, 490275,554802,559054,562994,570848
0430db5, 07-07-2016, 2, 437134,436452,435885,437020,437020
0430db5, 07-07-2016, 4, 424203,426901,423667,423881,419011
0430db5, 07-07-2016, 8, 354773,355149,354024,355977,346852
0430db5, 07-07-2016, 16, 264167,251194,253701,262021,259910
80e6635, 08-07-2016, 1, 476896,559427,561486,557939,560736
80e6635, 08-07-2016, 2, 439194,441273,438964,442904,439309
80e6635, 08-07-2016, 4, 433296,429634,428865,429085,429854
80e6635, 08-07-2016, 8, 345352,355902,354249,356204,358717
80e6635, 08-07-2016, 16, 262966,251344,262185,262390,261858
8b2feb8, 09-07-2016, 1, 447273,545246,542075,541900,542601
8b2feb8, 09-07-2016, 2, 431846,426901,436452,427227,433072
8b2feb8, 09-07-2016, 4, 426467,424417,425818,419640,424095
8b2feb8, 09-07-2016, 8, 345851,352759,356280,345993,342812
8b2feb8, 09-07-2016, 16, 251910,248736,253279,238380,247196
8b2feb8, 10-07-2016, 1, 466293,531935,563751,543832,546845
8b2feb8, 10-07-2016, 2, 427772,431957,433968,424525,428865
8b2feb8, 10-07-2016, 4, 423240,423346,420060,421009,424740
8b2feb8, 10-07-2016, 8, 353130,354024,353950,355299,352611
8b2feb8, 10-07-2016, 16, 251986,261613,250856,255012,261694
8b2feb8, 11-07-2016, 1, 602630,610525,610969,610747,610747
8b2feb8, 11-07-2016, 2, 433856,430516,436112,427554,431513
8b2feb8, 11-07-2016, 4, 420376,419116,424417,429744,429744
8b2feb8, 11-07-2016, 8, 334341,357876,352388,358258,357494
8b2feb8, 11-07-2016, 16, 264458,262349,262431,254509,264083
ee66493, 12-07-2016, 1, 558496,556458,559987,559614,576537
ee66493, 12-07-2016, 2, 430737,432402,435320,430627,430848
ee66493, 12-07-2016, 4, 425062,423988,422387,423881,422493
ee66493, 12-07-2016, 8, 333809,354998,354398,352759,353056
ee66493, 12-07-2016, 16, 263420,259348,259629,261083,259830
ee66493, 13-07-2016, 1, 579324,572797,564699,557568,568526
ee66493, 13-07-2016, 2, 432625,431180,433520,434081,433408
ee66493, 13-07-2016, 4, 424632,416308,422600,425602,426467
ee66493, 13-07-2016, 8, 352833,353800,345922,351576,346350
ee66493, 13-07-2016, 16, 264125,256219,260475,262883,261246
ee66493, 14-07-2016, 1, 525437,548096,548813,566415,548096
ee66493, 14-07-2016, 2, 430295,437248,429744,431957,427227
ee66493, 14-07-2016, 4, 421115,426250,422281,421644,423774
ee66493, 14-07-2016, 8, 336419,353056,355224,351724,334474
ee66493, 14-07-2016, 16, 261939,259910,261165,260516,255322
ee66493, 15-07-2016, 1, 490132,561299,562428,559800,560736
ee66493, 15-07-2016, 2, 435094,429195,433968,432291,436112
ee66493, 15-07-2016, 4, 424525,424203,420376,424095,423240
ee66493, 15-07-2016, 8, 350255,331042,354923,353950,356204
ee66493, 15-07-2016, 16, 261980,264000,261124,253662,247525
ee66493, 16-07-2016, 1, 540329,596417,602414,604149,600688
ee66493, 16-07-2016, 2, 435772,435094,434081,434193,434868
ee66493, 16-07-2016, 4, 417448,423133,426359,427336,425710
ee66493, 16-07-2016, 8, 355826,329030,352685,347786,354773
ee66493, 16-07-2016, 16, 258151,259991,259709,248478,155172
ee66493, 17-07-2016, 1, 602630,594304,593044,587232,593254
ee66493, 17-07-2016, 2, 441041,438276,438391,439885,439655
ee66493, 17-07-2016, 4, 426034,429195,428099,425926,426250
ee66493, 17-07-2016, 8, 354923,354998,349307,355977,355676
ee66493, 17-07-2016, 16, 261043,260516,263876,261572,248662
ee66493, 18-07-2016, 1, 447512,537731,541026,586206,530925
ee66493, 18-07-2016, 2, 415483,415689,409200,414662,424203
ee66493, 18-07-2016, 4, 409900,411509,419640,413844,415072
ee66493, 18-07-2016, 8, 351208,344572,349307,348003,328578
ee66493, 18-07-2016, 16, 259991,257319,251269,258588,261043
ee66493, 19-07-2016, 1, 568141,585184,584980,579524,585592
ee66493, 19-07-2016, 2, 440347,437705,440810,435546,441506
ee66493, 19-07-2016, 4, 428427,427445,427336,431957,430848
ee66493, 19-07-2016, 8, 357342,352537,352463,337027,355600
ee66493, 19-07-2016, 16, 264959,263917,262226,254895,262349
5f33d69, 20-07-2016, 1, 453684,552064,550795,551338,538422
5f33d69, 20-07-2016, 2, 407115,421326,413436,429634,415483
5f33d69, 20-07-2016, 4, 413946,413844,415689,417240,413436
5f33d69, 20-07-2016, 8, 337570,336015,347570,342392,342602
5f33d69, 20-07-2016, 16, 241260,246361,247964,242691,255711
590e753, 21-07-2016, 1, 591372,595782,594094,596842,595993
590e753, 21-07-2016, 2, 429524,430848,424310,428865,429085
590e753, 21-07-2016, 4, 422813,423453,423881,422919,421538
590e753, 21-07-2016, 8, 333875,343795,342812,348871,346065
590e753, 21-07-2016, 16, 250856,250369,244459,249327,261327
17c203c, 22-07-2016, 1, 424955,586821,587849,588674,588881
17c203c, 22-07-2016, 2, 425386,423988,422813,433408,426793
17c203c, 22-07-2016, 4, 413028,428537,428427,425710,428318
17c203c, 22-07-2016, 8, 332815,351945,351355,353651,342952
17c203c, 22-07-2016, 16, 259589,252062,257596,259870,259629
33f8a46, 23-07-2016, 1, 440926,513065,514008,515271,517815
33f8a46, 23-07-2016, 2, 431846,441506,433520,429085,435094
33f8a46, 23-07-2016, 4, 425386,424955,420587,421856,425818
33f8a46, 23-07-2016, 8, 356053,353130,350988,351945,332551
33f8a46, 23-07-2016, 16, 258748,254200,261694,261531,260637
33f8a46, 24-07-2016, 1, 549892,597054,600473,601334,601765
33f8a46, 24-07-2016, 2, 449069,447990,448109,449189,446440
33f8a46, 24-07-2016, 4, 431069,432625,430185,435546,435207
33f8a46, 24-07-2016, 8, 356886,358794,357418,357038,358871
33f8a46, 24-07-2016, 16, 263255,262144,248367,259148,262390
33f8a46, 25-07-2016, 1, 507785,574365,567565,555537,554619
33f8a46, 25-07-2016, 2, 433296,437362,435998,440694,435998
33f8a46, 25-07-2016, 4, 423453,427881,425386,419326,416411
33f8a46, 25-07-2016, 8, 332617,357038,355826,340378,353950
33f8a46, 25-07-2016, 16, 261858,253662,261409,260597,247964
33f8a46, 26-07-2016, 1, 527917,554435,556274,582947,581130
33f8a46, 26-07-2016, 2, 445255,438964,438276,438849,439194
33f8a46, 26-07-2016, 4, 429085,431180,426793,428427,428427
33f8a46, 26-07-2016, 8, 356659,356431,349016,354473,350914
33f8a46, 26-07-2016, 16, 262472,261531,260556,253931,258748
33f8a46, 27-07-2016, 1, 544538,547202,583352,583150,583962
33f8a46, 27-07-2016, 2, 430406,434868,427772,427227,425926
33f8a46, 27-07-2016, 4, 419221,422813,420166,420587,421009
33f8a46, 27-07-2016, 8, 340171,349890,355299,350109,347426
33f8a46, 27-07-2016, 16, 257201,258628,255750,260354,258270
b8b3256, 29-07-2016, 1, 585388,562805,569685,575350,583352
b8b3256, 29-07-2016, 2, 436566,429634,433632,431513,431180
b8b3256, 29-07-2016, 4, 423988,424847,427227,422068,424632
b8b3256, 29-07-2016, 8, 347498,349234,350036,352537,351503
b8b3256, 29-07-2016, 16, 257517,259508,252517,258988,257833
7d90701, 30-07-2016, 1, 652810,655616,655872,655616,655360
7d90701, 30-07-2016, 2, 439079,437705,443255,442087,444430
7d90701, 30-07-2016, 4, 428756,432960,431735,431513,433408
7d90701, 30-07-2016, 8, 352537,341208,355449,352907,348581
7d90701, 30-07-2016, 16, 248588,248883,249624,248367,252062
10e1bd7, 31-07-2016, 1, 414252,521842,522655,564130,564699
10e1bd7, 31-07-2016, 2, 419430,424847,419535,420692,417448
10e1bd7, 31-07-2016, 4, 414662,417240,414355,418072,420904
10e1bd7, 31-07-2016, 8, 348075,348075,348581,349089,349598
10e1bd7, 31-07-2016, 16, 249142,260152,260354,258469,254162
390c7c6, 01-08-2016, 1, 456896,536013,531766,533626,537559
390c7c6, 01-08-2016, 2, 424632,436793,436339,438620,438162
390c7c6, 01-08-2016, 4, 426793,429634,431957,418280,423026
390c7c6, 01-08-2016, 8, 356583,356280,354923,354473,355977
390c7c6, 01-08-2016, 16, 261287,260962,255012,260314,262021
1df19d5, 02-08-2016, 1, 414867,519258,526096,578924,580527
1df19d5, 03-08-2016, 1, 399838,498432,500812,547559,500364
1df19d5, 02-08-2016, 2, 415175,409900,420271,426142,418384
1df19d5, 03-08-2016, 2, 423453,421750,425710,424095,427010
1df19d5, 02-08-2016, 4, 409800,419640,418802,417344,420798
1df19d5, 03-08-2016, 4, 422706,411106,420904,417655,417032
1df19d5, 02-08-2016, 8, 350621,346708,349234,348581,348726
1df19d5, 03-08-2016, 8, 343584,332420,341625,342043,338592
1df19d5, 02-08-2016, 16, 244816,258588,253241,259348,260799
1df19d5, 03-08-2016, 16, 245496,242026,244174,247087,242586
9fd8f5b, 04-08-2016, 1, 572797,573188,556089,550976,555353
9fd8f5b, 04-08-2016, 2, 434756,428427,436339,436112,438047
9fd8f5b, 04-08-2016, 4, 419116,416929,418593,424310,418593
9fd8f5b, 04-08-2016, 8, 343725,347714,348726,344007,338250
9fd8f5b, 04-08-2016, 16, 251872,248957,243078,254857,247671
4af91c0, 05-08-2016, 1, 473531,532779,534306,536185,559614
4af91c0, 05-08-2016, 2, 429744,429634,433632,437134,433744
4af91c0, 05-08-2016, 4, 422706,423240,414662,426467,423240
4af91c0, 05-08-2016, 8, 350328,352685,352241,329030,352982
4af91c0, 05-08-2016, 16, 260718,250331,261246,249810,261287
1214788, 06-08-2016, 1, 497545,560736,555537,560923,537904
1214788, 06-08-2016, 2, 427336,423026,421644,425062,423988
1214788, 06-08-2016, 4, 406031,401657,401849,401657,409300
1214788, 06-08-2016, 8, 362124,361656,363773,359178,361890
1214788, 06-08-2016, 16, 268178,268393,272092,253279,253012
1214788, 07-08-2016, 1, 411913,498284,499619,499322,497693
1214788, 07-08-2016, 2, 408901,413232,411005,410502,419955
1214788, 07-08-2016, 4, 393185,395316,396531,394665,396156
1214788, 07-08-2016, 8, 344785,335343,347786,347067,341764
1214788, 07-08-2016, 16, 259629,252479,246651,257477,270469
1214788, 08-08-2016, 1, 526096,517017,541375,517177,542952
1214788, 08-08-2016, 2, 421432,422493,420271,420692,423453
1214788, 08-08-2016, 4, 403298,401465,398983,399267,401561
1214788, 08-08-2016, 8, 363143,355751,354323,358641,339620
1214788, 08-08-2016, 16, 264500,268952,266559,264541,265715
1214788, 09-08-2016, 1, 508709,529584,524944,526261,526096
1214788, 09-08-2016, 2, 420376,420692,422919,422706,422600
1214788, 09-08-2016, 4, 403105,403881,400794,404173,404465
1214788, 09-08-2016, 8, 370931,367680,358411,373325,369705
1214788, 09-08-2016, 16, 288318,286105,288318,274182,289562
4950d4d, 10-08-2016, 1, 613202,579124,579925,585184,595993
4950d4d, 10-08-2016, 2, 432291,430075,430406,430295,431513
4950d4d, 10-08-2016, 4, 398888,394294,397000,400985,388992
4950d4d, 10-08-2016, 8, 324511,329935,330651,330586,326723
4950d4d, 10-08-2016, 16, 234548,234221,233536,234515,235074
aa47a24, 11-08-2016, 1, 513222,574759,537559,567949,564509
aa47a24, 11-08-2016, 2, 412521,411509,413741,413946,410101
aa47a24, 11-08-2016, 4, 385594,382082,374491,380781,375918
aa47a24, 11-08-2016, 8, 312018,313476,310804,312192,313886
aa47a24, 11-08-2016, 16, 217519,217914,218567,219110,215065
aa47a24, 12-08-2016, 1, 547024,566033,569685,564130,564699
aa47a24, 12-08-2016, 2, 424632,424955,425818,432402,427990
aa47a24, 12-08-2016, 4, 390349,391716,386661,390168,393831
aa47a24, 12-08-2016, 8, 315598,312891,313300,318474,316611
aa47a24, 12-08-2016, 16, 217462,221891,218396,215645,215175
730b630, 13-08-2016, 1, 412521,518455,521032,522655,523797
730b630, 13-08-2016, 2, 411408,411106,408205,409101,411711
730b630, 13-08-2016, 4, 377610,380954,381995,381474,378377
730b630, 13-08-2016, 8, 314004,311092,311844,309486,311035
730b630, 13-08-2016, 16, 215396,219712,214625,210531,221511
730b630, 14-08-2016, 1, 517975,529751,530757,537387,542075
730b630, 14-08-2016, 2, 421009,420060,417551,423026,420798
730b630, 14-08-2016, 4, 390349,384358,387286,384710,382692
730b630, 14-08-2016, 8, 315420,313593,316313,311381,312425
730b630, 14-08-2016, 16, 222509,217999,212909,215951,221716
730b630, 15-08-2016, 1, 622994,621609,620918,620689,622762
730b630, 15-08-2016, 2, 428537,429414,429414,429195,429634
730b630, 15-08-2016, 4, 393554,389896,390531,389805,390804
730b630, 15-08-2016, 8, 314298,312600,315777,315598,315598
730b630, 15-08-2016, 16, 220811,218396,220608,221598,222215
99b8fc3, 16-08-2016, 1, 466682,532610,541201,543128,546845
99b8fc3, 16-08-2016, 2, 414662,423026,420271,422813,426250
99b8fc3, 16-08-2016, 4, 387644,390804,389986,385594,388182
99b8fc3, 16-08-2016, 8, 315183,316134,306882,316074,316015
99b8fc3, 16-08-2016, 16, 221423,220898,212882,222953,222097
99b8fc3, 17-08-2016, 1, 427772,531766,569105,566415,563751
99b8fc3, 17-08-2016, 2, 399267,404563,407016,401561,405247
99b8fc3, 17-08-2016, 4, 377355,380436,381474,379403,382692
99b8fc3, 17-08-2016, 8, 311902,311670,310287,312134,307669
99b8fc3, 17-08-2016, 16, 214405,217434,219655,221540,216508
8916138, 18-08-2016, 1, 534306,578325,578325,559800,579124
8916138, 18-08-2016, 2, 423560,419850,421962,423667,418593
8916138, 18-08-2016, 4, 380695,386305,385949,383830,383830
8916138, 18-08-2016, 8, 314829,304487,311035,315183,316372
8916138, 18-08-2016, 16, 222480,221102,220898,221921,221833
8916138, 19-08-2016, 1, 458394,524780,565842,565651,566989
8916138, 20-08-2016, 1, 542601,539114,538767,542250,541026
8916138, 19-08-2016, 2, 417759,415895,415175,418280,413741
8916138, 20-08-2016, 2, 414252,419745,417344,411610,421750
8916138, 19-08-2016, 4, 381647,382082,383567,382256,377270
8916138, 20-08-2016, 4, 383216,382605,377695,365437,378377
8916138, 19-08-2016, 8, 313534,311323,302838,311844,302510
8916138, 20-08-2016, 8, 302292,306882,297310,294958,304653
8916138, 19-08-2016, 16, 220550,221015,222274,220087,219798
8916138, 20-08-2016, 16, 208077,205201,207870,202770,209558
8916138, 21-08-2016, 1, 469162,540155,541725,543480,545423
8916138, 21-08-2016, 2, 402621,401849,397753,400794,404270
8916138, 21-08-2016, 4, 378377,367518,379318,376762,375581
8916138, 21-08-2016, 8, 309657,310402,309886,310574,309143
8916138, 21-08-2016, 16, 217462,211566,216592,220550,216704
8916138, 22-08-2016, 1, 533287,551701,555169,580125,580326
8916138, 22-08-2016, 2, 420271,417968,421009,423133,417344
8916138, 22-08-2016, 4, 385329,383567,385594,386216,388272
8916138, 22-08-2016, 8, 313827,315598,314357,311150,315896
8916138, 22-08-2016, 16, 221862,221306,221423,220231,221277
8916138, 23-08-2016, 1, 553156,561486,562616,560923,561486
8916138, 23-08-2016, 2, 421644,424955,422600,421644,418698
8916138, 23-08-2016, 4, 385063,386394,383742,384710,383041
8916138, 23-08-2016, 8, 314180,312192,310287,304985,313008
8916138, 23-08-2016, 16, 215590,220811,219770,221803,217462
8916138, 24-08-2016, 1, 564889,554069,576141,558124,563561
8916138, 24-08-2016, 2, 422281,422387,426034,422281,421856
8916138, 24-08-2016, 4, 386750,386572,386305,385063,387733
8916138, 24-08-2016, 8, 315836,313242,310632,316253,306938
8916138, 24-08-2016, 16, 220753,221423,220666,216313,219971
9570639, 25-08-2016, 1, 521680,554802,550795,553703,553703
9570639, 25-08-2016, 2, 425278,417136,417551,419640,419955
9570639, 25-08-2016, 4, 383304,385152,385683,388451,383216
9570639, 25-08-2016, 8, 312018,312891,311497,315361,315955
9570639, 25-08-2016, 16, 220840,221277,217603,216257,221921
99a7132, 26-08-2016, 1, 494174,514323,520708,522655,557383
99a7132, 26-08-2016, 2, 408802,408802,407412,407412,417344
99a7132, 26-08-2016, 4, 381474,380349,377101,381127,378889
99a7132, 26-08-2016, 8, 309030,309087,306321,303276,307331
99a7132, 26-08-2016, 16, 209349,213668,211673,209114,207819
b0a20fe, 27-08-2016, 1, 511033,575943,579124,569685,577728
b0a20fe, 27-08-2016, 2, 424417,424847,427772,426467,426359
b0a20fe, 27-08-2016, 4, 390986,385594,390895,389443,389263
b0a20fe, 27-08-2016, 8, 309886,315598,315065,313125,315598
b0a20fe, 27-08-2016, 16, 221950,221335,221833,221921,222303
b0a20fe, 28-08-2016, 1, 479623,552245,518936,531261,527254
b0a20fe, 28-08-2016, 2, 411408,416825,419326,417863,415998
b0a20fe, 28-08-2016, 4, 380349,383479,383567,385683,379747
b0a20fe, 28-08-2016, 8, 311960,312833,312192,312367,304653
b0a20fe, 28-08-2016, 16, 216396,219482,218795,219856,218909
c523338, 29-08-2016, 1, 489989,524124,523144,524288,523633
c523338, 29-08-2016, 2, 407412,404563,403590,401753,402524
c523338, 29-08-2016, 4, 384270,386216,381474,388721,382954
c523338, 29-08-2016, 8, 318112,315183,313066,307895,313183
c523338, 29-08-2016, 16, 226965,207024,217350,212909,216900
0e55479, 07-09-2016, 1, 511813,570266,560548,575548,568912
dcda22d, 01-09-2016, 1, 491424,528250,552064,549532,555353
dcda22d, 02-09-2016, 1, 502162,553886,555169,567181,561111
dcda22d, 03-09-2016, 1, 562994,582138,582542,585592,573776
dcda22d, 04-09-2016, 1, 553338,567373,584776,583150,586616
dcda22d, 05-09-2016, 1, 488562,572797,554252,564889,570848
dcda22d, 06-09-2016, 1, 510256,537387,536185,538594,569105
dcda22d, 30-08-2016, 1, 524288,550073,554802,556089,554069
dcda22d, 31-08-2016, 1, 506100,525437,510567,513536,519418
0e55479, 07-09-2016, 2, 419430,414355,413028,417344,409300
dcda22d, 01-09-2016, 2, 400220,411005,413232,411610,413436
dcda22d, 02-09-2016, 2, 404368,401369,409400,408006,410301
dcda22d, 03-09-2016, 2, 407412,407412,409800,407214,402911
dcda22d, 04-09-2016, 2, 409800,411307,416722,407115,408404
dcda22d, 05-09-2016, 2, 414559,414048,410402,410000,421856
dcda22d, 06-09-2016, 2, 399362,407709,404173,407412,409800
dcda22d, 30-08-2016, 2, 411307,413334,416515,407016,410904
dcda22d, 31-08-2016, 2, 414150,397847,419011,411005,406228
0e55479, 07-09-2016, 4, 402042,400124,396718,399838,402621
dcda22d, 01-09-2016, 4, 403784,394758,401369,395782,400889
dcda22d, 02-09-2016, 4, 393924,399172,399362,388541,399553
dcda22d, 03-09-2016, 4, 390622,396906,399934,396250,402911
dcda22d, 04-09-2016, 4, 400411,397564,389624,391716,393277
dcda22d, 05-09-2016, 4, 401273,403105,399362,404270,402911
dcda22d, 06-09-2016, 4, 397094,400794,398319,397188,396718
dcda22d, 30-08-2016, 4, 406031,398793,400698,400602,394387
dcda22d, 31-08-2016, 4, 391534,388902,396624,393093,390168
0e55479, 07-09-2016, 8, 343514,343092,342113,337706,339276
dcda22d, 01-09-2016, 8, 339895,342532,340931,330325,326786
dcda22d, 02-09-2016, 8, 331959,339826,338523,340862,337163
dcda22d, 03-09-2016, 8, 345779,342602,335477,344007,346279
dcda22d, 04-09-2016, 8, 334207,334741,333146,337774,335142
dcda22d, 05-09-2016, 8, 343725,345566,347931,344219,339895
dcda22d, 06-09-2016, 8, 342392,344007,343655,345708,336352
dcda22d, 30-08-2016, 8, 342462,345210,342532,340240,346995
dcda22d, 31-08-2016, 8, 332485,322081,332617,333809,329482
0e55479, 07-09-2016, 16, 220869,236465,229699,237604,230393
dcda22d, 01-09-2016, 16, 236166,237537,237234,226995,230869
dcda22d, 02-09-2016, 16, 235966,236033,236232,228075,233959
dcda22d, 03-09-2016, 16, 239367,238890,226965,239162,240292
dcda22d, 04-09-2016, 16, 227858,229762,228168,228947,228884
dcda22d, 05-09-2016, 16, 228075,239128,238550,230742,231410
dcda22d, 06-09-2016, 16, 238008,240844,235173,231346,233341
dcda22d, 30-08-2016, 16, 238720,242095,227858,242130,239777
dcda22d, 31-08-2016, 16, 225834,230520,227395,230583,178348
0f21c78, 08-09-2016, 1, 511969,569878,548813,552427,554069
0f21c78, 08-09-2016, 2, 414559,415175,415175,419955,415380
0f21c78, 08-09-2016, 4, 403881,404563,401561,399077,398793
0f21c78, 08-09-2016, 8, 342882,331238,344572,341625,340723
0f21c78, 08-09-2016, 16, 233536,238652,237268,230140,229103
0f21c78, 09-09-2016, 1, 621609,622300,622762,625083,620230
0f21c78, 09-09-2016, 2, 432402,431402,431624,430959,430737
0f21c78, 09-09-2016, 4, 412419,413028,414559,414457,411812
0f21c78, 09-09-2016, 8, 343373,346565,349671,346995,348147
0f21c78, 09-09-2016, 16, 238414,237873,239812,239640,238550
0f21c78, 10-09-2016, 1, 622994,623225,610969,619543,623457
0f21c78, 10-09-2016, 2, 431957,429414,425062,430737,428427
0f21c78, 10-09-2016, 4, 406918,412927,412521,410602,413028
0f21c78, 10-09-2016, 8, 335947,348799,345423,346350,344714
0f21c78, 10-09-2016, 16, 238992,236933,238788,237772,235602
0f21c78, 11-09-2016, 1, 604802,618629,619085,618173,618629
0f21c78, 11-09-2016, 2, 421644,416929,427772,426142,423240
0f21c78, 11-09-2016, 4, 411005,412724,409600,411509,413639
0f21c78, 11-09-2016, 8, 350109,347211,348581,343092,336892
0f21c78, 11-09-2016, 16, 238958,239435,241781,241364,236399
5cabaaa, 16-09-2016, 1, 626717,629303,628831,630249,629775
8b59627, 21-09-2016, 1, 624617,628831,628360,622300,628831
e47e854, 14-09-2016, 1, 630960,633581,628596,633581,630722
5cabaaa, 16-09-2016, 2, 424847,427336,424955,425278,424095
8b59627, 21-09-2016, 2, 431069,429744,425494,430627,431624
e47e854, 14-09-2016, 2, 425710,427227,425386,425818,422387
5cabaaa, 16-09-2016, 4, 392449,400889,392083,395502,394480
8b59627, 21-09-2016, 4, 403687,403395,402621,403298,404563
e47e854, 14-09-2016, 4, 409500,409400,407709,408105,409001
5cabaaa, 16-09-2016, 8, 313359,316372,317991,315539,318293
8b59627, 21-09-2016, 8, 320665,319201,320420,315955,320543
e47e854, 14-09-2016, 8, 342882,344926,343233,344007,346350
5cabaaa, 16-09-2016, 16, 220985,221628,218567,221628,216956
8b59627, 21-09-2016, 16, 219798,221980,220376,223726,220811
e47e854, 14-09-2016, 16, 238144,239435,236866,238279,237469
073e752, 23-09-2016, 1, 523961,584572,589088,615226,613202
073e752, 24-09-2016, 1, 475006,529751,560736,561299,535842
073e752, 25-09-2016, 1, 589088,587643,581533,581331,580125
073e752, 26-09-2016, 1, 573188,581130,577330,578924,580125
4b5e172, 29-09-2016, 1, 626951,625782,628831,626016,626951
cd175c7, 27-09-2016, 1, 687873,684505,686746,689286,688437
cd175c7, 28-09-2016, 1, 622994,634539,635982,633341,634539
e75cba7, 22-09-2016, 1, 687028,630012,629775,631435,631672
073e752, 23-09-2016, 2, 401081,409700,403978,402138,405149
073e752, 24-09-2016, 2, 408404,411711,410703,410000,405933
073e752, 25-09-2016, 2, 412217,414048,413436,412927,410904
073e752, 26-09-2016, 2, 414559,409300,414048,413639,416825
4b5e172, 29-09-2016, 2, 421326,422281,423133,423774,423988
cd175c7, 27-09-2016, 2, 403492,407214,416618,409400,411005
cd175c7, 28-09-2016, 2, 414662,411106,414457,419116,417759
e75cba7, 22-09-2016, 2, 420798,419116,418698,418802,421432
073e752, 23-09-2016, 4, 384358,387465,391351,383041,386572
073e752, 24-09-2016, 4, 389443,394016,390986,392449,383742
073e752, 25-09-2016, 4, 386394,392817,390895,395037,392633
073e752, 26-09-2016, 4, 393370,394480,393554,392633,392725
4b5e172, 29-09-2016, 4, 397847,397376,396718,397188,398793
cd175c7, 27-09-2016, 4, 383392,385683,380608,377780,379403
cd175c7, 28-09-2016, 4, 397470,395037,398225,397564,398509
e75cba7, 22-09-2016, 4, 388811,389534,395969,391991,394944
073e752, 23-09-2016, 8, 305262,301099,305040,302783,306994
073e752, 24-09-2016, 8, 310632,313534,309943,312134,315777
073e752, 25-09-2016, 8, 316731,312425,315361,317030,310402
073e752, 26-09-2016, 8, 315896,313066,314947,317871,316134
4b5e172, 29-09-2016, 8, 315065,316970,315124,317570,312774
cd175c7, 27-09-2016, 8, 295947,298209,293976,299861,297205
cd175c7, 28-09-2016, 8, 317871,317690,317210,313066,316015
e75cba7, 22-09-2016, 8, 302783,306713,307557,306938,312309
073e752, 23-09-2016, 16, 204227,199373,203632,204003,204152
073e752, 24-09-2016, 16, 219511,220058,221686,219052,217096
073e752, 25-09-2016, 16, 221131,220521,219683,218084,219683
073e752, 26-09-2016, 16, 218453,217040,220087,219540,220608
4b5e172, 29-09-2016, 16, 219482,220782,221073,220608,219943
cd175c7, 27-09-2016, 16, 189509,185281,190759,184791,186248
cd175c7, 28-09-2016, 16, 221891,220029,220782,221481,220666
e75cba7, 22-09-2016, 16, 203139,203336,204053,200277,209218
a0d73c6, 01-10-2016, 1, 526261,552245,560174,531093,531766
a0d73c6, 02-10-2016, 1, 566415,558496,558310,559800,545069
a0d73c6, 03-10-2016, 1, 596842,606771,608532,608311,607870
a0d73c6, 04-10-2016, 1, 524944,557939,538594,548275,532441
a0d73c6, 30-09-2016, 1, 359640,529083,570266,569105,549352
a0d73c6, 01-10-2016, 2, 410402,405541,406622,406130,403298
a0d73c6, 02-10-2016, 2, 410703,412014,408006,406720,404270
a0d73c6, 03-10-2016, 2, 401849,405639,403881,405443,415278
a0d73c6, 04-10-2016, 2, 409300,412318,411408,411509,413741
a0d73c6, 30-09-2016, 2, 407511,410000,405443,410904,408205
a0d73c6, 01-10-2016, 4, 372993,384358,386661,385240,384446
a0d73c6, 02-10-2016, 4, 386661,378206,385417,386928,387644
a0d73c6, 03-10-2016, 4, 382517,386483,385240,379403,386661
a0d73c6, 04-10-2016, 4, 389443,390531,388451,383918,389715
a0d73c6, 30-09-2016, 4, 384975,389986,385772,385949,389624
a0d73c6, 01-10-2016, 8, 305652,300022,303331,310115,303002
a0d73c6, 02-10-2016, 8, 311960,311208,312600,311670,310804
a0d73c6, 03-10-2016, 8, 293925,290968,296942,292235,285667
a0d73c6, 04-10-2016, 8, 309829,302674,302893,302510,298315
a0d73c6, 30-09-2016, 8, 312309,310862,313534,300075,301532
a0d73c6, 01-10-2016, 16, 219310,218113,219281,212021,214296
a0d73c6, 02-10-2016, 16, 216006,210769,216592,218738,213641
a0d73c6, 03-10-2016, 16, 187896,191411,187434,183880,189637
a0d73c6, 04-10-2016, 16, 200805,192267,198242,203459,199373
a0d73c6, 30-09-2016, 16, 214405,219339,219253,218254,214132
cba86e2, 19-10-2016, 1, 627420,627186,621609,626951,618401
cba86e2, 20-10-2016, 1, 638402,641086,641576,640596,641576
cba86e2, 21-10-2016, 1, 566415,589502,590747,590747,594726
cba86e2, 22-10-2016, 1, 623457,621378,628360,624152,628360
cba86e2, 23-10-2016, 1, 499471,545069,550434,555721,555169
cba86e2, 24-10-2016, 1, 502312,551701,554619,563183,559054
e138dfb, 14-10-2016, 1, 618857,624152,626951,626951,627186
e138dfb, 15-10-2016, 1, 639863,627420,626483,623920,627186
e138dfb, 16-10-2016, 1, 641576,644039,643298,642313,644039
e138dfb, 17-10-2016, 1, 641086,641086,642067,643052,641576
e138dfb, 18-10-2016, 1, 633341,640841,639619,639863,640841
cba86e2, 19-10-2016, 2, 428318,429854,429634,427227,429414
cba86e2, 20-10-2016, 2, 412622,422281,417551,419116,422813
cba86e2, 21-10-2016, 2, 416411,408404,412217,411812,416929
cba86e2, 22-10-2016, 2, 421750,424203,423453,424203,423240
cba86e2, 23-10-2016, 2, 409900,405443,405345,400794,409600
cba86e2, 24-10-2016, 2, 401369,404660,410402,407610,401561
e138dfb, 14-10-2016, 2, 423667,418384,423133,422706,416722
e138dfb, 15-10-2016, 2, 427119,428209,429195,428318,424955
e138dfb, 16-10-2016, 2, 417759,416825,422387,418489,418072
e138dfb, 17-10-2016, 2, 416722,416825,412217,421115,416618
e138dfb, 18-10-2016, 2, 417240,415895,410804,412825,415895
cba86e2, 19-10-2016, 4, 400315,401657,398983,400315,401081
cba86e2, 20-10-2016, 4, 393277,394665,393093,382779,387018
cba86e2, 21-10-2016, 4, 391077,385594,391077,390531,381821
cba86e2, 22-10-2016, 4, 398225,398036,398130,397188,394944
cba86e2, 23-10-2016, 4, 381127,387644,386572,384270,385506
cba86e2, 24-10-2016, 4, 385152,388361,388541,389715,390986
e138dfb, 14-10-2016, 4, 392174,398130,398793,392358,395876
e138dfb, 15-10-2016, 4, 400985,398793,400411,400889,401946
e138dfb, 16-10-2016, 4, 390440,384975,392358,385506,385329
e138dfb, 17-10-2016, 4, 390986,389172,379060,388721,385063
e138dfb, 18-10-2016, 4, 389082,386305,392633,379747,385240
cba86e2, 19-10-2016, 8, 317150,319749,319201,319201,318112
cba86e2, 20-10-2016, 8, 308632,303825,304155,302238,304819
cba86e2, 21-10-2016, 8, 302947,306545,308461,302729,303276
cba86e2, 22-10-2016, 8, 317210,313125,313534,315420,318474
cba86e2, 23-10-2016, 8, 312658,300937,313534,307952,308291
cba86e2, 24-10-2016, 8, 314239,312716,314592,305318,309943
e138dfb, 14-10-2016, 8, 315302,315183,317090,314121,317510
e138dfb, 15-10-2016, 8, 318353,317750,317931,318353,315836
e138dfb, 16-10-2016, 8, 303057,297997,298368,300075,307895
e138dfb, 17-10-2016, 8, 302893,304874,307106,303770,299379
e138dfb, 18-10-2016, 8, 299593,308632,307106,307331,301153
cba86e2, 19-10-2016, 16, 219339,218283,220260,221862,218226
cba86e2, 20-10-2016, 16, 206591,202795,207254,206540,207536
cba86e2, 21-10-2016, 16, 202991,203558,195197,204675,197728
cba86e2, 22-10-2016, 16, 219683,219712,220579,215784,220608
cba86e2, 23-10-2016, 16, 218368,219655,217237,219167,219195
cba86e2, 24-10-2016, 16, 214762,213423,217829,218510,218852
e138dfb, 14-10-2016, 16, 221950,220231,221774,218967,220145
e138dfb, 15-10-2016, 16, 221598,220927,221774,220405,220579
e138dfb, 16-10-2016, 16, 209689,206514,206387,205050,205126
e138dfb, 17-10-2016, 16, 200229,204376,204700,206235,206007
e138dfb, 18-10-2016, 16, 204053,203854,204950,203262,204401
3a0931b, 27-10-2016, 1,
3a0931b, 28-10-2016, 1,
cba86e2, 25-10-2016, 1, 539287,566033,570460,565651,566798
cba86e2, 26-10-2016, 1, 681447,690989,684505,690420,691274
3a0931b, 27-10-2016, 2,
3a0931b, 28-10-2016, 2,
cba86e2, 25-10-2016, 2, 407709,408503,403881,404660,412622
cba86e2, 26-10-2016, 2, 413639,410502,415175,420587,411913
3a0931b, 27-10-2016, 4,
3a0931b, 28-10-2016, 4,
cba86e2, 25-10-2016, 4, 384006,389263,387554,384799,387644
cba86e2, 26-10-2016, 4, 386127,384358,391351,391351,390349
3a0931b, 27-10-2016, 8,
3a0931b, 28-10-2016, 8,
cba86e2, 25-10-2016, 8, 311844,314121,306769,306938,315243
cba86e2, 26-10-2016, 8, 307557,303276,305373,307331,304431
3a0931b, 27-10-2016, 16,
3a0931b, 28-10-2016, 16,
cba86e2, 25-10-2016, 16, 214351,219167,216480,220347,214186
cba86e2, 26-10-2016, 16, 202403,206540,194271,205251,203954
15e2650, 29-10-2016, 1,
15e2650, 29-10-2016, 2,
15e2650, 29-10-2016, 4,
15e2650, 29-10-2016, 8,
15e2650, 29-10-2016, 16,
2d63c51, 30-10-2016, 1, 566606,577132,580929,581533,581734
a35894d, 31-10-2016, 1, 690420,694421,693273,692129,693560
2d63c51, 30-10-2016, 2, 404856,405541,406523,408205,406819
a35894d, 31-10-2016, 2, 414150,399362,409700,415586,398603
2d63c51, 30-10-2016, 4, 380868,379146,385063,382867,382517
a35894d, 31-10-2016, 4, 382082,385417,377440,384534,390622
2d63c51, 30-10-2016, 8, 299700,298474,302074,305096,304763
a35894d, 31-10-2016, 8, 303990,306657,302947,305930,301803
2d63c51, 30-10-2016, 16, 203188,193108,205654,204451,200925
a35894d, 31-10-2016, 16, 202721,199586,207485,198500,205025
4b914b4, 01-11-2016, 1, 595782,589295,588055,587643,589502
4b914b4, 01-11-2016, 2, 415483,416722,418593,416825,417863
4b914b4, 01-11-2016, 4, 392909,393831,392633,392174,393277
4b914b4, 01-11-2016, 8, 315124,316432,313945,312774,315243
4b914b4, 01-11-2016, 16, 220492,220985,220550,215673,219453
4b914b4, 02-11-2016, 1, 689286,689569,687309,688155,689286
4b914b4, 02-11-2016, 2, 407016,405541,398414,405051,399267
4b914b4, 02-11-2016, 4, 384622,381474,375750,369136,376171
4b914b4, 02-11-2016, 8, 287232,284988,298421,297310,292184
4b914b4, 02-11-2016, 16, 190024,194609,200493,204875,206743
4b914b4, 03-11-2016, 1, 680617,683668,683668,681447,682556
4b914b4, 03-11-2016, 2, 405835,415072,406622,401561,394109
4b914b4, 03-11-2016, 4, 376762,378633,381214,371835,372744
4b914b4, 03-11-2016, 8, 285230,290012,297258,296417,290867
4b914b4, 03-11-2016, 16, 184975,184264,189487,203040,203632
4b914b4, 04-11-2016, 1, 539807,540677,540155,533118,540852
4b914b4, 04-11-2016, 2, 408304,410101,411206,415689,408802
4b914b4, 04-11-2016, 4, 382692,381214,384270,373907,385683
4b914b4, 04-11-2016, 8, 296942,309886,302183,307500,311555
4b914b4, 04-11-2016, 16, 215120,216704,211008,216508,216146
4b914b4, 05-11-2016, 1, 571042,578525,572601,569878,572016
4b914b4, 05-11-2016, 2, 415689,413946,411812,413130,420271
4b914b4, 05-11-2016, 4, 394851,394109,392266,395596,393185
4b914b4, 05-11-2016, 8, 312949,314651,315124,307388,311323
4b914b4, 05-11-2016, 16, 221452,218738,215452,219540,220029
4b914b4, 06-11-2016, 1, 606552,554435,569105,569298,569105
4b914b4, 06-11-2016, 1, 685344,687028,680617,685064,685904
4b914b4, 06-11-2016, 2, 401753,406425,397470,407313,408404
4b914b4, 06-11-2016, 2, 411610,414867,404856,416205,416308
4b914b4, 06-11-2016, 4, 380263,384710,385506,379318,380954
4b914b4, 06-11-2016, 4, 386216,386750,385594,387286,385772
4b914b4, 06-11-2016, 8, 293976,293925,295322,293411,290615
4b914b4, 06-11-2016, 8, 309886,305652,308632,314770,310517
4b914b4, 06-11-2016, 16, 184446,191740,186062,182242,204251
4b914b4, 06-11-2016, 16, 217462,217858,216956,219081,218510
4b914b4, 07-11-2016, 1, 558124,595570,591372,589088,577529
4b914b4, 07-11-2016, 2, 405835,412724,414150,412622,414559
4b914b4, 07-11-2016, 4, 388631,389624,390713,390713,383655
4b914b4, 07-11-2016, 8, 312018,310344,316790,313417,312425
4b914b4, 07-11-2016, 16, 211034,217265,218967,216984,219626
4b914b4, 08-11-2016, 1, 546845,549532,544892,549172,532948
4b914b4, 08-11-2016, 2, 406130,406523,404368,408503,407115
4b914b4, 08-11-2016, 4, 384094,381647,387465,382256,375750
4b914b4, 08-11-2016, 8, 310402,313886,314829,304653,312367
4b914b4, 08-11-2016, 16, 221277,219914,219511,219081,219138
4b914b4, 09-11-2016, 1, 650784,615678,624617,618857,622531
4b914b4, 09-11-2016, 2, 421432,423240,423560,421538,422919
4b914b4, 09-11-2016, 4, 392817,398130,398603,394387,396906
4b914b4, 09-11-2016, 8, 317630,313417,317991,317871,317871
4b914b4, 09-11-2016, 16, 220985,216648,221160,219396,220782
4b914b4, 10-11-2016, 1, 590955,590747,600258,601334,595570
4b914b4, 10-11-2016, 2, 406425,402718,404660,415278,411812
4b914b4, 10-11-2016, 4, 386928,381734,391716,393554,393554
4b914b4, 10-11-2016, 8, 316671,307895,317991,314651,316432
4b914b4, 10-11-2016, 16, 219741,221394,219827,221423,220116
4b914b4, 11-11-2016, 1, 545069,550795,554069,553521,554069
4b914b4, 11-11-2016, 2, 409600,411711,413334,408802,413741
4b914b4, 11-11-2016, 4, 392541,390986,387913,388272,392358
4b914b4, 11-11-2016, 8, 310977,311439,313359,313593,313827
4b914b4, 11-11-2016, 16, 220347,214982,212021,219482,219971
4b914b4, 13-11-2016, 1, 533966,550795,544008,550795,550795
4b914b4, 13-11-2016, 2, 393647,395876,393462,394016,394851
4b914b4, 13-11-2016, 4, 380954,380781,381041,378462,386750
4b914b4, 13-11-2016, 8, 305151,302947,303660,306994,301099
4b914b4, 13-11-2016, 16, 205906,199183,198876,206007,203065
4b914b4, 14-11-2016, 1, 475275,528250,552974,529584,547202
4b914b4, 14-11-2016, 2, 403105,402331,405051,406523,398130
4b914b4, 14-11-2016, 4, 382343,382517,381647,381387,385152
4b914b4, 14-11-2016, 8, 308745,310459,311208,307839,309200
4b914b4, 14-11-2016, 16, 211194,212477,216118,218254,218710
4b914b4, 15-11-2016, 1, 570848,608090,609637,608311,607430
4b914b4, 15-11-2016, 2, 409101,408404,409700,413028,408503
4b914b4, 15-11-2016, 4, 388182,390713,390168,386038,382256
4b914b4, 15-11-2016, 8, 313417,313417,304211,314298,315658
4b914b4, 15-11-2016, 16, 220116,219024,217181,219770,217858
4b914b4, 16-11-2016, 1, 574169,585184,585592,582340,585592
4b914b4, 16-11-2016, 2, 415380,415072,415586,416515,415998
4b914b4, 16-11-2016, 4, 389172,388272,390349,393185,385861
4b914b4, 16-11-2016, 8, 310287,316551,315717,313534,310804
4b914b4, 16-11-2016, 16, 220058,219597,221073,220695,220087
4b914b4, 17-11-2016, 1, 619314,591163,593464,595993,593254
4b914b4, 17-11-2016, 2, 400315,404660,411610,413232,413741
4b914b4, 17-11-2016, 4, 379919,384975,379403,386661,379403
4b914b4, 17-11-2016, 8, 292694,315598,302074,313886,315896
4b914b4, 17-11-2016, 16, 220782,219425,219568,219052,221774
4b914b4, 18-11-2016, 1, 549172,562616,556089,567757,567181
4b914b4, 18-11-2016, 2, 412318,414048,413232,405835,412419
4b914b4, 18-11-2016, 4, 386038,389443,388361,388092,382692
4b914b4, 18-11-2016, 8, 313769,315065,313066,302729,313945
4b914b4, 18-11-2016, 16, 216984,219396,220173,219024,213234
4b914b4, 20-11-2016, 1, 566798,563183,557568,561486,565270
4b914b4, 20-11-2016, 2, 402621,408901,405051,407907,408304
4b914b4, 20-11-2016, 4, 386750,383216,384799,382517,376678
4b914b4, 20-11-2016, 8, 304266,306769,307050,311612,310344
4b914b4, 20-11-2016, 16, 213668,212909,218084,215701,218056
4b914b4, 21-11-2016, 1, 572601,587232,588261,590124,587643
4b914b4, 21-11-2016, 2, 408901,404953,413028,412318,412217
4b914b4, 21-11-2016, 4, 387465,391077,383479,386394,378975
4b914b4, 21-11-2016, 8, 301586,309771,296051,300613,300022
4b914b4, 21-11-2016, 16, 203040,197147,202403,205477,198782
4b914b4, 22-11-2016, 1, 521032,560361,569105,564130,563561
4b914b4, 22-11-2016, 2, 401465,412724,404270,409001,413028
4b914b4, 22-11-2016, 4, 387554,385240,392174,382517,383742
4b914b4, 22-11-2016, 8, 300022,304431,293154,301966,300613
4b914b4, 22-11-2016, 16, 200925,202233,204102,202135,201214
4b914b4, 23-11-2016, 1, 614550,613875,624617,615452,624385
4b914b4, 23-11-2016, 2, 419011,420798,423774,423240,422175
4b914b4, 23-11-2016, 4, 395037,397188,397094,394758,396156
4b914b4, 23-11-2016, 8, 319080,314888,317270,317450,314239
4b914b4, 23-11-2016, 16, 218311,220956,219827,216285,220173
4b914b4, 24-11-2016, 1, 701682,622994,620918,622762,619772
4b914b4, 24-11-2016, 2, 421432,421326,421644,422706,420166
4b914b4, 24-11-2016, 4, 399172,398036,396906,391991,401177
4b914b4, 24-11-2016, 8, 315777,315006,318293,316015,318051
4b914b4, 24-11-2016, 16, 221335,220318,218169,218767,219024
4b914b4, 25-11-2016, 1, 617263,625549,624617,615904,622531
4b914b4, 25-11-2016, 2, 421856,418907,420271,421538,419221
4b914b4, 25-11-2016, 4, 393001,397470,396624,398603,396250
4b914b4, 25-11-2016, 8, 313886,317750,318293,316432,317510
4b914b4, 25-11-2016, 16, 220231,218425,218767,221044,217012
4b914b4, 26-11-2016, 1, 692415,641086,638402,638402,640107
4b914b4, 26-11-2016, 2, 417968,412217,414662,419221,419535
4b914b4, 26-11-2016, 4, 389534,391625,390804,392266,388721
4b914b4, 26-11-2016, 8, 306713,309543,304819,304985,308575
4b914b4, 26-11-2016, 16, 200205,202648,202574,206514,202942
4b914b4, 27-11-2016, 1, 622531,618401,617718,612978,620459
4b914b4, 27-11-2016, 2, 421750,414969,422175,422706,423560
4b914b4, 27-11-2016, 4, 399743,395409,396437,394480,398509
4b914b4, 27-11-2016, 8, 316253,317630,307444,312658,314592
4b914b4, 27-11-2016, 16, 218056,219683,221980,221921,220231
4b914b4, 28-11-2016, 1, 620918,624617,623688,623920,620001
4b914b4, 28-11-2016, 2, 419326,419326,422068,421221,423667
4b914b4, 28-11-2016, 4, 393924,395969,397659,396718,398509
4b914b4, 28-11-2016, 8, 316790,311555,315183,314829,317090
4b914b4, 28-11-2016, 16, 220753,219597,220840,221598,218396
4b914b4, 29-11-2016, 1, 623920,622762,621839,625316,622300
4b914b4, 29-11-2016, 2, 422493,422706,420482,422706,423560
4b914b4, 29-11-2016, 4, 396343,396437,396531,395316,398036
4b914b4, 29-11-2016, 8, 317270,317931,314416,314829,315183
4b914b4, 29-11-2016, 16, 221335,221686,219741,219367,221306
4b914b4, 30-11-2016, 1, 621148,614550,621609,622762,621609
4b914b4, 30-11-2016, 2, 424095,421750,422813,422068,422813
4b914b4, 30-11-2016, 4, 395037,392909,392174,398225,399172
4b914b4, 30-11-2016, 8, 317450,317991,317090,316193,316313
4b914b4, 30-11-2016, 16, 220608,220521,220869,218681,220376
4b914b4, 01-12-2016, 1, 624152,621609,623920,624385,626249
4b914b4, 01-12-2016, 2, 423240,421009,423133,423881,423026
4b914b4, 01-12-2016, 4, 396156,397659,396624,396718,397470
4b914b4, 01-12-2016, 8, 313651,316134,317210,317270,312716
4b914b4, 01-12-2016, 16, 221891,219081,220869,221716,217801
4b914b4, 02-12-2016, 1, 635020,617945,620918,617945,622762
4b914b4, 02-12-2016, 2, 421644,417968,423560,423453,420904
4b914b4, 02-12-2016, 4, 397753,397753,398698,397376,395782
4b914b4, 02-12-2016, 8, 315480,315183,316731,315717,316790
4b914b4, 02-12-2016, 16, 221160,219167,217462,220029,221335
4b914b4, 03-12-2016, 1, 634539,617490,620689,625083,619772
4b914b4, 03-12-2016, 2, 423988,422706,417655,422175,423881
4b914b4, 03-12-2016, 4, 396718,396250,396906,397564,397847
4b914b4, 03-12-2016, 8, 316850,317991,316731,316611,317270
4b914b4, 03-12-2016, 16, 221980,221073,220869,220260,221015
4b914b4, 04-12-2016, 1, 439309,471403,502613,534647,533626
4b914b4, 04-12-2016, 2, 400985,405737,408304,413232,408304
4b914b4, 04-12-2016, 4, 387375,382169,388272,382517,384622
4b914b4, 04-12-2016, 8, 311439,315658,307106,312425,304708
4b914b4, 04-12-2016, 16, 211220,216984,219712,217914,219081
4b914b4, 05-12-2016, 1, 538422,564509,569298,565651,559800
4b914b4, 05-12-2016, 2, 408901,411408,411812,407016,410602
4b914b4, 05-12-2016, 4, 386127,380868,383129,386038,382867
4b914b4, 05-12-2016, 8, 296732,285036,299326,302401,302893
4b914b4, 05-12-2016, 16, 193353,199325,204078,197472,200086
4b914b4, 06-12-2016, 1, 641822,619314,625083,608973,622300
4b914b4, 06-12-2016, 2, 422493,422387,421538,418907,422919
4b914b4, 06-12-2016, 4, 397753,398319,398130,393093,398319
4b914b4, 06-12-2016, 8, 317690,315658,318232,315124,316193
4b914b4, 06-12-2016, 16, 220521,220029,221306,222362,220927
4b914b4, 07-12-2016, 1, 673784,683111,680617,682556,679240
4b914b4, 07-12-2016, 2, 407313,408006,409700,406425,400411
4b914b4, 07-12-2016, 4, 382517,381734,384094,380608,378718
4b914b4, 07-12-2016, 8, 291727,296732,290163,287281,297785
4b914b4, 07-12-2016, 16, 181709,186870,187560,190347,187518
4b914b4, 08-12-2016, 1, 578924,584776,583962,584368,581936
4b914b4, 08-12-2016, 2, 403590,413334,403881,412014,411206
4b914b4, 08-12-2016, 4, 382692,381647,384975,385240,386305
4b914b4, 08-12-2016, 8, 296942,300505,303880,300883,299166
4b914b4, 08-12-2016, 16, 205477,201989,205151,204975,204975
4b914b4, 09-12-2016, 1, 676501,693273,682001,692129,684226
4b914b4, 09-12-2016, 2, 409500,408006,410904,403298,407709
4b914b4, 09-12-2016, 4, 380522,376086,389082,380091,388002
4b914b4, 09-12-2016, 8, 303057,304487,303440,302729,297944
4b914b4, 09-12-2016, 16, 201238,201504,200445,203484,205754
4b914b4, 10-12-2016, 1, 632148,631197,632148,631672,633102
4b914b4, 10-12-2016, 2, 414252,413844,416618,421432,422068
4b914b4, 10-12-2016, 4, 393462,397847,397942,396063,394665
4b914b4, 10-12-2016, 8, 318172,317270,318051,316193,313827
4b914b4, 10-12-2016, 16, 220782,218738,218311,220811,220608
4b914b4, 11-12-2016, 1, 634060,632387,633581,632387,625316
4b914b4, 11-12-2016, 2, 415586,409300,414867,410101,411005
4b914b4, 11-12-2016, 4, 391077,389443,391168,387823,389172
4b914b4, 11-12-2016, 8, 302565,315777,313945,317750,316611
4b914b4, 11-12-2016, 16, 217519,219971,221803,220463,219482
4b914b4, 12-12-2016, 1, 633581,632387,631197,633581,635982
4b914b4, 13-12-2016, 1, 632625,632625,634539,631910,635020
4b914b4, 12-12-2016, 2, 422813,421644,421009,421750,421962
4b914b4, 13-12-2016, 2, 415792,414559,412825,412318,419955
4b914b4, 12-12-2016, 4, 399077,395782,397942,396343,393924
4b914b4, 13-12-2016, 4, 389534,392174,388541,394851,395409
4b914b4, 12-12-2016, 8, 316432,317690,317330,316850,317991
4b914b4, 13-12-2016, 8, 305429,309200,302783,317630,315302
4b914b4, 12-12-2016, 16, 221073,220116,220521,220521,221833
4b914b4, 13-12-2016, 16, 222450,220521,221657,221745,221073
4b914b4, 14-12-2016, 1, 562616,566415,564130,574562,575943
4b914b4, 14-12-2016, 2, 404465,403105,404465,403881,405541
4b914b4, 14-12-2016, 4, 384358,385417,380522,382605,382779
4b914b4, 14-12-2016, 8, 308178,311323,311266,310000,311960
4b914b4, 14-12-2016, 16, 219281,216928,217632,217462,219568
4b914b4, 15-12-2016, 1, 701976,618629,625083,627655,626249
4b914b4, 15-12-2016, 2, 422493,422175,423133,421644,421538
4b914b4, 15-12-2016, 4, 395876,397659,397188,396531,398319
4b914b4, 15-12-2016, 8, 318051,317270,318293,316671,318958
4b914b4, 15-12-2016, 16, 219138,221540,218909,217434,220202
4b914b4, 16-12-2016, 1, 545601,552245,541201,552427,552245
4b914b4, 17-12-2016, 1, 539807,549532,571431,553886,549712
4b914b4, 16-12-2016, 2, 400602,411307,407115,408901,410502
4b914b4, 17-12-2016, 2, 404953,408602,405247,409300,406130
4b914b4, 16-12-2016, 4, 381821,387733,379318,384358,386038
4b914b4, 17-12-2016, 4, 389082,383742,389443,387644,382867
4b914b4, 16-12-2016, 8, 313593,303385,313593,310689,304874
4b914b4, 17-12-2016, 8, 312658,312192,312833,303385,307895
4b914b4, 16-12-2016, 16, 219281,217971,214762,213995,219224
4b914b4, 17-12-2016, 16, 214022,217773,219482,215148,219568
4b914b4, 18-12-2016, 1, 552245,577529,581533,579724,582340
4b914b4, 19-12-2016, 1, 532610,570072,544185,550253,571431
4b914b4, 18-12-2016, 2, 400029,398319,405835,406819,402814
4b914b4, 19-12-2016, 2, 400698,398509,406228,405541,404660
4b914b4, 18-12-2016, 4, 386394,389172,388811,378291,386216
4b914b4, 19-12-2016, 4, 388811,384534,384534,384182,379232
4b914b4, 18-12-2016, 8, 308632,311266,311150,312600,312658
4b914b4, 19-12-2016, 8, 311902,299700,312018,308291,309087
4b914b4, 18-12-2016, 16, 217153,211008,218596,218653,211780
4b914b4, 19-12-2016, 16, 213017,215951,217971,219052,216536
4b914b4, 20-12-2016, 1, 566224,579524,575943,574365,579524
4b914b4, 20-12-2016, 2, 407907,405835,400029,408802,407214
4b914b4, 20-12-2016, 4, 376086,385152,381127,384975,387823
4b914b4, 20-12-2016, 8, 313008,303550,311844,306601,312600
4b914b4, 20-12-2016, 16, 217125,219167,208464,219597,218311
4b914b4, 21-12-2016, 1, 527088,553156,558868,549712,557012
4b914b4, 21-12-2016, 2, 401657,406819,410201,407907,402621
4b914b4, 21-12-2016, 4, 383041,378121,377186,379232,383567
4b914b4, 21-12-2016, 8, 303935,313066,310919,305819,311670
4b914b4, 21-12-2016, 16, 219081,221073,212451,219138,215590
4b914b4, 22-12-2016, 1, 560174,571236,571626,572406,572797
4b914b4, 22-12-2016, 2, 420904,421009,420060,418907,421115
4b914b4, 22-12-2016, 4, 390804,392174,392541,387465,393370
4b914b4, 22-12-2016, 8, 311266,314710,315777,314062,318293
4b914b4, 22-12-2016, 16, 220260,219943,219712,213478,221686
