8b4137f, 08-06-2015, 1, 156111,156314,156431,155316,155893
8b4137f, 08-06-2015, 2, 155618,154061,156125,154614,155489
8b4137f, 08-06-2015, 4, 155719,155532,155821,154914,153315
8b4137f, 08-06-2015, 8, 155719,155821,155172,153680,154857
8b4137f, 08-06-2015, 16, 153891,156314,154259,154174,155937
0c0e07e, 11-06-2015, 1, 154287,154146,149357,153919,153835
0c0e07e, 11-06-2015, 2, 153609,154117,154700,154828,152701
0c0e07e, 11-06-2015, 4, 152617,153581,154330,153708,153792
0c0e07e, 11-06-2015, 8, 153133,153919,153315,153976,153245
0c0e07e, 11-06-2015, 16, 150779,153948,150603,154217,153666
368a0e2, 12-06-2015, 1, 155951,155995,156169,156826,156870
368a0e2, 12-06-2015, 2, 156840,156329,155951,156111,155763
368a0e2, 12-06-2015, 4, 154231,156635,156548,156899,156723
368a0e2, 12-06-2015, 8, 161056,155388,160210,160088,157918
368a0e2, 12-06-2015, 16, 153455,154786,153708,155014,149650
c1ee24b, 13-06-2015, 1, 156285,156169,155633,155489,155719
c1ee24b, 13-06-2015, 2, 153049,155489,154302,150752,156154
c1ee24b, 13-06-2015, 4, 153807,156987,156038,155980,157017
c1ee24b, 13-06-2015, 8, 159146,159935,160073,159041,157740
c1ee24b, 13-06-2015, 16, 156358,155431,156387,161770,156870
2bab77b, 16-06-2015, 1, 151010,150644,153371,151528,153385
2bab77b, 16-06-2015, 2, 154515,154657,153807,154103,153919
2bab77b, 16-06-2015, 4, 151665,152756,153736,153413,153259
2bab77b, 16-06-2015, 8, 152188,153680,154387,153553,153680
2bab77b, 16-06-2015, 16, 154004,152826,152326,153680,152312
9cc4db7, 18-06-2015, 1, 152659,152064,151968,153245,153934
9cc4db7, 18-06-2015, 2, 150929,153259,153750,153119,155230
9cc4db7, 18-06-2015, 4, 154231,154557,153287,154146,152230
9cc4db7, 18-06-2015, 8, 154047,153638,154103,153553,153217
9cc4db7, 18-06-2015, 16, 154900,154757,154103,155072,154472
1890d48, 24-06-2015, 1, 155301,154929,155850,156067,153680
1890d48, 24-06-2015, 2, 154671,154302,154986,155273,155316
1890d48, 24-06-2015, 4, 152895,151419,153231,153329,152354
1890d48, 24-06-2015, 8, 153581,153595,153553,154358,153750
1890d48, 24-06-2015, 16, 151775,153399,151323,151597,152645
0ee19ff, 26-06-2015, 1, 153581,153147,152756,153385,153455
0ee19ff, 26-06-2015, 2, 156024,155777,152023,151706,152645
0ee19ff, 26-06-2015, 4, 153877,152784,153203,152036,152188
0ee19ff, 26-06-2015, 8, 152965,154472,154117,154387,153441
0ee19ff, 26-06-2015, 16, 153035,154217,154572,153217,154103
365ebe3, 30-06-2015, 1, 152937,152882,153147,152715,152770
365ebe3, 30-06-2015, 2, 157607,156314,156183,156987,153553
365ebe3, 30-06-2015, 4, 155995,157017,156212,155864,154886
365ebe3, 30-06-2015, 8, 154714,156504,156212,157296,155966
365ebe3, 30-06-2015, 16, 153595,153063,152160,153231,151816
00ae069, 01-07-2015, 1, 153483,151255,154515,154929,155951
00ae069, 01-07-2015, 2, 152299,154231,153273,152701,154429
00ae069, 01-07-2015, 4, 150239,153343,152937,154032,155215
00ae069, 01-07-2015, 8, 157149,156082,156096,155115,156548
00ae069, 01-07-2015, 16, 153147,153301,152965,153231,153329
d3511be, 02-07-2015, 1, 155273,155029,152548,153581,155402
d3511be, 02-07-2015, 2, 157518,156314,155316,155100,155879
d3511be, 02-07-2015, 4, 156489,156738,156373,157252,156343
d3511be, 02-07-2015, 8, 156358,156314,156518,156475,156635
d3511be, 02-07-2015, 16, 153217,152840,151844,145270,150793
6874bfe, 03-07-2015, 1, 152979,155503,149317,156533,154657
6874bfe, 03-07-2015, 2, 154004,154486,153553,154814,154444
6874bfe, 03-07-2015, 4, 153595,154018,153231,151912,153441
6874bfe, 03-07-2015, 8, 155503,155057,154786,154061,155215
6874bfe, 03-07-2015, 16, 153623,152188,152826,153217,153035
315c167, 04-07-2015, 1, 155489,155115,154614,155330,156125
315c167, 04-07-2015, 2, 155806,155995,155951,156533,157149
315c167, 04-07-2015, 4, 154004,157799,158097,156650,156256
315c167, 04-07-2015, 8, 155029,153835,152979,154103,152119
315c167, 04-07-2015, 16, 154771,154757,154415,154231,154373
b627a5c, 07-07-2015, 1, 166772,167137,166871,166705,166971
b627a5c, 07-07-2015, 2, 167487,167672,165635,166971,167254
b627a5c, 07-07-2015, 4, 163028,161056,162617,162130,162255
b627a5c, 07-07-2015, 8, 162743,162949,162617,162099,161537
b627a5c, 07-07-2015, 16, 162712,161833,162854,162822,162523
f326cd3, 12-07-2015, 1, 166738,164741,164145,164870,164418
f326cd3, 12-07-2015, 2, 165603,165963,165554,166722,166705
f326cd3, 12-07-2015, 4, 165685,168632,167487,167487,168615
f326cd3, 12-07-2015, 8, 165668,166523,166243,166457,165603
f326cd3, 12-07-2015, 16, 166971,166888,165848,166573,163792
acd14d1, 16-07-2015, 1, 174981,176046,175384,173193,175862
acd14d1, 16-07-2015, 2, 174454,175274,175494,174164,174038
acd14d1, 16-07-2015, 4, 175292,175862,175164,176844,174345
acd14d1, 16-07-2015, 8, 176083,176213,177800,176305,176770
acd14d1, 16-07-2015, 16, 177124,176975,174654,175365,176658
a0c3c29, 17-07-2015, 1, 174981,175880,174690,175292,175036
a0c3c29, 17-07-2015, 2, 175109,174945,173050,172818,174345
a0c3c29, 17-07-2015, 4, 177199,177199,177293,175439,176157
a0c3c29, 17-07-2015, 8, 174763,177387,176677,176065,177180
a0c3c29, 17-07-2015, 16, 174544,175128,173659,175018,175420
3ea1609, 18-07-2015, 1, 169125,168598,167655,168531,168378
3ea1609, 18-07-2015, 2, 164241,164789,163792,164064,161770
3ea1609, 18-07-2015, 4, 166639,165783,165000,164257,166095
3ea1609, 18-07-2015, 8, 161802,162538,162381,162005,162413
3ea1609, 18-07-2015, 16, 164773,164354,164660,164129,165293
c6fb82b, 24-07-2015, 1, 185938,185980,189380,183961,188233
c6fb82b, 24-07-2015, 2, 183197,182222,183018,183900,182978
c6fb82b, 24-07-2015, 4, 182699,183317,185794,185774,183799
c6fb82b, 24-07-2015, 8, 182440,183558,182025,182381,182381
c6fb82b, 24-07-2015, 16, 182579,181572,182559,182460,183277
bc0d832, 01-08-2015, 1, 184588,186870,183779,187413,186517
bc0d832, 01-08-2015, 2, 187602,186891,185322,187833,186579
bc0d832, 01-08-2015, 4, 181101,183157,184041,186974,185630
bc0d832, 01-08-2015, 8, 186891,182838,186995,187016,185815
bc0d832, 01-08-2015, 16, 180129,187854,186579,188339,188022
d2fdca2, 02-08-2015, 1, 187707,188339,187120,183860,186683
d2fdca2, 02-08-2015, 2, 182242,183538,184710,185240,181729
d2fdca2, 02-08-2015, 4, 180886,185261,186227,183981,182659
d2fdca2, 02-08-2015, 8, 182123,186870,183820,184710,186662
d2fdca2, 02-08-2015, 16, 186787,185589,188043,182203,184487
f851440, 03-08-2015, 1, 181788,184873,183438,184608,181847
f851440, 03-08-2015, 2, 181179,182699,182480,182619,185877
f851440, 03-08-2015, 4, 185959,182084,182778,182818,183317
f851440, 03-08-2015, 8, 182559,182361,182123,180964,182183
f851440, 03-08-2015, 16, 181946,185322,181317,182938,183518
efad1f4, 04-08-2015, 1, 184446,187225,187246,184466,184649
efad1f4, 04-08-2015, 2, 184588,182898,183941,183558,184203
efad1f4, 04-08-2015, 4, 184873,186083,183097,186227,185589
efad1f4, 04-08-2015, 8, 186600,182978,184446,186103,185980
efad1f4, 04-08-2015, 16, 182321,183719,187225,186891,186870
974a2f4, 06-08-2015, 1, 179628,182679,184466,184203,181082
974a2f4, 06-08-2015, 2, 182898,181199,182381,182203,182361
974a2f4, 06-08-2015, 4, 181082,183699,180575,179917,180847
974a2f4, 06-08-2015, 8, 183458,178747,181062,182559,182421
974a2f4, 06-08-2015, 16, 183018,183018,180264,178957,180653
34c9f42, 08-08-2015, 1, 176975,177781,178614,180303,179148
34c9f42, 08-08-2015, 2, 178976,177932,177031,179917,177687
34c9f42, 08-08-2015, 4, 178083,179033,178216,178064,178008
34c9f42, 08-08-2015, 8, 177537,179628,178843,176956,176900
34c9f42, 08-08-2015, 16, 177781,180886,178614,178576,179186
5b5bed6, 09-08-2015, 1, 182123,182878,180381,178843,179435
5b5bed6, 09-08-2015, 2, 182838,180110,178008,178995,182818
5b5bed6, 09-08-2015, 4, 179531,182381,178557,181415,179743
5b5bed6, 09-08-2015, 8, 181808,183137,183018,183478,182858
5b5bed6, 09-08-2015, 16, 178443,178329,179263,178216,182123
1e1238a, 11-08-2015, 1, 184183,183799,186248,183900,183378
1e1238a, 11-08-2015, 2, 178804,179820,178367,180536,179263
1e1238a, 11-08-2015, 4, 179225,178159,180964,179455,178804
1e1238a, 11-08-2015, 8, 178178,181023,181004,179608,179994
1e1238a, 11-08-2015, 16, 179148,182858,183137,179647,179551
2e640e3, 12-08-2015, 1, 166854,172445,171968,171546,168378
2e640e3, 12-08-2015, 2, 170431,169844,170051,171004,170431
2e640e3, 12-08-2015, 4, 171459,169142,170310,171423,170275
2e640e3, 12-08-2015, 8, 169707,171494,171353,170934,171318
2e640e3, 12-08-2015, 16, 170051,171915,172801,171476,169023
237b5c1, 13-08-2015, 1, 169707,172145,168700,171599,171880
237b5c1, 13-08-2015, 2, 169776,169879,169347,168802,168802
237b5c1, 13-08-2015, 4, 173426,173086,169999,170726,169535
237b5c1, 13-08-2015, 8, 170206,171179,171022,171933,170189
237b5c1, 13-08-2015, 16, 169381,171845,171388,172694,171459
5f94396, 14-08-2015, 1, 173050,171476,171423,172658,174599
5f94396, 14-08-2015, 2, 173247,174128,173911,173372,175274
5f94396, 14-08-2015, 4, 172872,173354,172605,172357,174726
5f94396, 14-08-2015, 8, 172890,172818,172729,173229,172854
5f94396, 14-08-2015, 16, 172286,173193,172836,174038,173839
6261a17, 15-08-2015, 1, 173032,170034,171423,170552,171301
6261a17, 15-08-2015, 2, 167487,167404,165963,166639,166012
6261a17, 15-08-2015, 4, 172162,172357,174690,173929,174182
6261a17, 15-08-2015, 8, 170431,170344,170952,169245,170034
6261a17, 15-08-2015, 16, 173911,173731,175641,174236,173336
081ce4e, 20-08-2015, 1, 169930,171353,171179,171388,171196
081ce4e, 20-08-2015, 2, 171336,172021,172570,171144,172676
081ce4e, 20-08-2015, 4, 170414,172056,169758,171757,174291
081ce4e, 20-08-2015, 8, 173032,171423,172836,170969,170987
081ce4e, 20-08-2015, 16, 169844,171669,171669,172233,172074
f565790, 21-08-2015, 1, 157577,155143,155937,155777,155893
f565790, 21-08-2015, 2, 156987,155373,157002,153553,157311
f565790, 21-08-2015, 4, 156899,156665,157149,156914,156796
f565790, 21-08-2015, 8, 158261,156987,157888,157340,158007
f565790, 21-08-2015, 16, 157963,155908,155561,155561,154671
3cbff1b, 26-08-2015, 1, 157429,157193,157178,157281,156811
3cbff1b, 26-08-2015, 2, 157119,157267,157311,157488,157031
3cbff1b, 26-08-2015, 4, 158425,157326,158067,158635,157547
3cbff1b, 26-08-2015, 8, 158276,156914,158350,158141,157444
3cbff1b, 26-08-2015, 16, 157755,155187,155072,156227,154614
107ed41, 27-08-2015, 1, 156782,156752,156446,156285,155864
107ed41, 27-08-2015, 2, 154972,154929,155057,154957,154444
107ed41, 27-08-2015, 4, 153553,154914,153722,152937,156358
107ed41, 27-08-2015, 8, 154387,156256,155879,156358,155273
107ed41, 27-08-2015, 16, 154160,156009,156387,155864,155445
4967366, 28-08-2015, 1, 156987,157473,156811,156504,157770
4967366, 28-08-2015, 2, 156212,156212,156111,156096,156300
4967366, 28-08-2015, 4, 152451,152271,154401,153792,152965
4967366, 28-08-2015, 8, 153821,151693,152479,153161,152701
4967366, 28-08-2015, 16, 156577,158007,158097,159267,158037
58c47dc, 29-08-2015, 1, 153105,157636,157119,156870,157119
58c47dc, 29-08-2015, 2, 152230,152036,152993,153245,153203
58c47dc, 29-08-2015, 4, 151652,153905,153357,154344,154943
58c47dc, 29-08-2015, 8, 155951,156271,155417,156038,156475
58c47dc, 29-08-2015, 16, 155029,159798,157918,157918,157784
e079875, 30-08-2015, 1, 157444,157193,157784,157119,155951
e079875, 30-08-2015, 2, 152826,153301,152895,153231,152854
e079875, 30-08-2015, 4, 152576,151556,154786,154132,151954
e079875, 30-08-2015, 8, 152923,153778,152465,152951,151282
e079875, 30-08-2015, 16, 156402,157592,157473,155705,157355
4e631e5, 20-09-2015, 1, 162664,165685,159555,167120,167004
4e631e5, 20-09-2015, 2, 157784,164741,160671,158231,161552
4e631e5, 20-09-2015, 4, 166095,165881,163888,158380,164951
4e631e5, 20-09-2015, 8, 159162,161428,165309,160333,165130
4e631e5, 20-09-2015, 16, 169057,164612,163361,167722,167170
14bd43a, 22-09-2015, 1, 163648,162538,164757,168531,165342
14bd43a, 22-09-2015, 2, 160994,166358,164968,165081,158740
14bd43a, 22-09-2015, 4, 156665,154273,159890,156533,160042
14bd43a, 22-09-2015, 8, 166589,165439,167287,167070,167940
14bd43a, 22-09-2015, 16, 171091,172198,170587,175329,170034
f77fcee, 24-09-2015, 1, 163505,165260,165816,164515,165521
f77fcee, 24-09-2015, 2, 164741,167287,165652,166144,163457
f77fcee, 24-09-2015, 4, 167638,159935,159646,163377,162397
f77fcee, 24-09-2015, 8, 162712,164402,164209,166424,167404
f77fcee, 24-09-2015, 16, 174854,171231,176509,166507,175807
d58441a, 29-09-2015, 1, 166838,161180,163489,163968,164789
d58441a, 29-09-2015, 2, 165423,159981,162287,160979,166111
d58441a, 29-09-2015, 4, 163123,160164,162287,167504,164773
d58441a, 29-09-2015, 8, 155893,162617,163776,164741,164515
d58441a, 29-09-2015, 16, 174128,175292,176361,168632,170708
1e4521d, 01-10-2015, 1, 156665,166722,160917,164725,163521
1e4521d, 01-10-2015, 2, 167873,162161,163537,164644,165033
1e4521d, 01-10-2015, 4, 158950,164032,165130,163776,167421
1e4521d, 01-10-2015, 8, 160271,161257,161568,166095,163314
1e4521d, 01-10-2015, 16, 171564,169091,175439,173175,167839
a3e9a3f, 02-10-2015, 1, 163840,164112,161211,162822,165163
a3e9a3f, 02-10-2015, 2, 164984,163489,166095,166755,167320
a3e9a3f, 02-10-2015, 4, 163139,167154,165423,165783,163266
a3e9a3f, 02-10-2015, 8, 163457,163521,161552,161103,157888
a3e9a3f, 02-10-2015, 16, 172428,175439,171862,175476,177031
83cc2d8, 16-10-2015, 1, 161802,164984,166144,167974,163107
83cc2d8, 16-10-2015, 2, 160333,162287,167204,161304,165783
83cc2d8, 16-10-2015, 4, 168361,168395,166441,165325,168666
83cc2d8, 16-10-2015, 8, 160640,165717,159252,162617,161242
83cc2d8, 16-10-2015, 16, 176305,172783,176565,172747,174417
6d53791, 19-10-2015, 1, 164935,164289,160855,160855,159298
6d53791, 19-10-2015, 2, 165947,159996,165000,166523,161118
6d53791, 19-10-2015, 4, 162177,166474,161849,165783,165717
6d53791, 19-10-2015, 8, 158305,164676,161444,162554,162099
6d53791, 19-10-2015, 16, 176565,172587,171616,172145,170604
2f56983, 20-10-2015, 1, 164595,161506,165211,164968,164789
2f56983, 20-10-2015, 2, 161133,166127,161864,155835,161164
2f56983, 20-10-2015, 4, 168260,165130,160287,160057,160809
2f56983, 20-10-2015, 8, 166029,167521,164032,163298,165685
2f56983, 20-10-2015, 16, 173139,172428,171511,176324,175000
582676f, 24-10-2015, 1, 163616,169228,158560,163568,165000
582676f, 24-10-2015, 2, 161164,164145,160317,163936,165244
582676f, 24-10-2015, 4, 167387,165554,163696,164628,166937
582676f, 24-10-2015, 8, 160933,160855,165309,165848,162933
582676f, 24-10-2015, 16, 178881,175936,175457,178462,174345
18b1738, 29-10-2015, 1, 178348,176213,178386,177951,174417
18b1738, 29-10-2015, 2, 176547,178008,176602,174399,175954
18b1738, 29-10-2015, 4, 175420,179072,177781,178367,178367
18b1738, 29-10-2015, 8, 175862,174128,172304,176361,177499
18b1738, 29-10-2015, 16, 170172,162996,168955,168531,170813
3fdffa2, 31-10-2015, 1, 177443,177744,175420,173265,176472
3fdffa2, 31-10-2015, 2, 176194,177087,175549,178576,177424
3fdffa2, 31-10-2015, 4, 174726,173050,177857,174836,179167
3fdffa2, 31-10-2015, 8, 175880,178197,173785,176751,176028
3fdffa2, 31-10-2015, 16, 169672,163824,169827,170396,164096
221d5a8, 28-02-2016, 1, 202917,199183,198219,201795,193956
221d5a8, 28-02-2016, 2, 105703,105950,104291,106739,106732
221d5a8, 28-02-2016, 4, 95859,97096,95044,96249,94985
221d5a8, 28-02-2016, 8, 85159,84746,84948,86303,86011
221d5a8, 28-02-2016, 16, 77486,77201,77233,76689,77236
35d6e5d, 29-02-2016, 1, 200277,198994,204800,208646,191783
35d6e5d, 29-02-2016, 2, 107955,106131,106232,107066,106232
35d6e5d, 29-02-2016, 4, 95974,96376,95147,95417,94022
35d6e5d, 29-02-2016, 8, 84888,84665,85611,86547,86753
35d6e5d, 29-02-2016, 16, 77386,77532,76960,77983,77629
7c9c5a8, 06-03-2016, 1, 203731,202599,207716,192864,206413
7c9c5a8, 06-03-2016, 2, 106502,105910,106198,105817,105438
7c9c5a8, 06-03-2016, 4, 95104,96288,95886,96189,96133
7c9c5a8, 06-03-2016, 8, 84494,84978,84957,84185,85629
7c9c5a8, 06-03-2016, 16, 77550,77676,77361,77813,77268
9d77b21, 07-03-2016, 1, 199396,203954,211834,202403,194091
9d77b21, 07-03-2016, 2, 106219,105643,106171,105923,107114
9d77b21, 07-03-2016, 4, 95477,96699,96100,96139,95870
9d77b21, 07-03-2016, 8, 85650,84635,85690,85350,85563
9d77b21, 07-03-2016, 16, 76984,78041,78431,78132,78538
22d7896, 08-03-2016, 1, 209794,204550,210557,195813,200829
22d7896, 08-03-2016, 2, 106549,104388,107360,105763,105299
22d7896, 08-03-2016, 4, 96749,94878,95179,96382,96029
22d7896, 08-03-2016, 8, 83406,85363,85756,84931,86632
22d7896, 08-03-2016, 16, 77979,78259,77471,78070,78611
4b8198f, 09-03-2016, 1, 194158,202991,192664,201431,192554
4b8198f, 10-03-2016, 1,
4b8198f, 09-03-2016, 2, 103774,105643,105325,105127,105717
4b8198f, 10-03-2016, 2,
4b8198f, 09-03-2016, 4, 95050,95109,94937,95695,95466
4b8198f, 10-03-2016, 4,
4b8198f, 09-03-2016, 8, 85051,85332,84193,85896,84202
4b8198f, 10-03-2016, 8,
4b8198f, 09-03-2016, 16, 77838,76584,77158,76392,77511
4b8198f, 10-03-2016, 16,
601ac5a, 11-03-2016, 1, 207973,195266,199681,201868,190369
601ac5a, 12-03-2016, 1, 196018,197985,192930,195470,215812
601ac5a, 13-03-2016, 1, 193241,191915,208958,194383,211513
601ac5a, 11-03-2016, 2, 106868,106252,105351,106340,105964
601ac5a, 12-03-2016, 2, 106950,105570,106657,106705,106752
601ac5a, 13-03-2016, 2, 103942,106091,104661,107271,107079
601ac5a, 11-03-2016, 4, 94706,95678,94776,95963,95859
601ac5a, 12-03-2016, 4, 96526,96788,95919,96305,96354
601ac5a, 13-03-2016, 4, 96660,96388,94728,95347,95624
601ac5a, 11-03-2016, 8, 85712,84046,85493,85120,85107
601ac5a, 12-03-2016, 8, 86050,86201,85988,85786,85795
601ac5a, 13-03-2016, 8, 85164,85537,85198,85198,84974
601ac5a, 11-03-2016, 16, 77925,77665,79171,78863,76640
601ac5a, 12-03-2016, 16, 77972,76865,78685,78081,77723
601ac5a, 13-03-2016, 16, 78759,78139,78267,77421,76556
4835edf, 15-03-2016, 1,
4835edf, 16-03-2016, 1, 203954,193019,194722,204028,195039
601ac5a, 14-03-2016, 1,
4835edf, 15-03-2016, 2,
4835edf, 16-03-2016, 2, 106888,106017,105737,105325,107264
601ac5a, 14-03-2016, 2,
4835edf, 15-03-2016, 4,
4835edf, 16-03-2016, 4, 96604,96593,96889,95749,96855
601ac5a, 14-03-2016, 4,
4835edf, 15-03-2016, 8,
4835edf, 16-03-2016, 8, 85099,84948,84490,83957,85354
601ac5a, 14-03-2016, 8,
4835edf, 15-03-2016, 16,
4835edf, 16-03-2016, 16, 77197,79142,78692,78468,78208
601ac5a, 14-03-2016, 16,
4835edf, 17-03-2016, 1, 203533,206845,204775,198829,206743
4835edf, 17-03-2016, 2, 105944,106895,106441,107726,106617
4835edf, 17-03-2016, 4, 96349,96749,95602,96872,97192
4835edf, 17-03-2016, 8, 85637,86183,85914,85237,85878
4835edf, 17-03-2016, 16, 79142,78252,78933,78081,77439
edf5cef, 18-03-2016, 1, 213261,197961,197728,210610,221189
edf5cef, 18-03-2016, 2, 106461,107018,106353,106205,107760
edf5cef, 18-03-2016, 4, 96782,96194,96460,94883,96967
edf5cef, 18-03-2016, 8, 85742,85585,84674,85874,86024
edf5cef, 18-03-2016, 16, 78622,78881,78186,78281,78362
540a515, 19-03-2016, 1, 208672,195539,196939,199183,217378
540a515, 19-03-2016, 2, 106556,107512,107760,107615,107162
540a515, 19-03-2016, 4, 97118,96900,95629,97209,97695
540a515, 19-03-2016, 8, 85716,85988,85069,85602,85406
540a515, 19-03-2016, 16, 78248,78944,78340,79351,78527
540a515, 20-03-2016, 1, 209689,206286,193041,206083,212774
751da54, 22-03-2016, 1, 206184,206134,204476,215203,193755
8ef737d, 21-03-2016, 1, 202281,207228,215756,203065,206387
540a515, 20-03-2016, 2, 107526,107395,107996,108450,107093
751da54, 22-03-2016, 2, 107753,107251,106596,107664,106793
8ef737d, 21-03-2016, 2, 107100,107491,106970,106834,107753
540a515, 20-03-2016, 4, 96365,96978,96598,96643,96233
751da54, 22-03-2016, 4, 97333,96327,97519,97079,95766
8ef737d, 21-03-2016, 4, 96704,96299,96576,95766,96799
540a515, 20-03-2016, 8, 85567,86427,86263,86116,86588
751da54, 22-03-2016, 8, 86183,85900,86668,85922,86063
8ef737d, 21-03-2016, 8, 85642,85993,84185,85865,85975
540a515, 20-03-2016, 16, 79411,78201,77432,78970,78888
751da54, 22-03-2016, 16, 77914,78292,78365,78307,78582
8ef737d, 21-03-2016, 16, 78219,79231,78197,78800,78788
92ffe69, 23-03-2016, 1, 214405,203212,203954,199420,198547
92ffe69, 23-03-2016, 2, 107162,107381,107189,107677,107086
92ffe69, 23-03-2016, 4, 96145,96255,96554,96012,95510
92ffe69, 23-03-2016, 8, 85363,85489,86086,85905,85194
92ffe69, 23-03-2016, 16, 78077,78652,78417,78461,78833
f675ff8, 24-03-2016, 1, 220058,209166,207742,207845,210346
f675ff8, 24-03-2016, 2, 106421,108087,107747,108003,108436
f675ff8, 24-03-2016, 4, 96989,97029,96637,96338,96788
f675ff8, 24-03-2016, 8, 85988,86538,86108,85756,85940
f675ff8, 24-03-2016, 16, 77140,78113,78740,78395,78391
7c008bd, 25-03-2016, 1, 204700,202819,214680,205151,201431
7c008bd, 25-03-2016, 2, 107622,107086,107934,106895,107795
7c008bd, 25-03-2016, 4, 96961,96654,96788,96827,96621
7c008bd, 25-03-2016, 8, 86893,86218,86147,86165,85681
7c008bd, 25-03-2016, 16, 76949,74972,72903,73481,73002
f9d41a6, 26-03-2016, 1, 198806,224444,221306,197193,218283
f9d41a6, 26-03-2016, 2, 106834,105797,107257,107340,107948
f9d41a6, 26-03-2016, 4, 96989,96548,96271,96332,96415
f9d41a6, 26-03-2016, 8, 84759,85848,85363,86334,85581
f9d41a6, 26-03-2016, 16, 76949,74016,73811,73691,73672
82adbde, 27-03-2016, 1, 198735,197101,205075,196271,217434
82adbde, 28-03-2016, 1, 209715,207152,199468,195334,211300
9a03686, 29-03-2016, 1, 215507,196916,207793,211620,199018
82adbde, 27-03-2016, 2, 107045,106306,106868,108191,105312
82adbde, 28-03-2016, 2, 108957,108219,106057,105823,107519
9a03686, 29-03-2016, 2, 105544,106861,106239,106977,106698
82adbde, 27-03-2016, 4, 96498,97023,97096,96732,96271
82adbde, 28-03-2016, 4, 96238,96365,96587,96810,96821
9a03686, 29-03-2016, 4, 95559,94557,95853,95870,95760
82adbde, 27-03-2016, 8, 85940,86041,86192,85533,83490
82adbde, 28-03-2016, 8, 85826,85607,86812,85332,85498
9a03686, 29-03-2016, 8, 85533,83706,85559,85112,84155
82adbde, 27-03-2016, 16, 76706,74678,74255,73513,73314
82adbde, 28-03-2016, 16, 76847,74569,74190,73116,73513
9a03686, 29-03-2016, 16, 78052,76900,76896,76675,75785
45c5635, 31-03-2016, 1, 204251,206998,214022,198664,211780
45c5635, 31-03-2016, 2, 107857,106671,107760,107927,107553
45c5635, 31-03-2016, 4, 97366,96376,96967,97062,96861
45c5635, 31-03-2016, 8, 86565,85839,86108,85725,86015
45c5635, 31-03-2016, 16, 77788,74423,74331,75417,74985
8f4568f, 01-04-2016, 1, 215037,202574,207716,195675,217745
8f4568f, 02-04-2016, 1, 216341,201383,197333,217462,199396
8f4568f, 01-04-2016, 2, 106346,106576,104943,105797,106131
8f4568f, 02-04-2016, 2, 107244,106004,106780,105843,106977
8f4568f, 01-04-2016, 4, 95903,95657,95711,96244,96073
8f4568f, 02-04-2016, 4, 96821,96537,96889,95260,96637
8f4568f, 01-04-2016, 8, 86605,85852,85259,86068,86063
8f4568f, 02-04-2016, 8, 84798,86223,86521,85734,85887
8f4568f, 01-04-2016, 16, 77708,77140,76784,75781,77193
8f4568f, 02-04-2016, 16, 77928,76180,76451,75747,75410
faca1d0, 03-04-2016, 1, 201528,215093,199562,224956,199967
faca1d0, 03-04-2016, 2, 106118,107182,108261,106725,108352
faca1d0, 03-04-2016, 4, 95870,96576,96078,95553,96156
faca1d0, 03-04-2016, 8, 86046,85843,86476,86196,86556
faca1d0, 03-04-2016, 16, 78179,76243,75737,75563,75515
2fef88c, 05-04-2016, 1, 217603,200660,216480,205553,203681
d0ddc25, 04-04-2016, 1, 204500,198453,200829,203016,214323
d0ddc25, 04-04-2016, 1, 204975,204575,205050,213396,212531
2fef88c, 05-04-2016, 2, 105226,106820,107920,106454,107726
d0ddc25, 04-04-2016, 2, 107093,108066,106536,107878,107052
d0ddc25, 04-04-2016, 2, 107657,106495,105173,106205,106475
2fef88c, 05-04-2016, 4, 96967,96710,96877,96604,97029
d0ddc25, 04-04-2016, 4, 96526,96460,95739,96900,96604
d0ddc25, 04-04-2016, 4, 96665,96498,97254,97627,96089
2fef88c, 05-04-2016, 8, 86530,86476,86574,86374,85931
d0ddc25, 04-04-2016, 8, 86099,86276,85993,86267,85940
d0ddc25, 04-04-2016, 8, 86383,85664,85738,85817,86139
2fef88c, 05-04-2016, 16, 77903,79231,77076,78172,77662
d0ddc25, 04-04-2016, 16, 78099,77375,75322,75062,75573
329561a, 07-04-2016, 1, 215369,224775,208672,214323,208154
329561a, 07-04-2016, 2, 106252,106875,107539,107733,107705
329561a, 07-04-2016, 4, 96393,96810,96332,97287,97001
329561a, 07-04-2016, 8, 85520,85878,87001,86893,86543
329561a, 07-04-2016, 16, 77179,76319,76295,75173,74609
347caf0, 10-04-2016, 1, 208802,214405,200901,198336,222746
347caf0, 11-04-2016, 1, 200780,201552,205176,201601,218909
347caf0, 13-04-2016, 1, 200469,205326,226078,203681,223220
d57ae3d, 08-04-2016, 1, 210875,198453,210981,202967,212128
347caf0, 10-04-2016, 2, 107168,106266,107899,106780,107312
347caf0, 11-04-2016, 2, 107753,106759,108087,107107,107039
347caf0, 13-04-2016, 2, 105570,108457,107045,106991,107388
d57ae3d, 08-04-2016, 2, 106664,107712,107285,108310,106340
347caf0, 10-04-2016, 4, 96089,96360,96805,96189,96316
347caf0, 11-04-2016, 4, 97203,96432,96504,96838,96167
347caf0, 13-04-2016, 4, 96354,96521,97712,96844,97724
d57ae3d, 08-04-2016, 4, 97209,96139,96576,96989,95564
347caf0, 10-04-2016, 8, 86019,86143,86125,85861,85146
347caf0, 11-04-2016, 8, 85000,86405,84742,85856,86028
347caf0, 13-04-2016, 8, 85734,85861,85177,86726,86374
d57ae3d, 08-04-2016, 8, 86338,86848,86360,86245,86570
347caf0, 10-04-2016, 16, 78113,75747,76194,76354,75457
347caf0, 11-04-2016, 16, 78113,76847,74932,76612,75816
347caf0, 13-04-2016, 16, 76963,76928,76570,75792,75207
d57ae3d, 08-04-2016, 16, 77321,75607,75798,75768,73571
83e1769, 14-04-2016, 1, 220956,206134,204950,200014,218482
af5f9fe, 16-04-2016, 1, 198383,222127,214159,209899,207254
af5f9fe, 17-04-2016, 1, 200014,197008,193286,200158,205502
af5f9fe, 18-04-2016, 1, 213641,221833,208128,205754,208620
bc133ca, 19-04-2016, 1, 209480,199491,226750,201965,206845
ecc9138, 15-04-2016, 1, 207896,199562,209584,206514,215065
83e1769, 14-04-2016, 2, 107436,107155,107830,106617,107127
af5f9fe, 16-04-2016, 2, 105823,106481,109326,108541,107567
af5f9fe, 17-04-2016, 2, 106051,108506,106984,106225,106882
af5f9fe, 18-04-2016, 2, 108569,107196,106360,107121,107086
bc133ca, 19-04-2016, 2, 108394,106719,105950,108858,107127
ecc9138, 15-04-2016, 2, 106807,107753,107871,107148,107878
83e1769, 14-04-2016, 4, 96045,96978,96782,95700,96205
af5f9fe, 16-04-2016, 4, 95028,96788,96145,96067,96443
af5f9fe, 17-04-2016, 4, 95875,97434,97107,96682,96007
af5f9fe, 18-04-2016, 4, 97604,96476,97316,97017,96565
bc133ca, 19-04-2016, 4, 97627,97293,95472,97079,97661
ecc9138, 15-04-2016, 4, 97293,97667,96883,96799,97147
83e1769, 14-04-2016, 8, 86369,86369,84609,84853,86121
af5f9fe, 16-04-2016, 8, 86924,85804,85707,85764,85883
af5f9fe, 17-04-2016, 8, 86374,86249,85980,85896,86170
af5f9fe, 18-04-2016, 8, 85646,86717,87191,86740,87972
bc133ca, 19-04-2016, 8, 86547,86276,86236,86037,86086
ecc9138, 15-04-2016, 8, 86263,84155,85777,86343,86006
83e1769, 14-04-2016, 16, 78099,77762,75390,76430,75505
af5f9fe, 16-04-2016, 16, 77514,76368,75665,73882,75451
af5f9fe, 17-04-2016, 16, 78619,77030,75346,76476,75682
af5f9fe, 18-04-2016, 16, 77307,75723,75042,74982,75491
bc133ca, 19-04-2016, 16, 77059,77147,76087,75699,75867
ecc9138, 15-04-2016, 16, 76900,76991,76780,75231,75383
4deadba, 20-04-2016, 1, 206667,201722,197078,215729,198853
4deadba, 20-04-2016, 2, 106508,107892,106569,106678,107251
4deadba, 20-04-2016, 4, 96950,96793,96582,95739,96305
4deadba, 20-04-2016, 8, 86516,85315,85887,85194,86445
4deadba, 20-04-2016, 16, 77690,79179,76465,75546,75754
4deadba, 21-04-2016, 1, 217801,211834,198406,201407,198971
4deadba, 21-04-2016, 2, 108170,106259,105134,107615,106882
4deadba, 21-04-2016, 4, 96222,96548,96939,96883,96255
4deadba, 21-04-2016, 8, 86232,86108,85843,86112,85690
4deadba, 21-04-2016, 16, 78340,75840,75322,74868,77389
4deadba, 22-04-2016, 1, 204750,211406,225986,198547,200421
4deadba, 22-04-2016, 2, 106024,106902,106245,107726,107850
4deadba, 22-04-2016, 4, 96760,96244,96821,97242,95969
4deadba, 22-04-2016, 8, 86334,89502,87788,85729,86454
4deadba, 22-04-2016, 16, 78074,77034,77522,79736,77446
66c6f1e, 24-04-2016, 1, 211380,199207,202942,217406,221833
e31e052, 23-04-2016, 1, 220753,217434,206336,198829,219798
66c6f1e, 24-04-2016, 2, 107312,107244,107670,107464,107093
e31e052, 23-04-2016, 2, 106739,106131,105964,106010,107148
66c6f1e, 24-04-2016, 4, 96872,97158,97559,97440,96810
e31e052, 23-04-2016, 4, 97457,97130,95640,95766,95739
66c6f1e, 24-04-2016, 8, 85918,87059,85878,86351,85835
e31e052, 23-04-2016, 8, 86498,85428,85808,86267,85159
66c6f1e, 24-04-2016, 16, 77820,78959,77878,79115,81042
e31e052, 23-04-2016, 16, 78168,77622,76755,78398,78663
66c6f1e, 25-04-2016, 1, 213941,216872,227889,197845,220927
66c6f1e, 25-04-2016, 2, 106970,106630,105391,105737,106004
66c6f1e, 25-04-2016, 4, 95958,97006,96872,96799,95363
66c6f1e, 25-04-2016, 8, 87651,86161,86325,86112,86843
66c6f1e, 25-04-2016, 16, 77658,80136,78663,79812,78314
179fc55, 26-04-2016, 1, 210902,210057,211540,199967,202893
179fc55, 26-04-2016, 2, 108128,107975,107045,106848,107705
179fc55, 26-04-2016, 4, 96332,97113,96571,96844,96593
179fc55, 26-04-2016, 8, 85637,85795,86472,86205,84742
179fc55, 26-04-2016, 16, 78711,78332,78556,79086,77914
a360618, 27-04-2016, 1, 206922,221160,225077,205477,230710
a360618, 27-04-2016, 2, 107381,105877,107429,107086,107107
a360618, 27-04-2016, 4, 96816,96805,96244,96827,96793
a360618, 27-04-2016, 8, 86024,85690,85246,86498,86753
a360618, 27-04-2016, 16, 78703,78996,78796,77676,78608
1f71923, 28-04-2016, 1, 198806,202403,206591,214186,221891
1f71923, 28-04-2016, 2, 107747,107532,106705,107920,107906
1f71923, 28-04-2016, 4, 95613,96626,96894,96056,96056
1f71923, 28-04-2016, 8, 85997,86387,86227,85953,85817
1f71923, 28-04-2016, 16, 78674,78585,78186,77889,78644
1f71923, 29-04-2016, 1, 215535,201746,207331,212262,226658
1f71923, 29-04-2016, 2, 107443,105964,107726,107278,106077
1f71923, 29-04-2016, 4, 96945,96548,96216,96626,97012
1f71923, 29-04-2016, 8, 86329,85905,85777,86530,85799
1f71923, 29-04-2016, 16, 78303,78711,77608,79059,78855
8ac768e, 30-04-2016, 1, 220985,207075,208984,200756,206387
8ac768e, 30-04-2016, 2, 107093,106827,107670,106340,106991
8ac768e, 30-04-2016, 4, 96100,96554,96576,96548,97180
8ac768e, 30-04-2016, 8, 87491,85751,86178,86063,85332
8ac768e, 30-04-2016, 16, 77834,79015,77561,79063,77874
8ac768e, 01-05-2016, 1, 225895,211620,208594,199491,200038
8ac768e, 01-05-2016, 2, 107464,107168,106780,107251,109106
8ac768e, 01-05-2016, 4, 95684,95766,95963,96782,96382
8ac768e, 01-05-2016, 8, 85576,85177,86605,86807,85720
8ac768e, 01-05-2016, 16, 78063,77066,77936,78081,78641
8ac768e, 02-05-2016, 1, 198172,196087,206667,192311,201577
f0bd292, 02-05-2016, 1, 205931,206667,213559,195973,206871
8ac768e, 02-05-2016, 2, 107182,106131,105703,107079,107086
f0bd292, 02-05-2016, 2, 105950,106461,107114,106326,105597
8ac768e, 02-05-2016, 4, 96565,96007,98066,97180,96305
f0bd292, 02-05-2016, 4, 96576,96471,97282,95947,97045
8ac768e, 02-05-2016, 8, 85419,85703,85791,85341,85694
f0bd292, 02-05-2016, 8, 84853,85949,85694,85463,86726
8ac768e, 02-05-2016, 16, 78670,77272,77233,75556,77741
f0bd292, 02-05-2016, 16, 78001,78139,77236,78321,78597
195eabb, 03-05-2016, 1, 219281,198971,216760,210928,204301
195eabb, 03-05-2016, 2, 107203,107753,106664,106841,105471
195eabb, 03-05-2016, 4, 96460,95771,97062,97130,95739
195eabb, 03-05-2016, 8, 85285,85572,85428,86170,86329
195eabb, 03-05-2016, 16, 77293,77961,77867,78110,77615
d3b42ee, 04-05-2016, 1, 202233,199112,202135,212693,199183
d3b42ee, 04-05-2016, 2, 107086,107989,106225,106010,106705
d3b42ee, 04-05-2016, 4, 96007,95810,97085,95974,95504
d3b42ee, 04-05-2016, 8, 87450,86019,85008,85620,84759
d3b42ee, 04-05-2016, 16, 77094,77048,77842,77009,77572
ae974a4, 05-05-2016, 1, 212209,201528,210083,199468,196547
ae974a4, 05-05-2016, 2, 107210,107374,107913,106306,107961
ae974a4, 05-05-2016, 4, 97604,95668,96889,96293,95640
ae974a4, 05-05-2016, 8, 84286,86152,86108,85069,85337
ae974a4, 05-05-2016, 16, 80381,77820,78215,78722,77450
0282595, 06-05-2016, 1, 209480,207126,221598,204376,197635
0282595, 06-05-2016, 2, 107285,106630,106441,107601,107244
0282595, 06-05-2016, 4, 97735,96866,96100,95875,96343
0282595, 06-05-2016, 8, 85428,84832,85808,85345,84914
0282595, 06-05-2016, 16, 77629,77137,78041,77590,77737
2458685, 07-05-2016, 1, 218539,198570,200301,193956,205477
2458685, 07-05-2016, 2, 104864,104805,103506,103314,104388
2458685, 07-05-2016, 4, 95466,94985,95385,95368,94937
2458685, 07-05-2016, 8, 84686,85155,84674,84627,85328
2458685, 07-05-2016, 16, 77176,77950,78234,78376,77101
2458685, 08-05-2016, 1, 203114,212936,200660,205452,214900
2458685, 08-05-2016, 2, 103954,104440,104187,104831,104090
2458685, 08-05-2016, 4, 95782,95782,96721,96145,95564
2458685, 08-05-2016, 8, 84931,85367,87064,84563,85694
2458685, 08-05-2016, 16, 79532,76879,77658,78619,78435
2458685, 09-05-2016, 1, 208439,212451,220956,204451,201916
a497393, 10-05-2016, 1, 216788,219253,207485,206134,201262
2458685, 09-05-2016, 2, 103601,101977,103557,103653,103678
a497393, 10-05-2016, 2, 104557,102940,104155,104746,104155
2458685, 09-05-2016, 4, 94567,95222,93264,96018,95504
a497393, 10-05-2016, 4, 94631,94318,95255,95120,94626
2458685, 09-05-2016, 8, 85607,86731,84931,84231,85694
a497393, 10-05-2016, 8, 85459,85398,85672,84337,84291
2458685, 09-05-2016, 16, 77479,78340,78866,78464,77261
a497393, 10-05-2016, 16, 76731,77777,77297,77679,77361
fbee2ee, 11-05-2016, 1, 197379,213886,207024,225986,224956
fbee2ee, 11-05-2016, 2, 104226,104252,104655,103384,103954
fbee2ee, 11-05-2016, 4, 95320,95870,96139,96343,95163
fbee2ee, 11-05-2016, 8, 86298,86108,85441,85742,85189
fbee2ee, 11-05-2016, 16, 78121,78406,78245,78059,77863
1c0e89a, 12-05-2016, 1, 212585,200493,199943,202306,224234
a23877b, 13-05-2016, 1, 204476,193152,200877,208439,194293
1c0e89a, 12-05-2016, 2, 108087,106786,108338,109113,107560
a23877b, 13-05-2016, 2, 107285,106556,107941,106848,108226
1c0e89a, 12-05-2016, 4, 97118,97316,96821,98061,97344
a23877b, 13-05-2016, 4, 97321,98539,98285,97519,97906
1c0e89a, 12-05-2016, 8, 86870,86391,86414,86592,88721
a23877b, 13-05-2016, 8, 85966,86245,86641,84460,88427
1c0e89a, 12-05-2016, 16, 77748,77762,77755,78146,78201
a23877b, 13-05-2016, 16, 79175,76833,76101,77795,77268
b60677b, 14-05-2016, 1, 228479,228168,200301,210188,215341
b60677b, 14-05-2016, 2, 106875,109957,107941,107326,109476
b60677b, 14-05-2016, 4, 97350,98620,97821,97057,98441
b60677b, 14-05-2016, 8, 87028,84759,85922,87290,87577
b60677b, 14-05-2016, 16, 77436,78041,77176,77979,77878
9b04306, 15-05-2016, 1, 224025,229888,200877,197705,221628
9b04306, 15-05-2016, 2, 107698,107059,109049,107148,109333
9b04306, 15-05-2016, 4, 97633,96727,98049,98279,97981
9b04306, 15-05-2016, 8, 85546,85716,86303,85892,86677
9b04306, 15-05-2016, 16, 78611,78332,78770,77350,76402
16d9cd8, 16-05-2016, 1, 198383,205326,228199,218084,227241
f790834, 17-05-2016, 1, 218510,223369,205553,195698,215590
f790834, 18-05-2016, 1, 205982,197938,202648,210057,194136
16d9cd8, 16-05-2016, 2, 106923,108003,108122,108282,106596
f790834, 17-05-2016, 2, 103244,103942,104635,105028,106827
f790834, 18-05-2016, 2, 103993,105015,105206,106279,104956
16d9cd8, 16-05-2016, 4, 98141,98026,97729,98481,98153
f790834, 17-05-2016, 4, 96277,95206,95580,95586,96565
f790834, 18-05-2016, 4, 96327,96515,97729,96410,96476
16d9cd8, 16-05-2016, 8, 86771,86749,86369,86911,87123
f790834, 17-05-2016, 8, 84793,85086,84181,85120,86628
f790834, 18-05-2016, 8, 85576,85017,85760,85659,85966
16d9cd8, 16-05-2016, 16, 77788,78855,78362,78288,78168
f790834, 17-05-2016, 16, 76661,79175,75874,77236,76507
f790834, 18-05-2016, 16, 76956,77723,77115,76312,76777
33fe0c1, 19-05-2016, 1, 208102,214132,195039,202942,204028
33fe0c1, 19-05-2016, 2, 104291,104707,106057,105081,105009
33fe0c1, 19-05-2016, 4, 96051,96532,96338,96338,96189
33fe0c1, 19-05-2016, 8, 85263,85742,84682,85004,84337
33fe0c1, 19-05-2016, 16, 76953,76413,76643,75946,77030
33fe0c1, 20-05-2016, 1, 212235,213288,222775,198148,201310
33fe0c1, 20-05-2016, 2, 106306,107588,104753,104265,105530
33fe0c1, 20-05-2016, 4, 96282,96838,96894,96660,97231
33fe0c1, 20-05-2016, 8, 85047,84460,83790,85125,85856
33fe0c1, 20-05-2016, 16, 76759,77809,76865,77268,78110
33fe0c1, 21-05-2016, 1, 200901,215037,232114,200205,204152
33fe0c1, 21-05-2016, 2, 103935,106057,104498,105783,108901
33fe0c1, 21-05-2016, 4, 97141,95963,95804,95298,95336
33fe0c1, 21-05-2016, 8, 85038,85177,86798,85311,86143
33fe0c1, 21-05-2016, 16, 77013,78844,76497,76939,76503
33fe0c1, 22-05-2016, 1, 199753,211994,207203,222068,200253
33fe0c1, 23-05-2016, 1, 203114,202062,198172,218113,208257
7611b5f, 24-05-2016, 1, 213206,232823,216118,222392,199753
77631d8, 25-05-2016, 1, 195790,205100,216760,211194,201552
77631d8, 26-05-2016, 1, 214405,220029,197845,208180,206134
b890054, 27-05-2016, 1, 216620,203558,195675,202795,209663
33fe0c1, 22-05-2016, 2, 106387,105464,105783,105484,106957
33fe0c1, 23-05-2016, 2, 107553,104531,106998,103987,106834
7611b5f, 24-05-2016, 2, 106124,106603,108296,107175,106529
77631d8, 25-05-2016, 2, 105657,106414,106151,106698,107409
77631d8, 26-05-2016, 2, 105810,104949,107698,105081,107189
b890054, 27-05-2016, 2, 107464,105199,103774,104805,103800
33fe0c1, 22-05-2016, 4, 96200,95804,95760,96128,97074
33fe0c1, 23-05-2016, 4, 96001,97001,95958,96704,95979
7611b5f, 24-05-2016, 4, 96084,97344,96095,97861,97497
77631d8, 25-05-2016, 4, 96476,96788,96161,95531,96111
77631d8, 26-05-2016, 4, 96271,96167,96051,96465,96548
b890054, 27-05-2016, 4, 95597,96515,96271,95892,96277
33fe0c1, 22-05-2016, 8, 85372,85594,85086,86325,85949
33fe0c1, 23-05-2016, 8, 84957,86516,86196,85799,85664
7611b5f, 24-05-2016, 8, 85012,83953,85142,84016,84278
77631d8, 25-05-2016, 8, 85498,84189,85259,84931,85004
77631d8, 26-05-2016, 8, 85289,85138,83928,85914,85337
b890054, 27-05-2016, 8, 86174,85655,85099,85311,85655
33fe0c1, 22-05-2016, 16, 76094,77282,76281,77183,76865
33fe0c1, 23-05-2016, 16, 77186,76115,75120,76981,76444
7611b5f, 24-05-2016, 16, 79869,76826,76724,78446,76791
77631d8, 25-05-2016, 16, 77795,76854,77565,78012,78556
77631d8, 26-05-2016, 16, 77122,76139,76101,77443,77066
b890054, 27-05-2016, 16, 76910,77229,77806,77461,75788
add260b, 28-05-2016, 1, 202111,211140,206387,196639,225956
add260b, 28-05-2016, 2, 104479,104362,105147,106434,104831
add260b, 28-05-2016, 4, 95985,95363,96621,95276,96067
add260b, 28-05-2016, 8, 84819,84939,84367,85993,85302
add260b, 28-05-2016, 16, 76900,77925,77091,76087,76329
add260b, 29-05-2016, 1, 208906,195675,213995,201045,203385
add260b, 29-05-2016, 2, 104142,107498,103897,102896,103295
add260b, 29-05-2016, 4, 95782,96211,95799,96476,95023
add260b, 29-05-2016, 8, 85541,84422,84995,85198,85228
add260b, 29-05-2016, 16, 76073,76939,76903,77928,77954
add260b, 30-05-2016, 1, 213288,221569,198782,206794,198782
add260b, 30-05-2016, 2, 103832,104799,105292,106998,105252
add260b, 30-05-2016, 4, 96089,95815,96288,95958,94776
add260b, 30-05-2016, 8, 85246,85637,86992,84965,83460
add260b, 30-05-2016, 16, 77672,77824,77222,79314,77279
add260b, 31-05-2016, 1, 224534,198265,198712,217490,226108
add260b, 31-05-2016, 2, 104740,104694,106145,104720,104701
add260b, 31-05-2016, 4, 95439,95788,95919,96249,95908
add260b, 31-05-2016, 8, 84721,86116,85276,85576,85572
add260b, 31-05-2016, 16, 75870,76896,77229,77486,75315
add260b, 01-06-2016, 1, 198406,198500,209140,207357,221950
add260b, 01-06-2016, 2, 104864,105630,107629,104323,105378
add260b, 01-06-2016, 4, 96316,95434,96073,96156,96426
add260b, 01-06-2016, 8, 84982,83794,83878,85393,85511
add260b, 01-06-2016, 16, 77543,77350,77197,78270,77824
2dc76fa, 02-06-2016, 1, 218596,199136,221044,206108,220463
2dc76fa, 02-06-2016, 2, 106219,104109,105670,104336,106929
2dc76fa, 02-06-2016, 4, 95958,96365,96321,95482,95428
2dc76fa, 02-06-2016, 8, 85043,86033,85081,85008,85738
2dc76fa, 02-06-2016, 16, 76731,76664,75628,76198,76212
8f4c433, 04-06-2016, 1, 219138,216564,196800,205126,203929
8f4c433, 04-06-2016, 2, 106252,103614,105863,104609,104038
8f4c433, 04-06-2016, 4, 96078,95553,95222,95749,95553
8f4c433, 04-06-2016, 8, 85677,85450,85337,84776,84939
8f4c433, 04-06-2016, 16, 76098,77604,76333,76626,76872
8f4c433, 05-06-2016, 1, 213831,208490,218681,204975,208516
8f4c433, 05-06-2016, 2, 106448,108261,105484,106793,105570
8f4c433, 05-06-2016, 4, 96393,95379,96161,97141,96194
8f4c433, 05-06-2016, 8, 85380,85563,85655,84926,84931
8f4c433, 05-06-2016, 16, 75881,76084,75587,76430,75939
8f4c433, 06-06-2016, 1, 206362,207433,200973,200877,196271
8f4c433, 06-06-2016, 2, 103156,103787,105035,103550,103474
8f4c433, 06-06-2016, 4, 96067,96277,96382,95668,95952
8f4c433, 06-06-2016, 8, 84828,84879,85224,83286,84819
8f4c433, 06-06-2016, 16, 76277,76420,76073,77525,76836
f5d8e0b, 07-06-2016, 1, 214405,213913,200229,205201,197821
f5d8e0b, 07-06-2016, 2, 103787,103143,104498,103314,107182
f5d8e0b, 07-06-2016, 4, 96117,96034,95903,96007,96139
f5d8e0b, 07-06-2016, 8, 85086,86449,84644,85909,83806
f5d8e0b, 07-06-2016, 16, 76420,74938,77831,76319,77087
e68ee5c, 09-06-2016, 1, 214488,202770,219167,196225,204900
f5d8e0b, 08-06-2016, 1, 203114,193732,207690,211406,224504
e68ee5c, 09-06-2016, 2, 106610,102381,107162,104989,106800
f5d8e0b, 08-06-2016, 2, 106138,104297,104161,104537,107436
e68ee5c, 09-06-2016, 4, 93843,95260,96510,96749,96067
f5d8e0b, 08-06-2016, 4, 96321,96877,95163,97508,96515
e68ee5c, 09-06-2016, 8, 84661,84982,85589,85298,85874
f5d8e0b, 08-06-2016, 8, 84656,85563,84875,84558,84460
e68ee5c, 09-06-2016, 16, 77027,76524,77062,76264,78336
f5d8e0b, 08-06-2016, 16, 76070,76794,75774,77261,75305
62f94d4, 10-06-2016, 1, 198172,207922,207305,216285,200038
62f94d4, 10-06-2016, 2, 107025,106165,104976,108282,105750
62f94d4, 10-06-2016, 4, 95870,95406,95831,97321,96266
62f94d4, 10-06-2016, 8, 85319,85856,85581,84793,84823
62f94d4, 10-06-2016, 16, 76981,76977,76706,77878,77069
62f94d4, 11-06-2016, 1, 200517,207203,194316,211167,198101
62f94d4, 11-06-2016, 2, 106882,103890,103035,106651,104485
62f94d4, 11-06-2016, 4, 95722,95423,96349,95510,95969
62f94d4, 11-06-2016, 8, 85835,85107,83928,84751,85751
62f94d4, 11-06-2016, 16, 77496,75689,77361,76710,74645
62f94d4, 12-06-2016, 1, 211140,199991,217858,206438,204975
62f94d4, 12-06-2016, 2, 104655,108101,105817,104161,106732
62f94d4, 12-06-2016, 4, 96078,96233,96582,95222,96950
62f94d4, 12-06-2016, 8, 84969,85298,85380,85419,85498
62f94d4, 12-06-2016, 16, 76594,75973,76991,76455,77755
01193c4, 14-06-2016, 1, 214872,200038,198172,196962,209453
01193c4, 14-06-2016, 2, 102820,101141,101569,103048,104792
01193c4, 14-06-2016, 4, 95722,95455,95282,95044,95499
01193c4, 14-06-2016, 8, 85241,84477,85337,85887,85189
01193c4, 14-06-2016, 16, 78365,78146,76953,77254,77254
d523ab3, 15-06-2016, 1, 215369,217490,198594,202086,222598
d523ab3, 15-06-2016, 2, 106004,103340,103762,104077,105186
d523ab3, 15-06-2016, 4, 94690,95282,95379,94781,95673
d523ab3, 15-06-2016, 8, 84871,84815,85315,84849,85567
d523ab3, 15-06-2016, 16, 78365,77204,76664,75485,77593
51f9a57, 16-06-2016, 1, 200756,215424,217547,201431,209663
51f9a57, 16-06-2016, 2, 103730,101330,103903,105557,102388
51f9a57, 16-06-2016, 4, 96338,97040,97163,96493,96482
51f9a57, 16-06-2016, 8, 85086,84866,85393,85936,85151
51f9a57, 16-06-2016, 16, 78340,76942,76889,77112,78472
2db5940, 17-06-2016, 1, 209558,196570,222835,194948,192113
2db5940, 17-06-2016, 2, 102550,106279,105127,101080,105491
2db5940, 17-06-2016, 4, 96760,95396,95044,95853,96023
2db5940, 17-06-2016, 8, 85694,84151,86498,86463,84995
2db5940, 17-06-2016, 16, 78267,77169,77943,77820,77751
00e2783, 18-06-2016, 1, 212963,198383,207870,198078,197845
d21981c, 19-06-2016, 1, 198523,197031,206641,213831,223995
00e2783, 18-06-2016, 2, 103601,107189,105351,103124,104622
d21981c, 19-06-2016, 2, 105937,105464,104200,106225,106024
00e2783, 18-06-2016, 4, 94653,95504,94770,94472,95152
d21981c, 19-06-2016, 4, 95914,96715,96471,95168,95629
00e2783, 18-06-2016, 8, 84935,84465,85572,85463,86201
d21981c, 19-06-2016, 8, 85760,85594,85611,85120,86002
00e2783, 18-06-2016, 16, 77321,76465,78744,78103,77443
d21981c, 19-06-2016, 16, 75898,78667,78256,76953,78197
d4c5ae3, 20-06-2016, 1, 207331,196018,203805,199207,209244
d4c5ae3, 20-06-2016, 2, 103864,103909,105750,103787,102695
d4c5ae3, 20-06-2016, 4, 96443,95936,96216,96233,95941
d4c5ae3, 20-06-2016, 8, 84563,84896,84909,83598,85975
d4c5ae3, 20-06-2016, 16, 78026,78066,75991,79134,76382
ce65452, 21-06-2016, 1, 211994,224444,204102,207433,198172
ce65452, 21-06-2016, 2, 103474,101080,107114,102232,103257
ce65452, 21-06-2016, 4, 95255,96018,96900,95255,94328
ce65452, 21-06-2016, 8, 85821,85164,87105,84716,85795
ce65452, 21-06-2016, 16, 78172,77215,77087,76857,77354
ce65452, 22-06-2016, 1, 204600,194046,221044,195973,205000
ce65452, 22-06-2016, 2, 107608,102169,103333,105564,103263
ce65452, 22-06-2016, 4, 96167,95597,95974,95131,96051
ce65452, 22-06-2016, 8, 85971,84896,84755,84738,85116
ce65452, 22-06-2016, 16, 77889,77504,77023,77464,77126
ce65452, 23-06-2016, 1, 217886,205000,196869,199183,198055
ce65452, 23-06-2016, 2, 105068,102985,103499,103168,101643
ce65452, 23-06-2016, 4, 95657,95586,94781,94653,95635
ce65452, 23-06-2016, 8, 84888,85668,85086,84862,85038
ce65452, 23-06-2016, 16, 76675,75901,77393,77715,77282
2057dde, 29-06-2016, 1, 223935,241573,227087,218482,216424
2057dde, 29-06-2016, 2, 103117,103111,102225,103314,105173
2057dde, 29-06-2016, 4, 96382,95515,96095,95919,95749
2057dde, 29-06-2016, 8, 84931,87963,85376,83373,86839
2057dde, 29-06-2016, 16, 76333,76225,77289,77389,76879
0695d13, 30-06-2016, 1, 246687,219138,221921,216480,245604
0695d13, 30-06-2016, 2, 103826,102909,103819,101952,103270
0695d13, 30-06-2016, 4, 95271,95613,93202,95564,95629
0695d13, 30-06-2016, 8, 83402,82850,84883,83811,84248
0695d13, 30-06-2016, 16, 75788,75359,76049,76682,76822
0b8f766, 01-07-2016, 1, 236332,227735,242515,217012,216313
0b8f766, 01-07-2016, 2, 102519,105140,103576,104440,103890
0b8f766, 01-07-2016, 4, 95947,95548,96465,95034,96106
0b8f766, 01-07-2016, 8, 84282,84575,84025,85004,84257
0b8f766, 01-07-2016, 16, 75325,76741,76829,76615,76229
7f5479d, 02-07-2016, 1, 213071,218169,216452,243113,250893
7f5479d, 02-07-2016, 2, 102915,105697,106664,102928,105730
7f5479d, 02-07-2016, 4, 96510,95711,95461,94910,95455
7f5479d, 02-07-2016, 8, 85094,83245,84571,84592,84113
7f5479d, 02-07-2016, 16, 79766,77265,75860,76170,76111
7f5479d, 03-07-2016, 1, 250481,218852,247707,222392,255828
7f5479d, 03-07-2016, 2, 104284,102877,103832,103175,105650
7f5479d, 03-07-2016, 4, 97141,96084,95406,95211,95662
7f5479d, 03-07-2016, 8, 84042,84763,84871,85415,84160
7f5479d, 03-07-2016, 16, 77304,77489,76847,76350,77708
7f5479d, 04-07-2016, 1, 239196,220927,222923,204975,215812
7f5479d, 04-07-2016, 2, 103531,101165,104956,105557,102008
7f5479d, 04-07-2016, 4, 94770,95439,95309,95848,96216
7f5479d, 04-07-2016, 8, 85363,84046,85164,85103,83953
7f5479d, 04-07-2016, 16, 76717,76850,77479,76194,76619
7f5479d, 05-07-2016, 1, 227982,246145,218881,239846,247160
7f5479d, 05-07-2016, 2, 103474,103041,105451,101748,108170
7f5479d, 05-07-2016, 4, 96249,95689,96244,96299,95163
7f5479d, 05-07-2016, 8, 85246,84193,86006,84815,84231
7f5479d, 05-07-2016, 16, 76587,76260,76205,75754,76678
338665f, 06-07-2016, 1, 214296,217293,242831,215175,231570
338665f, 06-07-2016, 2, 103067,103589,102169,102625,104265
338665f, 06-07-2016, 4, 95211,94615,94899,95455,95493
338665f, 06-07-2016, 8, 83769,83911,86285,84486,84278
338665f, 06-07-2016, 16, 76198,76476,76084,76361,76444
0430db5, 07-07-2016, 1, 218995,201286,223488,215148,227087
0430db5, 07-07-2016, 2, 106353,101896,101902,103826,101921
0430db5, 07-07-2016, 4, 96604,95125,95390,95766,94562
0430db5, 07-07-2016, 8, 84371,86387,85406,86771,85120
0430db5, 07-07-2016, 16, 76191,76647,76205,76738,77867
80e6635, 08-07-2016, 1, 226689,200708,214296,202893,206134
80e6635, 08-07-2016, 2, 103493,104864,104038,105239,104336
80e6635, 08-07-2016, 4, 95793,97417,95821,96327,95082
80e6635, 08-07-2016, 8, 84699,84546,85554,84618,85185
80e6635, 08-07-2016, 16, 77665,78700,76868,75977,76664
8b2feb8, 09-07-2016, 1, 216452,217125,248037,220116,220985
8b2feb8, 09-07-2016, 2, 104135,103416,104622,102463,103092
8b2feb8, 09-07-2016, 4, 95618,96244,95870,95488,95472
8b2feb8, 09-07-2016, 8, 84456,84738,84546,84806,84426
8b2feb8, 09-07-2016, 16, 77247,77169,76070,76343,76187
8b2feb8, 10-07-2016, 1, 204426,201021,220231,224264,226260
8b2feb8, 10-07-2016, 2, 104414,105167,102306,104193,107326
8b2feb8, 10-07-2016, 4, 95195,95174,96089,95859,96504
8b2feb8, 10-07-2016, 8, 84236,84418,84922,85559,85454
8b2feb8, 10-07-2016, 16, 77069,76462,74948,77928,77687
8b2feb8, 11-07-2016, 1, 229510,207793,237134,226505,218254
8b2feb8, 11-07-2016, 2, 103238,102088,104245,105897,105107
8b2feb8, 11-07-2016, 4, 95228,96056,96172,96238,95087
8b2feb8, 11-07-2016, 8, 84160,85734,85142,85107,84614
8b2feb8, 11-07-2016, 16, 76066,77229,76717,77204,77297
ee66493, 12-07-2016, 1, 218909,239264,221803,226719,221102
ee66493, 12-07-2016, 2, 102921,103461,104193,103454,103781
ee66493, 12-07-2016, 4, 95870,95947,95821,94685,95553
ee66493, 12-07-2016, 8, 84768,85319,84312,84957,84969
ee66493, 12-07-2016, 16, 77023,76685,75939,77275,76451
ee66493, 13-07-2016, 1, 226169,225682,240017,225834,243289
ee66493, 13-07-2016, 2, 103225,102915,103787,104818,101674
ee66493, 13-07-2016, 4, 95597,95368,95646,96604,95542
ee66493, 13-07-2016, 8, 85164,83920,84793,84699,84223
ee66493, 13-07-2016, 16, 77361,77257,76699,76396,76584
ee66493, 14-07-2016, 1, 217943,253432,217265,231666,216900
ee66493, 14-07-2016, 2, 103308,104779,105206,104818,105477
ee66493, 14-07-2016, 4, 96051,95700,95793,95881,95012
ee66493, 14-07-2016, 8, 84781,85311,84716,84729,84721
ee66493, 14-07-2016, 16, 77080,76970,76472,78674,76847
ee66493, 15-07-2016, 1, 218767,244851,227087,215313,239435
ee66493, 15-07-2016, 2, 103807,103576,105167,105345,103041
ee66493, 15-07-2016, 4, 95886,94969,95028,95842,95859
ee66493, 15-07-2016, 8, 84733,85315,84982,85069,84699
ee66493, 15-07-2016, 16, 80347,76570,77243,77425,77525
ee66493, 16-07-2016, 1, 209846,202917,194496,204800,201117
ee66493, 16-07-2016, 2, 104323,104401,103717,101995,102120
ee66493, 16-07-2016, 4, 95755,95597,94610,94749,95276
ee66493, 16-07-2016, 8, 84618,84286,86673,83519,84405
ee66493, 16-07-2016, 16, 75894,76654,76208,77404,76524
ee66493, 17-07-2016, 1, 218967,221073,221716,220318,221073
ee66493, 17-07-2016, 2, 105610,104232,106998,103175,104681
ee66493, 17-07-2016, 4, 96632,95930,96404,96183,95385
ee66493, 17-07-2016, 8, 84712,85550,84678,84686,88069
ee66493, 17-07-2016, 16, 76850,78490,77076,76942,76392
ee66493, 18-07-2016, 1, 229448,210425,233276,206210,215562
ee66493, 18-07-2016, 2, 106158,105990,103004,106895,102632
ee66493, 18-07-2016, 4, 95504,96305,94862,96498,95239
ee66493, 18-07-2016, 8, 84597,85511,85094,84823,85298
ee66493, 18-07-2016, 16, 77773,76791,77282,76378,77108
ee66493, 19-07-2016, 1, 221628,217181,215369,235140,248515
ee66493, 19-07-2016, 2, 106239,102770,104681,101662,103550
ee66493, 19-07-2016, 4, 95174,92666,94328,94498,95412
ee66493, 19-07-2016, 8, 85215,84079,85030,84155,84176
ee66493, 19-07-2016, 16, 77780,75894,77094,77094,77297
5f33d69, 20-07-2016, 1, 203954,205402,203163,216760,219167
5f33d69, 20-07-2016, 2, 106773,105120,103755,104051,104064
5f33d69, 20-07-2016, 4, 96521,95034,95706,94514,95249
5f33d69, 20-07-2016, 8, 84465,85202,84631,85021,84588
5f33d69, 20-07-2016, 16, 76815,76988,77023,77183,76819
590e753, 21-07-2016, 1, 229072,238177,226444,211114,245640
590e753, 21-07-2016, 2, 104122,103435,105318,103295,103774
590e753, 21-07-2016, 4, 95239,95450,95239,95472,96805
590e753, 21-07-2016, 8, 85073,85598,84819,84388,86565
590e753, 21-07-2016, 16, 78332,80186,79895,77332,77773
17c203c, 22-07-2016, 1, 207126,217999,219167,231538,221277
17c203c, 22-07-2016, 2, 101766,102008,102953,103010,105035
17c203c, 22-07-2016, 4, 96448,95969,94819,96732,95368
17c203c, 22-07-2016, 8, 83610,84325,85690,84614,86396
17c203c, 22-07-2016, 16, 76720,77640,80866,80749,78652
33f8a46, 23-07-2016, 1, 233244,223816,227488,218710,217153
33f8a46, 23-07-2016, 2, 102726,103723,104064,103633,105391
33f8a46, 23-07-2016, 4, 94450,93775,96621,95206,94509
33f8a46, 23-07-2016, 8, 84443,84286,84733,84858,85720
33f8a46, 23-07-2016, 16, 76798,76812,77457,77037,77932
33f8a46, 24-07-2016, 1, 213505,209951,217999,217914,212882
33f8a46, 24-07-2016, 2, 103813,103601,103774,104135,104291
33f8a46, 24-07-2016, 4, 95077,94387,95635,95930,95293
33f8a46, 24-07-2016, 8, 84866,83673,84725,86192,83915
33f8a46, 24-07-2016, 16, 77411,77190,77486,80285,77561
33f8a46, 25-07-2016, 1, 227210,222894,209114,213941,225804
33f8a46, 25-07-2016, 2, 103194,103442,103916,104871,102682
33f8a46, 25-07-2016, 4, 94525,95990,95618,95963,95990
33f8a46, 25-07-2016, 8, 87109,84037,84431,85017,85293
33f8a46, 25-07-2016, 16, 78077,77201,77257,77339,76984
33f8a46, 26-07-2016, 1, 206743,219914,217603,209873,195425
33f8a46, 26-07-2016, 2, 103897,103384,104297,104310,103980
33f8a46, 26-07-2016, 4, 94605,94318,94754,95837,96045
33f8a46, 26-07-2016, 8, 84588,86343,84823,83610,84580
33f8a46, 26-07-2016, 16, 78041,77350,78139,77257,77744
33f8a46, 27-07-2016, 1, 218909,216118,215895,222097,205176
33f8a46, 27-07-2016, 2, 102344,104479,103762,103321,104174
33f8a46, 27-07-2016, 4, 94899,94701,95668,94899,94387
33f8a46, 27-07-2016, 8, 82879,84828,83677,84609,86659
33f8a46, 27-07-2016, 16, 79815,77928,77450,77701,77755
33f8a46, 28-07-2016, 1, 198829,214433,197286,198829,202795
33f8a46, 28-07-2016, 2, 101902,104864,102363,104727,106064
33f8a46, 28-07-2016, 4, 93906,95985,95640,94355,93974
33f8a46, 28-07-2016, 8, 85720,85524,84274,85389,86019
33f8a46, 28-07-2016, 16, 76184,79112,77547,77994,82403
b8b3256, 29-07-2016, 1, 207254,205982,193822,240948,217012
b8b3256, 29-07-2016, 2, 103582,104583,103499,102425,102281
b8b3256, 29-07-2016, 4, 93000,94106,95602,95396,94249
b8b3256, 29-07-2016, 8, 83577,83233,83204,84151,83861
b8b3256, 29-07-2016, 16, 76458,76500,77820,77204,77379
7d90701, 30-07-2016, 1, 204152,200780,212693,201577,203706
7d90701, 30-07-2016, 2, 102751,102607,101043,104368,100192
7d90701, 30-07-2016, 4, 95401,92779,95635,93759,95510
7d90701, 30-07-2016, 8, 85112,84879,82602,83769,85424
7d90701, 30-07-2016, 16, 77860,79690,77831,75998,79645
10e1bd7, 31-07-2016, 1, 228293,207459,211673,217462,224384
10e1bd7, 31-07-2016, 2, 103213,103640,102991,105114,102820
10e1bd7, 31-07-2016, 4, 95722,94845,95385,94573,95077
10e1bd7, 31-07-2016, 8, 87729,84397,83798,86112,87141
10e1bd7, 31-07-2016, 16, 76316,77583,76759,76963,77023
390c7c6, 01-08-2016, 1, 204550,217321,218995,214652,219568
390c7c6, 01-08-2016, 2, 98905,102701,100055,100819,100354
390c7c6, 01-08-2016, 4, 88320,88811,87820,88315,88928
390c7c6, 01-08-2016, 8, 77314,78226,77795,77640,79524
390c7c6, 01-08-2016, 16, 71667,73145,73260,70010,70934
1df19d5, 02-08-2016, 1, 214378,213614,213614,220347,241921
1df19d5, 03-08-2016, 1, 227611,218311,230996,208854,229166
1df19d5, 02-08-2016, 2, 101989,100752,100910,100788,100849
1df19d5, 03-08-2016, 2, 101189,100764,102033,100643,100607
1df19d5, 02-08-2016, 4, 88162,88250,88759,89521,88632
1df19d5, 03-08-2016, 4, 87963,88731,87889,89070,88689
1df19d5, 02-08-2016, 8, 79823,80052,78663,80416,79853
1df19d5, 03-08-2016, 8, 78840,78837,78641,78538,80687
1df19d5, 02-08-2016, 16, 72751,73250,75292,72440,73225
1df19d5, 03-08-2016, 16, 71768,71826,74016,70907,70638
9fd8f5b, 04-08-2016, 1, 223726,234351,212048,235272,204227
9fd8f5b, 04-08-2016, 2, 100746,101514,100258,101779,100103
9fd8f5b, 04-08-2016, 4, 87368,89593,89655,89450,89103
9fd8f5b, 04-08-2016, 8, 79123,79664,78248,80128,78888
9fd8f5b, 04-08-2016, 16, 71876,73856,71301,71993,71863
4af91c0, 05-08-2016, 1, 216648,209610,214214,215590,202428
4af91c0, 05-08-2016, 2, 102169,99763,100198,102126,101952
4af91c0, 05-08-2016, 4, 90200,90040,89217,89060,90297
4af91c0, 05-08-2016, 8, 79585,80478,79987,79823,77925
4af91c0, 05-08-2016, 16, 72400,73578,71876,71676,72913
1214788, 06-08-2016, 1, 223458,211380,233309,231282,227766
1214788, 06-08-2016, 2, 96866,97889,97809,96399,98015
1214788, 06-08-2016, 4, 84957,85372,86081,85498,84841
1214788, 06-08-2016, 8, 73533,72544,74354,74016,73237
1214788, 06-08-2016, 16, 68593,68756,69514,69133,67949
1214788, 07-08-2016, 1, 212424,206311,213125,207024,206922
1214788, 07-08-2016, 2, 95875,98291,98748,96515,93974
1214788, 07-08-2016, 4, 85567,85116,84375,84105,85498
1214788, 07-08-2016, 8, 74979,78034,73269,72764,73908
1214788, 07-08-2016, 16, 69812,69873,72297,71783,68007
1214788, 08-08-2016, 1, 206311,211673,219367,206058,216704
1214788, 08-08-2016, 2, 97029,95039,95428,96866,96051
1214788, 08-08-2016, 4, 84550,84546,85459,84109,84084
1214788, 08-08-2016, 8, 73662,75089,74516,74255,77914
1214788, 08-08-2016, 16, 70298,69809,73062,71244,69264
1214788, 09-08-2016, 1, 210452,212424,210399,203040,216201
1214788, 09-08-2016, 2, 97429,96615,96704,98089,97406
1214788, 09-08-2016, 4, 84554,86024,85332,85315,85966
1214788, 09-08-2016, 8, 78574,73756,73701,73876,72481
1214788, 09-08-2016, 16, 70395,69222,69949,70022,69170
4950d4d, 10-08-2016, 1, 203681,231187,204750,210690,225107
4950d4d, 10-08-2016, 2, 96216,97389,95831,94011,97220
4950d4d, 10-08-2016, 4, 83113,83191,85146,82528,87651
4950d4d, 10-08-2016, 8, 74932,72197,73196,74081,76243
4950d4d, 10-08-2016, 16, 68167,68244,69365,68708,68585
aa47a24, 11-08-2016, 1, 207433,203311,204102,212343,214817
aa47a24, 11-08-2016, 2, 95947,94680,96989,99811,94760
aa47a24, 11-08-2016, 4, 85298,84312,84265,81724,82871
aa47a24, 11-08-2016, 8, 73183,74186,73908,77647,72872
aa47a24, 11-08-2016, 16, 70013,68150,69812,68464,75491
aa47a24, 12-08-2016, 1, 213152,228261,204326,209610,223161
aa47a24, 12-08-2016, 2, 99098,96056,100234,97096,95012
aa47a24, 12-08-2016, 4, 84147,86041,84172,84845,85424
aa47a24, 12-08-2016, 8, 72897,75400,77311,71762,74512
aa47a24, 12-08-2016, 16, 73154,68787,68529,74344,68937
730b630, 13-08-2016, 1, 210135,219167,237000,216480,202917
730b630, 13-08-2016, 2, 97118,97237,96560,96649,95559
730b630, 13-08-2016, 4, 83353,86059,84291,84828,84751
730b630, 13-08-2016, 8, 73372,72859,73843,74592,74081
730b630, 13-08-2016, 16, 69829,68504,68968,71199,70101
730b630, 14-08-2016, 1, 195175,194722,214405,209715,209349
730b630, 14-08-2016, 2, 94562,98055,95510,95249,95591
730b630, 14-08-2016, 4, 84342,85393,85690,85567,85962
730b630, 14-08-2016, 8, 72695,73497,73394,79104,73500
730b630, 14-08-2016, 16, 68739,68167,72692,68189,69899
730b630, 15-08-2016, 1, 208232,186455,200110,198008,185959
730b630, 15-08-2016, 2, 96089,95892,97656,96498,95179
730b630, 15-08-2016, 4, 85056,86249,85099,85581,86094
730b630, 15-08-2016, 8, 73990,74635,73610,74252,76682
730b630, 15-08-2016, 16, 67803,68361,72319,68225,69488
99b8fc3, 16-08-2016, 1, 188720,193889,186041,195607,194428
99b8fc3, 16-08-2016, 2, 95428,95325,97074,96255,95055
99b8fc3, 16-08-2016, 4, 85363,85064,85454,85107,85975
99b8fc3, 16-08-2016, 8, 74397,73701,74190,73132,72865
99b8fc3, 16-08-2016, 16, 70472,69164,69847,73733,70916
99b8fc3, 17-08-2016, 1, 208309,227797,203459,225682,209768
99b8fc3, 17-08-2016, 2, 95472,96029,97656,93843,98452
99b8fc3, 17-08-2016, 4, 84935,85198,84819,84948,84248
99b8fc3, 17-08-2016, 8, 72723,73327,72663,73282,70668
99b8fc3, 17-08-2016, 16, 69082,69307,67836,67287,73539
8916138, 18-08-2016, 1, 190175,193152,207870,194226,190867
8916138, 18-08-2016, 2, 97758,97644,99847,96643,97536
8916138, 18-08-2016, 4, 84537,86196,84738,86147,85233
8916138, 18-08-2016, 8, 74695,75505,73843,73423,74160
8916138, 18-08-2016, 16, 70236,70033,69264,68847,70593
8916138, 19-08-2016, 1, 207433,214433,205100,211300,214405
8916138, 20-08-2016, 1, 214955,220434,201698,203681,213614
8916138, 19-08-2016, 2, 97781,97804,96688,98193,97001
8916138, 20-08-2016, 2, 96227,97559,94106,96106,96777
8916138, 19-08-2016, 4, 84823,85485,84198,85306,85511
8916138, 20-08-2016, 4, 85125,85598,85485,84768,84995
8916138, 19-08-2016, 8, 77525,73097,74065,74114,73378
8916138, 20-08-2016, 8, 74969,75039,74052,74938,73253
8916138, 19-08-2016, 16, 67973,72344,68692,69182,67828
8916138, 20-08-2016, 16, 71036,77733,69139,68824,73199
8916138, 21-08-2016, 1, 227797,206845,213315,209244,210004
8916138, 21-08-2016, 2, 95821,95684,96950,96139,96788
8916138, 21-08-2016, 4, 85567,85712,85155,84499,86298
8916138, 21-08-2016, 8, 73617,77300,71593,74695,74952
8916138, 21-08-2016, 16, 71786,69471,72578,69673,70543
8916138, 22-08-2016, 1, 210610,192267,216201,203681,204102
8916138, 22-08-2016, 2, 96007,96521,98032,96721,95131
8916138, 22-08-2016, 4, 84974,85207,85302,86311,85725
8916138, 22-08-2016, 8, 73385,73642,72528,74219,71842
8916138, 22-08-2016, 16, 68951,69497,69693,69560,69313
8916138, 23-08-2016, 1, 206845,220000,205982,216313,211834
8916138, 23-08-2016, 2, 99180,94482,98516,97508,97271
8916138, 23-08-2016, 4, 84477,84550,85120,85567,85870
8916138, 23-08-2016, 8, 75356,74364,78332,73145,73798
8916138, 23-08-2016, 16, 71999,68325,71793,71584,67757
8916138, 24-08-2016, 1, 207485,227889,208828,208594,209375
8916138, 24-08-2016, 2, 97040,97480,99817,96200,98400
8916138, 24-08-2016, 4, 85725,85103,86369,85389,84397
8916138, 24-08-2016, 8, 73830,74825,76132,73662,75973
8916138, 24-08-2016, 16, 69413,69247,69725,68753,75197
9570639, 25-08-2016, 1, 212289,204376,208283,215452,216313
9570639, 25-08-2016, 2, 97333,98268,98498,95990,97975
9570639, 25-08-2016, 4, 84452,85424,85272,84845,85220
9570639, 25-08-2016, 8, 76180,73241,74029,74170,73834
9570639, 25-08-2016, 16, 74831,70060,69480,74618,69130
99a7132, 26-08-2016, 1, 218141,226689,219138,232243,230488
99a7132, 26-08-2016, 2, 97383,97085,98678,97040,95303
99a7132, 26-08-2016, 4, 85181,85285,85164,85659,85756
99a7132, 26-08-2016, 8, 73801,74992,76931,75234,72110
99a7132, 26-08-2016, 16, 68920,69290,68787,68286,70386
b0a20fe, 27-08-2016, 1, 199089,213505,210214,205553,202697
b0a20fe, 27-08-2016, 2, 97248,98015,97786,100025,95575
b0a20fe, 27-08-2016, 4, 86601,84716,85572,85177,85164
b0a20fe, 27-08-2016, 8, 73497,73301,74725,74417,74938
b0a20fe, 27-08-2016, 16, 72830,70354,69494,70608,69503
b0a20fe, 28-08-2016, 1, 220173,201335,220695,207433,205754
b0a20fe, 28-08-2016, 2, 96128,97400,96543,96305,97169
b0a20fe, 28-08-2016, 4, 85914,82871,84316,84392,84691
b0a20fe, 28-08-2016, 8, 73558,77712,75407,74542,74735
b0a20fe, 28-08-2016, 16, 68849,70203,68512,69353,67979
c523338, 29-08-2016, 1, 207228,209036,194722,203286,200708
c523338, 29-08-2016, 2, 98187,98262,98130,98009,101153
c523338, 29-08-2016, 4, 88773,89037,88116,88310,88264
c523338, 29-08-2016, 8, 74440,75891,74526,74413,75187
c523338, 29-08-2016, 16, 71805,68804,69739,70985,67549
0e55479, 07-09-2016, 1, 200949,190434,205226,187267,204401
dcda22d, 01-09-2016, 1, 204028,210716,201698,206973,197356
dcda22d, 02-09-2016, 1, 203731,210796,190932,192997,214652
dcda22d, 03-09-2016, 1, 187938,195858,199065,203681,193576
dcda22d, 04-09-2016, 1, 208984,203582,204950,209401,219655
dcda22d, 05-09-2016, 1, 192311,197518,204177,198547,208154
dcda22d, 06-09-2016, 1, 197309,208335,201286,210109,217575
dcda22d, 30-08-2016, 1, 211300,204675,208958,213478,207510
dcda22d, 31-08-2016, 1, 191783,204326,193241,212639,206058
0e55479, 07-09-2016, 2, 99156,100025,97712,98147,97610
dcda22d, 01-09-2016, 2, 97451,97287,99332,95228,99456
dcda22d, 02-09-2016, 2, 98556,98487,97434,96200,97565
dcda22d, 03-09-2016, 2, 96260,98089,100511,99010,98562
dcda22d, 04-09-2016, 2, 98279,95406,96699,98285,97673
dcda22d, 05-09-2016, 2, 98469,98296,96139,95618,98782
dcda22d, 06-09-2016, 2, 96973,99627,97378,99450,96194
dcda22d, 30-08-2016, 2, 97440,98141,96084,95793,100758
dcda22d, 31-08-2016, 2, 98672,99379,98631,96967,98730
0e55479, 07-09-2016, 4, 88385,88413,88487,88684,88343
dcda22d, 01-09-2016, 4, 88660,88590,88600,88032,88632
dcda22d, 02-09-2016, 4, 87609,88176,88980,88111,88250
dcda22d, 03-09-2016, 4, 88909,89345,88670,88269,88324
dcda22d, 04-09-2016, 4, 87127,88721,88543,87277,88501
dcda22d, 05-09-2016, 4, 88844,88469,88985,87816,89018
dcda22d, 06-09-2016, 4, 88590,88811,87742,88792,89226
dcda22d, 30-08-2016, 4, 87729,88684,87322,89321,88665
dcda22d, 31-08-2016, 4, 88343,88362,88961,88815,88604
0e55479, 07-09-2016, 8, 74818,74648,74725,75238,74235
dcda22d, 01-09-2016, 8, 73333,75295,73385,74855,74781
dcda22d, 02-09-2016, 8, 76633,74032,74609,74721,74559
dcda22d, 03-09-2016, 8, 74638,74888,73912,75785,74878
dcda22d, 04-09-2016, 8, 73752,71323,74176,73961,74180
dcda22d, 05-09-2016, 8, 74512,74761,75857,74160,79242
dcda22d, 06-09-2016, 8, 76872,75332,73452,75929,74685
dcda22d, 30-08-2016, 8, 75829,74585,74426,75204,72625
dcda22d, 31-08-2016, 8, 74196,74912,74285,75123,75059
0e55479, 07-09-2016, 16, 71398,69179,70424,70162,69702
dcda22d, 01-09-2016, 16, 70700,67971,74062,69603,68417
dcda22d, 02-09-2016, 16, 69350,70531,70886,69949,68982
dcda22d, 03-09-2016, 16, 75356,69713,69598,70151,68618
dcda22d, 04-09-2016, 16, 68974,69500,69485,70233,69236
dcda22d, 05-09-2016, 16, 69347,68120,68759,70614,68395
dcda22d, 06-09-2016, 16, 69451,71235,69505,70036,70754
dcda22d, 30-08-2016, 16, 70970,68801,68062,68980,68669
dcda22d, 31-08-2016, 16, 68007,64165,75771,68506,69908
0f21c78, 08-09-2016, 1, 210425,207845,207870,204102,209925
0f21c78, 08-09-2016, 2, 98158,97304,99936,98101,98899
0f21c78, 08-09-2016, 4, 88665,88782,88329,88651,88665
0f21c78, 08-09-2016, 8, 74268,74440,74725,74212,77041
0f21c78, 08-09-2016, 16, 69059,68045,69682,68948,70156
0f21c78, 09-09-2016, 1, 195698,186021,186207,183739,188614
0f21c78, 09-09-2016, 2, 96205,97644,99250,96122,96956
0f21c78, 09-09-2016, 4, 87857,88218,88900,87073,88208
0f21c78, 09-09-2016, 8, 74078,75012,74052,73375,75359
0f21c78, 09-09-2016, 16, 69618,69523,67604,70638,70171
0f21c78, 10-09-2016, 1, 201673,201190,189103,192377,208880
0f21c78, 10-09-2016, 2, 97781,97644,98806,98649,95450
0f21c78, 10-09-2016, 4, 88905,88829,89340,88952,88171
0f21c78, 10-09-2016, 8, 74072,74811,76264,74575,74741
0f21c78, 10-09-2016, 16, 70558,70593,68852,72726,70626
0f21c78, 11-09-2016, 1, 193152,184710,187812,193264,188296
0f21c78, 11-09-2016, 2, 97616,96973,95925,98626,98072
0f21c78, 11-09-2016, 4, 87290,88957,87931,88315,89699
0f21c78, 11-09-2016, 8, 76225,79407,74768,74387,73675
0f21c78, 11-09-2016, 16, 68937,72903,69290,69569,68880
5cabaaa, 16-09-2016, 1, 188191,190629,207152,198641,190997
8b59627, 21-09-2016, 1, 195039,194699,190239,192510,196823
e47e854, 14-09-2016, 1, 208958,194767,189509,187037,203089
5cabaaa, 16-09-2016, 2, 97231,98963,96816,97536,98893
8b59627, 21-09-2016, 2, 92564,91719,93373,91067,92779
e47e854, 14-09-2016, 2, 97752,99539,98314,97718,98707
5cabaaa, 16-09-2016, 4, 85927,86449,86423,85777,84678
8b59627, 21-09-2016, 4, 81764,81852,82842,82016,83394
e47e854, 14-09-2016, 4, 87931,86789,88427,87422,87922
5cabaaa, 16-09-2016, 8, 72319,73221,72764,72151,73305
8b59627, 21-09-2016, 8, 75410,75346,76011,75778,74975
e47e854, 14-09-2016, 8, 73617,73565,72786,73119,72761
5cabaaa, 16-09-2016, 16, 67833,66563,66392,67004,66980
8b59627, 21-09-2016, 16, 68386,68064,68501,68638,68420
e47e854, 14-09-2016, 16, 68350,67270,68303,68965,68247
073e752, 23-09-2016, 1, 199018,204975,192488,192421,199872
073e752, 24-09-2016, 1, 204600,203533,206311,198148,198947
073e752, 25-09-2016, 1, 190304,194068,192532,182778,192245
073e752, 26-09-2016, 1, 188085,192289,202770,201238,187329
4b5e172, 29-09-2016, 1, 187476,189552,194744,185138,193688
cd175c7, 27-09-2016, 1, 202452,193108,188170,185630,200949
cd175c7, 28-09-2016, 1, 188106,191981,190520,197891,190737
e75cba7, 22-09-2016, 1, 206311,186021,191893,184446,193264
073e752, 23-09-2016, 2, 93581,92918,93336,93026,92472
073e752, 24-09-2016, 2, 91704,93072,93114,93310,92923
073e752, 25-09-2016, 2, 91310,91915,92877,92513,92203
073e752, 26-09-2016, 2, 91484,91960,93482,93347,92498
4b5e172, 29-09-2016, 2, 93461,93145,92753,92625,92651
cd175c7, 27-09-2016, 2, 92269,94053,92380,93843,93399
cd175c7, 28-09-2016, 2, 93145,91399,92172,93093,92482
e75cba7, 22-09-2016, 2, 91844,92933,92411,92102,93394
073e752, 23-09-2016, 4, 82460,82488,82016,81709,82468
073e752, 24-09-2016, 4, 83064,83987,83440,82830,83031
073e752, 25-09-2016, 4, 81936,81605,82278,81681,82237
073e752, 26-09-2016, 4, 81856,80905,82330,81848,81014
4b5e172, 29-09-2016, 4, 81768,81526,82229,82245,81944
cd175c7, 27-09-2016, 4, 82916,82072,82900,83002,82193
cd175c7, 28-09-2016, 4, 81848,82920,82630,81534,82822
e75cba7, 22-09-2016, 4, 81948,81641,82225,81800,81277
073e752, 23-09-2016, 8, 74858,76066,73983,75180,74858
073e752, 24-09-2016, 8, 75987,76066,75699,75434,75491
073e752, 25-09-2016, 8, 75261,75110,75173,74845,75079
073e752, 26-09-2016, 8, 74835,74328,73964,74572,75953
4b5e172, 29-09-2016, 8, 75207,74902,74735,75052,75891
cd175c7, 27-09-2016, 8, 75915,74665,74852,75918,74609
cd175c7, 28-09-2016, 8, 75559,76149,74721,75915,75918
e75cba7, 22-09-2016, 8, 75103,76087,74925,74745,75244
073e752, 23-09-2016, 16, 67500,67433,67181,67133,67707
073e752, 24-09-2016, 16, 68095,68111,68062,68669,68462
073e752, 25-09-2016, 16, 67571,67416,67699,67746,67582
073e752, 26-09-2016, 16, 67219,67590,67836,67446,67514
4b5e172, 29-09-2016, 16, 69031,67533,67949,68161,67831
cd175c7, 27-09-2016, 16, 67921,67839,69011,68434,68434
cd175c7, 28-09-2016, 16, 68585,68708,68397,68109,68445
e75cba7, 22-09-2016, 16, 68233,68026,67506,67341,67525
a0d73c6, 01-10-2016, 1, 193755,187079,189274,191172,190412
a0d73c6, 02-10-2016, 1, 197821,198055,202844,190997,202574
a0d73c6, 03-10-2016, 1, 191063,188022,187602,191586,191718
a0d73c6, 04-10-2016, 1, 186414,196455,204276,189316,188996
a0d73c6, 30-09-2016, 1, 210188,198735,198289,184041,190132
a0d73c6, 01-10-2016, 2, 92096,91624,92595,93139,93300
a0d73c6, 02-10-2016, 2, 92538,92172,93644,94371,92610
a0d73c6, 03-10-2016, 2, 93145,92248,94117,90801,92503
a0d73c6, 04-10-2016, 2, 91464,92851,91062,91684,89555
a0d73c6, 30-09-2016, 2, 93305,91784,94525,93253,90492
a0d73c6, 01-10-2016, 4, 81940,83023,81916,81467,81872
a0d73c6, 02-10-2016, 4, 82512,82838,82602,82108,83494
a0d73c6, 03-10-2016, 4, 82920,82423,82330,82431,81880
a0d73c6, 04-10-2016, 4, 82435,82286,82610,82606,81796
a0d73c6, 30-09-2016, 4, 82912,83469,83253,83084,83928
a0d73c6, 01-10-2016, 8, 75258,75898,75383,75505,75227
a0d73c6, 02-10-2016, 8, 75936,74808,75424,74932,76084
a0d73c6, 03-10-2016, 8, 75481,75457,75217,75692,75403
a0d73c6, 04-10-2016, 8, 75785,75089,75019,75231,75437
a0d73c6, 30-09-2016, 8, 75319,76389,76053,75843,75836
a0d73c6, 01-10-2016, 16, 68073,68247,67954,68134,67811
a0d73c6, 02-10-2016, 16, 67896,67828,68397,67509,67916
a0d73c6, 03-10-2016, 16, 68145,68056,68599,67971,68621
a0d73c6, 04-10-2016, 16, 67710,67822,67694,68051,67349
a0d73c6, 30-09-2016, 16, 68756,68546,68582,67985,68977
e138dfb, 05-10-2016, 1, 195266,203385,206540,203805,206108
e138dfb, 06-10-2016, 1, 193487,185630,209846,195790,187455
e138dfb, 07-10-2016, 1, 188869,187079,187058,185486,194226
e138dfb, 08-10-2016, 1, 185302,195767,204451,183679,201552
e138dfb, 09-10-2016, 1, 190110,188487,186974,181709,183820
e138dfb, 10-10-2016, 1, 204900,195039,206235,195675,190672
e138dfb, 11-10-2016, 1, 189252,190412,185980,190824,192003
e138dfb, 12-10-2016, 1, 184791,193353,183880,190261,186829
e138dfb, 13-10-2016, 1, 218482,210320,204925,205427,211673
e138dfb, 05-10-2016, 2, 91579,92264,92549,91744,92142
e138dfb, 06-10-2016, 2, 93165,92835,92416,93093,91181
e138dfb, 07-10-2016, 2, 91970,92355,91295,92974,92954
e138dfb, 08-10-2016, 2, 93780,93576,93062,93477,93717
e138dfb, 09-10-2016, 2, 91829,90776,93259,91504,91689
e138dfb, 10-10-2016, 2, 93191,90137,91839,91729,92162
e138dfb, 11-10-2016, 2, 93498,91494,92309,93072,91589
e138dfb, 12-10-2016, 2, 92127,93041,92041,93451,91804
e138dfb, 13-10-2016, 2, 91809,91499,92605,92350,92477
e138dfb, 05-10-2016, 4, 84312,84422,82533,83802,83134
e138dfb, 06-10-2016, 4, 81808,81768,80381,81780,82149
e138dfb, 07-10-2016, 4, 82439,82606,82561,82789,82112
e138dfb, 08-10-2016, 4, 82431,82314,82565,83485,82508
e138dfb, 09-10-2016, 4, 82342,82622,82904,83150,82455
e138dfb, 10-10-2016, 4, 82209,82245,81273,81597,81069
e138dfb, 11-10-2016, 4, 82484,82789,82165,81964,81792
e138dfb, 12-10-2016, 4, 83167,81289,82537,82679,83047
e138dfb, 13-10-2016, 4, 81411,81352,81641,81116,81832
e138dfb, 05-10-2016, 8, 76559,75427,76232,76184,76371
e138dfb, 06-10-2016, 8, 75638,75918,74725,75197,75015
e138dfb, 07-10-2016, 8, 76347,75703,75173,75153,76535
e138dfb, 08-10-2016, 8, 75329,75720,76180,75329,75136
e138dfb, 09-10-2016, 8, 75559,75241,74232,75689,75498
e138dfb, 10-10-2016, 8, 74552,75190,75812,75180,75539
e138dfb, 11-10-2016, 8, 74959,74969,74905,74407,75258
e138dfb, 12-10-2016, 8, 74825,75281,74771,75987,75099
e138dfb, 13-10-2016, 8, 75319,75248,74828,74761,75113
e138dfb, 05-10-2016, 16, 68406,68059,68217,68720,68793
e138dfb, 06-10-2016, 16, 68361,68225,68537,68353,68236
e138dfb, 07-10-2016, 16, 68236,67965,67996,68197,68347
e138dfb, 08-10-2016, 16, 68464,68518,68311,67560,67965
e138dfb, 09-10-2016, 16, 68192,68409,68568,67270,67836
e138dfb, 10-10-2016, 16, 67351,67735,67568,67675,67683
e138dfb, 11-10-2016, 16, 68076,68186,67061,68175,68253
e138dfb, 12-10-2016, 16, 67471,68125,67828,67814,68095
e138dfb, 13-10-2016, 16, 67085,67268,67645,67468,67634
3a0931b, 27-10-2016, 1,
3a0931b, 28-10-2016, 1,
cba86e2, 25-10-2016, 1, 186704,183317,188550,189423,206108
cba86e2, 26-10-2016, 1, 194068,192930,187329,186145,191783
3a0931b, 27-10-2016, 2,
3a0931b, 28-10-2016, 2,
cba86e2, 25-10-2016, 2, 93555,92228,92723,92091,92661
cba86e2, 26-10-2016, 2, 93305,92779,91424,92933,93088
3a0931b, 27-10-2016, 4,
3a0931b, 28-10-2016, 4,
cba86e2, 25-10-2016, 4, 81261,82125,81960,82464,82060
cba86e2, 26-10-2016, 4, 81530,81836,82036,82761,81848
3a0931b, 27-10-2016, 8,
3a0931b, 28-10-2016, 8,
cba86e2, 25-10-2016, 8, 74979,75046,75332,74672,75840
cba86e2, 26-10-2016, 8, 75454,75157,75312,74318,74108
3a0931b, 27-10-2016, 16,
3a0931b, 28-10-2016, 16,
cba86e2, 25-10-2016, 16, 66738,66857,68356,67219,67449
cba86e2, 26-10-2016, 16, 67973,67844,67405,68467,68117
15e2650, 29-10-2016, 1,
15e2650, 29-10-2016, 2,
15e2650, 29-10-2016, 4,
15e2650, 29-10-2016, 8,
15e2650, 29-10-2016, 16,
2d63c51, 30-10-2016, 1, 184669,184406,189552,189637,184914
a35894d, 31-10-2016, 1, 203434,185589,208594,204800,201335
2d63c51, 30-10-2016, 2, 93707,92177,90874,91639,91719
a35894d, 31-10-2016, 2, 91639,91950,91151,92325,92503
2d63c51, 30-10-2016, 4, 82871,82785,83714,82859,83233
a35894d, 31-10-2016, 4, 81852,81030,81210,82306,81419
2d63c51, 30-10-2016, 8, 75265,75285,76139,76413,76025
a35894d, 31-10-2016, 8, 74635,75009,75140,75451,75860
2d63c51, 30-10-2016, 16, 68123,67795,67828,68604,67759
a35894d, 31-10-2016, 16, 67313,67938,67615,66988,67476
4b914b4, 01-11-2016, 1, 192003,200517,192908,191433,197170
4b914b4, 01-11-2016, 2, 92712,91829,91654,91176,92712
4b914b4, 01-11-2016, 4, 82553,82883,82286,80266,81451
4b914b4, 01-11-2016, 8, 75234,74858,75305,75352,75491
4b914b4, 01-11-2016, 16, 67227,67628,67495,68579,67405
4b914b4, 02-11-2016, 1, 185486,190585,197798,189830,194654
4b914b4, 02-11-2016, 2, 93134,91349,90346,92933,91315
4b914b4, 02-11-2016, 4, 82108,82826,82610,81896,82945
4b914b4, 02-11-2016, 8, 75771,74489,75278,75187,75308
4b914b4, 02-11-2016, 16, 67935,68515,68278,68389,67866
4b914b4, 04-11-2016, 1, 196478,204028,201383,198570,207845
4b914b4, 04-11-2016, 2, 92918,91819,92238,92774,93347
4b914b4, 04-11-2016, 4, 81816,82008,81645,82161,82253
4b914b4, 04-11-2016, 8, 74915,75764,75315,75757,74745
4b914b4, 04-11-2016, 16, 67386,66812,67905,68109,68053
4b914b4, 06-11-2016, 1, 206565,197124,190607,199681,185835
4b914b4, 06-11-2016, 1, 209427,213968,195311,207999,205830
4b914b4, 06-11-2016, 2, 92365,91689,92269,90609,92436
4b914b4, 06-11-2016, 2, 92447,91240,92193,92615,91905
4b914b4, 06-11-2016, 4, 81812,82153,82253,82504,81876
4b914b4, 06-11-2016, 4, 83836,83987,83957,83623,83740
4b914b4, 06-11-2016, 8, 75298,76437,75356,75363,74945
4b914b4, 06-11-2016, 8, 75912,76462,76125,75573,76270
4b914b4, 06-11-2016, 16, 67828,68442,67590,67656,68283
4b914b4, 06-11-2016, 16, 68100,68520,67946,67227,68325
4b914b4, 07-11-2016, 1, 197008,192311,192664,182005,192598
4b914b4, 07-11-2016, 2, 91609,91729,91057,92866,91634
4b914b4, 07-11-2016, 4, 81800,82496,81756,81136,81589
4b914b4, 07-11-2016, 8, 74536,74519,74555,74712,75281
4b914b4, 07-11-2016, 16, 68311,68518,67971,67176,67847
4b914b4, 08-11-2016, 1, 208802,202672,203830,190607,196271
4b914b4, 08-11-2016, 2, 91544,93171,92856,92707,91349
4b914b4, 08-11-2016, 4, 81980,82707,82427,82282,81530
4b914b4, 08-11-2016, 8, 75305,75042,75221,74898,75396
4b914b4, 08-11-2016, 16, 67555,67623,67628,68161,67680
4b914b4, 09-11-2016, 1, 206134,201359,210796,209978,200829
4b914b4, 09-11-2016, 2, 92508,92666,93207,92457,92959
4b914b4, 09-11-2016, 4, 82326,82859,81820,81526,81143
4b914b4, 09-11-2016, 8, 74180,74791,74895,75231,74672
4b914b4, 09-11-2016, 16, 66253,67241,66881,66373,67257
4b914b4, 10-11-2016, 1, 187749,189380,192003,189039,200684
4b914b4, 10-11-2016, 2, 92687,92620,92995,92774,92036
4b914b4, 10-11-2016, 4, 81542,81534,82659,82419,81760
4b914b4, 10-11-2016, 8, 74725,74798,74942,75295,74367
4b914b4, 10-11-2016, 16, 68081,68175,67378,68103,68289
4b914b4, 11-11-2016, 1, 195243,199943,202330,194564,200732
4b914b4, 11-11-2016, 2, 93513,92269,90924,91579,91624
4b914b4, 11-11-2016, 4, 83523,85786,83386,84465,83027
4b914b4, 11-11-2016, 8, 76125,75733,75645,75733,75905
4b914b4, 11-11-2016, 16, 68328,67770,67864,68655,68353
4b914b4, 12-11-2016, 1, 197263,189338,202991,198829,189295
4b914b4, 12-11-2016, 2, 93207,92396,92152,91454,92779
4b914b4, 12-11-2016, 4, 81352,82500,82004,82084,82982
4b914b4, 12-11-2016, 8, 75488,75221,74878,75655,75200
4b914b4, 12-11-2016, 16, 67386,67765,67836,67781,67039
4b914b4, 13-11-2016, 1, 204028,190715,202697,189082,201577
4b914b4, 13-11-2016, 2, 90953,92411,92830,90283,91295
4b914b4, 13-11-2016, 4, 83196,83150,82998,83311,82537
4b914b4, 13-11-2016, 8, 75383,75939,76521,75689,75536
4b914b4, 13-11-2016, 16, 68548,68574,67935,68473,68029
4b914b4, 14-11-2016, 1, 195243,197635,191959,192157,199634
4b914b4, 14-11-2016, 2, 91739,92436,92666,90993,92477
4b914b4, 14-11-2016, 4, 82020,81478,82112,82237,80846
4b914b4, 14-11-2016, 8, 75658,75214,74595,75322,74938
4b914b4, 14-11-2016, 16, 67528,67916,67645,67669,68356
4b914b4, 15-11-2016, 1, 208568,208750,193844,205326,211994
4b914b4, 15-11-2016, 2, 92620,92462,93508,92574,92467
4b914b4, 15-11-2016, 4, 82468,81281,82630,82265,81297
4b914b4, 15-11-2016, 8, 74878,75597,75508,74748,74918
4b914b4, 15-11-2016, 16, 66717,67042,67517,67397,67498
4b914b4, 16-11-2016, 1, 197915,205830,207870,194024,204875
4b914b4, 16-11-2016, 2, 91459,92421,90487,90186,92472
4b914b4, 16-11-2016, 4, 82209,82048,81297,81014,80598
4b914b4, 16-11-2016, 8, 74117,74232,74878,75012,75167
4b914b4, 16-11-2016, 16, 67864,67743,67957,67604,68042
4b914b4, 17-11-2016, 1, 197495,194001,196225,192775,186021
4b914b4, 17-11-2016, 2, 92630,92223,90089,92692,92203
4b914b4, 17-11-2016, 4, 82488,82314,82048,82233,81210
4b914b4, 17-11-2016, 8, 74668,75583,75221,75420,75420
4b914b4, 17-11-2016, 16, 67557,67858,67381,67658,67487
4b914b4, 18-11-2016, 1, 193219,195973,204525,204525,206134
4b914b4, 18-11-2016, 2, 92523,92193,91529,92533,91166
4b914b4, 18-11-2016, 4, 82346,82040,82687,81478,81589
4b914b4, 18-11-2016, 8, 75015,75607,74915,75305,75197
4b914b4, 18-11-2016, 16, 67438,67233,67998,67335,67566
4b914b4, 19-11-2016, 1, 184325,184568,186103,204775,182460
4b914b4, 19-11-2016, 2, 91885,92503,91734,92671,92213
4b914b4, 19-11-2016, 4, 81324,82646,82004,81609,80753
4b914b4, 19-11-2016, 8, 75238,75096,75086,75417,75505
4b914b4, 19-11-2016, 16, 68462,68395,68153,67891,68286
4b914b4, 20-11-2016, 1, 187079,196616,206871,201238,201190
4b914b4, 20-11-2016, 2, 92452,93026,92223,92918,92365
4b914b4, 20-11-2016, 4, 80691,81470,82728,81836,83105
4b914b4, 20-11-2016, 8, 75160,74878,75275,74628,75356
4b914b4, 20-11-2016, 16, 67626,67536,67324,66889,67414
4b914b4, 21-11-2016, 1, 189380,191959,184244,192842,189445
4b914b4, 21-11-2016, 2, 92006,92264,92702,91915,92203
4b914b4, 21-11-2016, 4, 80881,82484,81936,82638,82435
4b914b4, 21-11-2016, 8, 74858,75177,75539,76018,75217
4b914b4, 21-11-2016, 16, 68250,67623,68409,68414,68267
4b914b4, 22-11-2016, 1, 189552,204925,195835,200301,199160
4b914b4, 22-11-2016, 2, 92238,91965,92304,92416,92697
4b914b4, 22-11-2016, 4, 83019,83344,84016,83084,82671
4b914b4, 22-11-2016, 8, 75792,75062,75437,75525,76441
4b914b4, 22-11-2016, 16, 68208,68100,67987,68790,68378
4b914b4, 23-11-2016, 1, 199800,200540,199681,186538,202281
4b914b4, 23-11-2016, 2, 92081,91479,92325,92897,92764
4b914b4, 23-11-2016, 4, 83328,83594,83348,84122,83023
4b914b4, 23-11-2016, 8, 75549,75502,75505,76070,75308
4b914b4, 23-11-2016, 16, 68178,67598,67779,68286,68467
4b914b4, 24-11-2016, 1, 186579,182302,186579,192598,191455
4b914b4, 24-11-2016, 2, 92183,91975,93129,92646,91235
4b914b4, 24-11-2016, 4, 81222,82310,81364,82269,80842
4b914b4, 24-11-2016, 8, 75819,74808,74935,74354,75012
4b914b4, 24-11-2016, 16, 68319,67612,67438,68070,67528
4b914b4, 25-11-2016, 1, 186642,189466,184853,188699,195356
4b914b4, 25-11-2016, 2, 92309,92051,94610,92248,92172
4b914b4, 25-11-2016, 4, 82112,81884,82492,81792,82642
4b914b4, 25-11-2016, 8, 75244,75079,74121,75410,75774
4b914b4, 25-11-2016, 16, 68200,68281,67746,67946,67993
4b914b4, 26-11-2016, 1, 188572,192886,184832,187120,186621
4b914b4, 26-11-2016, 2, 92518,92091,92943,90409,92979
4b914b4, 26-11-2016, 4, 82867,81202,82282,81956,82084
4b914b4, 26-11-2016, 8, 75583,75768,75624,75380,75302
4b914b4, 26-11-2016, 16, 67847,67918,68045,67541,68195
4b914b4, 27-11-2016, 1, 203904,199943,186766,195152,188572
4b914b4, 27-11-2016, 2, 92728,91101,93279,92406,91007
4b914b4, 27-11-2016, 4, 81183,81522,82294,82366,81226
4b914b4, 27-11-2016, 8, 75298,75536,75288,74708,74855
4b914b4, 27-11-2016, 16, 67927,68381,67419,67910,67996
4b914b4, 29-11-2016, 1, 191041,187141,190499,188741,201649
4b914b4, 29-11-2016, 2, 91844,92380,92442,92406,90894
4b914b4, 29-11-2016, 4, 81772,82104,82306,82346,81257
4b914b4, 29-11-2016, 8, 75009,75553,75468,75407,75532
4b914b4, 29-11-2016, 16, 68450,68136,68092,67740,68001
4b914b4, 30-11-2016, 1, 191805,185712,186248,191762,183639
4b914b4, 30-11-2016, 2, 93279,92269,92794,91774,92066
4b914b4, 30-11-2016, 4, 81065,82468,81720,81808,81840
4b914b4, 30-11-2016, 8, 75049,75590,75312,74364,75275
4b914b4, 30-11-2016, 16, 67905,68186,68023,67462,67473
4b914b4, 01-12-2016, 1, 199824,205377,192952,190997,190434
4b914b4, 01-12-2016, 2, 92615,92309,91664,92769,91225
4b914b4, 01-12-2016, 4, 82181,81713,81463,81577,81713
4b914b4, 01-12-2016, 8, 75853,74818,74858,78055,79543
4b914b4, 01-12-2016, 16, 68247,67359,67544,68275,68015
4b914b4, 02-12-2016, 1, 188043,184791,188699,193086,193688
4b914b4, 02-12-2016, 2, 91494,91814,93171,92579,91364
4b914b4, 02-12-2016, 4, 81637,81661,82237,81812,81980
4b914b4, 02-12-2016, 8, 74935,75376,74775,75066,75308
4b914b4, 02-12-2016, 16, 68067,67888,68042,67606,68425
4b914b4, 03-12-2016, 1, 191281,187938,186870,185712,192157
4b914b4, 03-12-2016, 2, 90619,93176,93145,91829,93171
4b914b4, 03-12-2016, 4, 82732,82476,81206,82237,82290
4b914b4, 03-12-2016, 8, 74662,74575,75295,75363,75005
4b914b4, 03-12-2016, 16, 68103,67965,68231,68381,68056
4b914b4, 04-12-2016, 1, 196570,187413,188318,193264,190954
4b914b4, 04-12-2016, 2, 91007,91181,92162,93031,93181
4b914b4, 04-12-2016, 4, 83581,83577,83623,83187,83150
4b914b4, 04-12-2016, 8, 75792,76650,76357,75430,76142
4b914b4, 04-12-2016, 16, 68706,67330,68895,68034,68588
4b914b4, 05-12-2016, 1, 193576,195493,185466,195152,189103
4b914b4, 05-12-2016, 2, 91624,92223,91484,92299,92157
4b914b4, 05-12-2016, 4, 83949,83023,82961,83237,83245
4b914b4, 05-12-2016, 8, 75737,75437,76222,76225,75539
4b914b4, 05-12-2016, 16, 68711,68258,68501,68167,67982
4b914b4, 06-12-2016, 1, 191543,185568,190045,193041,183699
4b914b4, 06-12-2016, 2, 91569,92569,91624,91980,93853
4b914b4, 06-12-2016, 4, 81788,81916,81100,82221,81952
4b914b4, 06-12-2016, 8, 75563,75946,75133,75488,75498
4b914b4, 06-12-2016, 16, 68649,67538,68462,67971,67833
4b914b4, 07-12-2016, 1, 186186,192267,197054,192091,187770
4b914b4, 07-12-2016, 2, 92284,92974,91814,93047,93052
4b914b4, 07-12-2016, 4, 82257,80745,81972,81685,81526
4b914b4, 07-12-2016, 8, 75611,75471,75744,74855,75285
4b914b4, 07-12-2016, 16, 68448,68437,68314,68197,67949
4b914b4, 08-12-2016, 1, 190455,190672,194226,186145,198078
4b914b4, 08-12-2016, 2, 92117,92142,92172,93010,92421
4b914b4, 08-12-2016, 4, 82687,82924,81808,81752,82133
4b914b4, 08-12-2016, 8, 75022,75278,75036,75019,75651
4b914b4, 08-12-2016, 16, 67718,67680,67809,67743,68236
