acd14d1, 12-07-2015, 1, 15.05
acd14d1, 12-07-2015, 2, 15.04
acd14d1, 12-07-2015, 4, 15.04
acd14d1, 12-07-2015, 8, 15.06
acd14d1, 12-07-2015, 16, 15.04
acd14d1, 12-07-2015, 32, 15.08
acd14d1, 12-07-2015, 64, 15.88
acd14d1, 12-07-2015, 128, 16.06
acd14d1, 12-07-2015, 256, 16.70
acd14d1, 12-07-2015, 512, 17.28
acd14d1, 12-07-2015, 1024, 18.51
acd14d1, 12-07-2015, 2048, 20.86
acd14d1, 12-07-2015, 4096, 25.76
acd14d1, 12-07-2015, 8192, 30.43
acd14d1, 12-07-2015, 16384, 51.76
acd14d1, 12-07-2015, 32768, 70.01
acd14d1, 12-07-2015, 65536, 105.96
acd14d1, 12-07-2015, 131072, 168.39
acd14d1, 12-07-2015, 262144, 293.81
acd14d1, 12-07-2015, 524288, 543.40
acd14d1, 12-07-2015, 1048576, 1143.94
acd14d1, 12-07-2015, 2097152, 2459.26
acd14d1, 12-07-2015, 4194304, 5167.59
0e081a9, 14-07-2015, 1, 15.42
0e081a9, 14-07-2015, 2, 15.22
0e081a9, 14-07-2015, 4, 15.19
0e081a9, 14-07-2015, 8, 15.22
0e081a9, 14-07-2015, 16, 15.21
0e081a9, 14-07-2015, 32, 15.28
0e081a9, 14-07-2015, 64, 16.15
0e081a9, 14-07-2015, 128, 16.35
0e081a9, 14-07-2015, 256, 17.03
0e081a9, 14-07-2015, 512, 17.73
0e081a9, 14-07-2015, 1024, 18.93
0e081a9, 14-07-2015, 2048, 21.27
0e081a9, 14-07-2015, 4096, 26.34
0e081a9, 14-07-2015, 8192, 31.18
0e081a9, 14-07-2015, 16384, 52.38
0e081a9, 14-07-2015, 32768, 70.99
0e081a9, 14-07-2015, 65536, 107.21
0e081a9, 14-07-2015, 131072, 169.79
0e081a9, 14-07-2015, 262144, 295.03
0e081a9, 14-07-2015, 524288, 544.49
0e081a9, 14-07-2015, 1048576, 1148.85
0e081a9, 14-07-2015, 2097152, 2508.32
0e081a9, 14-07-2015, 4194304, 5319.91
99df208, 15-07-2015, 1, 15.41
99df208, 15-07-2015, 2, 15.35
99df208, 15-07-2015, 4, 15.31
99df208, 15-07-2015, 8, 15.39
99df208, 15-07-2015, 16, 15.31
99df208, 15-07-2015, 32, 15.39
99df208, 15-07-2015, 64, 16.32
99df208, 15-07-2015, 128, 16.52
99df208, 15-07-2015, 256, 17.28
99df208, 15-07-2015, 512, 17.99
99df208, 15-07-2015, 1024, 19.16
99df208, 15-07-2015, 2048, 21.50
99df208, 15-07-2015, 4096, 26.43
99df208, 15-07-2015, 8192, 31.15
99df208, 15-07-2015, 16384, 52.21
99df208, 15-07-2015, 32768, 70.75
99df208, 15-07-2015, 65536, 107.45
99df208, 15-07-2015, 131072, 170.02
99df208, 15-07-2015, 262144, 295.05
99df208, 15-07-2015, 524288, 544.56
99df208, 15-07-2015, 1048576, 1148.54
99df208, 15-07-2015, 2097152, 2507.32
99df208, 15-07-2015, 4194304, 5302.50
cb365ba, 16-07-2015, 1, 14.18
cb365ba, 16-07-2015, 2, 14.13
cb365ba, 16-07-2015, 4, 14.15
cb365ba, 16-07-2015, 8, 14.17
cb365ba, 16-07-2015, 16, 14.18
cb365ba, 16-07-2015, 32, 14.40
cb365ba, 16-07-2015, 64, 15.19
cb365ba, 16-07-2015, 128, 15.35
cb365ba, 16-07-2015, 256, 16.03
cb365ba, 16-07-2015, 512, 16.62
cb365ba, 16-07-2015, 1024, 17.89
cb365ba, 16-07-2015, 2048, 20.14
cb365ba, 16-07-2015, 4096, 25.24
cb365ba, 16-07-2015, 8192, 30.00
cb365ba, 16-07-2015, 16384, 51.14
cb365ba, 16-07-2015, 32768, 69.74
cb365ba, 16-07-2015, 65536, 105.87
cb365ba, 16-07-2015, 131072, 168.21
cb365ba, 16-07-2015, 262144, 293.46
cb365ba, 16-07-2015, 524288, 543.20
cb365ba, 16-07-2015, 1048576, 1146.91
cb365ba, 16-07-2015, 2097152, 2505.41
cb365ba, 16-07-2015, 4194304, 5319.63
a0c3c29, 17-07-2015, 1, 14.16
a0c3c29, 17-07-2015, 2, 14.11
a0c3c29, 17-07-2015, 4, 14.11
a0c3c29, 17-07-2015, 8, 14.14
a0c3c29, 17-07-2015, 16, 14.13
a0c3c29, 17-07-2015, 32, 14.21
a0c3c29, 17-07-2015, 64, 15.01
a0c3c29, 17-07-2015, 128, 15.20
a0c3c29, 17-07-2015, 256, 15.79
a0c3c29, 17-07-2015, 512, 16.45
a0c3c29, 17-07-2015, 1024, 17.63
a0c3c29, 17-07-2015, 2048, 19.92
a0c3c29, 17-07-2015, 4096, 24.93
a0c3c29, 17-07-2015, 8192, 29.66
a0c3c29, 17-07-2015, 16384, 50.35
a0c3c29, 17-07-2015, 32768, 69.07
a0c3c29, 17-07-2015, 65536, 105.25
a0c3c29, 17-07-2015, 131072, 167.85
a0c3c29, 17-07-2015, 262144, 293.57
a0c3c29, 17-07-2015, 524288, 543.09
a0c3c29, 17-07-2015, 1048576, 1146.94
a0c3c29, 17-07-2015, 2097152, 2505.79
a0c3c29, 17-07-2015, 4194304, 5323.00
3ea1609, 18-07-2015, 1, 15.35
3ea1609, 18-07-2015, 2, 15.30
3ea1609, 18-07-2015, 4, 15.26
3ea1609, 18-07-2015, 8, 15.30
3ea1609, 18-07-2015, 16, 15.26
3ea1609, 18-07-2015, 32, 15.38
3ea1609, 18-07-2015, 64, 16.22
3ea1609, 18-07-2015, 128, 16.43
3ea1609, 18-07-2015, 256, 17.18
3ea1609, 18-07-2015, 512, 17.74
3ea1609, 18-07-2015, 1024, 19.04
3ea1609, 18-07-2015, 2048, 21.28
3ea1609, 18-07-2015, 4096, 26.49
3ea1609, 18-07-2015, 8192, 31.13
3ea1609, 18-07-2015, 16384, 52.26
3ea1609, 18-07-2015, 32768, 70.79
3ea1609, 18-07-2015, 65536, 107.33
3ea1609, 18-07-2015, 131072, 169.63
3ea1609, 18-07-2015, 262144, 295.15
3ea1609, 18-07-2015, 524288, 544.77
3ea1609, 18-07-2015, 1048576, 1149.01
3ea1609, 18-07-2015, 2097152, 2507.52
3ea1609, 18-07-2015, 4194304, 5324.96
a88dfe1, 20-07-2015, 1, 15.33
a88dfe1, 20-07-2015, 2, 15.31
a88dfe1, 20-07-2015, 4, 15.29
a88dfe1, 20-07-2015, 8, 15.31
a88dfe1, 20-07-2015, 16, 15.29
a88dfe1, 20-07-2015, 32, 15.41
a88dfe1, 20-07-2015, 64, 16.17
a88dfe1, 20-07-2015, 128, 16.44
a88dfe1, 20-07-2015, 256, 17.08
a88dfe1, 20-07-2015, 512, 17.81
a88dfe1, 20-07-2015, 1024, 18.98
a88dfe1, 20-07-2015, 2048, 21.30
a88dfe1, 20-07-2015, 4096, 26.26
a88dfe1, 20-07-2015, 8192, 31.03
a88dfe1, 20-07-2015, 16384, 52.30
a88dfe1, 20-07-2015, 32768, 71.01
a88dfe1, 20-07-2015, 65536, 107.74
a88dfe1, 20-07-2015, 131072, 170.15
a88dfe1, 20-07-2015, 262144, 295.21
a88dfe1, 20-07-2015, 524288, 544.46
a88dfe1, 20-07-2015, 1048576, 1148.36
a88dfe1, 20-07-2015, 2097152, 2507.15
a88dfe1, 20-07-2015, 4194304, 5323.86
c6fb82b, 23-07-2015, 1, 13.82
c6fb82b, 23-07-2015, 2, 13.82
c6fb82b, 23-07-2015, 4, 13.76
c6fb82b, 23-07-2015, 8, 13.77
c6fb82b, 23-07-2015, 16, 13.74
c6fb82b, 23-07-2015, 32, 13.83
c6fb82b, 23-07-2015, 64, 14.63
c6fb82b, 23-07-2015, 128, 14.80
c6fb82b, 23-07-2015, 256, 15.51
c6fb82b, 23-07-2015, 512, 16.15
c6fb82b, 23-07-2015, 1024, 17.45
c6fb82b, 23-07-2015, 2048, 19.75
c6fb82b, 23-07-2015, 4096, 24.75
c6fb82b, 23-07-2015, 8192, 29.44
c6fb82b, 23-07-2015, 16384, 50.58
c6fb82b, 23-07-2015, 32768, 68.77
c6fb82b, 23-07-2015, 65536, 104.83
c6fb82b, 23-07-2015, 131072, 167.32
c6fb82b, 23-07-2015, 262144, 292.93
c6fb82b, 23-07-2015, 524288, 541.97
c6fb82b, 23-07-2015, 1048576, 1167.76
c6fb82b, 23-07-2015, 2097152, 2562.81
c6fb82b, 23-07-2015, 4194304, 5266.58
beaa50c, 24-07-2015, 1, 13.76
beaa50c, 24-07-2015, 2, 13.76
beaa50c, 24-07-2015, 4, 13.72
beaa50c, 24-07-2015, 8, 13.72
beaa50c, 24-07-2015, 16, 13.69
beaa50c, 24-07-2015, 32, 13.85
beaa50c, 24-07-2015, 64, 14.67
beaa50c, 24-07-2015, 128, 14.89
beaa50c, 24-07-2015, 256, 15.39
beaa50c, 24-07-2015, 512, 16.03
beaa50c, 24-07-2015, 1024, 17.34
beaa50c, 24-07-2015, 2048, 19.69
beaa50c, 24-07-2015, 4096, 24.80
beaa50c, 24-07-2015, 8192, 29.37
beaa50c, 24-07-2015, 16384, 50.46
beaa50c, 24-07-2015, 32768, 68.47
beaa50c, 24-07-2015, 65536, 104.38
beaa50c, 24-07-2015, 131072, 166.97
beaa50c, 24-07-2015, 262144, 292.98
beaa50c, 24-07-2015, 524288, 541.73
beaa50c, 24-07-2015, 1048576, 1166.17
beaa50c, 24-07-2015, 2097152, 2558.38
beaa50c, 24-07-2015, 4194304, 5254.01
23a6022, 26-07-2015, 1, 13.77
23a6022, 26-07-2015, 2, 13.81
23a6022, 26-07-2015, 4, 13.73
23a6022, 26-07-2015, 8, 13.78
23a6022, 26-07-2015, 16, 13.74
23a6022, 26-07-2015, 32, 13.84
23a6022, 26-07-2015, 64, 14.72
23a6022, 26-07-2015, 128, 14.94
23a6022, 26-07-2015, 256, 15.64
23a6022, 26-07-2015, 512, 16.29
23a6022, 26-07-2015, 1024, 17.58
23a6022, 26-07-2015, 2048, 19.85
23a6022, 26-07-2015, 4096, 25.12
23a6022, 26-07-2015, 8192, 29.67
23a6022, 26-07-2015, 16384, 50.88
23a6022, 26-07-2015, 32768, 69.03
23a6022, 26-07-2015, 65536, 105.47
23a6022, 26-07-2015, 131072, 167.38
23a6022, 26-07-2015, 262144, 293.27
23a6022, 26-07-2015, 524288, 542.23
23a6022, 26-07-2015, 1048576, 1166.99
23a6022, 26-07-2015, 2097152, 2561.10
23a6022, 26-07-2015, 4194304, 5263.04
e3bf4c1, 28-07-2015, 1, 13.03
e3bf4c1, 28-07-2015, 2, 13.07
e3bf4c1, 28-07-2015, 4, 13.15
e3bf4c1, 28-07-2015, 8, 13.29
e3bf4c1, 28-07-2015, 16, 13.30
e3bf4c1, 28-07-2015, 32, 13.33
e3bf4c1, 28-07-2015, 64, 14.05
e3bf4c1, 28-07-2015, 128, 14.15
e3bf4c1, 28-07-2015, 256, 14.70
e3bf4c1, 28-07-2015, 512, 15.45
e3bf4c1, 28-07-2015, 1024, 16.71
e3bf4c1, 28-07-2015, 2048, 18.91
e3bf4c1, 28-07-2015, 4096, 24.01
e3bf4c1, 28-07-2015, 8192, 28.55
e3bf4c1, 28-07-2015, 16384, 49.96
e3bf4c1, 28-07-2015, 32768, 67.58
e3bf4c1, 28-07-2015, 65536, 103.69
e3bf4c1, 28-07-2015, 131072, 166.72
e3bf4c1, 28-07-2015, 262144, 292.06
e3bf4c1, 28-07-2015, 524288, 541.60
e3bf4c1, 28-07-2015, 1048576, 1166.96
e3bf4c1, 28-07-2015, 2097152, 2561.27
e3bf4c1, 28-07-2015, 4194304, 5267.73
bc0d832, 31-07-2015, 1, 13.19
bc0d832, 31-07-2015, 2, 13.16
bc0d832, 31-07-2015, 4, 13.17
bc0d832, 31-07-2015, 8, 13.15
bc0d832, 31-07-2015, 16, 13.20
bc0d832, 31-07-2015, 32, 13.23
bc0d832, 31-07-2015, 64, 13.96
bc0d832, 31-07-2015, 128, 14.16
bc0d832, 31-07-2015, 256, 14.88
bc0d832, 31-07-2015, 512, 15.52
bc0d832, 31-07-2015, 1024, 16.78
bc0d832, 31-07-2015, 2048, 19.14
bc0d832, 31-07-2015, 4096, 24.14
bc0d832, 31-07-2015, 8192, 28.80
bc0d832, 31-07-2015, 16384, 49.75
bc0d832, 31-07-2015, 32768, 67.39
bc0d832, 31-07-2015, 65536, 103.51
bc0d832, 31-07-2015, 131072, 166.86
bc0d832, 31-07-2015, 262144, 292.21
bc0d832, 31-07-2015, 524288, 541.41
bc0d832, 31-07-2015, 1048576, 1158.53
bc0d832, 31-07-2015, 2097152, 2540.56
bc0d832, 31-07-2015, 4194304, 5217.28
5b3580d, 01-08-2015, 1, 12.79
5b3580d, 01-08-2015, 2, 12.72
5b3580d, 01-08-2015, 4, 12.69
5b3580d, 01-08-2015, 8, 12.68
5b3580d, 01-08-2015, 16, 12.66
5b3580d, 01-08-2015, 32, 12.75
5b3580d, 01-08-2015, 64, 13.51
5b3580d, 01-08-2015, 128, 13.65
5b3580d, 01-08-2015, 256, 14.37
5b3580d, 01-08-2015, 512, 15.05
5b3580d, 01-08-2015, 1024, 16.37
5b3580d, 01-08-2015, 2048, 18.66
5b3580d, 01-08-2015, 4096, 23.61
5b3580d, 01-08-2015, 8192, 28.36
5b3580d, 01-08-2015, 16384, 49.49
5b3580d, 01-08-2015, 32768, 67.82
5b3580d, 01-08-2015, 65536, 103.26
5b3580d, 01-08-2015, 131072, 166.43
5b3580d, 01-08-2015, 262144, 291.84
5b3580d, 01-08-2015, 524288, 541.09
5b3580d, 01-08-2015, 1048576, 1165.96
5b3580d, 01-08-2015, 2097152, 2558.01
5b3580d, 01-08-2015, 4194304, 5258.72
d2fdca2, 02-08-2015, 1, 12.96
d2fdca2, 02-08-2015, 2, 12.90
d2fdca2, 02-08-2015, 4, 12.90
d2fdca2, 02-08-2015, 8, 12.93
d2fdca2, 02-08-2015, 16, 12.96
d2fdca2, 02-08-2015, 32, 13.04
d2fdca2, 02-08-2015, 64, 13.84
d2fdca2, 02-08-2015, 128, 14.05
d2fdca2, 02-08-2015, 256, 14.68
d2fdca2, 02-08-2015, 512, 15.33
d2fdca2, 02-08-2015, 1024, 16.58
d2fdca2, 02-08-2015, 2048, 18.86
d2fdca2, 02-08-2015, 4096, 23.89
d2fdca2, 02-08-2015, 8192, 28.53
d2fdca2, 02-08-2015, 16384, 49.52
d2fdca2, 02-08-2015, 32768, 67.41
d2fdca2, 02-08-2015, 65536, 103.31
d2fdca2, 02-08-2015, 131072, 166.32
d2fdca2, 02-08-2015, 262144, 291.87
d2fdca2, 02-08-2015, 524288, 541.26
d2fdca2, 02-08-2015, 1048576, 1166.24
d2fdca2, 02-08-2015, 2097152, 2559.10
d2fdca2, 02-08-2015, 4194304, 5261.99
f851440, 03-08-2015, 1, 12.94
f851440, 03-08-2015, 2, 12.86
f851440, 03-08-2015, 4, 12.84
f851440, 03-08-2015, 8, 12.88
f851440, 03-08-2015, 16, 12.89
f851440, 03-08-2015, 32, 12.91
f851440, 03-08-2015, 64, 13.70
f851440, 03-08-2015, 128, 13.93
f851440, 03-08-2015, 256, 14.53
f851440, 03-08-2015, 512, 15.20
f851440, 03-08-2015, 1024, 16.50
f851440, 03-08-2015, 2048, 18.74
f851440, 03-08-2015, 4096, 23.72
f851440, 03-08-2015, 8192, 28.36
f851440, 03-08-2015, 16384, 49.55
f851440, 03-08-2015, 32768, 67.34
f851440, 03-08-2015, 65536, 103.33
f851440, 03-08-2015, 131072, 166.18
f851440, 03-08-2015, 262144, 291.84
f851440, 03-08-2015, 524288, 541.24
f851440, 03-08-2015, 1048576, 1165.92
f851440, 03-08-2015, 2097152, 2557.43
f851440, 03-08-2015, 4194304, 5260.12
63b98a0, 06-08-2015, 1, 13.15
63b98a0, 06-08-2015, 2, 13.15
63b98a0, 06-08-2015, 4, 13.13
63b98a0, 06-08-2015, 8, 13.13
63b98a0, 06-08-2015, 16, 13.17
63b98a0, 06-08-2015, 32, 13.21
63b98a0, 06-08-2015, 64, 14.03
63b98a0, 06-08-2015, 128, 14.39
63b98a0, 06-08-2015, 256, 14.91
63b98a0, 06-08-2015, 512, 15.41
63b98a0, 06-08-2015, 1024, 16.85
63b98a0, 06-08-2015, 2048, 19.07
63b98a0, 06-08-2015, 4096, 24.21
63b98a0, 06-08-2015, 8192, 28.75
63b98a0, 06-08-2015, 16384, 49.76
63b98a0, 06-08-2015, 32768, 67.59
63b98a0, 06-08-2015, 65536, 103.47
63b98a0, 06-08-2015, 131072, 166.54
63b98a0, 06-08-2015, 262144, 292.07
63b98a0, 06-08-2015, 524288, 541.59
63b98a0, 06-08-2015, 1048576, 1166.51
63b98a0, 06-08-2015, 2097152, 2559.83
63b98a0, 06-08-2015, 4194304, 5258.50
a1e43e8, 07-08-2015, 1, 13.45
a1e43e8, 07-08-2015, 2, 13.35
a1e43e8, 07-08-2015, 4, 13.33
a1e43e8, 07-08-2015, 8, 13.38
a1e43e8, 07-08-2015, 16, 13.38
a1e43e8, 07-08-2015, 32, 13.36
a1e43e8, 07-08-2015, 64, 14.21
a1e43e8, 07-08-2015, 128, 14.37
a1e43e8, 07-08-2015, 256, 14.80
a1e43e8, 07-08-2015, 512, 15.51
a1e43e8, 07-08-2015, 1024, 16.93
a1e43e8, 07-08-2015, 2048, 19.16
a1e43e8, 07-08-2015, 4096, 24.13
a1e43e8, 07-08-2015, 8192, 28.70
a1e43e8, 07-08-2015, 16384, 50.30
a1e43e8, 07-08-2015, 32768, 68.00
a1e43e8, 07-08-2015, 65536, 104.25
a1e43e8, 07-08-2015, 131072, 167.90
a1e43e8, 07-08-2015, 262144, 292.22
a1e43e8, 07-08-2015, 524288, 541.97
a1e43e8, 07-08-2015, 1048576, 1166.79
a1e43e8, 07-08-2015, 2097152, 2559.83
a1e43e8, 07-08-2015, 4194304, 5262.82
5b5bed6, 09-08-2015, 1, 13.01
5b5bed6, 09-08-2015, 2, 13.01
5b5bed6, 09-08-2015, 4, 13.00
5b5bed6, 09-08-2015, 8, 12.98
5b5bed6, 09-08-2015, 16, 12.93
5b5bed6, 09-08-2015, 32, 13.03
5b5bed6, 09-08-2015, 64, 14.07
5b5bed6, 09-08-2015, 128, 14.37
5b5bed6, 09-08-2015, 256, 14.78
5b5bed6, 09-08-2015, 512, 15.45
5b5bed6, 09-08-2015, 1024, 16.80
5b5bed6, 09-08-2015, 2048, 19.05
5b5bed6, 09-08-2015, 4096, 24.06
5b5bed6, 09-08-2015, 8192, 28.71
5b5bed6, 09-08-2015, 16384, 49.61
5b5bed6, 09-08-2015, 32768, 67.76
5b5bed6, 09-08-2015, 65536, 103.51
5b5bed6, 09-08-2015, 131072, 166.39
5b5bed6, 09-08-2015, 262144, 291.96
5b5bed6, 09-08-2015, 524288, 540.87
5b5bed6, 09-08-2015, 1048576, 1165.99
5b5bed6, 09-08-2015, 2097152, 2560.04
5b5bed6, 09-08-2015, 4194304, 5261.12
1e1238a, 11-08-2015, 1, 13.34
1e1238a, 11-08-2015, 2, 13.33
1e1238a, 11-08-2015, 4, 13.35
1e1238a, 11-08-2015, 8, 13.35
1e1238a, 11-08-2015, 16, 13.34
1e1238a, 11-08-2015, 32, 13.41
1e1238a, 11-08-2015, 64, 14.28
1e1238a, 11-08-2015, 128, 14.42
1e1238a, 11-08-2015, 256, 14.93
1e1238a, 11-08-2015, 512, 15.63
1e1238a, 11-08-2015, 1024, 16.95
1e1238a, 11-08-2015, 2048, 19.21
1e1238a, 11-08-2015, 4096, 24.15
1e1238a, 11-08-2015, 8192, 28.72
1e1238a, 11-08-2015, 16384, 49.69
1e1238a, 11-08-2015, 32768, 67.77
1e1238a, 11-08-2015, 65536, 103.94
1e1238a, 11-08-2015, 131072, 166.68
1e1238a, 11-08-2015, 262144, 292.09
1e1238a, 11-08-2015, 524288, 542.01
1e1238a, 11-08-2015, 1048576, 1166.08
1e1238a, 11-08-2015, 2097152, 2559.61
1e1238a, 11-08-2015, 4194304, 5260.88
2e640e3, 12-08-2015, 1, 14.38
2e640e3, 12-08-2015, 2, 14.30
2e640e3, 12-08-2015, 4, 14.26
2e640e3, 12-08-2015, 8, 14.27
2e640e3, 12-08-2015, 16, 14.30
2e640e3, 12-08-2015, 32, 14.41
2e640e3, 12-08-2015, 64, 15.26
2e640e3, 12-08-2015, 128, 15.46
2e640e3, 12-08-2015, 256, 15.95
2e640e3, 12-08-2015, 512, 16.74
2e640e3, 12-08-2015, 1024, 17.92
2e640e3, 12-08-2015, 2048, 20.26
2e640e3, 12-08-2015, 4096, 25.21
2e640e3, 12-08-2015, 8192, 29.91
2e640e3, 12-08-2015, 16384, 51.17
2e640e3, 12-08-2015, 32768, 69.03
2e640e3, 12-08-2015, 65536, 105.20
2e640e3, 12-08-2015, 131072, 167.96
2e640e3, 12-08-2015, 262144, 294.65
2e640e3, 12-08-2015, 524288, 544.02
2e640e3, 12-08-2015, 1048576, 1169.39
2e640e3, 12-08-2015, 2097152, 2560.99
2e640e3, 12-08-2015, 4194304, 5261.36
237b5c1, 13-08-2015, 1, 14.59
237b5c1, 13-08-2015, 2, 14.56
237b5c1, 13-08-2015, 4, 14.52
237b5c1, 13-08-2015, 8, 14.53
237b5c1, 13-08-2015, 16, 14.55
237b5c1, 13-08-2015, 32, 14.61
237b5c1, 13-08-2015, 64, 15.36
237b5c1, 13-08-2015, 128, 15.69
237b5c1, 13-08-2015, 256, 16.27
237b5c1, 13-08-2015, 512, 16.95
237b5c1, 13-08-2015, 1024, 18.10
237b5c1, 13-08-2015, 2048, 20.32
237b5c1, 13-08-2015, 4096, 25.43
237b5c1, 13-08-2015, 8192, 30.09
237b5c1, 13-08-2015, 16384, 51.33
237b5c1, 13-08-2015, 32768, 69.20
237b5c1, 13-08-2015, 65536, 105.13
237b5c1, 13-08-2015, 131072, 168.33
237b5c1, 13-08-2015, 262144, 293.72
237b5c1, 13-08-2015, 524288, 542.66
237b5c1, 13-08-2015, 1048576, 1168.32
237b5c1, 13-08-2015, 2097152, 2560.15
237b5c1, 13-08-2015, 4194304, 5260.48
5f94396, 14-08-2015, 1, 13.87
5f94396, 14-08-2015, 2, 13.83
5f94396, 14-08-2015, 4, 13.83
5f94396, 14-08-2015, 8, 13.87
5f94396, 14-08-2015, 16, 13.85
5f94396, 14-08-2015, 32, 13.94
5f94396, 14-08-2015, 64, 14.73
5f94396, 14-08-2015, 128, 14.86
5f94396, 14-08-2015, 256, 15.43
5f94396, 14-08-2015, 512, 16.17
5f94396, 14-08-2015, 1024, 17.49
5f94396, 14-08-2015, 2048, 19.72
5f94396, 14-08-2015, 4096, 24.73
5f94396, 14-08-2015, 8192, 29.32
5f94396, 14-08-2015, 16384, 50.64
5f94396, 14-08-2015, 32768, 68.81
5f94396, 14-08-2015, 65536, 104.31
5f94396, 14-08-2015, 131072, 167.35
5f94396, 14-08-2015, 262144, 292.79
5f94396, 14-08-2015, 524288, 542.01
5f94396, 14-08-2015, 1048576, 1167.31
5f94396, 14-08-2015, 2097152, 2561.89
5f94396, 14-08-2015, 4194304, 5265.04
6261a17, 15-08-2015, 1, 13.69
6261a17, 15-08-2015, 2, 13.73
6261a17, 15-08-2015, 4, 13.77
6261a17, 15-08-2015, 8, 13.77
6261a17, 15-08-2015, 16, 13.78
6261a17, 15-08-2015, 32, 13.85
6261a17, 15-08-2015, 64, 14.72
6261a17, 15-08-2015, 128, 14.88
6261a17, 15-08-2015, 256, 15.41
6261a17, 15-08-2015, 512, 15.96
6261a17, 15-08-2015, 1024, 17.41
6261a17, 15-08-2015, 2048, 19.71
6261a17, 15-08-2015, 4096, 24.63
6261a17, 15-08-2015, 8192, 29.25
6261a17, 15-08-2015, 16384, 50.59
6261a17, 15-08-2015, 32768, 68.60
6261a17, 15-08-2015, 65536, 104.56
6261a17, 15-08-2015, 131072, 168.06
6261a17, 15-08-2015, 262144, 293.06
6261a17, 15-08-2015, 524288, 542.15
6261a17, 15-08-2015, 1048576, 1167.19
6261a17, 15-08-2015, 2097152, 2560.25
6261a17, 15-08-2015, 4194304, 5264.00
081ce4e, 18-08-2015, 1, 13.86
081ce4e, 18-08-2015, 2, 13.87
081ce4e, 18-08-2015, 4, 13.86
081ce4e, 18-08-2015, 8, 13.90
081ce4e, 18-08-2015, 16, 13.88
081ce4e, 18-08-2015, 32, 13.92
081ce4e, 18-08-2015, 64, 14.62
081ce4e, 18-08-2015, 128, 14.82
081ce4e, 18-08-2015, 256, 15.51
081ce4e, 18-08-2015, 512, 16.09
081ce4e, 18-08-2015, 1024, 17.38
081ce4e, 18-08-2015, 2048, 19.74
081ce4e, 18-08-2015, 4096, 24.68
081ce4e, 18-08-2015, 8192, 29.43
081ce4e, 18-08-2015, 16384, 50.94
081ce4e, 18-08-2015, 32768, 68.96
081ce4e, 18-08-2015, 65536, 104.90
081ce4e, 18-08-2015, 131072, 167.37
081ce4e, 18-08-2015, 262144, 292.73
081ce4e, 18-08-2015, 524288, 542.21
081ce4e, 18-08-2015, 1048576, 1167.50
081ce4e, 18-08-2015, 2097152, 2565.22
081ce4e, 18-08-2015, 4194304, 5263.66
358d028, 19-08-2015, 1, 13.89
358d028, 19-08-2015, 2, 13.84
358d028, 19-08-2015, 4, 13.87
358d028, 19-08-2015, 8, 13.84
358d028, 19-08-2015, 16, 13.84
358d028, 19-08-2015, 32, 13.97
358d028, 19-08-2015, 64, 14.59
358d028, 19-08-2015, 128, 14.84
358d028, 19-08-2015, 256, 15.59
358d028, 19-08-2015, 512, 16.14
358d028, 19-08-2015, 1024, 17.50
358d028, 19-08-2015, 2048, 19.84
358d028, 19-08-2015, 4096, 24.85
358d028, 19-08-2015, 8192, 29.51
358d028, 19-08-2015, 16384, 50.67
358d028, 19-08-2015, 32768, 68.54
358d028, 19-08-2015, 65536, 104.59
358d028, 19-08-2015, 131072, 168.20
358d028, 19-08-2015, 262144, 293.31
358d028, 19-08-2015, 524288, 542.69
358d028, 19-08-2015, 1048576, 1168.74
358d028, 19-08-2015, 2097152, 2563.94
358d028, 19-08-2015, 4194304, 5268.32
f565790, 21-08-2015, 1, 14.63
f565790, 21-08-2015, 2, 14.52
f565790, 21-08-2015, 4, 14.56
f565790, 21-08-2015, 8, 14.57
f565790, 21-08-2015, 16, 14.63
f565790, 21-08-2015, 32, 14.77
f565790, 21-08-2015, 64, 15.57
f565790, 21-08-2015, 128, 15.72
f565790, 21-08-2015, 256, 16.45
f565790, 21-08-2015, 512, 16.97
f565790, 21-08-2015, 1024, 18.29
f565790, 21-08-2015, 2048, 20.63
f565790, 21-08-2015, 4096, 25.72
f565790, 21-08-2015, 8192, 30.35
f565790, 21-08-2015, 16384, 51.51
f565790, 21-08-2015, 32768, 69.73
f565790, 21-08-2015, 65536, 105.75
f565790, 21-08-2015, 131072, 168.98
f565790, 21-08-2015, 262144, 294.35
f565790, 21-08-2015, 524288, 543.67
f565790, 21-08-2015, 1048576, 1168.51
f565790, 21-08-2015, 2097152, 2560.49
f565790, 21-08-2015, 4194304, 5262.07
3cbff1b, 26-08-2015, 1, 14.70
3cbff1b, 26-08-2015, 2, 14.61
3cbff1b, 26-08-2015, 4, 14.63
3cbff1b, 26-08-2015, 8, 14.64
3cbff1b, 26-08-2015, 16, 14.64
3cbff1b, 26-08-2015, 32, 14.68
3cbff1b, 26-08-2015, 64, 15.49
3cbff1b, 26-08-2015, 128, 15.57
3cbff1b, 26-08-2015, 256, 16.31
3cbff1b, 26-08-2015, 512, 16.89
3cbff1b, 26-08-2015, 1024, 18.24
3cbff1b, 26-08-2015, 2048, 20.54
3cbff1b, 26-08-2015, 4096, 25.46
3cbff1b, 26-08-2015, 8192, 30.16
3cbff1b, 26-08-2015, 16384, 51.85
3cbff1b, 26-08-2015, 32768, 69.97
3cbff1b, 26-08-2015, 65536, 105.63
3cbff1b, 26-08-2015, 131072, 168.71
3cbff1b, 26-08-2015, 262144, 294.27
3cbff1b, 26-08-2015, 524288, 543.99
3cbff1b, 26-08-2015, 1048576, 1168.97
3cbff1b, 26-08-2015, 2097152, 2563.03
3cbff1b, 26-08-2015, 4194304, 5266.94
107ed41, 27-08-2015, 1, 14.68
107ed41, 27-08-2015, 2, 14.64
107ed41, 27-08-2015, 4, 14.66
107ed41, 27-08-2015, 8, 14.67
107ed41, 27-08-2015, 16, 14.65
107ed41, 27-08-2015, 32, 14.74
107ed41, 27-08-2015, 64, 15.55
107ed41, 27-08-2015, 128, 15.74
107ed41, 27-08-2015, 256, 16.46
107ed41, 27-08-2015, 512, 17.05
107ed41, 27-08-2015, 1024, 18.32
107ed41, 27-08-2015, 2048, 20.62
107ed41, 27-08-2015, 4096, 25.58
107ed41, 27-08-2015, 8192, 30.55
107ed41, 27-08-2015, 16384, 51.83
107ed41, 27-08-2015, 32768, 69.87
107ed41, 27-08-2015, 65536, 105.96
107ed41, 27-08-2015, 131072, 168.47
107ed41, 27-08-2015, 262144, 294.28
107ed41, 27-08-2015, 524288, 543.50
107ed41, 27-08-2015, 1048576, 1167.97
107ed41, 27-08-2015, 2097152, 2560.04
107ed41, 27-08-2015, 4194304, 5261.41
4e631e5, 20-09-2015, 1, 14.59
4e631e5, 20-09-2015, 2, 14.52
4e631e5, 20-09-2015, 4, 14.58
4e631e5, 20-09-2015, 8, 14.27
4e631e5, 20-09-2015, 16, 14.37
4e631e5, 20-09-2015, 32, 14.31
4e631e5, 20-09-2015, 64, 15.05
4e631e5, 20-09-2015, 128, 15.18
4e631e5, 20-09-2015, 256, 15.53
4e631e5, 20-09-2015, 512, 16.16
4e631e5, 20-09-2015, 1024, 17.32
4e631e5, 20-09-2015, 2048, 20.04
4e631e5, 20-09-2015, 4096, 24.98
4e631e5, 20-09-2015, 8192, 29.69
4e631e5, 20-09-2015, 16384, 67.82
4e631e5, 20-09-2015, 32768, 115.32
4e631e5, 20-09-2015, 65536, 130.96
4e631e5, 20-09-2015, 131072, 175.10
4e631e5, 20-09-2015, 262144, 302.65
4e631e5, 20-09-2015, 524288, 554.89
4e631e5, 20-09-2015, 1048576, 1063.64
4e631e5, 20-09-2015, 2097152, 2086.67
4e631e5, 20-09-2015, 4194304, 4120.48
14bd43a, 22-09-2015, 1, 13.97
14bd43a, 22-09-2015, 2, 13.90
14bd43a, 22-09-2015, 4, 13.92
14bd43a, 22-09-2015, 8, 13.94
14bd43a, 22-09-2015, 16, 14.09
14bd43a, 22-09-2015, 32, 14.00
14bd43a, 22-09-2015, 64, 14.62
14bd43a, 22-09-2015, 128, 14.75
14bd43a, 22-09-2015, 256, 15.11
14bd43a, 22-09-2015, 512, 15.66
14bd43a, 22-09-2015, 1024, 16.96
14bd43a, 22-09-2015, 2048, 19.35
14bd43a, 22-09-2015, 4096, 24.04
14bd43a, 22-09-2015, 8192, 28.43
14bd43a, 22-09-2015, 16384, 49.98
14bd43a, 22-09-2015, 32768, 69.22
14bd43a, 22-09-2015, 65536, 109.27
14bd43a, 22-09-2015, 131072, 172.35
14bd43a, 22-09-2015, 262144, 299.81
14bd43a, 22-09-2015, 524288, 557.30
14bd43a, 22-09-2015, 1048576, 1062.01
14bd43a, 22-09-2015, 2097152, 2085.37
14bd43a, 22-09-2015, 4194304, 4116.82
f77fcee, 23-09-2015, 1, 14.12
f77fcee, 23-09-2015, 2, 14.08
f77fcee, 23-09-2015, 4, 14.10
f77fcee, 23-09-2015, 8, 14.11
f77fcee, 23-09-2015, 16, 14.18
f77fcee, 23-09-2015, 32, 14.07
f77fcee, 23-09-2015, 64, 14.70
f77fcee, 23-09-2015, 128, 14.89
f77fcee, 23-09-2015, 256, 15.36
f77fcee, 23-09-2015, 512, 15.83
f77fcee, 23-09-2015, 1024, 17.00
f77fcee, 23-09-2015, 2048, 19.42
f77fcee, 23-09-2015, 4096, 24.13
f77fcee, 23-09-2015, 8192, 28.56
f77fcee, 23-09-2015, 16384, 50.00
f77fcee, 23-09-2015, 32768, 68.92
f77fcee, 23-09-2015, 65536, 108.83
f77fcee, 23-09-2015, 131072, 171.70
f77fcee, 23-09-2015, 262144, 304.03
f77fcee, 23-09-2015, 524288, 555.09
f77fcee, 23-09-2015, 1048576, 1061.89
f77fcee, 23-09-2015, 2097152, 2086.01
f77fcee, 23-09-2015, 4194304, 4107.09
d58441a, 29-09-2015, 1, 14.06
d58441a, 29-09-2015, 2, 14.05
d58441a, 29-09-2015, 4, 14.05
d58441a, 29-09-2015, 8, 14.04
d58441a, 29-09-2015, 16, 14.15
d58441a, 29-09-2015, 32, 13.99
d58441a, 29-09-2015, 64, 14.59
d58441a, 29-09-2015, 128, 14.74
d58441a, 29-09-2015, 256, 15.27
d58441a, 29-09-2015, 512, 15.96
d58441a, 29-09-2015, 1024, 17.15
d58441a, 29-09-2015, 2048, 19.54
d58441a, 29-09-2015, 4096, 24.23
d58441a, 29-09-2015, 8192, 28.66
d58441a, 29-09-2015, 16384, 49.98
d58441a, 29-09-2015, 32768, 68.07
d58441a, 29-09-2015, 65536, 109.53
d58441a, 29-09-2015, 131072, 171.46
d58441a, 29-09-2015, 262144, 299.40
d58441a, 29-09-2015, 524288, 558.70
d58441a, 29-09-2015, 1048576, 1064.63
d58441a, 29-09-2015, 2097152, 2089.46
d58441a, 29-09-2015, 4194304, 4121.60
1e4521d, 30-09-2015, 1, 14.24
1e4521d, 30-09-2015, 2, 14.13
1e4521d, 30-09-2015, 4, 14.18
1e4521d, 30-09-2015, 8, 14.17
1e4521d, 30-09-2015, 16, 14.26
1e4521d, 30-09-2015, 32, 14.19
1e4521d, 30-09-2015, 64, 14.80
1e4521d, 30-09-2015, 128, 14.99
1e4521d, 30-09-2015, 256, 15.48
1e4521d, 30-09-2015, 512, 15.91
1e4521d, 30-09-2015, 1024, 17.16
1e4521d, 30-09-2015, 2048, 19.55
1e4521d, 30-09-2015, 4096, 24.27
1e4521d, 30-09-2015, 8192, 28.55
1e4521d, 30-09-2015, 16384, 50.19
1e4521d, 30-09-2015, 32768, 68.59
1e4521d, 30-09-2015, 65536, 109.57
1e4521d, 30-09-2015, 131072, 172.26
1e4521d, 30-09-2015, 262144, 305.30
1e4521d, 30-09-2015, 524288, 555.38
1e4521d, 30-09-2015, 1048576, 1062.11
1e4521d, 30-09-2015, 2097152, 2085.69
1e4521d, 30-09-2015, 4194304, 4113.66
a3e9a3f, 02-10-2015, 1, 14.12
a3e9a3f, 02-10-2015, 2, 14.08
a3e9a3f, 02-10-2015, 4, 14.11
a3e9a3f, 02-10-2015, 8, 14.12
a3e9a3f, 02-10-2015, 16, 14.31
a3e9a3f, 02-10-2015, 32, 14.20
a3e9a3f, 02-10-2015, 64, 14.83
a3e9a3f, 02-10-2015, 128, 14.96
a3e9a3f, 02-10-2015, 256, 15.34
a3e9a3f, 02-10-2015, 512, 15.93
a3e9a3f, 02-10-2015, 1024, 17.11
a3e9a3f, 02-10-2015, 2048, 19.52
a3e9a3f, 02-10-2015, 4096, 24.19
a3e9a3f, 02-10-2015, 8192, 28.69
a3e9a3f, 02-10-2015, 16384, 49.63
a3e9a3f, 02-10-2015, 32768, 69.62
a3e9a3f, 02-10-2015, 65536, 109.56
a3e9a3f, 02-10-2015, 131072, 172.48
a3e9a3f, 02-10-2015, 262144, 306.07
a3e9a3f, 02-10-2015, 524288, 556.39
a3e9a3f, 02-10-2015, 1048576, 1062.54
a3e9a3f, 02-10-2015, 2097152, 2184.10
a3e9a3f, 02-10-2015, 4194304, 4108.56
83cc2d8, 16-10-2015, 1, 17.08
83cc2d8, 16-10-2015, 2, 13.51
83cc2d8, 16-10-2015, 4, 13.60
83cc2d8, 16-10-2015, 8, 13.53
83cc2d8, 16-10-2015, 16, 13.63
83cc2d8, 16-10-2015, 32, 13.56
83cc2d8, 16-10-2015, 64, 14.22
83cc2d8, 16-10-2015, 128, 14.36
83cc2d8, 16-10-2015, 256, 14.73
83cc2d8, 16-10-2015, 512, 15.33
83cc2d8, 16-10-2015, 1024, 16.46
83cc2d8, 16-10-2015, 2048, 18.87
83cc2d8, 16-10-2015, 4096, 23.47
83cc2d8, 16-10-2015, 8192, 27.86
83cc2d8, 16-10-2015, 16384, 49.59
83cc2d8, 16-10-2015, 32768, 68.81
83cc2d8, 16-10-2015, 65536, 109.24
83cc2d8, 16-10-2015, 131072, 171.38
83cc2d8, 16-10-2015, 262144, 299.22
83cc2d8, 16-10-2015, 524288, 556.46
83cc2d8, 16-10-2015, 1048576, 1062.03
83cc2d8, 16-10-2015, 2097152, 2084.84
83cc2d8, 16-10-2015, 4194304, 4109.07
6d53791, 19-10-2015, 1, 16.54
6d53791, 19-10-2015, 2, 13.80
6d53791, 19-10-2015, 4, 13.90
6d53791, 19-10-2015, 8, 13.84
6d53791, 19-10-2015, 16, 14.02
6d53791, 19-10-2015, 32, 13.91
6d53791, 19-10-2015, 64, 14.51
6d53791, 19-10-2015, 128, 14.65
6d53791, 19-10-2015, 256, 15.05
6d53791, 19-10-2015, 512, 15.64
6d53791, 19-10-2015, 1024, 16.75
6d53791, 19-10-2015, 2048, 19.17
6d53791, 19-10-2015, 4096, 23.88
6d53791, 19-10-2015, 8192, 28.32
6d53791, 19-10-2015, 16384, 49.93
6d53791, 19-10-2015, 32768, 68.96
6d53791, 19-10-2015, 65536, 108.98
6d53791, 19-10-2015, 131072, 172.10
6d53791, 19-10-2015, 262144, 299.56
6d53791, 19-10-2015, 524288, 556.94
6d53791, 19-10-2015, 1048576, 1061.20
6d53791, 19-10-2015, 2097152, 2084.14
6d53791, 19-10-2015, 4194304, 4105.60
dc20125, 20-10-2015, 1, 18.13
dc20125, 20-10-2015, 2, 14.05
dc20125, 20-10-2015, 4, 14.03
dc20125, 20-10-2015, 8, 14.10
dc20125, 20-10-2015, 16, 14.08
dc20125, 20-10-2015, 32, 14.05
dc20125, 20-10-2015, 64, 14.66
dc20125, 20-10-2015, 128, 14.84
dc20125, 20-10-2015, 256, 15.32
dc20125, 20-10-2015, 512, 15.82
dc20125, 20-10-2015, 1024, 17.02
dc20125, 20-10-2015, 2048, 19.37
dc20125, 20-10-2015, 4096, 24.11
dc20125, 20-10-2015, 8192, 28.43
dc20125, 20-10-2015, 16384, 50.19
dc20125, 20-10-2015, 32768, 71.10
dc20125, 20-10-2015, 65536, 109.17
dc20125, 20-10-2015, 131072, 172.42
dc20125, 20-10-2015, 262144, 301.21
dc20125, 20-10-2015, 524288, 554.29
dc20125, 20-10-2015, 1048576, 1062.53
dc20125, 20-10-2015, 2097152, 2086.09
dc20125, 20-10-2015, 4194304, 4117.33
bb7445c, 07-01-2016, 1, 18.07
bb7445c, 07-01-2016, 2, 13.46
bb7445c, 07-01-2016, 4, 13.38
bb7445c, 07-01-2016, 8, 13.40
bb7445c, 07-01-2016, 16, 13.58
bb7445c, 07-01-2016, 32, 13.47
bb7445c, 07-01-2016, 64, 14.39
bb7445c, 07-01-2016, 128, 14.48
bb7445c, 07-01-2016, 256, 15.10
bb7445c, 07-01-2016, 512, 15.62
bb7445c, 07-01-2016, 1024, 16.92
bb7445c, 07-01-2016, 2048, 19.22
bb7445c, 07-01-2016, 4096, 24.13
bb7445c, 07-01-2016, 8192, 28.64
bb7445c, 07-01-2016, 16384, 60.45
bb7445c, 07-01-2016, 32768, 105.49
bb7445c, 07-01-2016, 65536, 210.21
bb7445c, 07-01-2016, 131072, 233.09
bb7445c, 07-01-2016, 262144, 434.83
bb7445c, 07-01-2016, 524288, 564.23
bb7445c, 07-01-2016, 1048576, 1068.63
bb7445c, 07-01-2016, 2097152, 2139.59
bb7445c, 07-01-2016, 4194304, 4247.24
26a67a7, 27-02-2016, 1, 14.77
26a67a7, 27-02-2016, 2, 11.09
26a67a7, 27-02-2016, 4, 10.79
26a67a7, 27-02-2016, 8, 10.83
26a67a7, 27-02-2016, 16, 10.86
26a67a7, 27-02-2016, 32, 11.08
26a67a7, 27-02-2016, 64, 10.91
26a67a7, 27-02-2016, 128, 11.89
26a67a7, 27-02-2016, 256, 12.56
26a67a7, 27-02-2016, 512, 13.06
26a67a7, 27-02-2016, 1024, 14.45
26a67a7, 27-02-2016, 2048, 16.83
26a67a7, 27-02-2016, 4096, 21.86
26a67a7, 27-02-2016, 8192, 26.42
26a67a7, 27-02-2016, 16384, 50.87
26a67a7, 27-02-2016, 32768, 115.33
26a67a7, 27-02-2016, 65536, 215.86
26a67a7, 27-02-2016, 131072, 252.90
26a67a7, 27-02-2016, 262144, 329.70
26a67a7, 27-02-2016, 524288, 612.03
26a67a7, 27-02-2016, 1048576, 1178.52
26a67a7, 27-02-2016, 2097152, 2550.84
26a67a7, 27-02-2016, 4194304, 4721.44
9f670f4, 28-02-2016, 1, 15.07
9f670f4, 28-02-2016, 2, 11.17
9f670f4, 28-02-2016, 4, 10.86
9f670f4, 28-02-2016, 8, 10.88
9f670f4, 28-02-2016, 16, 10.87
9f670f4, 28-02-2016, 32, 11.12
9f670f4, 28-02-2016, 64, 11.01
9f670f4, 28-02-2016, 128, 11.97
9f670f4, 28-02-2016, 256, 12.68
9f670f4, 28-02-2016, 512, 13.12
9f670f4, 28-02-2016, 1024, 14.42
9f670f4, 28-02-2016, 2048, 16.86
9f670f4, 28-02-2016, 4096, 21.92
9f670f4, 28-02-2016, 8192, 26.49
9f670f4, 28-02-2016, 16384, 61.20
9f670f4, 28-02-2016, 32768, 110.90
9f670f4, 28-02-2016, 65536, 197.67
9f670f4, 28-02-2016, 131072, 249.17
9f670f4, 28-02-2016, 262144, 329.72
9f670f4, 28-02-2016, 524288, 612.15
9f670f4, 28-02-2016, 1048576, 1179.50
9f670f4, 28-02-2016, 2097152, 2513.35
9f670f4, 28-02-2016, 4194304, 4715.83
35d6e5d, 29-02-2016, 1, 14.74
35d6e5d, 29-02-2016, 2, 10.90
35d6e5d, 29-02-2016, 4, 10.42
35d6e5d, 29-02-2016, 8, 10.64
35d6e5d, 29-02-2016, 16, 10.72
35d6e5d, 29-02-2016, 32, 10.94
35d6e5d, 29-02-2016, 64, 10.86
35d6e5d, 29-02-2016, 128, 11.85
35d6e5d, 29-02-2016, 256, 12.80
35d6e5d, 29-02-2016, 512, 13.06
35d6e5d, 29-02-2016, 1024, 14.45
35d6e5d, 29-02-2016, 2048, 17.00
35d6e5d, 29-02-2016, 4096, 22.23
35d6e5d, 29-02-2016, 8192, 26.88
35d6e5d, 29-02-2016, 16384, 64.98
35d6e5d, 29-02-2016, 32768, 95.46
35d6e5d, 29-02-2016, 65536, 211.28
35d6e5d, 29-02-2016, 131072, 230.85
35d6e5d, 29-02-2016, 262144, 329.53
35d6e5d, 29-02-2016, 524288, 611.31
35d6e5d, 29-02-2016, 1048576, 1178.36
35d6e5d, 29-02-2016, 2097152, 2507.32
35d6e5d, 29-02-2016, 4194304, 4718.53
b3d3254, 01-03-2016, 1, 15.20
b3d3254, 01-03-2016, 2, 11.25
b3d3254, 01-03-2016, 4, 10.92
b3d3254, 01-03-2016, 8, 10.98
b3d3254, 01-03-2016, 16, 11.02
b3d3254, 01-03-2016, 32, 11.30
b3d3254, 01-03-2016, 64, 11.20
b3d3254, 01-03-2016, 128, 12.15
b3d3254, 01-03-2016, 256, 12.83
b3d3254, 01-03-2016, 512, 13.29
b3d3254, 01-03-2016, 1024, 14.61
b3d3254, 01-03-2016, 2048, 17.06
b3d3254, 01-03-2016, 4096, 22.13
b3d3254, 01-03-2016, 8192, 26.73
b3d3254, 01-03-2016, 16384, 65.86
b3d3254, 01-03-2016, 32768, 88.48
b3d3254, 01-03-2016, 65536, 212.43
b3d3254, 01-03-2016, 131072, 224.59
b3d3254, 01-03-2016, 262144, 329.99
b3d3254, 01-03-2016, 524288, 612.22
b3d3254, 01-03-2016, 1048576, 1179.46
b3d3254, 01-03-2016, 2097152, 2494.18
b3d3254, 01-03-2016, 4194304, 4717.54
efeeafd, 02-03-2016, 1, 14.80
efeeafd, 02-03-2016, 2, 11.13
efeeafd, 02-03-2016, 4, 10.86
efeeafd, 02-03-2016, 8, 10.90
efeeafd, 02-03-2016, 16, 10.87
efeeafd, 02-03-2016, 32, 11.04
efeeafd, 02-03-2016, 64, 10.86
efeeafd, 02-03-2016, 128, 12.05
efeeafd, 02-03-2016, 256, 12.65
efeeafd, 02-03-2016, 512, 13.18
efeeafd, 02-03-2016, 1024, 14.51
efeeafd, 02-03-2016, 2048, 16.94
efeeafd, 02-03-2016, 4096, 22.01
efeeafd, 02-03-2016, 8192, 26.57
efeeafd, 02-03-2016, 16384, 52.17
efeeafd, 02-03-2016, 32768, 103.54
efeeafd, 02-03-2016, 65536, 214.86
efeeafd, 02-03-2016, 131072, 242.25
efeeafd, 02-03-2016, 262144, 331.49
efeeafd, 02-03-2016, 524288, 614.37
efeeafd, 02-03-2016, 1048576, 1184.40
efeeafd, 02-03-2016, 2097152, 2531.94
efeeafd, 02-03-2016, 4194304, 4728.33
1c0b6c5, 04-03-2016, 1, 14.78
1c0b6c5, 04-03-2016, 2, 10.99
1c0b6c5, 04-03-2016, 4, 10.69
1c0b6c5, 04-03-2016, 8, 10.72
1c0b6c5, 04-03-2016, 16, 10.67
1c0b6c5, 04-03-2016, 32, 11.00
1c0b6c5, 04-03-2016, 64, 11.07
1c0b6c5, 04-03-2016, 128, 11.85
1c0b6c5, 04-03-2016, 256, 13.01
1c0b6c5, 04-03-2016, 512, 13.02
1c0b6c5, 04-03-2016, 1024, 14.32
1c0b6c5, 04-03-2016, 2048, 16.83
1c0b6c5, 04-03-2016, 4096, 21.77
1c0b6c5, 04-03-2016, 8192, 26.52
1c0b6c5, 04-03-2016, 16384, 65.31
1c0b6c5, 04-03-2016, 32768, 88.09
1c0b6c5, 04-03-2016, 65536, 212.53
1c0b6c5, 04-03-2016, 131072, 224.44
1c0b6c5, 04-03-2016, 262144, 330.73
1c0b6c5, 04-03-2016, 524288, 613.96
1c0b6c5, 04-03-2016, 1048576, 1184.03
1c0b6c5, 04-03-2016, 2097152, 2448.75
1c0b6c5, 04-03-2016, 4194304, 4733.07
f80054d, 05-03-2016, 1, 14.59
f80054d, 05-03-2016, 2, 10.97
f80054d, 05-03-2016, 4, 10.62
f80054d, 05-03-2016, 8, 10.63
f80054d, 05-03-2016, 16, 10.63
f80054d, 05-03-2016, 32, 10.86
f80054d, 05-03-2016, 64, 10.81
f80054d, 05-03-2016, 128, 11.73
f80054d, 05-03-2016, 256, 12.47
f80054d, 05-03-2016, 512, 12.96
f80054d, 05-03-2016, 1024, 14.28
f80054d, 05-03-2016, 2048, 16.75
f80054d, 05-03-2016, 4096, 21.77
f80054d, 05-03-2016, 8192, 26.40
f80054d, 05-03-2016, 16384, 65.33
f80054d, 05-03-2016, 32768, 91.72
f80054d, 05-03-2016, 65536, 211.98
f80054d, 05-03-2016, 131072, 227.18
f80054d, 05-03-2016, 262144, 330.38
f80054d, 05-03-2016, 524288, 613.89
f80054d, 05-03-2016, 1048576, 1183.63
f80054d, 05-03-2016, 2097152, 2515.93
f80054d, 05-03-2016, 4194304, 4726.93
7c9c5a8, 06-03-2016, 1, 14.77
7c9c5a8, 06-03-2016, 2, 11.11
7c9c5a8, 06-03-2016, 4, 10.81
7c9c5a8, 06-03-2016, 8, 10.88
7c9c5a8, 06-03-2016, 16, 10.87
7c9c5a8, 06-03-2016, 32, 11.06
7c9c5a8, 06-03-2016, 64, 10.97
7c9c5a8, 06-03-2016, 128, 12.00
7c9c5a8, 06-03-2016, 256, 12.62
7c9c5a8, 06-03-2016, 512, 13.11
7c9c5a8, 06-03-2016, 1024, 14.42
7c9c5a8, 06-03-2016, 2048, 16.84
7c9c5a8, 06-03-2016, 4096, 21.92
7c9c5a8, 06-03-2016, 8192, 26.56
7c9c5a8, 06-03-2016, 16384, 55.71
7c9c5a8, 06-03-2016, 32768, 114.11
7c9c5a8, 06-03-2016, 65536, 212.51
7c9c5a8, 06-03-2016, 131072, 253.74
7c9c5a8, 06-03-2016, 262144, 331.27
7c9c5a8, 06-03-2016, 524288, 614.77
7c9c5a8, 06-03-2016, 1048576, 1183.59
7c9c5a8, 06-03-2016, 2097152, 2544.48
7c9c5a8, 06-03-2016, 4194304, 4726.63
9d77b21, 07-03-2016, 1, 14.43
9d77b21, 07-03-2016, 2, 10.76
9d77b21, 07-03-2016, 4, 10.38
9d77b21, 07-03-2016, 8, 10.39
9d77b21, 07-03-2016, 16, 10.38
9d77b21, 07-03-2016, 32, 10.58
9d77b21, 07-03-2016, 64, 10.39
9d77b21, 07-03-2016, 128, 11.59
9d77b21, 07-03-2016, 256, 12.20
9d77b21, 07-03-2016, 512, 12.72
9d77b21, 07-03-2016, 1024, 14.09
9d77b21, 07-03-2016, 2048, 16.45
9d77b21, 07-03-2016, 4096, 21.40
9d77b21, 07-03-2016, 8192, 26.04
9d77b21, 07-03-2016, 16384, 65.27
9d77b21, 07-03-2016, 32768, 101.42
9d77b21, 07-03-2016, 65536, 216.57
9d77b21, 07-03-2016, 131072, 238.22
9d77b21, 07-03-2016, 262144, 330.25
9d77b21, 07-03-2016, 524288, 613.96
9d77b21, 07-03-2016, 1048576, 1182.74
9d77b21, 07-03-2016, 2097152, 2531.32
9d77b21, 07-03-2016, 4194304, 4730.63
22d7896, 08-03-2016, 1, 14.42
22d7896, 08-03-2016, 2, 10.82
22d7896, 08-03-2016, 4, 10.45
22d7896, 08-03-2016, 8, 10.50
22d7896, 08-03-2016, 16, 10.55
22d7896, 08-03-2016, 32, 10.79
22d7896, 08-03-2016, 64, 10.69
22d7896, 08-03-2016, 128, 11.67
22d7896, 08-03-2016, 256, 12.27
22d7896, 08-03-2016, 512, 12.77
22d7896, 08-03-2016, 1024, 14.14
22d7896, 08-03-2016, 2048, 16.53
22d7896, 08-03-2016, 4096, 21.54
22d7896, 08-03-2016, 8192, 26.20
22d7896, 08-03-2016, 16384, 64.78
22d7896, 08-03-2016, 32768, 103.36
22d7896, 08-03-2016, 65536, 212.84
22d7896, 08-03-2016, 131072, 239.75
22d7896, 08-03-2016, 262144, 330.49
22d7896, 08-03-2016, 524288, 613.99
22d7896, 08-03-2016, 1048576, 1183.03
22d7896, 08-03-2016, 2097152, 2522.80
22d7896, 08-03-2016, 4194304, 4728.14
4b8198f, 09-03-2016, 1, 14.32
4b8198f, 09-03-2016, 2, 10.77
4b8198f, 09-03-2016, 4, 10.43
4b8198f, 09-03-2016, 8, 10.52
4b8198f, 09-03-2016, 16, 10.50
4b8198f, 09-03-2016, 32, 10.71
4b8198f, 09-03-2016, 64, 10.60
4b8198f, 09-03-2016, 128, 11.83
4b8198f, 09-03-2016, 256, 12.64
4b8198f, 09-03-2016, 512, 12.95
4b8198f, 09-03-2016, 1024, 14.38
4b8198f, 09-03-2016, 2048, 16.91
4b8198f, 09-03-2016, 4096, 21.96
4b8198f, 09-03-2016, 8192, 26.68
4b8198f, 09-03-2016, 16384, 64.98
4b8198f, 09-03-2016, 32768, 96.86
4b8198f, 09-03-2016, 65536, 211.06
4b8198f, 09-03-2016, 131072, 231.74
4b8198f, 09-03-2016, 262144, 330.65
4b8198f, 09-03-2016, 524288, 613.57
4b8198f, 09-03-2016, 1048576, 1183.21
4b8198f, 09-03-2016, 2097152, 2517.04
4b8198f, 09-03-2016, 4194304, 4729.77
4b8198f, 10-03-2016, 1, 15.00
4b8198f, 10-03-2016, 2, 11.30
4b8198f, 10-03-2016, 4, 11.06
4b8198f, 10-03-2016, 8, 11.10
4b8198f, 10-03-2016, 16, 11.11
4b8198f, 10-03-2016, 32, 11.30
4b8198f, 10-03-2016, 64, 11.18
4b8198f, 10-03-2016, 128, 12.12
4b8198f, 10-03-2016, 256, 12.77
4b8198f, 10-03-2016, 512, 13.26
4b8198f, 10-03-2016, 1024, 14.62
4b8198f, 10-03-2016, 2048, 17.13
4b8198f, 10-03-2016, 4096, 22.10
4b8198f, 10-03-2016, 8192, 26.80
4b8198f, 10-03-2016, 16384, 57.09
4b8198f, 10-03-2016, 32768, 104.34
4b8198f, 10-03-2016, 65536, 211.78
4b8198f, 10-03-2016, 131072, 241.78
4b8198f, 10-03-2016, 262144, 331.27
4b8198f, 10-03-2016, 524288, 614.18
4b8198f, 10-03-2016, 1048576, 1184.66
4b8198f, 10-03-2016, 2097152, 2531.72
4b8198f, 10-03-2016, 4194304, 4727.14
601ac5a, 11-03-2016, 1, 14.83
601ac5a, 11-03-2016, 2, 11.04
601ac5a, 11-03-2016, 4, 10.68
601ac5a, 11-03-2016, 8, 10.72
601ac5a, 11-03-2016, 16, 10.74
601ac5a, 11-03-2016, 32, 10.95
601ac5a, 11-03-2016, 64, 10.80
601ac5a, 11-03-2016, 128, 11.75
601ac5a, 11-03-2016, 256, 12.43
601ac5a, 11-03-2016, 512, 12.96
601ac5a, 11-03-2016, 1024, 14.29
601ac5a, 11-03-2016, 2048, 16.76
601ac5a, 11-03-2016, 4096, 21.74
601ac5a, 11-03-2016, 8192, 26.40
601ac5a, 11-03-2016, 16384, 65.06
601ac5a, 11-03-2016, 32768, 91.37
601ac5a, 11-03-2016, 65536, 212.64
601ac5a, 11-03-2016, 131072, 225.19
601ac5a, 11-03-2016, 262144, 330.90
601ac5a, 11-03-2016, 524288, 613.94
601ac5a, 11-03-2016, 1048576, 1183.89
601ac5a, 11-03-2016, 2097152, 2507.17
601ac5a, 11-03-2016, 4194304, 4727.06
601ac5a, 12-03-2016, 1, 14.60
601ac5a, 12-03-2016, 2, 10.84
601ac5a, 12-03-2016, 4, 10.41
601ac5a, 12-03-2016, 8, 10.46
601ac5a, 12-03-2016, 16, 10.50
601ac5a, 12-03-2016, 32, 10.79
601ac5a, 12-03-2016, 64, 10.71
601ac5a, 12-03-2016, 128, 11.65
601ac5a, 12-03-2016, 256, 12.35
601ac5a, 12-03-2016, 512, 12.83
601ac5a, 12-03-2016, 1024, 14.15
601ac5a, 12-03-2016, 2048, 16.61
601ac5a, 12-03-2016, 4096, 21.59
601ac5a, 12-03-2016, 8192, 26.30
601ac5a, 12-03-2016, 16384, 65.14
601ac5a, 12-03-2016, 32768, 101.17
601ac5a, 12-03-2016, 65536, 213.50
601ac5a, 12-03-2016, 131072, 238.19
601ac5a, 12-03-2016, 262144, 330.60
601ac5a, 12-03-2016, 524288, 614.14
601ac5a, 12-03-2016, 1048576, 1183.52
601ac5a, 12-03-2016, 2097152, 2523.50
601ac5a, 12-03-2016, 4194304, 4728.75
601ac5a, 14-03-2016, 1, 14.52
601ac5a, 14-03-2016, 2, 10.92
601ac5a, 14-03-2016, 4, 10.56
601ac5a, 14-03-2016, 8, 10.55
601ac5a, 14-03-2016, 16, 10.57
601ac5a, 14-03-2016, 32, 10.86
601ac5a, 14-03-2016, 64, 10.85
601ac5a, 14-03-2016, 128, 11.79
601ac5a, 14-03-2016, 256, 12.53
601ac5a, 14-03-2016, 512, 13.04
601ac5a, 14-03-2016, 1024, 14.32
601ac5a, 14-03-2016, 2048, 16.71
601ac5a, 14-03-2016, 4096, 21.77
601ac5a, 14-03-2016, 8192, 26.49
601ac5a, 14-03-2016, 16384, 61.76
601ac5a, 14-03-2016, 32768, 101.48
601ac5a, 14-03-2016, 65536, 211.99
601ac5a, 14-03-2016, 131072, 238.68
601ac5a, 14-03-2016, 262144, 331.06
601ac5a, 14-03-2016, 524288, 614.77
601ac5a, 14-03-2016, 1048576, 1183.40
601ac5a, 14-03-2016, 2097152, 2562.18
601ac5a, 14-03-2016, 4194304, 4727.94
4835edf, 15-03-2016, 1, 14.28
4835edf, 15-03-2016, 2, 10.83
4835edf, 15-03-2016, 4, 10.45
4835edf, 15-03-2016, 8, 10.67
4835edf, 15-03-2016, 16, 10.70
4835edf, 15-03-2016, 32, 10.76
4835edf, 15-03-2016, 64, 10.87
4835edf, 15-03-2016, 128, 11.97
4835edf, 15-03-2016, 256, 12.78
4835edf, 15-03-2016, 512, 13.20
4835edf, 15-03-2016, 1024, 14.57
4835edf, 15-03-2016, 2048, 17.08
4835edf, 15-03-2016, 4096, 22.28
4835edf, 15-03-2016, 8192, 27.04
4835edf, 15-03-2016, 16384, 66.22
4835edf, 15-03-2016, 32768, 114.06
4835edf, 15-03-2016, 65536, 214.07
4835edf, 15-03-2016, 131072, 253.43
4835edf, 15-03-2016, 262144, 331.61
4835edf, 15-03-2016, 524288, 614.52
4835edf, 15-03-2016, 1048576, 1184.27
4835edf, 15-03-2016, 2097152, 2383.45
4835edf, 15-03-2016, 4194304, 4747.71
4835edf, 16-03-2016, 1, 14.77
4835edf, 16-03-2016, 2, 11.07
4835edf, 16-03-2016, 4, 10.78
4835edf, 16-03-2016, 8, 10.83
4835edf, 16-03-2016, 16, 10.72
4835edf, 16-03-2016, 32, 10.81
4835edf, 16-03-2016, 64, 10.86
4835edf, 16-03-2016, 128, 11.90
4835edf, 16-03-2016, 256, 12.54
4835edf, 16-03-2016, 512, 13.04
4835edf, 16-03-2016, 1024, 14.39
4835edf, 16-03-2016, 2048, 16.86
4835edf, 16-03-2016, 4096, 21.94
4835edf, 16-03-2016, 8192, 26.51
4835edf, 16-03-2016, 16384, 65.72
4835edf, 16-03-2016, 32768, 114.30
4835edf, 16-03-2016, 65536, 212.10
4835edf, 16-03-2016, 131072, 252.91
4835edf, 16-03-2016, 262144, 331.14
4835edf, 16-03-2016, 524288, 614.08
4835edf, 16-03-2016, 1048576, 1184.10
4835edf, 16-03-2016, 2097152, 2383.80
4835edf, 16-03-2016, 4194304, 4897.91
4835edf, 17-03-2016, 1, 14.59
4835edf, 17-03-2016, 2, 10.89
4835edf, 17-03-2016, 4, 10.49
4835edf, 17-03-2016, 8, 10.56
4835edf, 17-03-2016, 16, 10.61
4835edf, 17-03-2016, 32, 10.73
4835edf, 17-03-2016, 64, 10.81
4835edf, 17-03-2016, 128, 11.89
4835edf, 17-03-2016, 256, 12.45
4835edf, 17-03-2016, 512, 12.95
4835edf, 17-03-2016, 1024, 14.22
4835edf, 17-03-2016, 2048, 16.74
4835edf, 17-03-2016, 4096, 21.75
4835edf, 17-03-2016, 8192, 26.34
4835edf, 17-03-2016, 16384, 65.55
4835edf, 17-03-2016, 32768, 114.31
4835edf, 17-03-2016, 65536, 213.57
4835edf, 17-03-2016, 131072, 254.94
4835edf, 17-03-2016, 262144, 331.25
4835edf, 17-03-2016, 524288, 614.14
4835edf, 17-03-2016, 1048576, 1190.73
4835edf, 17-03-2016, 2097152, 2396.86
4835edf, 17-03-2016, 4194304, 4903.89
29f9338, 18-03-2016, 1, 13.84
29f9338, 18-03-2016, 2, 11.43
29f9338, 18-03-2016, 4, 11.27
29f9338, 18-03-2016, 8, 11.27
29f9338, 18-03-2016, 16, 11.29
29f9338, 18-03-2016, 32, 11.35
29f9338, 18-03-2016, 64, 11.57
29f9338, 18-03-2016, 128, 12.43
29f9338, 18-03-2016, 256, 13.13
29f9338, 18-03-2016, 512, 13.61
29f9338, 18-03-2016, 1024, 14.93
29f9338, 18-03-2016, 2048, 17.37
29f9338, 18-03-2016, 4096, 22.45
29f9338, 18-03-2016, 8192, 27.15
29f9338, 18-03-2016, 16384, 66.19
29f9338, 18-03-2016, 32768, 114.44
29f9338, 18-03-2016, 65536, 213.97
29f9338, 18-03-2016, 131072, 254.13
29f9338, 18-03-2016, 262144, 331.93
29f9338, 18-03-2016, 524288, 615.27
29f9338, 18-03-2016, 1048576, 1183.72
29f9338, 18-03-2016, 2097152, 2384.66
29f9338, 18-03-2016, 4194304, 4842.00
540a515, 19-03-2016, 1, 14.74
540a515, 19-03-2016, 2, 10.97
540a515, 19-03-2016, 4, 10.58
540a515, 19-03-2016, 8, 10.63
540a515, 19-03-2016, 16, 10.71
540a515, 19-03-2016, 32, 10.81
540a515, 19-03-2016, 64, 10.90
540a515, 19-03-2016, 128, 11.93
540a515, 19-03-2016, 256, 12.57
540a515, 19-03-2016, 512, 13.04
540a515, 19-03-2016, 1024, 14.31
540a515, 19-03-2016, 2048, 16.78
540a515, 19-03-2016, 4096, 21.84
540a515, 19-03-2016, 8192, 26.48
540a515, 19-03-2016, 16384, 65.73
540a515, 19-03-2016, 32768, 114.02
540a515, 19-03-2016, 65536, 213.00
540a515, 19-03-2016, 131072, 253.63
540a515, 19-03-2016, 262144, 331.32
540a515, 19-03-2016, 524288, 614.93
540a515, 19-03-2016, 1048576, 1183.54
540a515, 19-03-2016, 2097152, 2383.35
540a515, 19-03-2016, 4194304, 4920.16
540a515, 20-03-2016, 1, 14.54
540a515, 20-03-2016, 2, 11.04
540a515, 20-03-2016, 4, 10.72
540a515, 20-03-2016, 8, 10.79
540a515, 20-03-2016, 16, 10.83
540a515, 20-03-2016, 32, 10.87
540a515, 20-03-2016, 64, 10.94
540a515, 20-03-2016, 128, 11.97
540a515, 20-03-2016, 256, 12.58
540a515, 20-03-2016, 512, 13.16
540a515, 20-03-2016, 1024, 14.44
540a515, 20-03-2016, 2048, 16.89
540a515, 20-03-2016, 4096, 22.04
540a515, 20-03-2016, 8192, 26.59
540a515, 20-03-2016, 16384, 65.37
540a515, 20-03-2016, 32768, 113.88
540a515, 20-03-2016, 65536, 212.33
540a515, 20-03-2016, 131072, 254.32
540a515, 20-03-2016, 262144, 331.53
540a515, 20-03-2016, 524288, 614.27
540a515, 20-03-2016, 1048576, 1184.55
540a515, 20-03-2016, 2097152, 2384.41
540a515, 20-03-2016, 4194304, 4902.71
8ef737d, 21-03-2016, 1, 14.75
8ef737d, 21-03-2016, 2, 11.17
8ef737d, 21-03-2016, 4, 10.86
8ef737d, 21-03-2016, 8, 10.88
8ef737d, 21-03-2016, 16, 10.88
8ef737d, 21-03-2016, 32, 10.95
8ef737d, 21-03-2016, 64, 11.14
8ef737d, 21-03-2016, 128, 11.96
8ef737d, 21-03-2016, 256, 12.66
8ef737d, 21-03-2016, 512, 13.22
8ef737d, 21-03-2016, 1024, 14.51
8ef737d, 21-03-2016, 2048, 16.97
8ef737d, 21-03-2016, 4096, 22.00
8ef737d, 21-03-2016, 8192, 26.71
8ef737d, 21-03-2016, 16384, 66.36
8ef737d, 21-03-2016, 32768, 116.18
8ef737d, 21-03-2016, 65536, 213.70
8ef737d, 21-03-2016, 131072, 253.79
8ef737d, 21-03-2016, 262144, 331.43
8ef737d, 21-03-2016, 524288, 614.36
8ef737d, 21-03-2016, 1048576, 1184.40
8ef737d, 21-03-2016, 2097152, 2383.01
8ef737d, 21-03-2016, 4194304, 4916.10
751da54, 22-03-2016, 1, 14.28
751da54, 22-03-2016, 2, 10.80
751da54, 22-03-2016, 4, 10.40
751da54, 22-03-2016, 8, 10.50
751da54, 22-03-2016, 16, 10.51
751da54, 22-03-2016, 32, 10.54
751da54, 22-03-2016, 64, 10.66
751da54, 22-03-2016, 128, 11.93
751da54, 22-03-2016, 256, 12.39
751da54, 22-03-2016, 512, 12.86
751da54, 22-03-2016, 1024, 14.16
751da54, 22-03-2016, 2048, 16.62
751da54, 22-03-2016, 4096, 21.70
751da54, 22-03-2016, 8192, 26.34
751da54, 22-03-2016, 16384, 65.02
751da54, 22-03-2016, 32768, 113.81
751da54, 22-03-2016, 65536, 212.56
751da54, 22-03-2016, 131072, 253.64
751da54, 22-03-2016, 262144, 331.00
751da54, 22-03-2016, 524288, 614.14
751da54, 22-03-2016, 1048576, 1183.46
751da54, 22-03-2016, 2097152, 2383.23
751da54, 22-03-2016, 4194304, 4908.87
92ffe69, 23-03-2016, 1, 14.77
92ffe69, 23-03-2016, 2, 11.06
92ffe69, 23-03-2016, 4, 10.76
92ffe69, 23-03-2016, 8, 10.78
92ffe69, 23-03-2016, 16, 10.84
92ffe69, 23-03-2016, 32, 10.90
92ffe69, 23-03-2016, 64, 10.98
92ffe69, 23-03-2016, 128, 12.03
92ffe69, 23-03-2016, 256, 12.67
92ffe69, 23-03-2016, 512, 13.14
92ffe69, 23-03-2016, 1024, 14.45
92ffe69, 23-03-2016, 2048, 16.90
92ffe69, 23-03-2016, 4096, 21.99
92ffe69, 23-03-2016, 8192, 26.56
92ffe69, 23-03-2016, 16384, 65.54
92ffe69, 23-03-2016, 32768, 114.51
92ffe69, 23-03-2016, 65536, 213.07
92ffe69, 23-03-2016, 131072, 252.22
92ffe69, 23-03-2016, 262144, 331.39
92ffe69, 23-03-2016, 524288, 615.12
92ffe69, 23-03-2016, 1048576, 1184.04
92ffe69, 23-03-2016, 2097152, 2384.98
92ffe69, 23-03-2016, 4194304, 4915.63
f675ff8, 24-03-2016, 1, 14.86
f675ff8, 24-03-2016, 2, 11.32
f675ff8, 24-03-2016, 4, 11.07
f675ff8, 24-03-2016, 8, 11.06
f675ff8, 24-03-2016, 16, 11.05
f675ff8, 24-03-2016, 32, 11.08
f675ff8, 24-03-2016, 64, 11.30
f675ff8, 24-03-2016, 128, 12.10
f675ff8, 24-03-2016, 256, 12.82
f675ff8, 24-03-2016, 512, 13.33
f675ff8, 24-03-2016, 1024, 14.65
f675ff8, 24-03-2016, 2048, 17.13
f675ff8, 24-03-2016, 4096, 22.24
f675ff8, 24-03-2016, 8192, 26.84
f675ff8, 24-03-2016, 16384, 65.95
f675ff8, 24-03-2016, 32768, 114.18
f675ff8, 24-03-2016, 65536, 213.42
f675ff8, 24-03-2016, 131072, 253.14
f675ff8, 24-03-2016, 262144, 331.46
f675ff8, 24-03-2016, 524288, 614.85
f675ff8, 24-03-2016, 1048576, 1183.00
f675ff8, 24-03-2016, 2097152, 2384.33
f675ff8, 24-03-2016, 4194304, 4901.22
7c008bd, 25-03-2016, 1, 14.71
7c008bd, 25-03-2016, 2, 10.85
7c008bd, 25-03-2016, 4, 10.35
7c008bd, 25-03-2016, 8, 10.45
7c008bd, 25-03-2016, 16, 10.48
7c008bd, 25-03-2016, 32, 10.57
7c008bd, 25-03-2016, 64, 10.70
7c008bd, 25-03-2016, 128, 11.85
7c008bd, 25-03-2016, 256, 12.36
7c008bd, 25-03-2016, 512, 12.90
7c008bd, 25-03-2016, 1024, 14.18
7c008bd, 25-03-2016, 2048, 16.63
7c008bd, 25-03-2016, 4096, 21.74
7c008bd, 25-03-2016, 8192, 26.32
7c008bd, 25-03-2016, 16384, 65.46
7c008bd, 25-03-2016, 32768, 115.64
7c008bd, 25-03-2016, 65536, 216.36
7c008bd, 25-03-2016, 131072, 254.74
7c008bd, 25-03-2016, 262144, 331.83
7c008bd, 25-03-2016, 524288, 614.05
7c008bd, 25-03-2016, 1048576, 1364.00
7c008bd, 25-03-2016, 2097152, 2505.71
7c008bd, 25-03-2016, 4194304, 4993.13
f9d41a6, 26-03-2016, 1, 14.95
f9d41a6, 26-03-2016, 2, 11.12
f9d41a6, 26-03-2016, 4, 10.76
f9d41a6, 26-03-2016, 8, 10.84
f9d41a6, 26-03-2016, 16, 10.86
f9d41a6, 26-03-2016, 32, 10.91
f9d41a6, 26-03-2016, 64, 11.19
f9d41a6, 26-03-2016, 128, 11.97
f9d41a6, 26-03-2016, 256, 12.70
f9d41a6, 26-03-2016, 512, 13.12
f9d41a6, 26-03-2016, 1024, 14.48
f9d41a6, 26-03-2016, 2048, 17.08
f9d41a6, 26-03-2016, 4096, 22.12
f9d41a6, 26-03-2016, 8192, 26.83
f9d41a6, 26-03-2016, 16384, 65.57
f9d41a6, 26-03-2016, 32768, 114.28
f9d41a6, 26-03-2016, 65536, 212.46
f9d41a6, 26-03-2016, 131072, 254.37
f9d41a6, 26-03-2016, 262144, 331.30
f9d41a6, 26-03-2016, 524288, 613.83
f9d41a6, 26-03-2016, 1048576, 1184.08
f9d41a6, 26-03-2016, 2097152, 2384.47
f9d41a6, 26-03-2016, 4194304, 4926.34
82adbde, 27-03-2016, 1, 14.74
82adbde, 27-03-2016, 2, 11.07
82adbde, 27-03-2016, 4, 10.79
82adbde, 27-03-2016, 8, 10.82
82adbde, 27-03-2016, 16, 10.80
82adbde, 27-03-2016, 32, 10.80
82adbde, 27-03-2016, 64, 10.89
82adbde, 27-03-2016, 128, 11.96
82adbde, 27-03-2016, 256, 12.63
82adbde, 27-03-2016, 512, 13.11
82adbde, 27-03-2016, 1024, 14.43
82adbde, 27-03-2016, 2048, 16.87
82adbde, 27-03-2016, 4096, 21.94
82adbde, 27-03-2016, 8192, 26.61
82adbde, 27-03-2016, 16384, 66.06
82adbde, 27-03-2016, 32768, 115.67
82adbde, 27-03-2016, 65536, 216.86
82adbde, 27-03-2016, 131072, 255.80
82adbde, 27-03-2016, 262144, 331.48
82adbde, 27-03-2016, 524288, 614.46
82adbde, 27-03-2016, 1048576, 1183.72
82adbde, 27-03-2016, 2097152, 2383.64
82adbde, 27-03-2016, 4194304, 4917.92
82adbde, 28-03-2016, 1, 14.59
82adbde, 28-03-2016, 2, 10.86
82adbde, 28-03-2016, 4, 10.45
82adbde, 28-03-2016, 8, 10.61
82adbde, 28-03-2016, 16, 10.62
82adbde, 28-03-2016, 32, 10.60
82adbde, 28-03-2016, 64, 10.73
82adbde, 28-03-2016, 128, 11.79
82adbde, 28-03-2016, 256, 12.34
82adbde, 28-03-2016, 512, 12.82
82adbde, 28-03-2016, 1024, 14.16
82adbde, 28-03-2016, 2048, 16.61
82adbde, 28-03-2016, 4096, 21.71
82adbde, 28-03-2016, 8192, 26.33
82adbde, 28-03-2016, 16384, 64.93
82adbde, 28-03-2016, 32768, 113.86
82adbde, 28-03-2016, 65536, 211.05
82adbde, 28-03-2016, 131072, 252.84
82adbde, 28-03-2016, 262144, 331.12
82adbde, 28-03-2016, 524288, 614.01
82adbde, 28-03-2016, 1048576, 1183.60
82adbde, 28-03-2016, 2097152, 2383.55
82adbde, 28-03-2016, 4194304, 4914.23
9a03686, 29-03-2016, 1, 14.75
9a03686, 29-03-2016, 2, 11.15
9a03686, 29-03-2016, 4, 10.86
9a03686, 29-03-2016, 8, 10.93
9a03686, 29-03-2016, 16, 10.94
9a03686, 29-03-2016, 32, 10.99
9a03686, 29-03-2016, 64, 11.27
9a03686, 29-03-2016, 128, 12.06
9a03686, 29-03-2016, 256, 12.69
9a03686, 29-03-2016, 512, 13.15
9a03686, 29-03-2016, 1024, 14.45
9a03686, 29-03-2016, 2048, 16.95
9a03686, 29-03-2016, 4096, 22.01
9a03686, 29-03-2016, 8192, 26.68
9a03686, 29-03-2016, 16384, 65.64
9a03686, 29-03-2016, 32768, 115.00
9a03686, 29-03-2016, 65536, 215.31
9a03686, 29-03-2016, 131072, 253.85
9a03686, 29-03-2016, 262144, 331.28
9a03686, 29-03-2016, 524288, 614.97
9a03686, 29-03-2016, 1048576, 1183.13
9a03686, 29-03-2016, 2097152, 2384.38
9a03686, 29-03-2016, 4194304, 4936.16
c01e00f, 30-03-2016, 1, 12.86
c01e00f, 30-03-2016, 2, 11.28
c01e00f, 30-03-2016, 4, 11.08
c01e00f, 30-03-2016, 8, 11.20
c01e00f, 30-03-2016, 16, 11.20
c01e00f, 30-03-2016, 32, 11.20
c01e00f, 30-03-2016, 64, 11.28
c01e00f, 30-03-2016, 128, 12.31
c01e00f, 30-03-2016, 256, 13.00
c01e00f, 30-03-2016, 512, 13.48
c01e00f, 30-03-2016, 1024, 14.73
c01e00f, 30-03-2016, 2048, 17.31
c01e00f, 30-03-2016, 4096, 22.40
c01e00f, 30-03-2016, 8192, 27.03
c01e00f, 30-03-2016, 16384, 65.94
c01e00f, 30-03-2016, 32768, 114.33
c01e00f, 30-03-2016, 65536, 213.72
c01e00f, 30-03-2016, 131072, 253.09
c01e00f, 30-03-2016, 262144, 331.74
c01e00f, 30-03-2016, 524288, 615.25
c01e00f, 30-03-2016, 1048576, 1183.95
c01e00f, 30-03-2016, 2097152, 2384.23
c01e00f, 30-03-2016, 4194304, 4916.33
45c5635, 31-03-2016, 1, 14.36
45c5635, 31-03-2016, 2, 10.84
45c5635, 31-03-2016, 4, 10.45
45c5635, 31-03-2016, 8, 10.53
45c5635, 31-03-2016, 16, 10.55
45c5635, 31-03-2016, 32, 10.61
45c5635, 31-03-2016, 64, 10.63
45c5635, 31-03-2016, 128, 11.87
45c5635, 31-03-2016, 256, 12.41
45c5635, 31-03-2016, 512, 12.84
45c5635, 31-03-2016, 1024, 14.14
45c5635, 31-03-2016, 2048, 16.68
45c5635, 31-03-2016, 4096, 21.68
45c5635, 31-03-2016, 8192, 26.35
45c5635, 31-03-2016, 16384, 65.14
45c5635, 31-03-2016, 32768, 113.72
45c5635, 31-03-2016, 65536, 212.86
45c5635, 31-03-2016, 131072, 252.55
45c5635, 31-03-2016, 262144, 331.13
45c5635, 31-03-2016, 524288, 614.42
45c5635, 31-03-2016, 1048576, 1183.65
45c5635, 31-03-2016, 2097152, 2383.87
45c5635, 31-03-2016, 4194304, 4923.21
8f4568f, 01-04-2016, 1, 14.69
8f4568f, 01-04-2016, 2, 10.92
8f4568f, 01-04-2016, 4, 10.54
8f4568f, 01-04-2016, 8, 10.58
8f4568f, 01-04-2016, 16, 10.67
8f4568f, 01-04-2016, 32, 10.77
8f4568f, 01-04-2016, 64, 10.85
8f4568f, 01-04-2016, 128, 11.83
8f4568f, 01-04-2016, 256, 12.48
8f4568f, 01-04-2016, 512, 13.00
8f4568f, 01-04-2016, 1024, 14.34
8f4568f, 01-04-2016, 2048, 16.78
8f4568f, 01-04-2016, 4096, 21.81
8f4568f, 01-04-2016, 8192, 26.46
8f4568f, 01-04-2016, 16384, 65.52
8f4568f, 01-04-2016, 32768, 113.86
8f4568f, 01-04-2016, 65536, 211.96
8f4568f, 01-04-2016, 131072, 252.84
8f4568f, 01-04-2016, 262144, 331.13
8f4568f, 01-04-2016, 524288, 614.57
8f4568f, 01-04-2016, 1048576, 1185.19
8f4568f, 01-04-2016, 2097152, 2384.05
8f4568f, 01-04-2016, 4194304, 4924.95
8f4568f, 02-04-2016, 1, 14.40
8f4568f, 02-04-2016, 2, 10.95
8f4568f, 02-04-2016, 4, 10.64
8f4568f, 02-04-2016, 8, 10.83
8f4568f, 02-04-2016, 16, 10.84
8f4568f, 02-04-2016, 32, 10.90
8f4568f, 02-04-2016, 64, 10.91
8f4568f, 02-04-2016, 128, 12.06
8f4568f, 02-04-2016, 256, 12.76
8f4568f, 02-04-2016, 512, 13.18
8f4568f, 02-04-2016, 1024, 14.49
8f4568f, 02-04-2016, 2048, 17.03
8f4568f, 02-04-2016, 4096, 22.25
8f4568f, 02-04-2016, 8192, 26.99
8f4568f, 02-04-2016, 16384, 65.17
8f4568f, 02-04-2016, 32768, 114.63
8f4568f, 02-04-2016, 65536, 212.97
8f4568f, 02-04-2016, 131072, 256.88
8f4568f, 02-04-2016, 262144, 331.34
8f4568f, 02-04-2016, 524288, 614.15
8f4568f, 02-04-2016, 1048576, 1184.13
8f4568f, 02-04-2016, 2097152, 2383.61
8f4568f, 02-04-2016, 4194304, 5034.24
faca1d0, 03-04-2016, 1, 15.55
faca1d0, 03-04-2016, 2, 11.64
faca1d0, 03-04-2016, 4, 11.41
faca1d0, 03-04-2016, 8, 11.52
faca1d0, 03-04-2016, 16, 11.56
faca1d0, 03-04-2016, 32, 11.57
faca1d0, 03-04-2016, 64, 11.79
faca1d0, 03-04-2016, 128, 12.72
faca1d0, 03-04-2016, 256, 13.44
faca1d0, 03-04-2016, 512, 13.89
faca1d0, 03-04-2016, 1024, 15.27
faca1d0, 03-04-2016, 2048, 17.89
faca1d0, 03-04-2016, 4096, 22.91
faca1d0, 03-04-2016, 8192, 27.68
faca1d0, 03-04-2016, 16384, 66.41
faca1d0, 03-04-2016, 32768, 116.26
faca1d0, 03-04-2016, 65536, 214.79
faca1d0, 03-04-2016, 131072, 255.10
faca1d0, 03-04-2016, 262144, 332.16
faca1d0, 03-04-2016, 524288, 614.71
faca1d0, 03-04-2016, 1048576, 1184.55
faca1d0, 03-04-2016, 2097152, 2481.88
faca1d0, 03-04-2016, 4194304, 4736.18
d0ddc25, 04-04-2016, 1, 14.59
d0ddc25, 04-04-2016, 2, 11.01
d0ddc25, 04-04-2016, 4, 10.71
d0ddc25, 04-04-2016, 8, 10.72
d0ddc25, 04-04-2016, 16, 10.72
d0ddc25, 04-04-2016, 32, 10.73
d0ddc25, 04-04-2016, 64, 10.74
d0ddc25, 04-04-2016, 128, 11.96
d0ddc25, 04-04-2016, 256, 12.59
d0ddc25, 04-04-2016, 512, 13.10
d0ddc25, 04-04-2016, 1024, 14.43
d0ddc25, 04-04-2016, 2048, 16.89
d0ddc25, 04-04-2016, 4096, 21.98
d0ddc25, 04-04-2016, 8192, 26.65
d0ddc25, 04-04-2016, 16384, 65.71
d0ddc25, 04-04-2016, 32768, 114.15
d0ddc25, 04-04-2016, 65536, 212.95
d0ddc25, 04-04-2016, 131072, 253.30
d0ddc25, 04-04-2016, 262144, 331.49
d0ddc25, 04-04-2016, 524288, 614.91
d0ddc25, 04-04-2016, 1048576, 1183.40
d0ddc25, 04-04-2016, 2097152, 2385.13
d0ddc25, 04-04-2016, 4194304, 4902.64
2fef88c, 05-04-2016, 1, 14.55
2fef88c, 05-04-2016, 2, 11.02
2fef88c, 05-04-2016, 4, 10.72
2fef88c, 05-04-2016, 8, 10.79
2fef88c, 05-04-2016, 16, 10.79
2fef88c, 05-04-2016, 32, 10.83
2fef88c, 05-04-2016, 64, 10.87
2fef88c, 05-04-2016, 128, 11.99
2fef88c, 05-04-2016, 256, 12.58
2fef88c, 05-04-2016, 512, 13.12
2fef88c, 05-04-2016, 1024, 14.36
2fef88c, 05-04-2016, 2048, 16.86
2fef88c, 05-04-2016, 4096, 21.98
2fef88c, 05-04-2016, 8192, 26.59
2fef88c, 05-04-2016, 16384, 67.15
2fef88c, 05-04-2016, 32768, 118.42
2fef88c, 05-04-2016, 65536, 219.59
2fef88c, 05-04-2016, 131072, 261.65
2fef88c, 05-04-2016, 262144, 331.58
2fef88c, 05-04-2016, 524288, 614.40
2fef88c, 05-04-2016, 1048576, 1184.46
2fef88c, 05-04-2016, 2097152, 2384.10
2fef88c, 05-04-2016, 4194304, 4944.02
2fef88c, 06-04-2016, 1, 14.77
2fef88c, 06-04-2016, 2, 11.20
2fef88c, 06-04-2016, 4, 10.92
2fef88c, 06-04-2016, 8, 10.88
2fef88c, 06-04-2016, 16, 10.88
2fef88c, 06-04-2016, 32, 10.97
2fef88c, 06-04-2016, 64, 11.29
2fef88c, 06-04-2016, 128, 12.16
2fef88c, 06-04-2016, 256, 12.78
2fef88c, 06-04-2016, 512, 13.25
2fef88c, 06-04-2016, 1024, 14.57
2fef88c, 06-04-2016, 2048, 17.08
2fef88c, 06-04-2016, 4096, 22.09
2fef88c, 06-04-2016, 8192, 26.78
2fef88c, 06-04-2016, 16384, 65.90
2fef88c, 06-04-2016, 32768, 114.30
2fef88c, 06-04-2016, 65536, 213.70
2fef88c, 06-04-2016, 131072, 253.58
2fef88c, 06-04-2016, 262144, 331.73
2fef88c, 06-04-2016, 524288, 614.92
2fef88c, 06-04-2016, 1048576, 1183.46
2fef88c, 06-04-2016, 2097152, 2383.59
2fef88c, 06-04-2016, 4194304, 4919.08
329561a, 07-04-2016, 1, 14.86
329561a, 07-04-2016, 2, 11.16
329561a, 07-04-2016, 4, 10.86
329561a, 07-04-2016, 8, 10.88
329561a, 07-04-2016, 16, 10.89
329561a, 07-04-2016, 32, 10.97
329561a, 07-04-2016, 64, 11.21
329561a, 07-04-2016, 128, 12.01
329561a, 07-04-2016, 256, 12.76
329561a, 07-04-2016, 512, 13.26
329561a, 07-04-2016, 1024, 14.58
329561a, 07-04-2016, 2048, 17.05
329561a, 07-04-2016, 4096, 22.11
329561a, 07-04-2016, 8192, 26.92
329561a, 07-04-2016, 16384, 65.76
329561a, 07-04-2016, 32768, 114.62
329561a, 07-04-2016, 65536, 213.87
329561a, 07-04-2016, 131072, 252.66
329561a, 07-04-2016, 262144, 331.26
329561a, 07-04-2016, 524288, 614.66
329561a, 07-04-2016, 1048576, 1183.91
329561a, 07-04-2016, 2097152, 2384.76
329561a, 07-04-2016, 4194304, 4924.44
187bd93, 08-04-2016, 1, 14.29
187bd93, 08-04-2016, 2, 10.83
187bd93, 08-04-2016, 4, 10.49
187bd93, 08-04-2016, 8, 10.53
187bd93, 08-04-2016, 16, 10.60
187bd93, 08-04-2016, 32, 10.69
187bd93, 08-04-2016, 64, 10.77
187bd93, 08-04-2016, 128, 12.02
187bd93, 08-04-2016, 256, 12.51
187bd93, 08-04-2016, 512, 13.02
187bd93, 08-04-2016, 1024, 14.32
187bd93, 08-04-2016, 2048, 16.80
187bd93, 08-04-2016, 4096, 21.88
187bd93, 08-04-2016, 8192, 26.47
187bd93, 08-04-2016, 16384, 65.07
187bd93, 08-04-2016, 32768, 114.29
187bd93, 08-04-2016, 65536, 212.62
187bd93, 08-04-2016, 131072, 253.62
187bd93, 08-04-2016, 262144, 331.20
187bd93, 08-04-2016, 524288, 614.42
187bd93, 08-04-2016, 1048576, 1183.81
187bd93, 08-04-2016, 2097152, 2383.71
187bd93, 08-04-2016, 4194304, 4925.26
187bd93, 09-04-2016, 1, 14.60
187bd93, 09-04-2016, 2, 10.99
187bd93, 09-04-2016, 4, 10.74
187bd93, 09-04-2016, 8, 10.73
187bd93, 09-04-2016, 16, 10.71
187bd93, 09-04-2016, 32, 10.74
187bd93, 09-04-2016, 64, 10.82
187bd93, 09-04-2016, 128, 12.09
187bd93, 09-04-2016, 256, 12.48
187bd93, 09-04-2016, 512, 12.97
187bd93, 09-04-2016, 1024, 14.29
187bd93, 09-04-2016, 2048, 16.75
187bd93, 09-04-2016, 4096, 21.85
187bd93, 09-04-2016, 8192, 26.51
187bd93, 09-04-2016, 16384, 66.27
187bd93, 09-04-2016, 32768, 115.40
187bd93, 09-04-2016, 65536, 214.33
187bd93, 09-04-2016, 131072, 254.70
187bd93, 09-04-2016, 262144, 331.23
187bd93, 09-04-2016, 524288, 614.42
187bd93, 09-04-2016, 1048576, 1184.34
187bd93, 09-04-2016, 2097152, 2384.22
187bd93, 09-04-2016, 4194304, 4933.07
347caf0, 10-04-2016, 1, 14.78
347caf0, 10-04-2016, 2, 11.07
347caf0, 10-04-2016, 4, 10.71
347caf0, 10-04-2016, 8, 10.82
347caf0, 10-04-2016, 16, 10.83
347caf0, 10-04-2016, 32, 10.90
347caf0, 10-04-2016, 64, 11.00
347caf0, 10-04-2016, 128, 12.12
347caf0, 10-04-2016, 256, 12.97
347caf0, 10-04-2016, 512, 13.32
347caf0, 10-04-2016, 1024, 14.71
347caf0, 10-04-2016, 2048, 17.27
347caf0, 10-04-2016, 4096, 22.46
347caf0, 10-04-2016, 8192, 27.30
347caf0, 10-04-2016, 16384, 66.10
347caf0, 10-04-2016, 32768, 114.66
347caf0, 10-04-2016, 65536, 215.31
347caf0, 10-04-2016, 131072, 254.95
347caf0, 10-04-2016, 262144, 332.15
347caf0, 10-04-2016, 524288, 614.77
347caf0, 10-04-2016, 1048576, 1185.20
347caf0, 10-04-2016, 2097152, 2385.76
347caf0, 10-04-2016, 4194304, 4925.29
347caf0, 11-04-2016, 1, 14.74
347caf0, 11-04-2016, 2, 11.14
347caf0, 11-04-2016, 4, 10.86
347caf0, 11-04-2016, 8, 11.03
347caf0, 11-04-2016, 16, 10.91
347caf0, 11-04-2016, 32, 10.99
347caf0, 11-04-2016, 64, 11.02
347caf0, 11-04-2016, 128, 12.05
347caf0, 11-04-2016, 256, 12.69
347caf0, 11-04-2016, 512, 13.23
347caf0, 11-04-2016, 1024, 14.52
347caf0, 11-04-2016, 2048, 16.97
347caf0, 11-04-2016, 4096, 21.99
347caf0, 11-04-2016, 8192, 26.75
347caf0, 11-04-2016, 16384, 65.66
347caf0, 11-04-2016, 32768, 115.79
347caf0, 11-04-2016, 65536, 213.87
347caf0, 11-04-2016, 131072, 255.58
347caf0, 11-04-2016, 262144, 331.68
347caf0, 11-04-2016, 524288, 614.60
347caf0, 11-04-2016, 1048576, 1184.44
347caf0, 11-04-2016, 2097152, 2448.08
347caf0, 11-04-2016, 4194304, 4738.47
347caf0, 12-04-2016, 1, 14.78
347caf0, 12-04-2016, 2, 10.98
347caf0, 12-04-2016, 4, 10.59
347caf0, 12-04-2016, 8, 10.67
347caf0, 12-04-2016, 16, 10.69
347caf0, 12-04-2016, 32, 10.74
347caf0, 12-04-2016, 64, 10.82
347caf0, 12-04-2016, 128, 12.08
347caf0, 12-04-2016, 256, 12.51
347caf0, 12-04-2016, 512, 13.07
347caf0, 12-04-2016, 1024, 14.34
347caf0, 12-04-2016, 2048, 16.87
347caf0, 12-04-2016, 4096, 21.90
347caf0, 12-04-2016, 8192, 26.64
347caf0, 12-04-2016, 16384, 65.77
347caf0, 12-04-2016, 32768, 114.21
347caf0, 12-04-2016, 65536, 212.02
347caf0, 12-04-2016, 131072, 254.40
347caf0, 12-04-2016, 262144, 331.63
347caf0, 12-04-2016, 524288, 614.72
347caf0, 12-04-2016, 1048576, 1184.17
347caf0, 12-04-2016, 2097152, 2385.49
347caf0, 12-04-2016, 4194304, 4911.57
347caf0, 13-04-2016, 1, 14.65
347caf0, 13-04-2016, 2, 10.97
347caf0, 13-04-2016, 4, 10.67
347caf0, 13-04-2016, 8, 10.69
347caf0, 13-04-2016, 16, 10.72
347caf0, 13-04-2016, 32, 10.74
347caf0, 13-04-2016, 64, 10.73
347caf0, 13-04-2016, 128, 11.93
347caf0, 13-04-2016, 256, 12.52
347caf0, 13-04-2016, 512, 13.06
347caf0, 13-04-2016, 1024, 14.38
347caf0, 13-04-2016, 2048, 16.88
347caf0, 13-04-2016, 4096, 21.78
347caf0, 13-04-2016, 8192, 26.49
347caf0, 13-04-2016, 16384, 65.47
347caf0, 13-04-2016, 32768, 115.40
347caf0, 13-04-2016, 65536, 212.85
347caf0, 13-04-2016, 131072, 254.13
347caf0, 13-04-2016, 262144, 331.72
347caf0, 13-04-2016, 524288, 614.72
347caf0, 13-04-2016, 1048576, 1184.28
347caf0, 13-04-2016, 2097152, 2382.77
347caf0, 13-04-2016, 4194304, 4923.08
83e1769, 14-04-2016, 1, 14.02
83e1769, 14-04-2016, 2, 11.09
83e1769, 14-04-2016, 4, 10.76
83e1769, 14-04-2016, 8, 10.84
83e1769, 14-04-2016, 16, 10.79
83e1769, 14-04-2016, 32, 10.92
83e1769, 14-04-2016, 64, 10.93
83e1769, 14-04-2016, 128, 12.09
83e1769, 14-04-2016, 256, 12.64
83e1769, 14-04-2016, 512, 13.16
83e1769, 14-04-2016, 1024, 14.42
83e1769, 14-04-2016, 2048, 16.96
83e1769, 14-04-2016, 4096, 22.09
83e1769, 14-04-2016, 8192, 26.63
83e1769, 14-04-2016, 16384, 65.50
83e1769, 14-04-2016, 32768, 114.36
83e1769, 14-04-2016, 65536, 212.96
83e1769, 14-04-2016, 131072, 252.69
83e1769, 14-04-2016, 262144, 331.25
83e1769, 14-04-2016, 524288, 614.38
83e1769, 14-04-2016, 1048576, 1183.77
83e1769, 14-04-2016, 2097152, 2385.39
83e1769, 14-04-2016, 4194304, 4932.14
ecc9138, 15-04-2016, 1, 14.27
ecc9138, 15-04-2016, 2, 10.86
ecc9138, 15-04-2016, 4, 10.55
ecc9138, 15-04-2016, 8, 10.52
ecc9138, 15-04-2016, 16, 10.58
ecc9138, 15-04-2016, 32, 10.72
ecc9138, 15-04-2016, 64, 10.83
ecc9138, 15-04-2016, 128, 11.99
ecc9138, 15-04-2016, 256, 12.54
ecc9138, 15-04-2016, 512, 13.06
ecc9138, 15-04-2016, 1024, 14.42
ecc9138, 15-04-2016, 2048, 17.00
ecc9138, 15-04-2016, 4096, 21.97
ecc9138, 15-04-2016, 8192, 26.55
ecc9138, 15-04-2016, 16384, 65.41
ecc9138, 15-04-2016, 32768, 113.79
ecc9138, 15-04-2016, 65536, 213.57
ecc9138, 15-04-2016, 131072, 252.28
ecc9138, 15-04-2016, 262144, 331.13
ecc9138, 15-04-2016, 524288, 614.19
ecc9138, 15-04-2016, 1048576, 1183.66
ecc9138, 15-04-2016, 2097152, 2383.26
ecc9138, 15-04-2016, 4194304, 4915.41
af5f9fe, 16-04-2016, 1, 14.20
af5f9fe, 16-04-2016, 2, 10.85
af5f9fe, 16-04-2016, 4, 10.58
af5f9fe, 16-04-2016, 8, 10.64
af5f9fe, 16-04-2016, 16, 10.67
af5f9fe, 16-04-2016, 32, 10.70
af5f9fe, 16-04-2016, 64, 10.72
af5f9fe, 16-04-2016, 128, 11.89
af5f9fe, 16-04-2016, 256, 12.54
af5f9fe, 16-04-2016, 512, 12.97
af5f9fe, 16-04-2016, 1024, 14.23
af5f9fe, 16-04-2016, 2048, 16.71
af5f9fe, 16-04-2016, 4096, 21.77
af5f9fe, 16-04-2016, 8192, 26.55
af5f9fe, 16-04-2016, 16384, 65.18
af5f9fe, 16-04-2016, 32768, 114.13
af5f9fe, 16-04-2016, 65536, 211.58
af5f9fe, 16-04-2016, 131072, 252.12
af5f9fe, 16-04-2016, 262144, 331.50
af5f9fe, 16-04-2016, 524288, 614.40
af5f9fe, 16-04-2016, 1048576, 1183.37
af5f9fe, 16-04-2016, 2097152, 2381.54
af5f9fe, 16-04-2016, 4194304, 4908.13
af5f9fe, 17-04-2016, 1, 14.61
af5f9fe, 17-04-2016, 2, 10.86
af5f9fe, 17-04-2016, 4, 10.46
af5f9fe, 17-04-2016, 8, 10.62
af5f9fe, 17-04-2016, 16, 10.63
af5f9fe, 17-04-2016, 32, 10.69
af5f9fe, 17-04-2016, 64, 10.82
af5f9fe, 17-04-2016, 128, 12.04
af5f9fe, 17-04-2016, 256, 12.78
af5f9fe, 17-04-2016, 512, 13.10
af5f9fe, 17-04-2016, 1024, 14.42
af5f9fe, 17-04-2016, 2048, 17.01
af5f9fe, 17-04-2016, 4096, 22.18
af5f9fe, 17-04-2016, 8192, 26.97
af5f9fe, 17-04-2016, 16384, 65.58
af5f9fe, 17-04-2016, 32768, 114.35
af5f9fe, 17-04-2016, 65536, 214.19
af5f9fe, 17-04-2016, 131072, 253.01
af5f9fe, 17-04-2016, 262144, 331.57
af5f9fe, 17-04-2016, 524288, 614.42
af5f9fe, 17-04-2016, 1048576, 1183.58
af5f9fe, 17-04-2016, 2097152, 2379.95
af5f9fe, 17-04-2016, 4194304, 4905.62
af5f9fe, 18-04-2016, 1, 15.01
af5f9fe, 18-04-2016, 2, 11.21
af5f9fe, 18-04-2016, 4, 10.89
af5f9fe, 18-04-2016, 8, 11.01
af5f9fe, 18-04-2016, 16, 11.04
af5f9fe, 18-04-2016, 32, 11.15
af5f9fe, 18-04-2016, 64, 11.36
af5f9fe, 18-04-2016, 128, 12.17
af5f9fe, 18-04-2016, 256, 12.87
af5f9fe, 18-04-2016, 512, 13.46
af5f9fe, 18-04-2016, 1024, 14.70
af5f9fe, 18-04-2016, 2048, 17.16
af5f9fe, 18-04-2016, 4096, 22.27
af5f9fe, 18-04-2016, 8192, 26.93
af5f9fe, 18-04-2016, 16384, 66.37
af5f9fe, 18-04-2016, 32768, 115.12
af5f9fe, 18-04-2016, 65536, 212.53
af5f9fe, 18-04-2016, 131072, 254.35
af5f9fe, 18-04-2016, 262144, 331.93
af5f9fe, 18-04-2016, 524288, 614.92
af5f9fe, 18-04-2016, 1048576, 1184.46
af5f9fe, 18-04-2016, 2097152, 2381.91
af5f9fe, 18-04-2016, 4194304, 4886.31
bc133ca, 19-04-2016, 1, 14.55
bc133ca, 19-04-2016, 2, 10.92
bc133ca, 19-04-2016, 4, 10.61
bc133ca, 19-04-2016, 8, 10.78
bc133ca, 19-04-2016, 16, 10.77
bc133ca, 19-04-2016, 32, 10.76
bc133ca, 19-04-2016, 64, 10.85
bc133ca, 19-04-2016, 128, 12.11
bc133ca, 19-04-2016, 256, 12.82
bc133ca, 19-04-2016, 512, 13.14
bc133ca, 19-04-2016, 1024, 14.55
bc133ca, 19-04-2016, 2048, 17.12
bc133ca, 19-04-2016, 4096, 22.16
bc133ca, 19-04-2016, 8192, 26.98
bc133ca, 19-04-2016, 16384, 65.56
bc133ca, 19-04-2016, 32768, 113.98
bc133ca, 19-04-2016, 65536, 212.09
bc133ca, 19-04-2016, 131072, 252.99
bc133ca, 19-04-2016, 262144, 331.52
bc133ca, 19-04-2016, 524288, 614.37
bc133ca, 19-04-2016, 1048576, 1183.66
bc133ca, 19-04-2016, 2097152, 2380.32
bc133ca, 19-04-2016, 4194304, 4916.63
4deadba, 20-04-2016, 1, 14.47
4deadba, 20-04-2016, 2, 10.88
4deadba, 20-04-2016, 4, 10.51
4deadba, 20-04-2016, 8, 10.54
4deadba, 20-04-2016, 16, 10.55
4deadba, 20-04-2016, 32, 10.66
4deadba, 20-04-2016, 64, 10.81
4deadba, 20-04-2016, 128, 11.83
4deadba, 20-04-2016, 256, 12.46
4deadba, 20-04-2016, 512, 12.94
4deadba, 20-04-2016, 1024, 14.34
4deadba, 20-04-2016, 2048, 16.78
4deadba, 20-04-2016, 4096, 21.80
4deadba, 20-04-2016, 8192, 26.54
4deadba, 20-04-2016, 16384, 65.57
4deadba, 20-04-2016, 32768, 114.68
4deadba, 20-04-2016, 65536, 212.40
4deadba, 20-04-2016, 131072, 253.55
4deadba, 20-04-2016, 262144, 331.42
4deadba, 20-04-2016, 524288, 614.90
4deadba, 20-04-2016, 1048576, 1183.14
4deadba, 20-04-2016, 2097152, 2380.76
4deadba, 20-04-2016, 4194304, 4917.58
4deadba, 21-04-2016, 1, 14.48
4deadba, 21-04-2016, 2, 10.86
4deadba, 21-04-2016, 4, 10.50
4deadba, 21-04-2016, 8, 10.57
4deadba, 21-04-2016, 16, 10.57
4deadba, 21-04-2016, 32, 10.55
4deadba, 21-04-2016, 64, 10.62
4deadba, 21-04-2016, 128, 11.83
4deadba, 21-04-2016, 256, 12.45
4deadba, 21-04-2016, 512, 12.94
4deadba, 21-04-2016, 1024, 14.24
4deadba, 21-04-2016, 2048, 16.78
4deadba, 21-04-2016, 4096, 21.82
4deadba, 21-04-2016, 8192, 26.47
4deadba, 21-04-2016, 16384, 65.54
4deadba, 21-04-2016, 32768, 113.77
4deadba, 21-04-2016, 65536, 211.11
4deadba, 21-04-2016, 131072, 251.78
4deadba, 21-04-2016, 262144, 331.09
4deadba, 21-04-2016, 524288, 614.18
4deadba, 21-04-2016, 1048576, 1183.63
4deadba, 21-04-2016, 2097152, 2380.82
4deadba, 21-04-2016, 4194304, 4899.43
4deadba, 22-04-2016, 1, 14.59
4deadba, 22-04-2016, 2, 11.08
4deadba, 22-04-2016, 4, 10.82
4deadba, 22-04-2016, 8, 10.87
4deadba, 22-04-2016, 16, 10.88
4deadba, 22-04-2016, 32, 10.89
4deadba, 22-04-2016, 64, 10.89
4deadba, 22-04-2016, 128, 11.90
4deadba, 22-04-2016, 256, 12.63
4deadba, 22-04-2016, 512, 13.22
4deadba, 22-04-2016, 1024, 14.56
4deadba, 22-04-2016, 2048, 17.00
4deadba, 22-04-2016, 4096, 21.99
4deadba, 22-04-2016, 8192, 26.73
4deadba, 22-04-2016, 16384, 65.64
4deadba, 22-04-2016, 32768, 113.64
4deadba, 22-04-2016, 65536, 179.92
4deadba, 22-04-2016, 131072, 251.68
4deadba, 22-04-2016, 262144, 331.37
4deadba, 22-04-2016, 524288, 614.61
4deadba, 22-04-2016, 1048576, 1183.50
4deadba, 22-04-2016, 2097152, 2380.22
4deadba, 22-04-2016, 4194304, 4890.89
e31e052, 23-04-2016, 1, 14.63
e31e052, 23-04-2016, 2, 10.94
e31e052, 23-04-2016, 4, 10.57
e31e052, 23-04-2016, 8, 10.62
e31e052, 23-04-2016, 16, 10.62
e31e052, 23-04-2016, 32, 10.69
e31e052, 23-04-2016, 64, 10.76
e31e052, 23-04-2016, 128, 11.99
e31e052, 23-04-2016, 256, 12.46
e31e052, 23-04-2016, 512, 12.97
e31e052, 23-04-2016, 1024, 14.25
e31e052, 23-04-2016, 2048, 16.76
e31e052, 23-04-2016, 4096, 21.77
e31e052, 23-04-2016, 8192, 26.43
e31e052, 23-04-2016, 16384, 65.59
e31e052, 23-04-2016, 32768, 113.87
e31e052, 23-04-2016, 65536, 212.87
e31e052, 23-04-2016, 131072, 252.71
e31e052, 23-04-2016, 262144, 330.87
e31e052, 23-04-2016, 524288, 614.37
e31e052, 23-04-2016, 1048576, 1183.16
e31e052, 23-04-2016, 2097152, 2380.59
e31e052, 23-04-2016, 4194304, 4915.16
66c6f1e, 24-04-2016, 1, 14.49
66c6f1e, 24-04-2016, 2, 10.83
66c6f1e, 24-04-2016, 4, 10.45
66c6f1e, 24-04-2016, 8, 10.51
66c6f1e, 24-04-2016, 16, 10.53
66c6f1e, 24-04-2016, 32, 10.58
66c6f1e, 24-04-2016, 64, 10.64
66c6f1e, 24-04-2016, 128, 11.77
66c6f1e, 24-04-2016, 256, 12.40
66c6f1e, 24-04-2016, 512, 12.90
66c6f1e, 24-04-2016, 1024, 14.23
66c6f1e, 24-04-2016, 2048, 16.62
66c6f1e, 24-04-2016, 4096, 21.78
66c6f1e, 24-04-2016, 8192, 26.48
66c6f1e, 24-04-2016, 16384, 65.61
66c6f1e, 24-04-2016, 32768, 113.91
66c6f1e, 24-04-2016, 65536, 213.03
66c6f1e, 24-04-2016, 131072, 253.24
66c6f1e, 24-04-2016, 262144, 331.18
66c6f1e, 24-04-2016, 524288, 614.49
66c6f1e, 24-04-2016, 1048576, 1183.22
66c6f1e, 24-04-2016, 2097152, 2380.86
66c6f1e, 24-04-2016, 4194304, 4901.18
66c6f1e, 25-04-2016, 1, 15.39
66c6f1e, 25-04-2016, 2, 11.37
66c6f1e, 25-04-2016, 4, 11.03
66c6f1e, 25-04-2016, 8, 11.06
66c6f1e, 25-04-2016, 16, 11.08
66c6f1e, 25-04-2016, 32, 11.13
66c6f1e, 25-04-2016, 64, 11.44
66c6f1e, 25-04-2016, 128, 12.27
66c6f1e, 25-04-2016, 256, 12.97
66c6f1e, 25-04-2016, 512, 13.50
66c6f1e, 25-04-2016, 1024, 14.79
66c6f1e, 25-04-2016, 2048, 17.27
66c6f1e, 25-04-2016, 4096, 22.31
66c6f1e, 25-04-2016, 8192, 26.98
66c6f1e, 25-04-2016, 16384, 65.82
66c6f1e, 25-04-2016, 32768, 114.22
66c6f1e, 25-04-2016, 65536, 212.50
66c6f1e, 25-04-2016, 131072, 252.52
66c6f1e, 25-04-2016, 262144, 331.87
66c6f1e, 25-04-2016, 524288, 614.74
66c6f1e, 25-04-2016, 1048576, 1184.12
66c6f1e, 25-04-2016, 2097152, 2382.08
66c6f1e, 25-04-2016, 4194304, 4845.02
179fc55, 26-04-2016, 1, 14.78
179fc55, 26-04-2016, 2, 10.98
179fc55, 26-04-2016, 4, 10.54
179fc55, 26-04-2016, 8, 10.61
179fc55, 26-04-2016, 16, 10.65
179fc55, 26-04-2016, 32, 10.69
179fc55, 26-04-2016, 64, 10.71
179fc55, 26-04-2016, 128, 12.01
179fc55, 26-04-2016, 256, 12.51
179fc55, 26-04-2016, 512, 12.99
179fc55, 26-04-2016, 1024, 14.26
179fc55, 26-04-2016, 2048, 16.73
179fc55, 26-04-2016, 4096, 21.74
179fc55, 26-04-2016, 8192, 26.50
179fc55, 26-04-2016, 16384, 65.19
179fc55, 26-04-2016, 32768, 113.78
179fc55, 26-04-2016, 65536, 213.72
179fc55, 26-04-2016, 131072, 253.84
179fc55, 26-04-2016, 262144, 330.91
179fc55, 26-04-2016, 524288, 614.15
179fc55, 26-04-2016, 1048576, 1183.05
179fc55, 26-04-2016, 2097152, 2380.03
179fc55, 26-04-2016, 4194304, 4926.73
a360618, 27-04-2016, 1, 14.19
a360618, 27-04-2016, 2, 10.93
a360618, 27-04-2016, 4, 10.68
a360618, 27-04-2016, 8, 10.72
a360618, 27-04-2016, 16, 10.73
a360618, 27-04-2016, 32, 10.71
a360618, 27-04-2016, 64, 10.78
a360618, 27-04-2016, 128, 11.99
a360618, 27-04-2016, 256, 12.46
a360618, 27-04-2016, 512, 13.01
a360618, 27-04-2016, 1024, 14.29
a360618, 27-04-2016, 2048, 16.78
a360618, 27-04-2016, 4096, 21.81
a360618, 27-04-2016, 8192, 26.50
a360618, 27-04-2016, 16384, 65.35
a360618, 27-04-2016, 32768, 113.62
a360618, 27-04-2016, 65536, 213.21
a360618, 27-04-2016, 131072, 252.16
a360618, 27-04-2016, 262144, 331.30
a360618, 27-04-2016, 524288, 614.08
a360618, 27-04-2016, 1048576, 1183.40
a360618, 27-04-2016, 2097152, 2380.60
a360618, 27-04-2016, 4194304, 4925.54
1f71923, 28-04-2016, 1, 14.62
1f71923, 28-04-2016, 2, 10.90
1f71923, 28-04-2016, 4, 10.46
1f71923, 28-04-2016, 8, 10.57
1f71923, 28-04-2016, 16, 10.61
1f71923, 28-04-2016, 32, 10.67
1f71923, 28-04-2016, 64, 10.78
1f71923, 28-04-2016, 128, 11.96
1f71923, 28-04-2016, 256, 12.45
1f71923, 28-04-2016, 512, 12.94
1f71923, 28-04-2016, 1024, 14.18
1f71923, 28-04-2016, 2048, 16.65
1f71923, 28-04-2016, 4096, 21.72
1f71923, 28-04-2016, 8192, 26.54
1f71923, 28-04-2016, 16384, 65.17
1f71923, 28-04-2016, 32768, 113.94
1f71923, 28-04-2016, 65536, 212.14
1f71923, 28-04-2016, 131072, 252.95
1f71923, 28-04-2016, 262144, 330.71
1f71923, 28-04-2016, 524288, 613.93
1f71923, 28-04-2016, 1048576, 1183.26
1f71923, 28-04-2016, 2097152, 2380.10
1f71923, 28-04-2016, 4194304, 4907.38
1f71923, 29-04-2016, 1, 14.78
1f71923, 29-04-2016, 2, 10.98
1f71923, 29-04-2016, 4, 10.66
1f71923, 29-04-2016, 8, 10.69
1f71923, 29-04-2016, 16, 10.68
1f71923, 29-04-2016, 32, 10.73
1f71923, 29-04-2016, 64, 10.82
1f71923, 29-04-2016, 128, 11.79
1f71923, 29-04-2016, 256, 12.40
1f71923, 29-04-2016, 512, 12.91
1f71923, 29-04-2016, 1024, 14.24
1f71923, 29-04-2016, 2048, 16.69
1f71923, 29-04-2016, 4096, 21.85
1f71923, 29-04-2016, 8192, 26.51
1f71923, 29-04-2016, 16384, 65.31
1f71923, 29-04-2016, 32768, 113.39
1f71923, 29-04-2016, 65536, 212.26
1f71923, 29-04-2016, 131072, 251.54
1f71923, 29-04-2016, 262144, 330.90
1f71923, 29-04-2016, 524288, 614.45
1f71923, 29-04-2016, 1048576, 1185.94
1f71923, 29-04-2016, 2097152, 2382.72
1f71923, 29-04-2016, 4194304, 4908.44
8ac768e, 30-04-2016, 1, 14.33
8ac768e, 30-04-2016, 2, 10.88
8ac768e, 30-04-2016, 4, 10.53
8ac768e, 30-04-2016, 8, 10.60
8ac768e, 30-04-2016, 16, 10.61
8ac768e, 30-04-2016, 32, 10.73
8ac768e, 30-04-2016, 64, 10.81
8ac768e, 30-04-2016, 128, 11.93
8ac768e, 30-04-2016, 256, 12.45
8ac768e, 30-04-2016, 512, 13.01
8ac768e, 30-04-2016, 1024, 14.23
8ac768e, 30-04-2016, 2048, 16.68
8ac768e, 30-04-2016, 4096, 21.73
8ac768e, 30-04-2016, 8192, 26.44
8ac768e, 30-04-2016, 16384, 65.59
8ac768e, 30-04-2016, 32768, 114.23
8ac768e, 30-04-2016, 65536, 213.24
8ac768e, 30-04-2016, 131072, 253.57
8ac768e, 30-04-2016, 262144, 330.89
8ac768e, 30-04-2016, 524288, 614.67
8ac768e, 30-04-2016, 1048576, 1183.71
8ac768e, 30-04-2016, 2097152, 2380.99
8ac768e, 30-04-2016, 4194304, 4901.92
8ac768e, 01-05-2016, 1, 14.31
8ac768e, 01-05-2016, 2, 10.78
8ac768e, 01-05-2016, 4, 10.37
8ac768e, 01-05-2016, 8, 10.44
8ac768e, 01-05-2016, 16, 10.46
8ac768e, 01-05-2016, 32, 10.50
8ac768e, 01-05-2016, 64, 10.67
8ac768e, 01-05-2016, 128, 11.85
8ac768e, 01-05-2016, 256, 12.39
8ac768e, 01-05-2016, 512, 12.90
8ac768e, 01-05-2016, 1024, 14.10
8ac768e, 01-05-2016, 2048, 16.62
8ac768e, 01-05-2016, 4096, 21.68
8ac768e, 01-05-2016, 8192, 26.37
8ac768e, 01-05-2016, 16384, 65.23
8ac768e, 01-05-2016, 32768, 113.70
8ac768e, 01-05-2016, 65536, 212.90
8ac768e, 01-05-2016, 131072, 252.28
8ac768e, 01-05-2016, 262144, 331.02
8ac768e, 01-05-2016, 524288, 614.40
8ac768e, 01-05-2016, 1048576, 1183.91
8ac768e, 01-05-2016, 2097152, 2399.64
8ac768e, 01-05-2016, 4194304, 4934.93
8ac768e, 02-05-2016, 1, 14.43
8ac768e, 02-05-2016, 2, 10.84
8ac768e, 02-05-2016, 4, 10.52
8ac768e, 02-05-2016, 8, 10.60
8ac768e, 02-05-2016, 16, 10.63
8ac768e, 02-05-2016, 32, 10.66
8ac768e, 02-05-2016, 64, 10.71
8ac768e, 02-05-2016, 128, 11.89
8ac768e, 02-05-2016, 256, 12.40
8ac768e, 02-05-2016, 512, 12.93
8ac768e, 02-05-2016, 1024, 14.17
8ac768e, 02-05-2016, 2048, 16.66
8ac768e, 02-05-2016, 4096, 21.68
8ac768e, 02-05-2016, 8192, 26.42
8ac768e, 02-05-2016, 16384, 65.36
8ac768e, 02-05-2016, 32768, 113.96
8ac768e, 02-05-2016, 65536, 213.20
8ac768e, 02-05-2016, 131072, 252.63
8ac768e, 02-05-2016, 262144, 330.90
8ac768e, 02-05-2016, 524288, 614.47
8ac768e, 02-05-2016, 1048576, 1189.97
8ac768e, 02-05-2016, 2097152, 2395.07
8ac768e, 02-05-2016, 4194304, 4927.18
195eabb, 03-05-2016, 1, 14.62
195eabb, 03-05-2016, 2, 10.89
195eabb, 03-05-2016, 4, 10.54
195eabb, 03-05-2016, 8, 10.59
195eabb, 03-05-2016, 16, 10.64
195eabb, 03-05-2016, 32, 10.64
195eabb, 03-05-2016, 64, 10.75
195eabb, 03-05-2016, 128, 11.88
195eabb, 03-05-2016, 256, 12.45
195eabb, 03-05-2016, 512, 12.94
195eabb, 03-05-2016, 1024, 14.23
195eabb, 03-05-2016, 2048, 16.61
195eabb, 03-05-2016, 4096, 21.72
195eabb, 03-05-2016, 8192, 26.39
195eabb, 03-05-2016, 16384, 65.50
195eabb, 03-05-2016, 32768, 114.30
195eabb, 03-05-2016, 65536, 213.33
195eabb, 03-05-2016, 131072, 253.64
195eabb, 03-05-2016, 262144, 331.28
195eabb, 03-05-2016, 524288, 614.35
195eabb, 03-05-2016, 1048576, 1184.50
195eabb, 03-05-2016, 2097152, 2401.11
195eabb, 03-05-2016, 4194304, 4922.19
d3b42ee, 04-05-2016, 1, 14.32
d3b42ee, 04-05-2016, 2, 10.90
d3b42ee, 04-05-2016, 4, 10.59
d3b42ee, 04-05-2016, 8, 10.66
d3b42ee, 04-05-2016, 16, 10.66
d3b42ee, 04-05-2016, 32, 10.69
d3b42ee, 04-05-2016, 64, 10.81
d3b42ee, 04-05-2016, 128, 11.98
d3b42ee, 04-05-2016, 256, 12.49
d3b42ee, 04-05-2016, 512, 13.01
d3b42ee, 04-05-2016, 1024, 14.30
d3b42ee, 04-05-2016, 2048, 16.75
d3b42ee, 04-05-2016, 4096, 21.82
d3b42ee, 04-05-2016, 8192, 26.49
d3b42ee, 04-05-2016, 16384, 65.67
d3b42ee, 04-05-2016, 32768, 113.95
d3b42ee, 04-05-2016, 65536, 212.69
d3b42ee, 04-05-2016, 131072, 252.98
d3b42ee, 04-05-2016, 262144, 331.18
d3b42ee, 04-05-2016, 524288, 614.50
d3b42ee, 04-05-2016, 1048576, 1183.21
d3b42ee, 04-05-2016, 2097152, 2397.75
d3b42ee, 04-05-2016, 4194304, 4906.83
ae974a4, 05-05-2016, 1, 14.56
ae974a4, 05-05-2016, 2, 11.10
ae974a4, 05-05-2016, 4, 10.86
ae974a4, 05-05-2016, 8, 10.91
ae974a4, 05-05-2016, 16, 10.93
ae974a4, 05-05-2016, 32, 10.97
ae974a4, 05-05-2016, 64, 11.17
ae974a4, 05-05-2016, 128, 12.25
ae974a4, 05-05-2016, 256, 12.71
ae974a4, 05-05-2016, 512, 13.26
ae974a4, 05-05-2016, 1024, 14.55
ae974a4, 05-05-2016, 2048, 16.97
ae974a4, 05-05-2016, 4096, 21.98
ae974a4, 05-05-2016, 8192, 26.64
ae974a4, 05-05-2016, 16384, 65.63
ae974a4, 05-05-2016, 32768, 113.86
ae974a4, 05-05-2016, 65536, 213.03
ae974a4, 05-05-2016, 131072, 252.26
ae974a4, 05-05-2016, 262144, 331.59
ae974a4, 05-05-2016, 524288, 614.98
ae974a4, 05-05-2016, 1048576, 1184.15
ae974a4, 05-05-2016, 2097152, 2399.82
ae974a4, 05-05-2016, 4194304, 4927.46
0282595, 06-05-2016, 1, 14.60
0282595, 06-05-2016, 2, 11.02
0282595, 06-05-2016, 4, 10.77
0282595, 06-05-2016, 8, 10.82
0282595, 06-05-2016, 16, 10.82
0282595, 06-05-2016, 32, 10.83
0282595, 06-05-2016, 64, 10.82
0282595, 06-05-2016, 128, 11.98
0282595, 06-05-2016, 256, 12.67
0282595, 06-05-2016, 512, 13.13
0282595, 06-05-2016, 1024, 14.40
0282595, 06-05-2016, 2048, 16.90
0282595, 06-05-2016, 4096, 22.02
0282595, 06-05-2016, 8192, 26.79
0282595, 06-05-2016, 16384, 65.73
0282595, 06-05-2016, 32768, 113.97
0282595, 06-05-2016, 65536, 213.07
0282595, 06-05-2016, 131072, 252.62
0282595, 06-05-2016, 262144, 331.05
0282595, 06-05-2016, 524288, 614.60
0282595, 06-05-2016, 1048576, 1183.02
0282595, 06-05-2016, 2097152, 2380.31
0282595, 06-05-2016, 4194304, 4928.07
2458685, 07-05-2016, 1, 13.68
2458685, 07-05-2016, 2, 10.72
2458685, 07-05-2016, 4, 10.54
2458685, 07-05-2016, 8, 10.58
2458685, 07-05-2016, 16, 10.61
2458685, 07-05-2016, 32, 10.65
2458685, 07-05-2016, 64, 10.68
2458685, 07-05-2016, 128, 11.89
2458685, 07-05-2016, 256, 12.41
2458685, 07-05-2016, 512, 12.91
2458685, 07-05-2016, 1024, 14.14
2458685, 07-05-2016, 2048, 16.61
2458685, 07-05-2016, 4096, 21.67
2458685, 07-05-2016, 8192, 26.29
2458685, 07-05-2016, 16384, 65.41
2458685, 07-05-2016, 32768, 114.90
2458685, 07-05-2016, 65536, 214.67
2458685, 07-05-2016, 131072, 253.87
2458685, 07-05-2016, 262144, 331.07
2458685, 07-05-2016, 524288, 614.70
2458685, 07-05-2016, 1048576, 1183.58
2458685, 07-05-2016, 2097152, 2381.61
2458685, 07-05-2016, 4194304, 4916.91
2458685, 08-05-2016, 1, 14.57
2458685, 08-05-2016, 2, 11.01
2458685, 08-05-2016, 4, 10.71
2458685, 08-05-2016, 8, 10.75
2458685, 08-05-2016, 16, 10.75
2458685, 08-05-2016, 32, 10.78
2458685, 08-05-2016, 64, 10.80
2458685, 08-05-2016, 128, 12.06
2458685, 08-05-2016, 256, 12.54
2458685, 08-05-2016, 512, 13.05
2458685, 08-05-2016, 1024, 14.34
2458685, 08-05-2016, 2048, 16.84
2458685, 08-05-2016, 4096, 22.11
2458685, 08-05-2016, 8192, 26.58
2458685, 08-05-2016, 16384, 65.62
2458685, 08-05-2016, 32768, 113.73
2458685, 08-05-2016, 65536, 212.87
2458685, 08-05-2016, 131072, 253.07
2458685, 08-05-2016, 262144, 331.02
2458685, 08-05-2016, 524288, 614.66
2458685, 08-05-2016, 1048576, 1183.97
2458685, 08-05-2016, 2097152, 2381.47
2458685, 08-05-2016, 4194304, 4912.73
2458685, 09-05-2016, 1, 14.76
2458685, 09-05-2016, 2, 10.95
2458685, 09-05-2016, 4, 10.53
2458685, 09-05-2016, 8, 10.56
2458685, 09-05-2016, 16, 10.56
2458685, 09-05-2016, 32, 10.63
2458685, 09-05-2016, 64, 10.74
2458685, 09-05-2016, 128, 11.83
2458685, 09-05-2016, 256, 12.48
2458685, 09-05-2016, 512, 12.98
2458685, 09-05-2016, 1024, 14.25
2458685, 09-05-2016, 2048, 16.63
2458685, 09-05-2016, 4096, 21.73
2458685, 09-05-2016, 8192, 26.40
2458685, 09-05-2016, 16384, 64.91
2458685, 09-05-2016, 32768, 113.37
2458685, 09-05-2016, 65536, 212.25
2458685, 09-05-2016, 131072, 251.70
2458685, 09-05-2016, 262144, 331.05
2458685, 09-05-2016, 524288, 614.12
2458685, 09-05-2016, 1048576, 1190.31
2458685, 09-05-2016, 2097152, 2393.94
2458685, 09-05-2016, 4194304, 4951.97
a497393, 10-05-2016, 1, 14.12
a497393, 10-05-2016, 2, 10.74
a497393, 10-05-2016, 4, 10.43
a497393, 10-05-2016, 8, 10.48
a497393, 10-05-2016, 16, 10.47
a497393, 10-05-2016, 32, 10.55
a497393, 10-05-2016, 64, 10.62
a497393, 10-05-2016, 128, 11.69
a497393, 10-05-2016, 256, 12.35
a497393, 10-05-2016, 512, 12.87
a497393, 10-05-2016, 1024, 14.14
a497393, 10-05-2016, 2048, 16.72
a497393, 10-05-2016, 4096, 21.90
a497393, 10-05-2016, 8192, 26.59
a497393, 10-05-2016, 16384, 65.36
a497393, 10-05-2016, 32768, 113.77
a497393, 10-05-2016, 65536, 212.87
a497393, 10-05-2016, 131072, 253.57
a497393, 10-05-2016, 262144, 331.11
a497393, 10-05-2016, 524288, 614.30
a497393, 10-05-2016, 1048576, 1183.85
a497393, 10-05-2016, 2097152, 2398.06
a497393, 10-05-2016, 4194304, 4919.10
fbee2ee, 11-05-2016, 1, 14.85
fbee2ee, 11-05-2016, 2, 11.05
fbee2ee, 11-05-2016, 4, 10.70
fbee2ee, 11-05-2016, 8, 10.70
fbee2ee, 11-05-2016, 16, 10.70
fbee2ee, 11-05-2016, 32, 10.72
fbee2ee, 11-05-2016, 64, 10.87
fbee2ee, 11-05-2016, 128, 11.95
fbee2ee, 11-05-2016, 256, 12.70
fbee2ee, 11-05-2016, 512, 13.20
fbee2ee, 11-05-2016, 1024, 14.42
fbee2ee, 11-05-2016, 2048, 16.89
fbee2ee, 11-05-2016, 4096, 21.98
fbee2ee, 11-05-2016, 8192, 26.65
fbee2ee, 11-05-2016, 16384, 65.67
fbee2ee, 11-05-2016, 32768, 114.90
fbee2ee, 11-05-2016, 65536, 213.69
fbee2ee, 11-05-2016, 131072, 253.50
fbee2ee, 11-05-2016, 262144, 331.09
fbee2ee, 11-05-2016, 524288, 614.60
fbee2ee, 11-05-2016, 1048576, 1183.48
fbee2ee, 11-05-2016, 2097152, 2381.18
fbee2ee, 11-05-2016, 4194304, 4896.26
1c0e89a, 12-05-2016, 1, 13.17
1c0e89a, 12-05-2016, 2, 10.68
1c0e89a, 12-05-2016, 4, 10.50
1c0e89a, 12-05-2016, 8, 10.69
1c0e89a, 12-05-2016, 16, 10.65
1c0e89a, 12-05-2016, 32, 10.71
1c0e89a, 12-05-2016, 64, 10.81
1c0e89a, 12-05-2016, 128, 11.67
1c0e89a, 12-05-2016, 256, 12.79
1c0e89a, 12-05-2016, 512, 12.99
1c0e89a, 12-05-2016, 1024, 14.24
1c0e89a, 12-05-2016, 2048, 16.76
1c0e89a, 12-05-2016, 4096, 21.80
1c0e89a, 12-05-2016, 8192, 26.56
1c0e89a, 12-05-2016, 16384, 65.49
1c0e89a, 12-05-2016, 32768, 114.13
1c0e89a, 12-05-2016, 65536, 213.62
1c0e89a, 12-05-2016, 131072, 253.45
1c0e89a, 12-05-2016, 262144, 332.50
1c0e89a, 12-05-2016, 524288, 616.56
1c0e89a, 12-05-2016, 1048576, 1187.59
1c0e89a, 12-05-2016, 2097152, 2386.54
1c0e89a, 12-05-2016, 4194304, 4939.99
a23877b, 13-05-2016, 1, 14.45
a23877b, 13-05-2016, 2, 10.86
a23877b, 13-05-2016, 4, 10.47
a23877b, 13-05-2016, 8, 10.65
a23877b, 13-05-2016, 16, 10.66
a23877b, 13-05-2016, 32, 10.75
a23877b, 13-05-2016, 64, 10.86
a23877b, 13-05-2016, 128, 12.10
a23877b, 13-05-2016, 256, 12.75
a23877b, 13-05-2016, 512, 13.14
a23877b, 13-05-2016, 1024, 14.46
a23877b, 13-05-2016, 2048, 16.86
a23877b, 13-05-2016, 4096, 21.92
a23877b, 13-05-2016, 8192, 26.87
a23877b, 13-05-2016, 16384, 65.88
a23877b, 13-05-2016, 32768, 114.66
a23877b, 13-05-2016, 65536, 214.82
a23877b, 13-05-2016, 131072, 254.29
a23877b, 13-05-2016, 262144, 332.77
a23877b, 13-05-2016, 524288, 617.02
a23877b, 13-05-2016, 1048576, 1187.35
a23877b, 13-05-2016, 2097152, 2384.83
a23877b, 13-05-2016, 4194304, 4936.25
b60677b, 14-05-2016, 1, 14.47
b60677b, 14-05-2016, 2, 10.87
b60677b, 14-05-2016, 4, 10.55
b60677b, 14-05-2016, 8, 10.50
b60677b, 14-05-2016, 16, 10.54
b60677b, 14-05-2016, 32, 10.61
b60677b, 14-05-2016, 64, 10.70
b60677b, 14-05-2016, 128, 11.95
b60677b, 14-05-2016, 256, 12.64
b60677b, 14-05-2016, 512, 13.01
b60677b, 14-05-2016, 1024, 14.28
b60677b, 14-05-2016, 2048, 16.76
b60677b, 14-05-2016, 4096, 21.94
b60677b, 14-05-2016, 8192, 26.70
b60677b, 14-05-2016, 16384, 65.61
b60677b, 14-05-2016, 32768, 114.52
b60677b, 14-05-2016, 65536, 213.87
b60677b, 14-05-2016, 131072, 254.20
b60677b, 14-05-2016, 262144, 332.71
b60677b, 14-05-2016, 524288, 616.29
b60677b, 14-05-2016, 1048576, 1186.88
b60677b, 14-05-2016, 2097152, 2383.58
b60677b, 14-05-2016, 4194304, 4939.72
9b04306, 15-05-2016, 1, 14.63
9b04306, 15-05-2016, 2, 11.01
9b04306, 15-05-2016, 4, 10.74
9b04306, 15-05-2016, 8, 10.69
9b04306, 15-05-2016, 16, 10.71
9b04306, 15-05-2016, 32, 10.82
9b04306, 15-05-2016, 64, 10.88
9b04306, 15-05-2016, 128, 12.02
9b04306, 15-05-2016, 256, 12.71
9b04306, 15-05-2016, 512, 13.07
9b04306, 15-05-2016, 1024, 14.38
9b04306, 15-05-2016, 2048, 16.91
9b04306, 15-05-2016, 4096, 21.98
9b04306, 15-05-2016, 8192, 26.65
9b04306, 15-05-2016, 16384, 65.31
9b04306, 15-05-2016, 32768, 113.92
9b04306, 15-05-2016, 65536, 212.48
9b04306, 15-05-2016, 131072, 253.53
9b04306, 15-05-2016, 262144, 332.09
9b04306, 15-05-2016, 524288, 616.60
9b04306, 15-05-2016, 1048576, 1186.04
9b04306, 15-05-2016, 2097152, 2400.06
9b04306, 15-05-2016, 4194304, 4945.58
16d9cd8, 16-05-2016, 1, 14.16
16d9cd8, 16-05-2016, 2, 10.98
16d9cd8, 16-05-2016, 4, 10.71
16d9cd8, 16-05-2016, 8, 10.76
16d9cd8, 16-05-2016, 16, 10.80
16d9cd8, 16-05-2016, 32, 10.87
16d9cd8, 16-05-2016, 64, 10.94
16d9cd8, 16-05-2016, 128, 11.99
16d9cd8, 16-05-2016, 256, 12.79
16d9cd8, 16-05-2016, 512, 13.18
16d9cd8, 16-05-2016, 1024, 14.43
16d9cd8, 16-05-2016, 2048, 17.02
16d9cd8, 16-05-2016, 4096, 22.06
16d9cd8, 16-05-2016, 8192, 26.59
16d9cd8, 16-05-2016, 16384, 65.35
16d9cd8, 16-05-2016, 32768, 114.00
16d9cd8, 16-05-2016, 65536, 213.06
16d9cd8, 16-05-2016, 131072, 253.37
16d9cd8, 16-05-2016, 262144, 332.03
16d9cd8, 16-05-2016, 524288, 615.74
16d9cd8, 16-05-2016, 1048576, 1187.21
16d9cd8, 16-05-2016, 2097152, 2401.74
16d9cd8, 16-05-2016, 4194304, 4920.72
f790834, 17-05-2016, 1, 14.64
f790834, 17-05-2016, 2, 11.08
f790834, 17-05-2016, 4, 10.78
f790834, 17-05-2016, 8, 10.88
f790834, 17-05-2016, 16, 10.89
f790834, 17-05-2016, 32, 10.94
f790834, 17-05-2016, 64, 10.95
f790834, 17-05-2016, 128, 12.17
f790834, 17-05-2016, 256, 12.69
f790834, 17-05-2016, 512, 13.04
f790834, 17-05-2016, 1024, 14.37
f790834, 17-05-2016, 2048, 16.82
f790834, 17-05-2016, 4096, 21.93
f790834, 17-05-2016, 8192, 26.54
f790834, 17-05-2016, 16384, 65.21
f790834, 17-05-2016, 32768, 114.03
f790834, 17-05-2016, 65536, 213.43
f790834, 17-05-2016, 131072, 253.23
f790834, 17-05-2016, 262144, 332.32
f790834, 17-05-2016, 524288, 616.04
f790834, 17-05-2016, 1048576, 1186.49
f790834, 17-05-2016, 2097152, 2384.26
f790834, 17-05-2016, 4194304, 4934.47
f790834, 18-05-2016, 1, 14.58
f790834, 18-05-2016, 2, 10.98
f790834, 18-05-2016, 4, 10.60
f790834, 18-05-2016, 8, 10.64
f790834, 18-05-2016, 16, 10.60
f790834, 18-05-2016, 32, 10.67
f790834, 18-05-2016, 64, 10.81
f790834, 18-05-2016, 128, 11.97
f790834, 18-05-2016, 256, 12.63
f790834, 18-05-2016, 512, 13.05
f790834, 18-05-2016, 1024, 14.28
f790834, 18-05-2016, 2048, 16.72
f790834, 18-05-2016, 4096, 21.84
f790834, 18-05-2016, 8192, 26.48
f790834, 18-05-2016, 16384, 65.70
f790834, 18-05-2016, 32768, 114.65
f790834, 18-05-2016, 65536, 215.26
f790834, 18-05-2016, 131072, 254.37
f790834, 18-05-2016, 262144, 331.46
f790834, 18-05-2016, 524288, 615.18
f790834, 18-05-2016, 1048576, 1184.50
f790834, 18-05-2016, 2097152, 2378.57
f790834, 18-05-2016, 4194304, 4943.28
33fe0c1, 19-05-2016, 1, 13.98
33fe0c1, 19-05-2016, 2, 10.83
33fe0c1, 19-05-2016, 4, 10.59
33fe0c1, 19-05-2016, 8, 10.62
33fe0c1, 19-05-2016, 16, 10.65
33fe0c1, 19-05-2016, 32, 10.69
33fe0c1, 19-05-2016, 64, 10.71
33fe0c1, 19-05-2016, 128, 11.86
33fe0c1, 19-05-2016, 256, 12.55
33fe0c1, 19-05-2016, 512, 12.97
33fe0c1, 19-05-2016, 1024, 14.17
33fe0c1, 19-05-2016, 2048, 16.67
33fe0c1, 19-05-2016, 4096, 21.73
33fe0c1, 19-05-2016, 8192, 26.47
33fe0c1, 19-05-2016, 16384, 65.04
33fe0c1, 19-05-2016, 32768, 114.14
33fe0c1, 19-05-2016, 65536, 213.81
33fe0c1, 19-05-2016, 131072, 253.74
33fe0c1, 19-05-2016, 262144, 331.30
33fe0c1, 19-05-2016, 524288, 614.15
33fe0c1, 19-05-2016, 1048576, 1182.85
33fe0c1, 19-05-2016, 2097152, 2377.39
33fe0c1, 19-05-2016, 4194304, 4935.45
33fe0c1, 20-05-2016, 1, 14.52
33fe0c1, 20-05-2016, 2, 10.93
33fe0c1, 20-05-2016, 4, 10.58
33fe0c1, 20-05-2016, 8, 10.62
33fe0c1, 20-05-2016, 16, 10.59
33fe0c1, 20-05-2016, 32, 10.62
33fe0c1, 20-05-2016, 64, 10.63
33fe0c1, 20-05-2016, 128, 11.93
33fe0c1, 20-05-2016, 256, 12.47
33fe0c1, 20-05-2016, 512, 12.94
33fe0c1, 20-05-2016, 1024, 14.21
33fe0c1, 20-05-2016, 2048, 16.62
33fe0c1, 20-05-2016, 4096, 21.71
33fe0c1, 20-05-2016, 8192, 26.27
33fe0c1, 20-05-2016, 16384, 64.97
33fe0c1, 20-05-2016, 32768, 113.55
33fe0c1, 20-05-2016, 65536, 214.01
33fe0c1, 20-05-2016, 131072, 252.85
33fe0c1, 20-05-2016, 262144, 331.23
33fe0c1, 20-05-2016, 524288, 614.60
33fe0c1, 20-05-2016, 1048576, 1184.19
33fe0c1, 20-05-2016, 2097152, 2379.02
33fe0c1, 20-05-2016, 4194304, 4920.90
33fe0c1, 21-05-2016, ,
33fe0c1, 21-05-2016, Executable:, ./memget
33fe0c1, 21-05-2016, Node:, cutter13
33fe0c1, 21-05-2016, ,
33fe0c1, 21-05-2016, while, attempting to start process rank 0.
33fe0c1, 21-05-2016, --------------------------------------------------------------------------,
33fe0c1, 21-05-2016, 2, total processes failed to start
