acd14d1, 12-07-2015, 1, 4.77
acd14d1, 12-07-2015, 2, 4.73
acd14d1, 12-07-2015, 4, 4.73
acd14d1, 12-07-2015, 8, 4.73
acd14d1, 12-07-2015, 16, 4.73
acd14d1, 12-07-2015, 32, 4.71
acd14d1, 12-07-2015, 64, 4.90
acd14d1, 12-07-2015, 128, 4.87
acd14d1, 12-07-2015, 256, 5.05
acd14d1, 12-07-2015, 512, 5.68
acd14d1, 12-07-2015, 1024, 6.70
acd14d1, 12-07-2015, 2048, 8.83
acd14d1, 12-07-2015, 4096, 13.14
acd14d1, 12-07-2015, 8192, 16.53
acd14d1, 12-07-2015, 16384, 23.24
acd14d1, 12-07-2015, 32768, 36.64
acd14d1, 12-07-2015, 65536, 63.54
acd14d1, 12-07-2015, 131072, 117.19
acd14d1, 12-07-2015, 262144, 224.52
acd14d1, 12-07-2015, 524288, 439.18
acd14d1, 12-07-2015, 1048576, 868.55
acd14d1, 12-07-2015, 2097152, 1727.12
acd14d1, 12-07-2015, 4194304, 3444.28
0e081a9, 14-07-2015, 1, 4.93
0e081a9, 14-07-2015, 2, 4.95
0e081a9, 14-07-2015, 4, 4.93
0e081a9, 14-07-2015, 8, 4.94
0e081a9, 14-07-2015, 16, 4.94
0e081a9, 14-07-2015, 32, 4.95
0e081a9, 14-07-2015, 64, 4.93
0e081a9, 14-07-2015, 128, 5.15
0e081a9, 14-07-2015, 256, 5.20
0e081a9, 14-07-2015, 512, 5.75
0e081a9, 14-07-2015, 1024, 6.93
0e081a9, 14-07-2015, 2048, 9.03
0e081a9, 14-07-2015, 4096, 13.31
0e081a9, 14-07-2015, 8192, 16.73
0e081a9, 14-07-2015, 16384, 23.55
0e081a9, 14-07-2015, 32768, 36.85
0e081a9, 14-07-2015, 65536, 63.66
0e081a9, 14-07-2015, 131072, 117.41
0e081a9, 14-07-2015, 262144, 224.67
0e081a9, 14-07-2015, 524288, 439.32
0e081a9, 14-07-2015, 1048576, 868.77
0e081a9, 14-07-2015, 2097152, 1727.33
0e081a9, 14-07-2015, 4194304, 3444.44
99df208, 15-07-2015, 1, 4.85
99df208, 15-07-2015, 2, 4.84
99df208, 15-07-2015, 4, 4.85
99df208, 15-07-2015, 8, 4.85
99df208, 15-07-2015, 16, 4.87
99df208, 15-07-2015, 32, 4.98
99df208, 15-07-2015, 64, 5.00
99df208, 15-07-2015, 128, 5.13
99df208, 15-07-2015, 256, 5.23
99df208, 15-07-2015, 512, 5.84
99df208, 15-07-2015, 1024, 6.90
99df208, 15-07-2015, 2048, 9.03
99df208, 15-07-2015, 4096, 13.30
99df208, 15-07-2015, 8192, 16.71
99df208, 15-07-2015, 16384, 23.43
99df208, 15-07-2015, 32768, 36.87
99df208, 15-07-2015, 65536, 63.67
99df208, 15-07-2015, 131072, 117.39
99df208, 15-07-2015, 262144, 224.69
99df208, 15-07-2015, 524288, 439.31
99df208, 15-07-2015, 1048576, 868.78
99df208, 15-07-2015, 2097152, 1727.28
99df208, 15-07-2015, 4194304, 3444.39
cb365ba, 16-07-2015, 1, 4.79
cb365ba, 16-07-2015, 2, 4.79
cb365ba, 16-07-2015, 4, 4.78
cb365ba, 16-07-2015, 8, 4.77
cb365ba, 16-07-2015, 16, 4.80
cb365ba, 16-07-2015, 32, 4.88
cb365ba, 16-07-2015, 64, 4.87
cb365ba, 16-07-2015, 128, 5.03
cb365ba, 16-07-2015, 256, 5.15
cb365ba, 16-07-2015, 512, 5.67
cb365ba, 16-07-2015, 1024, 6.76
cb365ba, 16-07-2015, 2048, 8.93
cb365ba, 16-07-2015, 4096, 13.21
cb365ba, 16-07-2015, 8192, 16.59
cb365ba, 16-07-2015, 16384, 23.28
cb365ba, 16-07-2015, 32768, 36.70
cb365ba, 16-07-2015, 65536, 63.58
cb365ba, 16-07-2015, 131072, 117.23
cb365ba, 16-07-2015, 262144, 224.52
cb365ba, 16-07-2015, 524288, 439.21
cb365ba, 16-07-2015, 1048576, 868.64
cb365ba, 16-07-2015, 2097152, 1727.15
cb365ba, 16-07-2015, 4194304, 3444.33
a0c3c29, 17-07-2015, 1, 4.80
a0c3c29, 17-07-2015, 2, 4.76
a0c3c29, 17-07-2015, 4, 4.76
a0c3c29, 17-07-2015, 8, 4.77
a0c3c29, 17-07-2015, 16, 4.77
a0c3c29, 17-07-2015, 32, 4.89
a0c3c29, 17-07-2015, 64, 4.82
a0c3c29, 17-07-2015, 128, 4.98
a0c3c29, 17-07-2015, 256, 5.18
a0c3c29, 17-07-2015, 512, 5.69
a0c3c29, 17-07-2015, 1024, 6.77
a0c3c29, 17-07-2015, 2048, 8.94
a0c3c29, 17-07-2015, 4096, 13.22
a0c3c29, 17-07-2015, 8192, 16.58
a0c3c29, 17-07-2015, 16384, 23.30
a0c3c29, 17-07-2015, 32768, 36.75
a0c3c29, 17-07-2015, 65536, 63.56
a0c3c29, 17-07-2015, 131072, 117.24
a0c3c29, 17-07-2015, 262144, 224.54
a0c3c29, 17-07-2015, 524288, 439.20
a0c3c29, 17-07-2015, 1048576, 868.59
a0c3c29, 17-07-2015, 2097152, 1727.17
a0c3c29, 17-07-2015, 4194304, 3444.28
3ea1609, 18-07-2015, 1, 4.90
3ea1609, 18-07-2015, 2, 4.86
3ea1609, 18-07-2015, 4, 4.85
3ea1609, 18-07-2015, 8, 4.86
3ea1609, 18-07-2015, 16, 4.89
3ea1609, 18-07-2015, 32, 4.89
3ea1609, 18-07-2015, 64, 5.05
3ea1609, 18-07-2015, 128, 5.03
3ea1609, 18-07-2015, 256, 5.32
3ea1609, 18-07-2015, 512, 5.77
3ea1609, 18-07-2015, 1024, 6.83
3ea1609, 18-07-2015, 2048, 9.05
3ea1609, 18-07-2015, 4096, 13.43
3ea1609, 18-07-2015, 8192, 16.69
3ea1609, 18-07-2015, 16384, 23.45
3ea1609, 18-07-2015, 32768, 36.88
3ea1609, 18-07-2015, 65536, 63.71
3ea1609, 18-07-2015, 131072, 117.35
3ea1609, 18-07-2015, 262144, 224.69
3ea1609, 18-07-2015, 524288, 439.32
3ea1609, 18-07-2015, 1048576, 868.79
3ea1609, 18-07-2015, 2097152, 1727.25
3ea1609, 18-07-2015, 4194304, 3444.35
a88dfe1, 20-07-2015, 1, 4.93
a88dfe1, 20-07-2015, 2, 4.92
a88dfe1, 20-07-2015, 4, 4.90
a88dfe1, 20-07-2015, 8, 4.92
a88dfe1, 20-07-2015, 16, 4.93
a88dfe1, 20-07-2015, 32, 4.89
a88dfe1, 20-07-2015, 64, 4.96
a88dfe1, 20-07-2015, 128, 4.97
a88dfe1, 20-07-2015, 256, 5.31
a88dfe1, 20-07-2015, 512, 5.75
a88dfe1, 20-07-2015, 1024, 6.81
a88dfe1, 20-07-2015, 2048, 9.02
a88dfe1, 20-07-2015, 4096, 13.30
a88dfe1, 20-07-2015, 8192, 16.72
a88dfe1, 20-07-2015, 16384, 23.40
a88dfe1, 20-07-2015, 32768, 36.82
a88dfe1, 20-07-2015, 65536, 63.69
a88dfe1, 20-07-2015, 131072, 117.42
a88dfe1, 20-07-2015, 262144, 224.75
a88dfe1, 20-07-2015, 524288, 439.38
a88dfe1, 20-07-2015, 1048576, 868.67
a88dfe1, 20-07-2015, 2097152, 1727.24
a88dfe1, 20-07-2015, 4194304, 3444.32
2a5eaf3, 21-07-2015, 1, 4.82
2a5eaf3, 21-07-2015, 2, 4.82
2a5eaf3, 21-07-2015, 4, 4.81
2a5eaf3, 21-07-2015, 8, 4.81
2a5eaf3, 21-07-2015, 16, 4.83
2a5eaf3, 21-07-2015, 32, 4.85
2a5eaf3, 21-07-2015, 64, 4.73
2a5eaf3, 21-07-2015, 128, 4.96
2a5eaf3, 21-07-2015, 256, 5.04
2a5eaf3, 21-07-2015, 512, 5.63
2a5eaf3, 21-07-2015, 1024, 6.75
2a5eaf3, 21-07-2015, 2048, 8.79
2a5eaf3, 21-07-2015, 4096, 13.14
2a5eaf3, 21-07-2015, 8192, 16.56
2a5eaf3, 21-07-2015, 16384, 23.27
2a5eaf3, 21-07-2015, 32768, 36.67
2a5eaf3, 21-07-2015, 65536, 63.57
2a5eaf3, 21-07-2015, 131072, 117.18
2a5eaf3, 21-07-2015, 262144, 224.46
2a5eaf3, 21-07-2015, 524288, 439.08
2a5eaf3, 21-07-2015, 1048576, 868.46
2a5eaf3, 21-07-2015, 2097152, 1727.11
2a5eaf3, 21-07-2015, 4194304, 3444.14
f565790, 21-08-2015, 1, 4.41
f565790, 21-08-2015, 2, 4.40
f565790, 21-08-2015, 4, 4.40
f565790, 21-08-2015, 8, 4.40
f565790, 21-08-2015, 16, 4.40
f565790, 21-08-2015, 32, 4.51
f565790, 21-08-2015, 64, 4.82
f565790, 21-08-2015, 128, 4.81
f565790, 21-08-2015, 256, 4.79
f565790, 21-08-2015, 512, 5.42
f565790, 21-08-2015, 1024, 6.63
f565790, 21-08-2015, 2048, 8.72
f565790, 21-08-2015, 4096, 12.97
f565790, 21-08-2015, 8192, 16.29
f565790, 21-08-2015, 16384, 22.95
f565790, 21-08-2015, 32768, 36.54
f565790, 21-08-2015, 65536, 63.35
f565790, 21-08-2015, 131072, 117.02
f565790, 21-08-2015, 262144, 224.35
f565790, 21-08-2015, 524288, 438.98
f565790, 21-08-2015, 1048576, 868.30
f565790, 21-08-2015, 2097152, 1726.88
f565790, 21-08-2015, 4194304, 3443.91
3cbff1b, 26-08-2015, 1, 4.45
3cbff1b, 26-08-2015, 2, 4.46
3cbff1b, 26-08-2015, 4, 4.46
3cbff1b, 26-08-2015, 8, 4.44
3cbff1b, 26-08-2015, 16, 4.44
3cbff1b, 26-08-2015, 32, 4.53
3cbff1b, 26-08-2015, 64, 4.90
3cbff1b, 26-08-2015, 128, 4.84
3cbff1b, 26-08-2015, 256, 4.83
3cbff1b, 26-08-2015, 512, 5.45
3cbff1b, 26-08-2015, 1024, 6.63
3cbff1b, 26-08-2015, 2048, 8.88
3cbff1b, 26-08-2015, 4096, 12.96
3cbff1b, 26-08-2015, 8192, 16.32
3cbff1b, 26-08-2015, 16384, 22.99
3cbff1b, 26-08-2015, 32768, 36.64
3cbff1b, 26-08-2015, 65536, 63.40
3cbff1b, 26-08-2015, 131072, 117.00
3cbff1b, 26-08-2015, 262144, 224.36
3cbff1b, 26-08-2015, 524288, 439.00
3cbff1b, 26-08-2015, 1048576, 868.32
3cbff1b, 26-08-2015, 2097152, 1726.82
3cbff1b, 26-08-2015, 4194304, 3444.03
107ed41, 27-08-2015, 1, 4.56
107ed41, 27-08-2015, 2, 4.56
107ed41, 27-08-2015, 4, 4.56
107ed41, 27-08-2015, 8, 4.56
107ed41, 27-08-2015, 16, 4.56
107ed41, 27-08-2015, 32, 4.71
107ed41, 27-08-2015, 64, 4.88
107ed41, 27-08-2015, 128, 4.80
107ed41, 27-08-2015, 256, 4.81
107ed41, 27-08-2015, 512, 5.49
107ed41, 27-08-2015, 1024, 6.67
107ed41, 27-08-2015, 2048, 8.75
107ed41, 27-08-2015, 4096, 13.04
107ed41, 27-08-2015, 8192, 16.30
107ed41, 27-08-2015, 16384, 23.00
107ed41, 27-08-2015, 32768, 36.62
107ed41, 27-08-2015, 65536, 63.43
107ed41, 27-08-2015, 131072, 117.00
107ed41, 27-08-2015, 262144, 224.36
107ed41, 27-08-2015, 524288, 438.98
107ed41, 27-08-2015, 1048576, 868.30
107ed41, 27-08-2015, 2097152, 1726.91
107ed41, 27-08-2015, 4194304, 3443.96
4967366, 28-08-2015, 1, 4.50
4967366, 28-08-2015, 2, 4.51
4967366, 28-08-2015, 4, 4.52
4967366, 28-08-2015, 8, 4.51
4967366, 28-08-2015, 16, 4.51
4967366, 28-08-2015, 32, 4.66
4967366, 28-08-2015, 64, 4.84
4967366, 28-08-2015, 128, 4.79
4967366, 28-08-2015, 256, 4.79
4967366, 28-08-2015, 512, 5.46
4967366, 28-08-2015, 1024, 6.61
4967366, 28-08-2015, 2048, 8.84
4967366, 28-08-2015, 4096, 12.97
4967366, 28-08-2015, 8192, 16.31
4967366, 28-08-2015, 16384, 23.11
4967366, 28-08-2015, 32768, 36.75
4967366, 28-08-2015, 65536, 63.50
4967366, 28-08-2015, 131072, 117.01
4967366, 28-08-2015, 262144, 224.34
4967366, 28-08-2015, 524288, 438.96
4967366, 28-08-2015, 1048576, 868.36
4967366, 28-08-2015, 2097152, 1726.83
4967366, 28-08-2015, 4194304, 3443.97
58c47dc, 29-08-2015, 1, 4.46
58c47dc, 29-08-2015, 2, 4.48
58c47dc, 29-08-2015, 4, 4.49
58c47dc, 29-08-2015, 8, 4.48
58c47dc, 29-08-2015, 16, 4.48
58c47dc, 29-08-2015, 32, 4.69
58c47dc, 29-08-2015, 64, 4.87
58c47dc, 29-08-2015, 128, 4.80
58c47dc, 29-08-2015, 256, 4.81
58c47dc, 29-08-2015, 512, 5.48
58c47dc, 29-08-2015, 1024, 6.62
58c47dc, 29-08-2015, 2048, 8.76
58c47dc, 29-08-2015, 4096, 13.01
58c47dc, 29-08-2015, 8192, 16.27
58c47dc, 29-08-2015, 16384, 23.04
58c47dc, 29-08-2015, 32768, 36.43
58c47dc, 29-08-2015, 65536, 63.30
58c47dc, 29-08-2015, 131072, 116.99
58c47dc, 29-08-2015, 262144, 224.32
58c47dc, 29-08-2015, 524288, 438.98
58c47dc, 29-08-2015, 1048576, 868.29
58c47dc, 29-08-2015, 2097152, 1726.87
58c47dc, 29-08-2015, 4194304, 3443.98
e079875, 30-08-2015, 1, 4.63
e079875, 30-08-2015, 2, 4.63
e079875, 30-08-2015, 4, 4.64
e079875, 30-08-2015, 8, 4.64
e079875, 30-08-2015, 16, 4.65
e079875, 30-08-2015, 32, 4.77
e079875, 30-08-2015, 64, 4.86
e079875, 30-08-2015, 128, 4.77
e079875, 30-08-2015, 256, 4.83
e079875, 30-08-2015, 512, 5.56
e079875, 30-08-2015, 1024, 6.59
e079875, 30-08-2015, 2048, 8.89
e079875, 30-08-2015, 4096, 12.98
e079875, 30-08-2015, 8192, 16.38
e079875, 30-08-2015, 16384, 23.02
e079875, 30-08-2015, 32768, 36.51
e079875, 30-08-2015, 65536, 63.39
e079875, 30-08-2015, 131072, 116.99
e079875, 30-08-2015, 262144, 224.31
e079875, 30-08-2015, 524288, 438.99
e079875, 30-08-2015, 1048576, 868.29
e079875, 30-08-2015, 2097152, 1726.88
e079875, 30-08-2015, 4194304, 3443.97
05093d1, 31-08-2015, 1, 4.58
05093d1, 31-08-2015, 2, 4.58
05093d1, 31-08-2015, 4, 4.59
05093d1, 31-08-2015, 8, 4.59
05093d1, 31-08-2015, 16, 4.60
05093d1, 31-08-2015, 32, 4.69
05093d1, 31-08-2015, 64, 4.89
05093d1, 31-08-2015, 128, 4.81
05093d1, 31-08-2015, 256, 4.83
05093d1, 31-08-2015, 512, 5.49
05093d1, 31-08-2015, 1024, 6.65
05093d1, 31-08-2015, 2048, 8.85
05093d1, 31-08-2015, 4096, 13.04
05093d1, 31-08-2015, 8192, 16.40
05093d1, 31-08-2015, 16384, 23.12
05093d1, 31-08-2015, 32768, 36.56
05093d1, 31-08-2015, 65536, 63.43
05093d1, 31-08-2015, 131072, 117.02
05093d1, 31-08-2015, 262144, 224.39
05093d1, 31-08-2015, 524288, 439.01
05093d1, 31-08-2015, 1048576, 868.31
05093d1, 31-08-2015, 2097152, 1726.86
05093d1, 31-08-2015, 4194304, 3443.96
7f873e2, 18-09-2015, 1, 4.20
7f873e2, 18-09-2015, 2, 4.22
7f873e2, 18-09-2015, 4, 4.05
7f873e2, 18-09-2015, 8, 4.05
7f873e2, 18-09-2015, 16, 4.05
7f873e2, 18-09-2015, 32, 4.05
7f873e2, 18-09-2015, 64, 4.10
7f873e2, 18-09-2015, 128, 4.83
7f873e2, 18-09-2015, 256, 5.58
7f873e2, 18-09-2015, 512, 5.68
7f873e2, 18-09-2015, 1024, 6.56
7f873e2, 18-09-2015, 2048, 8.40
7f873e2, 18-09-2015, 4096, 12.81
7f873e2, 18-09-2015, 8192, 16.07
7f873e2, 18-09-2015, 16384, 22.77
7f873e2, 18-09-2015, 32768, 36.16
7f873e2, 18-09-2015, 65536, 63.13
7f873e2, 18-09-2015, 131072, 116.77
7f873e2, 18-09-2015, 262144, 224.11
7f873e2, 18-09-2015, 524288, 438.69
7f873e2, 18-09-2015, 1048576, 868.20
7f873e2, 18-09-2015, 2097152, 1726.41
7f873e2, 18-09-2015, 4194304, 3443.52
cb4ea59, 19-09-2015, 1, 4.28
cb4ea59, 19-09-2015, 2, 4.28
cb4ea59, 19-09-2015, 4, 4.28
cb4ea59, 19-09-2015, 8, 4.27
cb4ea59, 19-09-2015, 16, 4.28
cb4ea59, 19-09-2015, 32, 4.28
cb4ea59, 19-09-2015, 64, 4.28
cb4ea59, 19-09-2015, 128, 4.29
cb4ea59, 19-09-2015, 256, 4.73
cb4ea59, 19-09-2015, 512, 5.18
cb4ea59, 19-09-2015, 1024, 6.11
cb4ea59, 19-09-2015, 2048, 8.37
cb4ea59, 19-09-2015, 4096, 12.54
cb4ea59, 19-09-2015, 8192, 16.12
cb4ea59, 19-09-2015, 16384, 22.76
cb4ea59, 19-09-2015, 32768, 36.21
cb4ea59, 19-09-2015, 65536, 63.06
cb4ea59, 19-09-2015, 131072, 116.67
cb4ea59, 19-09-2015, 262144, 224.01
cb4ea59, 19-09-2015, 524288, 438.62
cb4ea59, 19-09-2015, 1048576, 867.90
cb4ea59, 19-09-2015, 2097152, 1726.57
cb4ea59, 19-09-2015, 4194304, 3443.60
4e631e5, 20-09-2015, 1, 4.02
4e631e5, 20-09-2015, 2, 4.00
4e631e5, 20-09-2015, 4, 3.99
4e631e5, 20-09-2015, 8, 3.98
4e631e5, 20-09-2015, 16, 3.98
4e631e5, 20-09-2015, 32, 3.99
4e631e5, 20-09-2015, 64, 4.03
4e631e5, 20-09-2015, 128, 4.35
4e631e5, 20-09-2015, 256, 4.43
4e631e5, 20-09-2015, 512, 4.89
4e631e5, 20-09-2015, 1024, 6.16
4e631e5, 20-09-2015, 2048, 8.15
4e631e5, 20-09-2015, 4096, 12.41
4e631e5, 20-09-2015, 8192, 15.91
4e631e5, 20-09-2015, 16384, 22.56
4e631e5, 20-09-2015, 32768, 35.97
4e631e5, 20-09-2015, 65536, 62.83
4e631e5, 20-09-2015, 131072, 116.49
4e631e5, 20-09-2015, 262144, 223.79
4e631e5, 20-09-2015, 524288, 438.44
4e631e5, 20-09-2015, 1048576, 867.72
4e631e5, 20-09-2015, 2097152, 1726.42
4e631e5, 20-09-2015, 4194304, 3443.38
14bd43a, 22-09-2015, 1, 4.02
14bd43a, 22-09-2015, 2, 4.04
14bd43a, 22-09-2015, 4, 4.07
14bd43a, 22-09-2015, 8, 4.08
14bd43a, 22-09-2015, 16, 4.09
14bd43a, 22-09-2015, 32, 4.14
14bd43a, 22-09-2015, 64, 4.30
14bd43a, 22-09-2015, 128, 4.29
14bd43a, 22-09-2015, 256, 4.38
14bd43a, 22-09-2015, 512, 5.10
14bd43a, 22-09-2015, 1024, 5.99
14bd43a, 22-09-2015, 2048, 8.12
14bd43a, 22-09-2015, 4096, 12.40
14bd43a, 22-09-2015, 8192, 15.80
14bd43a, 22-09-2015, 16384, 22.61
14bd43a, 22-09-2015, 32768, 35.99
14bd43a, 22-09-2015, 65536, 62.86
14bd43a, 22-09-2015, 131072, 116.50
14bd43a, 22-09-2015, 262144, 223.85
14bd43a, 22-09-2015, 524288, 438.49
14bd43a, 22-09-2015, 1048576, 867.76
14bd43a, 22-09-2015, 2097152, 1726.41
14bd43a, 22-09-2015, 4194304, 3443.40
f77fcee, 23-09-2015, 1, 3.99
f77fcee, 23-09-2015, 2, 4.00
f77fcee, 23-09-2015, 4, 4.01
f77fcee, 23-09-2015, 8, 4.01
f77fcee, 23-09-2015, 16, 4.01
f77fcee, 23-09-2015, 32, 4.07
f77fcee, 23-09-2015, 64, 4.34
f77fcee, 23-09-2015, 128, 4.35
f77fcee, 23-09-2015, 256, 4.39
f77fcee, 23-09-2015, 512, 5.08
f77fcee, 23-09-2015, 1024, 6.06
f77fcee, 23-09-2015, 2048, 8.20
f77fcee, 23-09-2015, 4096, 12.48
f77fcee, 23-09-2015, 8192, 15.90
f77fcee, 23-09-2015, 16384, 22.66
f77fcee, 23-09-2015, 32768, 36.02
f77fcee, 23-09-2015, 65536, 62.90
f77fcee, 23-09-2015, 131072, 116.51
f77fcee, 23-09-2015, 262144, 223.89
f77fcee, 23-09-2015, 524288, 438.48
f77fcee, 23-09-2015, 1048576, 867.81
f77fcee, 23-09-2015, 2097152, 1726.38
f77fcee, 23-09-2015, 4194304, 3443.54
d58441a, 29-09-2015, 1, 3.99
d58441a, 29-09-2015, 2, 3.96
d58441a, 29-09-2015, 4, 3.95
d58441a, 29-09-2015, 8, 3.94
d58441a, 29-09-2015, 16, 3.95
d58441a, 29-09-2015, 32, 3.96
d58441a, 29-09-2015, 64, 4.23
d58441a, 29-09-2015, 128, 4.36
d58441a, 29-09-2015, 256, 4.37
d58441a, 29-09-2015, 512, 4.87
d58441a, 29-09-2015, 1024, 6.12
d58441a, 29-09-2015, 2048, 8.30
d58441a, 29-09-2015, 4096, 12.48
d58441a, 29-09-2015, 8192, 15.78
d58441a, 29-09-2015, 16384, 22.66
d58441a, 29-09-2015, 32768, 35.95
d58441a, 29-09-2015, 65536, 62.93
d58441a, 29-09-2015, 131072, 116.53
d58441a, 29-09-2015, 262144, 223.80
d58441a, 29-09-2015, 524288, 438.47
d58441a, 29-09-2015, 1048576, 867.76
d58441a, 29-09-2015, 2097152, 1726.53
d58441a, 29-09-2015, 4194304, 3443.47
1e4521d, 30-09-2015, 1, 3.98
1e4521d, 30-09-2015, 2, 3.96
1e4521d, 30-09-2015, 4, 3.96
1e4521d, 30-09-2015, 8, 3.96
1e4521d, 30-09-2015, 16, 3.96
1e4521d, 30-09-2015, 32, 3.98
1e4521d, 30-09-2015, 64, 4.29
1e4521d, 30-09-2015, 128, 4.35
1e4521d, 30-09-2015, 256, 4.36
1e4521d, 30-09-2015, 512, 4.92
1e4521d, 30-09-2015, 1024, 6.10
1e4521d, 30-09-2015, 2048, 8.27
1e4521d, 30-09-2015, 4096, 12.58
1e4521d, 30-09-2015, 8192, 15.89
1e4521d, 30-09-2015, 16384, 22.59
1e4521d, 30-09-2015, 32768, 36.05
1e4521d, 30-09-2015, 65536, 62.92
1e4521d, 30-09-2015, 131072, 116.53
1e4521d, 30-09-2015, 262144, 223.82
1e4521d, 30-09-2015, 524288, 438.50
1e4521d, 30-09-2015, 1048576, 867.79
1e4521d, 30-09-2015, 2097152, 1726.46
1e4521d, 30-09-2015, 4194304, 3443.48
a3e9a3f, 02-10-2015, 1, 3.97
a3e9a3f, 02-10-2015, 2, 3.96
a3e9a3f, 02-10-2015, 4, 3.95
a3e9a3f, 02-10-2015, 8, 3.95
a3e9a3f, 02-10-2015, 16, 3.95
a3e9a3f, 02-10-2015, 32, 3.96
a3e9a3f, 02-10-2015, 64, 4.26
a3e9a3f, 02-10-2015, 128, 4.35
a3e9a3f, 02-10-2015, 256, 4.36
a3e9a3f, 02-10-2015, 512, 4.91
a3e9a3f, 02-10-2015, 1024, 6.11
a3e9a3f, 02-10-2015, 2048, 8.28
a3e9a3f, 02-10-2015, 4096, 12.54
a3e9a3f, 02-10-2015, 8192, 15.84
a3e9a3f, 02-10-2015, 16384, 22.65
a3e9a3f, 02-10-2015, 32768, 36.05
a3e9a3f, 02-10-2015, 65536, 62.91
a3e9a3f, 02-10-2015, 131072, 116.55
a3e9a3f, 02-10-2015, 262144, 223.81
a3e9a3f, 02-10-2015, 524288, 438.46
a3e9a3f, 02-10-2015, 1048576, 867.76
a3e9a3f, 02-10-2015, 2097152, 1726.50
a3e9a3f, 02-10-2015, 4194304, 3443.55
83cc2d8, 16-10-2015, 1, 3.99
83cc2d8, 16-10-2015, 2, 4.01
83cc2d8, 16-10-2015, 4, 4.05
83cc2d8, 16-10-2015, 8, 4.06
83cc2d8, 16-10-2015, 16, 4.06
83cc2d8, 16-10-2015, 32, 4.10
83cc2d8, 16-10-2015, 64, 4.32
83cc2d8, 16-10-2015, 128, 4.34
83cc2d8, 16-10-2015, 256, 4.38
83cc2d8, 16-10-2015, 512, 5.09
83cc2d8, 16-10-2015, 1024, 6.03
83cc2d8, 16-10-2015, 2048, 8.16
83cc2d8, 16-10-2015, 4096, 12.44
83cc2d8, 16-10-2015, 8192, 15.87
83cc2d8, 16-10-2015, 16384, 22.65
83cc2d8, 16-10-2015, 32768, 36.04
83cc2d8, 16-10-2015, 65536, 62.91
83cc2d8, 16-10-2015, 131072, 116.51
83cc2d8, 16-10-2015, 262144, 223.86
83cc2d8, 16-10-2015, 524288, 438.48
83cc2d8, 16-10-2015, 1048576, 867.75
83cc2d8, 16-10-2015, 2097152, 1726.38
83cc2d8, 16-10-2015, 4194304, 3443.46
6d53791, 19-10-2015, 1, 3.93
6d53791, 19-10-2015, 2, 3.93
6d53791, 19-10-2015, 4, 3.94
6d53791, 19-10-2015, 8, 3.94
6d53791, 19-10-2015, 16, 3.94
6d53791, 19-10-2015, 32, 4.01
6d53791, 19-10-2015, 64, 4.27
6d53791, 19-10-2015, 128, 4.29
6d53791, 19-10-2015, 256, 4.33
6d53791, 19-10-2015, 512, 5.05
6d53791, 19-10-2015, 1024, 5.99
6d53791, 19-10-2015, 2048, 8.11
6d53791, 19-10-2015, 4096, 12.38
6d53791, 19-10-2015, 8192, 15.78
6d53791, 19-10-2015, 16384, 22.54
6d53791, 19-10-2015, 32768, 36.03
6d53791, 19-10-2015, 65536, 62.82
6d53791, 19-10-2015, 131072, 116.47
6d53791, 19-10-2015, 262144, 223.83
6d53791, 19-10-2015, 524288, 438.46
6d53791, 19-10-2015, 1048576, 867.73
6d53791, 19-10-2015, 2097152, 1726.46
6d53791, 19-10-2015, 4194304, 3443.48
dc20125, 20-10-2015, 1, 4.04
dc20125, 20-10-2015, 2, 4.02
dc20125, 20-10-2015, 4, 4.00
dc20125, 20-10-2015, 8, 4.00
dc20125, 20-10-2015, 16, 4.00
dc20125, 20-10-2015, 32, 4.01
dc20125, 20-10-2015, 64, 4.05
dc20125, 20-10-2015, 128, 4.58
dc20125, 20-10-2015, 256, 4.60
dc20125, 20-10-2015, 512, 5.20
dc20125, 20-10-2015, 1024, 6.38
dc20125, 20-10-2015, 2048, 8.19
dc20125, 20-10-2015, 4096, 12.41
dc20125, 20-10-2015, 8192, 15.97
dc20125, 20-10-2015, 16384, 22.58
dc20125, 20-10-2015, 32768, 36.28
dc20125, 20-10-2015, 65536, 63.01
dc20125, 20-10-2015, 131072, 116.47
dc20125, 20-10-2015, 262144, 224.10
dc20125, 20-10-2015, 524288, 438.62
dc20125, 20-10-2015, 1048576, 867.94
dc20125, 20-10-2015, 2097152, 1726.45
dc20125, 20-10-2015, 4194304, 3443.59
a25bed5, 28-10-2015, 1, 5.51
a25bed5, 28-10-2015, 2, 5.03
a25bed5, 28-10-2015, 4, 4.75
a25bed5, 28-10-2015, 8, 4.60
a25bed5, 28-10-2015, 16, 4.46
a25bed5, 28-10-2015, 32, 4.60
a25bed5, 28-10-2015, 64, 4.68
a25bed5, 28-10-2015, 128, 4.67
a25bed5, 28-10-2015, 256, 4.72
a25bed5, 28-10-2015, 512, 5.51
a25bed5, 28-10-2015, 1024, 6.46
a25bed5, 28-10-2015, 2048, 8.66
a25bed5, 28-10-2015, 4096, 12.89
a25bed5, 28-10-2015, 8192, 16.27
a25bed5, 28-10-2015, 16384, 22.97
a25bed5, 28-10-2015, 32768, 36.51
a25bed5, 28-10-2015, 65536, 63.31
a25bed5, 28-10-2015, 131072, 116.97
a25bed5, 28-10-2015, 262144, 224.27
a25bed5, 28-10-2015, 524288, 438.89
a25bed5, 28-10-2015, 1048576, 868.75
a25bed5, 28-10-2015, 2097152, 1726.94
a25bed5, 28-10-2015, 4194304, 3444.43
18b1738, 29-10-2015, 1, 5.26
18b1738, 29-10-2015, 2, 4.92
18b1738, 29-10-2015, 4, 4.67
18b1738, 29-10-2015, 8, 4.51
18b1738, 29-10-2015, 16, 4.42
18b1738, 29-10-2015, 32, 4.44
18b1738, 29-10-2015, 64, 4.55
18b1738, 29-10-2015, 128, 4.58
18b1738, 29-10-2015, 256, 4.81
18b1738, 29-10-2015, 512, 5.29
18b1738, 29-10-2015, 1024, 6.36
18b1738, 29-10-2015, 2048, 8.51
18b1738, 29-10-2015, 4096, 12.79
18b1738, 29-10-2015, 8192, 16.19
18b1738, 29-10-2015, 16384, 22.86
18b1738, 29-10-2015, 32768, 36.33
18b1738, 29-10-2015, 65536, 63.15
18b1738, 29-10-2015, 131072, 116.83
18b1738, 29-10-2015, 262144, 224.10
18b1738, 29-10-2015, 524288, 438.81
18b1738, 29-10-2015, 1048576, 871.29
18b1738, 29-10-2015, 2097152, 1726.80
18b1738, 29-10-2015, 4194304, 3444.21
3fdffa2, 31-10-2015, 1, 5.26
3fdffa2, 31-10-2015, 2, 4.86
3fdffa2, 31-10-2015, 4, 4.64
3fdffa2, 31-10-2015, 8, 4.50
3fdffa2, 31-10-2015, 16, 4.41
3fdffa2, 31-10-2015, 32, 4.48
3fdffa2, 31-10-2015, 64, 4.55
3fdffa2, 31-10-2015, 128, 4.56
3fdffa2, 31-10-2015, 256, 4.86
3fdffa2, 31-10-2015, 512, 5.28
3fdffa2, 31-10-2015, 1024, 6.35
3fdffa2, 31-10-2015, 2048, 8.48
3fdffa2, 31-10-2015, 4096, 12.76
3fdffa2, 31-10-2015, 8192, 16.24
3fdffa2, 31-10-2015, 16384, 22.98
3fdffa2, 31-10-2015, 32768, 36.40
3fdffa2, 31-10-2015, 65536, 63.20
3fdffa2, 31-10-2015, 131072, 116.84
3fdffa2, 31-10-2015, 262144, 224.14
3fdffa2, 31-10-2015, 524288, 438.89
3fdffa2, 31-10-2015, 1048576, 868.59
3fdffa2, 31-10-2015, 2097152, 1726.80
3fdffa2, 31-10-2015, 4194304, 3444.33
a76056d, 01-11-2015, 1, 5.29
a76056d, 01-11-2015, 2, 4.89
a76056d, 01-11-2015, 4, 4.63
a76056d, 01-11-2015, 8, 4.52
a76056d, 01-11-2015, 16, 4.41
a76056d, 01-11-2015, 32, 4.44
a76056d, 01-11-2015, 64, 4.45
a76056d, 01-11-2015, 128, 4.46
a76056d, 01-11-2015, 256, 4.80
a76056d, 01-11-2015, 512, 5.23
a76056d, 01-11-2015, 1024, 6.37
a76056d, 01-11-2015, 2048, 8.57
a76056d, 01-11-2015, 4096, 12.75
a76056d, 01-11-2015, 8192, 16.18
a76056d, 01-11-2015, 16384, 22.88
a76056d, 01-11-2015, 32768, 36.30
a76056d, 01-11-2015, 65536, 63.16
a76056d, 01-11-2015, 131072, 116.85
a76056d, 01-11-2015, 262144, 224.11
a76056d, 01-11-2015, 524288, 438.77
a76056d, 01-11-2015, 1048576, 869.54
a76056d, 01-11-2015, 2097152, 1726.82
a76056d, 01-11-2015, 4194304, 3444.28
bb7445c, 07-01-2016, 1, 5.05
bb7445c, 07-01-2016, 2, 4.78
bb7445c, 07-01-2016, 4, 4.58
bb7445c, 07-01-2016, 8, 4.46
bb7445c, 07-01-2016, 16, 4.38
bb7445c, 07-01-2016, 32, 4.38
bb7445c, 07-01-2016, 64, 4.43
bb7445c, 07-01-2016, 128, 4.57
bb7445c, 07-01-2016, 256, 4.80
bb7445c, 07-01-2016, 512, 5.31
bb7445c, 07-01-2016, 1024, 6.36
bb7445c, 07-01-2016, 2048, 8.49
bb7445c, 07-01-2016, 4096, 12.80
bb7445c, 07-01-2016, 8192, 16.18
bb7445c, 07-01-2016, 16384, 22.94
bb7445c, 07-01-2016, 32768, 36.30
bb7445c, 07-01-2016, 65536, 63.23
bb7445c, 07-01-2016, 131072, 117.32
bb7445c, 07-01-2016, 262144, 224.16
bb7445c, 07-01-2016, 524288, 438.74
bb7445c, 07-01-2016, 1048576, 871.91
bb7445c, 07-01-2016, 2097152, 1726.81
bb7445c, 07-01-2016, 4194304, 3444.41
26a67a7, 27-02-2016, 1, 5.28
26a67a7, 27-02-2016, 2, 4.89
26a67a7, 27-02-2016, 4, 4.71
26a67a7, 27-02-2016, 8, 4.56
26a67a7, 27-02-2016, 16, 4.43
26a67a7, 27-02-2016, 32, 4.36
26a67a7, 27-02-2016, 64, 4.54
26a67a7, 27-02-2016, 128, 4.53
26a67a7, 27-02-2016, 256, 4.73
26a67a7, 27-02-2016, 512, 5.26
26a67a7, 27-02-2016, 1024, 6.40
26a67a7, 27-02-2016, 2048, 8.56
26a67a7, 27-02-2016, 4096, 12.87
26a67a7, 27-02-2016, 8192, 16.22
26a67a7, 27-02-2016, 16384, 22.94
26a67a7, 27-02-2016, 32768, 36.36
26a67a7, 27-02-2016, 65536, 63.19
26a67a7, 27-02-2016, 131072, 116.91
26a67a7, 27-02-2016, 262144, 224.19
26a67a7, 27-02-2016, 524288, 442.42
26a67a7, 27-02-2016, 1048576, 868.25
26a67a7, 27-02-2016, 2097152, 1727.14
26a67a7, 27-02-2016, 4194304, 3444.33
9f670f4, 28-02-2016, 1, 5.31
9f670f4, 28-02-2016, 2, 4.91
9f670f4, 28-02-2016, 4, 4.70
9f670f4, 28-02-2016, 8, 4.58
9f670f4, 28-02-2016, 16, 4.45
9f670f4, 28-02-2016, 32, 4.38
9f670f4, 28-02-2016, 64, 4.55
9f670f4, 28-02-2016, 128, 4.55
9f670f4, 28-02-2016, 256, 4.76
9f670f4, 28-02-2016, 512, 5.32
9f670f4, 28-02-2016, 1024, 6.49
9f670f4, 28-02-2016, 2048, 8.58
9f670f4, 28-02-2016, 4096, 12.90
9f670f4, 28-02-2016, 8192, 16.24
9f670f4, 28-02-2016, 16384, 23.01
9f670f4, 28-02-2016, 32768, 36.38
9f670f4, 28-02-2016, 65536, 63.24
9f670f4, 28-02-2016, 131072, 116.89
9f670f4, 28-02-2016, 262144, 224.20
9f670f4, 28-02-2016, 524288, 439.23
9f670f4, 28-02-2016, 1048576, 868.26
9f670f4, 28-02-2016, 2097152, 1727.13
9f670f4, 28-02-2016, 4194304, 3444.23
35d6e5d, 29-02-2016, 1, 5.34
35d6e5d, 29-02-2016, 2, 4.94
35d6e5d, 29-02-2016, 4, 4.70
35d6e5d, 29-02-2016, 8, 4.58
35d6e5d, 29-02-2016, 16, 4.50
35d6e5d, 29-02-2016, 32, 4.47
35d6e5d, 29-02-2016, 64, 4.52
35d6e5d, 29-02-2016, 128, 4.65
35d6e5d, 29-02-2016, 256, 4.84
35d6e5d, 29-02-2016, 512, 5.35
35d6e5d, 29-02-2016, 1024, 6.42
35d6e5d, 29-02-2016, 2048, 8.58
35d6e5d, 29-02-2016, 4096, 12.86
35d6e5d, 29-02-2016, 8192, 16.24
35d6e5d, 29-02-2016, 16384, 22.99
35d6e5d, 29-02-2016, 32768, 36.42
35d6e5d, 29-02-2016, 65536, 63.22
35d6e5d, 29-02-2016, 131072, 116.94
35d6e5d, 29-02-2016, 262144, 224.21
35d6e5d, 29-02-2016, 524288, 446.28
35d6e5d, 29-02-2016, 1048576, 868.30
35d6e5d, 29-02-2016, 2097152, 1727.28
35d6e5d, 29-02-2016, 4194304, 3446.10
b3d3254, 01-03-2016, 1, 5.26
b3d3254, 01-03-2016, 2, 4.88
b3d3254, 01-03-2016, 4, 4.66
b3d3254, 01-03-2016, 8, 4.53
b3d3254, 01-03-2016, 16, 4.43
b3d3254, 01-03-2016, 32, 4.42
b3d3254, 01-03-2016, 64, 4.44
b3d3254, 01-03-2016, 128, 4.64
b3d3254, 01-03-2016, 256, 4.77
b3d3254, 01-03-2016, 512, 5.31
b3d3254, 01-03-2016, 1024, 6.38
b3d3254, 01-03-2016, 2048, 8.51
b3d3254, 01-03-2016, 4096, 12.86
b3d3254, 01-03-2016, 8192, 16.22
b3d3254, 01-03-2016, 16384, 22.92
b3d3254, 01-03-2016, 32768, 36.41
b3d3254, 01-03-2016, 65536, 63.19
b3d3254, 01-03-2016, 131072, 116.89
b3d3254, 01-03-2016, 262144, 224.22
b3d3254, 01-03-2016, 524288, 446.42
b3d3254, 01-03-2016, 1048576, 868.26
b3d3254, 01-03-2016, 2097152, 1727.17
b3d3254, 01-03-2016, 4194304, 3445.22
efeeafd, 02-03-2016, 1, 5.23
efeeafd, 02-03-2016, 2, 4.86
efeeafd, 02-03-2016, 4, 4.64
efeeafd, 02-03-2016, 8, 4.51
efeeafd, 02-03-2016, 16, 4.41
efeeafd, 02-03-2016, 32, 4.36
efeeafd, 02-03-2016, 64, 4.40
efeeafd, 02-03-2016, 128, 4.52
efeeafd, 02-03-2016, 256, 4.72
efeeafd, 02-03-2016, 512, 5.24
efeeafd, 02-03-2016, 1024, 6.35
efeeafd, 02-03-2016, 2048, 8.53
efeeafd, 02-03-2016, 4096, 12.81
efeeafd, 02-03-2016, 8192, 16.21
efeeafd, 02-03-2016, 16384, 22.91
efeeafd, 02-03-2016, 32768, 36.39
efeeafd, 02-03-2016, 65536, 63.16
efeeafd, 02-03-2016, 131072, 116.83
efeeafd, 02-03-2016, 262144, 224.18
efeeafd, 02-03-2016, 524288, 443.64
efeeafd, 02-03-2016, 1048576, 868.24
efeeafd, 02-03-2016, 2097152, 1727.16
efeeafd, 02-03-2016, 4194304, 3444.26
1c0b6c5, 04-03-2016, 1, 5.25
1c0b6c5, 04-03-2016, 2, 4.88
1c0b6c5, 04-03-2016, 4, 4.68
1c0b6c5, 04-03-2016, 8, 4.53
1c0b6c5, 04-03-2016, 16, 4.43
1c0b6c5, 04-03-2016, 32, 4.35
1c0b6c5, 04-03-2016, 64, 4.48
1c0b6c5, 04-03-2016, 128, 4.52
1c0b6c5, 04-03-2016, 256, 4.71
1c0b6c5, 04-03-2016, 512, 5.25
1c0b6c5, 04-03-2016, 1024, 6.37
1c0b6c5, 04-03-2016, 2048, 8.54
1c0b6c5, 04-03-2016, 4096, 12.86
1c0b6c5, 04-03-2016, 8192, 16.21
1c0b6c5, 04-03-2016, 16384, 23.00
1c0b6c5, 04-03-2016, 32768, 36.36
1c0b6c5, 04-03-2016, 65536, 63.14
1c0b6c5, 04-03-2016, 131072, 116.87
1c0b6c5, 04-03-2016, 262144, 224.18
1c0b6c5, 04-03-2016, 524288, 439.47
1c0b6c5, 04-03-2016, 1048576, 868.25
1c0b6c5, 04-03-2016, 2097152, 1727.15
1c0b6c5, 04-03-2016, 4194304, 3444.18
f80054d, 05-03-2016, 1, 5.28
f80054d, 05-03-2016, 2, 4.88
f80054d, 05-03-2016, 4, 4.66
f80054d, 05-03-2016, 8, 4.53
f80054d, 05-03-2016, 16, 4.42
f80054d, 05-03-2016, 32, 4.39
f80054d, 05-03-2016, 64, 4.41
f80054d, 05-03-2016, 128, 4.59
f80054d, 05-03-2016, 256, 4.76
f80054d, 05-03-2016, 512, 5.28
f80054d, 05-03-2016, 1024, 6.34
f80054d, 05-03-2016, 2048, 8.51
f80054d, 05-03-2016, 4096, 12.84
f80054d, 05-03-2016, 8192, 16.19
f80054d, 05-03-2016, 16384, 22.94
f80054d, 05-03-2016, 32768, 36.34
f80054d, 05-03-2016, 65536, 63.18
f80054d, 05-03-2016, 131072, 116.80
f80054d, 05-03-2016, 262144, 224.17
f80054d, 05-03-2016, 524288, 442.91
f80054d, 05-03-2016, 1048576, 868.21
f80054d, 05-03-2016, 2097152, 1727.16
f80054d, 05-03-2016, 4194304, 3444.27
7c9c5a8, 06-03-2016, 1, 5.27
7c9c5a8, 06-03-2016, 2, 4.89
7c9c5a8, 06-03-2016, 4, 4.68
7c9c5a8, 06-03-2016, 8, 4.54
7c9c5a8, 06-03-2016, 16, 4.44
7c9c5a8, 06-03-2016, 32, 4.36
7c9c5a8, 06-03-2016, 64, 4.50
7c9c5a8, 06-03-2016, 128, 4.53
7c9c5a8, 06-03-2016, 256, 4.74
7c9c5a8, 06-03-2016, 512, 5.28
7c9c5a8, 06-03-2016, 1024, 6.43
7c9c5a8, 06-03-2016, 2048, 8.57
7c9c5a8, 06-03-2016, 4096, 12.86
7c9c5a8, 06-03-2016, 8192, 16.24
7c9c5a8, 06-03-2016, 16384, 22.92
7c9c5a8, 06-03-2016, 32768, 36.39
7c9c5a8, 06-03-2016, 65536, 63.17
7c9c5a8, 06-03-2016, 131072, 116.87
7c9c5a8, 06-03-2016, 262144, 224.17
7c9c5a8, 06-03-2016, 524288, 441.22
7c9c5a8, 06-03-2016, 1048576, 868.24
7c9c5a8, 06-03-2016, 2097152, 1727.16
7c9c5a8, 06-03-2016, 4194304, 3444.26
9d77b21, 07-03-2016, 1, 5.26
9d77b21, 07-03-2016, 2, 4.90
9d77b21, 07-03-2016, 4, 4.68
9d77b21, 07-03-2016, 8, 4.53
9d77b21, 07-03-2016, 16, 4.42
9d77b21, 07-03-2016, 32, 4.36
9d77b21, 07-03-2016, 64, 4.43
9d77b21, 07-03-2016, 128, 4.54
9d77b21, 07-03-2016, 256, 4.73
9d77b21, 07-03-2016, 512, 5.26
9d77b21, 07-03-2016, 1024, 6.35
9d77b21, 07-03-2016, 2048, 8.56
9d77b21, 07-03-2016, 4096, 12.82
9d77b21, 07-03-2016, 8192, 16.20
9d77b21, 07-03-2016, 16384, 22.92
9d77b21, 07-03-2016, 32768, 36.35
9d77b21, 07-03-2016, 65536, 63.14
9d77b21, 07-03-2016, 131072, 116.83
9d77b21, 07-03-2016, 262144, 224.14
9d77b21, 07-03-2016, 524288, 443.26
9d77b21, 07-03-2016, 1048576, 868.25
9d77b21, 07-03-2016, 2097152, 1727.10
9d77b21, 07-03-2016, 4194304, 3444.21
22d7896, 08-03-2016, 1, 5.27
22d7896, 08-03-2016, 2, 4.89
22d7896, 08-03-2016, 4, 4.67
22d7896, 08-03-2016, 8, 4.53
22d7896, 08-03-2016, 16, 4.43
22d7896, 08-03-2016, 32, 4.36
22d7896, 08-03-2016, 64, 4.43
22d7896, 08-03-2016, 128, 4.52
22d7896, 08-03-2016, 256, 4.73
22d7896, 08-03-2016, 512, 5.28
22d7896, 08-03-2016, 1024, 6.41
22d7896, 08-03-2016, 2048, 8.56
22d7896, 08-03-2016, 4096, 12.86
22d7896, 08-03-2016, 8192, 16.21
22d7896, 08-03-2016, 16384, 22.94
22d7896, 08-03-2016, 32768, 36.37
22d7896, 08-03-2016, 65536, 63.20
22d7896, 08-03-2016, 131072, 116.85
22d7896, 08-03-2016, 262144, 224.14
22d7896, 08-03-2016, 524288, 441.04
22d7896, 08-03-2016, 1048576, 868.23
22d7896, 08-03-2016, 2097152, 1727.17
22d7896, 08-03-2016, 4194304, 3444.16
4b8198f, 09-03-2016, 1, 5.27
4b8198f, 09-03-2016, 2, 4.88
4b8198f, 09-03-2016, 4, 4.67
4b8198f, 09-03-2016, 8, 4.54
4b8198f, 09-03-2016, 16, 4.42
4b8198f, 09-03-2016, 32, 4.36
4b8198f, 09-03-2016, 64, 4.47
4b8198f, 09-03-2016, 128, 4.55
4b8198f, 09-03-2016, 256, 4.80
4b8198f, 09-03-2016, 512, 5.27
4b8198f, 09-03-2016, 1024, 6.36
4b8198f, 09-03-2016, 2048, 8.56
4b8198f, 09-03-2016, 4096, 12.83
4b8198f, 09-03-2016, 8192, 16.24
4b8198f, 09-03-2016, 16384, 22.94
4b8198f, 09-03-2016, 32768, 36.33
4b8198f, 09-03-2016, 65536, 63.20
4b8198f, 09-03-2016, 131072, 116.86
4b8198f, 09-03-2016, 262144, 224.17
4b8198f, 09-03-2016, 524288, 441.19
4b8198f, 09-03-2016, 1048576, 868.20
4b8198f, 09-03-2016, 2097152, 1727.23
4b8198f, 09-03-2016, 4194304, 3445.08
4b8198f, 10-03-2016, 1, 5.29
4b8198f, 10-03-2016, 2, 4.89
4b8198f, 10-03-2016, 4, 4.68
4b8198f, 10-03-2016, 8, 4.55
4b8198f, 10-03-2016, 16, 4.45
4b8198f, 10-03-2016, 32, 4.40
4b8198f, 10-03-2016, 64, 4.43
4b8198f, 10-03-2016, 128, 4.59
4b8198f, 10-03-2016, 256, 4.76
4b8198f, 10-03-2016, 512, 5.29
4b8198f, 10-03-2016, 1024, 6.36
4b8198f, 10-03-2016, 2048, 8.57
4b8198f, 10-03-2016, 4096, 12.88
4b8198f, 10-03-2016, 8192, 16.24
4b8198f, 10-03-2016, 16384, 22.91
4b8198f, 10-03-2016, 32768, 36.40
4b8198f, 10-03-2016, 65536, 63.20
4b8198f, 10-03-2016, 131072, 116.87
4b8198f, 10-03-2016, 262144, 224.18
4b8198f, 10-03-2016, 524288, 446.32
4b8198f, 10-03-2016, 1048576, 868.24
4b8198f, 10-03-2016, 2097152, 1727.14
4b8198f, 10-03-2016, 4194304, 3444.22
601ac5a, 11-03-2016, 1, 5.28
601ac5a, 11-03-2016, 2, 4.90
601ac5a, 11-03-2016, 4, 4.69
601ac5a, 11-03-2016, 8, 4.53
601ac5a, 11-03-2016, 16, 4.45
601ac5a, 11-03-2016, 32, 4.35
601ac5a, 11-03-2016, 64, 4.52
601ac5a, 11-03-2016, 128, 4.52
601ac5a, 11-03-2016, 256, 4.74
601ac5a, 11-03-2016, 512, 5.29
601ac5a, 11-03-2016, 1024, 6.43
601ac5a, 11-03-2016, 2048, 8.56
601ac5a, 11-03-2016, 4096, 12.85
601ac5a, 11-03-2016, 8192, 16.24
601ac5a, 11-03-2016, 16384, 22.93
601ac5a, 11-03-2016, 32768, 36.36
601ac5a, 11-03-2016, 65536, 63.20
601ac5a, 11-03-2016, 131072, 116.84
601ac5a, 11-03-2016, 262144, 224.20
601ac5a, 11-03-2016, 524288, 440.19
601ac5a, 11-03-2016, 1048576, 868.22
601ac5a, 11-03-2016, 2097152, 1727.15
601ac5a, 11-03-2016, 4194304, 3444.22
601ac5a, 12-03-2016, 1, 5.29
601ac5a, 12-03-2016, 2, 4.89
601ac5a, 12-03-2016, 4, 4.69
601ac5a, 12-03-2016, 8, 4.53
601ac5a, 12-03-2016, 16, 4.46
601ac5a, 12-03-2016, 32, 4.36
601ac5a, 12-03-2016, 64, 4.55
601ac5a, 12-03-2016, 128, 4.53
601ac5a, 12-03-2016, 256, 4.73
601ac5a, 12-03-2016, 512, 5.30
601ac5a, 12-03-2016, 1024, 6.44
601ac5a, 12-03-2016, 2048, 8.54
601ac5a, 12-03-2016, 4096, 12.84
601ac5a, 12-03-2016, 8192, 16.23
601ac5a, 12-03-2016, 16384, 22.97
601ac5a, 12-03-2016, 32768, 36.39
601ac5a, 12-03-2016, 65536, 63.20
601ac5a, 12-03-2016, 131072, 116.83
601ac5a, 12-03-2016, 262144, 224.16
601ac5a, 12-03-2016, 524288, 439.21
601ac5a, 12-03-2016, 1048576, 868.25
601ac5a, 12-03-2016, 2097152, 1727.18
601ac5a, 12-03-2016, 4194304, 3444.34
601ac5a, 14-03-2016, 1, 5.28
601ac5a, 14-03-2016, 2, 4.91
601ac5a, 14-03-2016, 4, 4.71
601ac5a, 14-03-2016, 8, 4.54
601ac5a, 14-03-2016, 16, 4.44
601ac5a, 14-03-2016, 32, 4.46
601ac5a, 14-03-2016, 64, 4.51
601ac5a, 14-03-2016, 128, 4.61
601ac5a, 14-03-2016, 256, 4.78
601ac5a, 14-03-2016, 512, 5.32
601ac5a, 14-03-2016, 1024, 6.45
601ac5a, 14-03-2016, 2048, 8.57
601ac5a, 14-03-2016, 4096, 12.87
601ac5a, 14-03-2016, 8192, 16.23
601ac5a, 14-03-2016, 16384, 22.97
601ac5a, 14-03-2016, 32768, 36.42
601ac5a, 14-03-2016, 65536, 63.22
601ac5a, 14-03-2016, 131072, 116.85
601ac5a, 14-03-2016, 262144, 224.15
601ac5a, 14-03-2016, 524288, 442.12
601ac5a, 14-03-2016, 1048576, 868.25
601ac5a, 14-03-2016, 2097152, 1727.16
601ac5a, 14-03-2016, 4194304, 3444.33
4835edf, 15-03-2016, 1, 5.28
4835edf, 15-03-2016, 2, 4.89
4835edf, 15-03-2016, 4, 4.67
4835edf, 15-03-2016, 8, 4.55
4835edf, 15-03-2016, 16, 4.44
4835edf, 15-03-2016, 32, 4.40
4835edf, 15-03-2016, 64, 4.43
4835edf, 15-03-2016, 128, 4.63
4835edf, 15-03-2016, 256, 4.77
4835edf, 15-03-2016, 512, 5.30
4835edf, 15-03-2016, 1024, 6.37
4835edf, 15-03-2016, 2048, 8.53
4835edf, 15-03-2016, 4096, 12.85
4835edf, 15-03-2016, 8192, 16.21
4835edf, 15-03-2016, 16384, 22.95
4835edf, 15-03-2016, 32768, 36.32
4835edf, 15-03-2016, 65536, 63.17
4835edf, 15-03-2016, 131072, 116.89
4835edf, 15-03-2016, 262144, 224.16
4835edf, 15-03-2016, 524288, 438.79
4835edf, 15-03-2016, 1048576, 868.09
4835edf, 15-03-2016, 2097152, 1727.27
4835edf, 15-03-2016, 4194304, 3443.94
4835edf, 16-03-2016, 1, 5.29
4835edf, 16-03-2016, 2, 4.90
4835edf, 16-03-2016, 4, 4.70
4835edf, 16-03-2016, 8, 4.55
4835edf, 16-03-2016, 16, 4.45
4835edf, 16-03-2016, 32, 4.37
4835edf, 16-03-2016, 64, 4.51
4835edf, 16-03-2016, 128, 4.54
4835edf, 16-03-2016, 256, 4.75
4835edf, 16-03-2016, 512, 5.30
4835edf, 16-03-2016, 1024, 6.44
4835edf, 16-03-2016, 2048, 8.57
4835edf, 16-03-2016, 4096, 12.86
4835edf, 16-03-2016, 8192, 16.22
4835edf, 16-03-2016, 16384, 23.84
4835edf, 16-03-2016, 32768, 36.35
4835edf, 16-03-2016, 65536, 63.21
4835edf, 16-03-2016, 131072, 116.86
4835edf, 16-03-2016, 262144, 224.20
4835edf, 16-03-2016, 524288, 438.78
4835edf, 16-03-2016, 1048576, 868.06
4835edf, 16-03-2016, 2097152, 1727.15
4835edf, 16-03-2016, 4194304, 3444.38
4835edf, 17-03-2016, 1, 5.26
4835edf, 17-03-2016, 2, 4.89
4835edf, 17-03-2016, 4, 4.67
4835edf, 17-03-2016, 8, 4.53
4835edf, 17-03-2016, 16, 4.43
4835edf, 17-03-2016, 32, 4.36
4835edf, 17-03-2016, 64, 4.46
4835edf, 17-03-2016, 128, 4.53
4835edf, 17-03-2016, 256, 4.73
4835edf, 17-03-2016, 512, 5.27
4835edf, 17-03-2016, 1024, 6.38
4835edf, 17-03-2016, 2048, 8.55
4835edf, 17-03-2016, 4096, 12.83
4835edf, 17-03-2016, 8192, 16.20
4835edf, 17-03-2016, 16384, 22.94
4835edf, 17-03-2016, 32768, 37.65
4835edf, 17-03-2016, 65536, 63.16
4835edf, 17-03-2016, 131072, 116.81
4835edf, 17-03-2016, 262144, 224.17
4835edf, 17-03-2016, 524288, 438.79
4835edf, 17-03-2016, 1048576, 868.05
4835edf, 17-03-2016, 2097152, 1727.17
4835edf, 17-03-2016, 4194304, 3444.35
29f9338, 18-03-2016, 1, 5.23
29f9338, 18-03-2016, 2, 4.86
29f9338, 18-03-2016, 4, 4.67
29f9338, 18-03-2016, 8, 4.52
29f9338, 18-03-2016, 16, 4.42
29f9338, 18-03-2016, 32, 4.34
29f9338, 18-03-2016, 64, 4.43
29f9338, 18-03-2016, 128, 4.52
29f9338, 18-03-2016, 256, 4.71
29f9338, 18-03-2016, 512, 5.24
29f9338, 18-03-2016, 1024, 6.34
29f9338, 18-03-2016, 2048, 8.53
29f9338, 18-03-2016, 4096, 12.81
29f9338, 18-03-2016, 8192, 16.20
29f9338, 18-03-2016, 16384, 22.96
29f9338, 18-03-2016, 32768, 36.31
29f9338, 18-03-2016, 65536, 63.85
29f9338, 18-03-2016, 131072, 116.82
29f9338, 18-03-2016, 262144, 224.17
29f9338, 18-03-2016, 524288, 438.81
29f9338, 18-03-2016, 1048576, 868.31
29f9338, 18-03-2016, 2097152, 1727.25
29f9338, 18-03-2016, 4194304, 3443.91
540a515, 19-03-2016, 1, 5.25
540a515, 19-03-2016, 2, 4.89
540a515, 19-03-2016, 4, 4.69
540a515, 19-03-2016, 8, 4.54
540a515, 19-03-2016, 16, 4.46
540a515, 19-03-2016, 32, 4.36
540a515, 19-03-2016, 64, 4.53
540a515, 19-03-2016, 128, 4.53
540a515, 19-03-2016, 256, 4.72
540a515, 19-03-2016, 512, 5.28
540a515, 19-03-2016, 1024, 6.43
540a515, 19-03-2016, 2048, 8.54
540a515, 19-03-2016, 4096, 12.84
540a515, 19-03-2016, 8192, 16.21
540a515, 19-03-2016, 16384, 23.81
540a515, 19-03-2016, 32768, 36.44
540a515, 19-03-2016, 65536, 63.19
540a515, 19-03-2016, 131072, 116.83
540a515, 19-03-2016, 262144, 224.21
540a515, 19-03-2016, 524288, 438.83
540a515, 19-03-2016, 1048576, 868.09
540a515, 19-03-2016, 2097152, 1727.77
540a515, 19-03-2016, 4194304, 3444.34
540a515, 20-03-2016, 1, 5.30
540a515, 20-03-2016, 2, 4.91
540a515, 20-03-2016, 4, 4.70
540a515, 20-03-2016, 8, 4.55
540a515, 20-03-2016, 16, 4.45
540a515, 20-03-2016, 32, 4.37
540a515, 20-03-2016, 64, 4.51
540a515, 20-03-2016, 128, 4.54
540a515, 20-03-2016, 256, 4.75
540a515, 20-03-2016, 512, 5.29
540a515, 20-03-2016, 1024, 6.43
540a515, 20-03-2016, 2048, 8.57
540a515, 20-03-2016, 4096, 12.86
540a515, 20-03-2016, 8192, 16.23
540a515, 20-03-2016, 16384, 22.98
540a515, 20-03-2016, 32768, 36.40
540a515, 20-03-2016, 65536, 63.20
540a515, 20-03-2016, 131072, 116.83
540a515, 20-03-2016, 262144, 224.20
540a515, 20-03-2016, 524288, 438.81
540a515, 20-03-2016, 1048576, 868.11
540a515, 20-03-2016, 2097152, 1729.19
540a515, 20-03-2016, 4194304, 3444.40
8ef737d, 21-03-2016, 1, 5.27
8ef737d, 21-03-2016, 2, 4.89
8ef737d, 21-03-2016, 4, 4.68
8ef737d, 21-03-2016, 8, 4.55
8ef737d, 21-03-2016, 16, 4.44
8ef737d, 21-03-2016, 32, 4.36
8ef737d, 21-03-2016, 64, 4.56
8ef737d, 21-03-2016, 128, 4.54
8ef737d, 21-03-2016, 256, 4.74
8ef737d, 21-03-2016, 512, 5.28
8ef737d, 21-03-2016, 1024, 6.42
8ef737d, 21-03-2016, 2048, 8.58
8ef737d, 21-03-2016, 4096, 12.84
8ef737d, 21-03-2016, 8192, 16.23
8ef737d, 21-03-2016, 16384, 23.80
8ef737d, 21-03-2016, 32768, 36.38
8ef737d, 21-03-2016, 65536, 63.18
8ef737d, 21-03-2016, 131072, 116.83
8ef737d, 21-03-2016, 262144, 224.15
8ef737d, 21-03-2016, 524288, 438.82
8ef737d, 21-03-2016, 1048576, 868.07
8ef737d, 21-03-2016, 2097152, 1727.26
8ef737d, 21-03-2016, 4194304, 3443.94
751da54, 22-03-2016, 1, 5.28
751da54, 22-03-2016, 2, 4.90
751da54, 22-03-2016, 4, 4.68
751da54, 22-03-2016, 8, 4.57
751da54, 22-03-2016, 16, 4.44
751da54, 22-03-2016, 32, 4.39
751da54, 22-03-2016, 64, 4.53
751da54, 22-03-2016, 128, 4.55
751da54, 22-03-2016, 256, 4.76
751da54, 22-03-2016, 512, 5.29
751da54, 22-03-2016, 1024, 6.46
751da54, 22-03-2016, 2048, 8.58
751da54, 22-03-2016, 4096, 12.88
751da54, 22-03-2016, 8192, 16.22
751da54, 22-03-2016, 16384, 22.93
751da54, 22-03-2016, 32768, 37.34
751da54, 22-03-2016, 65536, 63.21
751da54, 22-03-2016, 131072, 116.87
751da54, 22-03-2016, 262144, 224.21
751da54, 22-03-2016, 524288, 438.83
751da54, 22-03-2016, 1048576, 868.08
751da54, 22-03-2016, 2097152, 1727.16
751da54, 22-03-2016, 4194304, 3444.38
92ffe69, 23-03-2016, 1, 5.28
92ffe69, 23-03-2016, 2, 4.90
92ffe69, 23-03-2016, 4, 4.68
92ffe69, 23-03-2016, 8, 4.54
92ffe69, 23-03-2016, 16, 4.45
92ffe69, 23-03-2016, 32, 4.35
92ffe69, 23-03-2016, 64, 4.49
92ffe69, 23-03-2016, 128, 4.52
92ffe69, 23-03-2016, 256, 4.74
92ffe69, 23-03-2016, 512, 5.29
92ffe69, 23-03-2016, 1024, 6.42
92ffe69, 23-03-2016, 2048, 8.56
92ffe69, 23-03-2016, 4096, 12.85
92ffe69, 23-03-2016, 8192, 16.22
92ffe69, 23-03-2016, 16384, 23.87
92ffe69, 23-03-2016, 32768, 36.38
92ffe69, 23-03-2016, 65536, 63.16
92ffe69, 23-03-2016, 131072, 116.86
92ffe69, 23-03-2016, 262144, 224.18
92ffe69, 23-03-2016, 524288, 438.81
92ffe69, 23-03-2016, 1048576, 868.10
92ffe69, 23-03-2016, 2097152, 1727.12
92ffe69, 23-03-2016, 4194304, 3444.37
f675ff8, 24-03-2016, 1, 5.29
f675ff8, 24-03-2016, 2, 4.91
f675ff8, 24-03-2016, 4, 4.71
f675ff8, 24-03-2016, 8, 4.55
f675ff8, 24-03-2016, 16, 4.46
f675ff8, 24-03-2016, 32, 4.37
f675ff8, 24-03-2016, 64, 4.54
f675ff8, 24-03-2016, 128, 4.53
f675ff8, 24-03-2016, 256, 4.76
f675ff8, 24-03-2016, 512, 5.33
f675ff8, 24-03-2016, 1024, 6.45
f675ff8, 24-03-2016, 2048, 8.55
f675ff8, 24-03-2016, 4096, 12.87
f675ff8, 24-03-2016, 8192, 16.23
f675ff8, 24-03-2016, 16384, 22.95
f675ff8, 24-03-2016, 32768, 36.36
f675ff8, 24-03-2016, 65536, 63.23
f675ff8, 24-03-2016, 131072, 116.89
f675ff8, 24-03-2016, 262144, 224.21
f675ff8, 24-03-2016, 524288, 438.81
f675ff8, 24-03-2016, 1048576, 868.13
f675ff8, 24-03-2016, 2097152, 1727.34
f675ff8, 24-03-2016, 4194304, 3444.06
7c008bd, 25-03-2016, 1, 5.24
7c008bd, 25-03-2016, 2, 4.89
7c008bd, 25-03-2016, 4, 4.66
7c008bd, 25-03-2016, 8, 4.56
7c008bd, 25-03-2016, 16, 4.44
7c008bd, 25-03-2016, 32, 4.39
7c008bd, 25-03-2016, 64, 4.53
7c008bd, 25-03-2016, 128, 4.56
7c008bd, 25-03-2016, 256, 4.77
7c008bd, 25-03-2016, 512, 5.32
7c008bd, 25-03-2016, 1024, 6.47
7c008bd, 25-03-2016, 2048, 8.59
7c008bd, 25-03-2016, 4096, 12.91
7c008bd, 25-03-2016, 8192, 16.23
7c008bd, 25-03-2016, 16384, 23.78
7c008bd, 25-03-2016, 32768, 36.40
7c008bd, 25-03-2016, 65536, 63.22
7c008bd, 25-03-2016, 131072, 116.91
7c008bd, 25-03-2016, 262144, 224.20
7c008bd, 25-03-2016, 524288, 438.84
7c008bd, 25-03-2016, 1048576, 868.12
7c008bd, 25-03-2016, 2097152, 1727.28
7c008bd, 25-03-2016, 4194304, 3444.03
f9d41a6, 26-03-2016, 1, 5.27
f9d41a6, 26-03-2016, 2, 4.90
f9d41a6, 26-03-2016, 4, 4.69
f9d41a6, 26-03-2016, 8, 4.53
f9d41a6, 26-03-2016, 16, 4.45
f9d41a6, 26-03-2016, 32, 4.35
f9d41a6, 26-03-2016, 64, 4.52
f9d41a6, 26-03-2016, 128, 4.51
f9d41a6, 26-03-2016, 256, 4.73
f9d41a6, 26-03-2016, 512, 5.27
f9d41a6, 26-03-2016, 1024, 6.41
f9d41a6, 26-03-2016, 2048, 8.55
f9d41a6, 26-03-2016, 4096, 12.84
f9d41a6, 26-03-2016, 8192, 16.20
f9d41a6, 26-03-2016, 16384, 22.90
f9d41a6, 26-03-2016, 32768, 36.37
f9d41a6, 26-03-2016, 65536, 63.17
f9d41a6, 26-03-2016, 131072, 116.87
f9d41a6, 26-03-2016, 262144, 224.18
f9d41a6, 26-03-2016, 524288, 438.80
f9d41a6, 26-03-2016, 1048576, 868.06
f9d41a6, 26-03-2016, 2097152, 1729.76
f9d41a6, 26-03-2016, 4194304, 3444.35
82adbde, 27-03-2016, 1, 5.32
82adbde, 27-03-2016, 2, 4.91
82adbde, 27-03-2016, 4, 4.71
82adbde, 27-03-2016, 8, 4.57
82adbde, 27-03-2016, 16, 4.46
82adbde, 27-03-2016, 32, 4.37
82adbde, 27-03-2016, 64, 4.56
82adbde, 27-03-2016, 128, 4.54
82adbde, 27-03-2016, 256, 4.75
82adbde, 27-03-2016, 512, 5.32
82adbde, 27-03-2016, 1024, 6.45
82adbde, 27-03-2016, 2048, 8.55
82adbde, 27-03-2016, 4096, 12.86
82adbde, 27-03-2016, 8192, 16.24
82adbde, 27-03-2016, 16384, 22.97
82adbde, 27-03-2016, 32768, 36.36
82adbde, 27-03-2016, 65536, 63.18
82adbde, 27-03-2016, 131072, 116.88
82adbde, 27-03-2016, 262144, 224.26
82adbde, 27-03-2016, 524288, 438.82
82adbde, 27-03-2016, 1048576, 868.12
82adbde, 27-03-2016, 2097152, 1729.49
82adbde, 27-03-2016, 4194304, 3444.36
82adbde, 28-03-2016, 1, 5.28
82adbde, 28-03-2016, 2, 4.89
82adbde, 28-03-2016, 4, 4.68
82adbde, 28-03-2016, 8, 4.53
82adbde, 28-03-2016, 16, 4.41
82adbde, 28-03-2016, 32, 4.36
82adbde, 28-03-2016, 64, 4.43
82adbde, 28-03-2016, 128, 4.52
82adbde, 28-03-2016, 256, 4.75
82adbde, 28-03-2016, 512, 5.31
82adbde, 28-03-2016, 1024, 6.43
82adbde, 28-03-2016, 2048, 8.56
82adbde, 28-03-2016, 4096, 12.82
82adbde, 28-03-2016, 8192, 16.20
82adbde, 28-03-2016, 16384, 22.90
82adbde, 28-03-2016, 32768, 37.18
82adbde, 28-03-2016, 65536, 63.19
82adbde, 28-03-2016, 131072, 116.88
82adbde, 28-03-2016, 262144, 224.13
82adbde, 28-03-2016, 524288, 438.80
82adbde, 28-03-2016, 1048576, 868.08
82adbde, 28-03-2016, 2097152, 1727.30
82adbde, 28-03-2016, 4194304, 3444.01
9a03686, 29-03-2016, 1, 5.25
9a03686, 29-03-2016, 2, 4.88
9a03686, 29-03-2016, 4, 4.68
9a03686, 29-03-2016, 8, 4.56
9a03686, 29-03-2016, 16, 4.42
9a03686, 29-03-2016, 32, 4.37
9a03686, 29-03-2016, 64, 4.46
9a03686, 29-03-2016, 128, 4.56
9a03686, 29-03-2016, 256, 4.75
9a03686, 29-03-2016, 512, 5.27
9a03686, 29-03-2016, 1024, 6.36
9a03686, 29-03-2016, 2048, 8.56
9a03686, 29-03-2016, 4096, 12.81
9a03686, 29-03-2016, 8192, 16.18
9a03686, 29-03-2016, 16384, 24.26
9a03686, 29-03-2016, 32768, 36.44
9a03686, 29-03-2016, 65536, 63.19
9a03686, 29-03-2016, 131072, 116.85
9a03686, 29-03-2016, 262144, 224.20
9a03686, 29-03-2016, 524288, 438.85
9a03686, 29-03-2016, 1048576, 868.11
9a03686, 29-03-2016, 2097152, 1727.19
9a03686, 29-03-2016, 4194304, 3444.30
c01e00f, 30-03-2016, 1, 5.29
c01e00f, 30-03-2016, 2, 4.88
c01e00f, 30-03-2016, 4, 4.67
c01e00f, 30-03-2016, 8, 4.53
c01e00f, 30-03-2016, 16, 4.43
c01e00f, 30-03-2016, 32, 4.39
c01e00f, 30-03-2016, 64, 4.55
c01e00f, 30-03-2016, 128, 4.55
c01e00f, 30-03-2016, 256, 4.77
c01e00f, 30-03-2016, 512, 5.34
c01e00f, 30-03-2016, 1024, 6.50
c01e00f, 30-03-2016, 2048, 8.59
c01e00f, 30-03-2016, 4096, 12.86
c01e00f, 30-03-2016, 8192, 16.22
c01e00f, 30-03-2016, 16384, 22.94
c01e00f, 30-03-2016, 32768, 36.35
c01e00f, 30-03-2016, 65536, 63.19
c01e00f, 30-03-2016, 131072, 116.88
c01e00f, 30-03-2016, 262144, 224.17
c01e00f, 30-03-2016, 524288, 438.80
c01e00f, 30-03-2016, 1048576, 868.11
c01e00f, 30-03-2016, 2097152, 1730.42
c01e00f, 30-03-2016, 4194304, 3443.94
45c5635, 31-03-2016, 1, 5.28
45c5635, 31-03-2016, 2, 4.90
45c5635, 31-03-2016, 4, 4.69
45c5635, 31-03-2016, 8, 4.53
45c5635, 31-03-2016, 16, 4.44
45c5635, 31-03-2016, 32, 4.36
45c5635, 31-03-2016, 64, 4.48
45c5635, 31-03-2016, 128, 4.53
45c5635, 31-03-2016, 256, 4.76
45c5635, 31-03-2016, 512, 5.32
45c5635, 31-03-2016, 1024, 6.43
45c5635, 31-03-2016, 2048, 8.56
45c5635, 31-03-2016, 4096, 12.84
45c5635, 31-03-2016, 8192, 16.20
45c5635, 31-03-2016, 16384, 22.95
45c5635, 31-03-2016, 32768, 37.22
45c5635, 31-03-2016, 65536, 63.14
45c5635, 31-03-2016, 131072, 116.89
45c5635, 31-03-2016, 262144, 224.19
45c5635, 31-03-2016, 524288, 438.79
45c5635, 31-03-2016, 1048576, 868.11
45c5635, 31-03-2016, 2097152, 1731.10
45c5635, 31-03-2016, 4194304, 3443.97
8f4568f, 01-04-2016, 1, 5.14
8f4568f, 01-04-2016, 2, 4.84
8f4568f, 01-04-2016, 4, 4.63
8f4568f, 01-04-2016, 8, 4.52
8f4568f, 01-04-2016, 16, 4.41
8f4568f, 01-04-2016, 32, 4.38
8f4568f, 01-04-2016, 64, 4.52
8f4568f, 01-04-2016, 128, 4.53
8f4568f, 01-04-2016, 256, 4.82
8f4568f, 01-04-2016, 512, 5.40
8f4568f, 01-04-2016, 1024, 6.47
8f4568f, 01-04-2016, 2048, 8.53
8f4568f, 01-04-2016, 4096, 12.83
8f4568f, 01-04-2016, 8192, 16.23
8f4568f, 01-04-2016, 16384, 24.17
8f4568f, 01-04-2016, 32768, 36.45
8f4568f, 01-04-2016, 65536, 63.18
8f4568f, 01-04-2016, 131072, 116.86
8f4568f, 01-04-2016, 262144, 224.18
8f4568f, 01-04-2016, 524288, 438.80
8f4568f, 01-04-2016, 1048576, 868.12
8f4568f, 01-04-2016, 2097152, 1728.15
8f4568f, 01-04-2016, 4194304, 3444.02
8f4568f, 02-04-2016, 1, 5.31
8f4568f, 02-04-2016, 2, 4.92
8f4568f, 02-04-2016, 4, 4.69
8f4568f, 02-04-2016, 8, 4.55
8f4568f, 02-04-2016, 16, 4.45
8f4568f, 02-04-2016, 32, 4.43
8f4568f, 02-04-2016, 64, 4.49
8f4568f, 02-04-2016, 128, 4.52
8f4568f, 02-04-2016, 256, 4.80
8f4568f, 02-04-2016, 512, 5.37
8f4568f, 02-04-2016, 1024, 6.45
8f4568f, 02-04-2016, 2048, 8.53
8f4568f, 02-04-2016, 4096, 12.83
8f4568f, 02-04-2016, 8192, 16.23
8f4568f, 02-04-2016, 16384, 22.97
8f4568f, 02-04-2016, 32768, 36.37
8f4568f, 02-04-2016, 65536, 63.19
8f4568f, 02-04-2016, 131072, 116.85
8f4568f, 02-04-2016, 262144, 224.17
8f4568f, 02-04-2016, 524288, 438.83
8f4568f, 02-04-2016, 1048576, 868.14
8f4568f, 02-04-2016, 2097152, 1727.23
8f4568f, 02-04-2016, 4194304, 3444.01
faca1d0, 03-04-2016, 1, 5.30
faca1d0, 03-04-2016, 2, 4.91
faca1d0, 03-04-2016, 4, 4.69
faca1d0, 03-04-2016, 8, 4.54
faca1d0, 03-04-2016, 16, 4.47
faca1d0, 03-04-2016, 32, 4.47
faca1d0, 03-04-2016, 64, 4.51
faca1d0, 03-04-2016, 128, 4.56
faca1d0, 03-04-2016, 256, 4.81
faca1d0, 03-04-2016, 512, 5.39
faca1d0, 03-04-2016, 1024, 6.43
faca1d0, 03-04-2016, 2048, 8.60
faca1d0, 03-04-2016, 4096, 12.84
faca1d0, 03-04-2016, 8192, 16.24
faca1d0, 03-04-2016, 16384, 22.94
faca1d0, 03-04-2016, 32768, 36.42
faca1d0, 03-04-2016, 65536, 63.23
faca1d0, 03-04-2016, 131072, 116.87
faca1d0, 03-04-2016, 262144, 224.23
faca1d0, 03-04-2016, 524288, 438.86
faca1d0, 03-04-2016, 1048576, 868.11
faca1d0, 03-04-2016, 2097152, 1727.18
faca1d0, 03-04-2016, 4194304, 3444.26
d0ddc25, 04-04-2016, 1, 5.29
d0ddc25, 04-04-2016, 2, 4.90
d0ddc25, 04-04-2016, 4, 4.69
d0ddc25, 04-04-2016, 8, 4.56
d0ddc25, 04-04-2016, 16, 4.44
d0ddc25, 04-04-2016, 32, 4.37
d0ddc25, 04-04-2016, 64, 4.54
d0ddc25, 04-04-2016, 128, 4.56
d0ddc25, 04-04-2016, 256, 4.76
d0ddc25, 04-04-2016, 512, 5.29
d0ddc25, 04-04-2016, 1024, 6.42
d0ddc25, 04-04-2016, 2048, 8.57
d0ddc25, 04-04-2016, 4096, 12.84
d0ddc25, 04-04-2016, 8192, 16.23
d0ddc25, 04-04-2016, 16384, 24.00
d0ddc25, 04-04-2016, 32768, 36.40
d0ddc25, 04-04-2016, 65536, 63.21
d0ddc25, 04-04-2016, 131072, 116.89
d0ddc25, 04-04-2016, 262144, 224.20
d0ddc25, 04-04-2016, 524288, 438.81
d0ddc25, 04-04-2016, 1048576, 868.11
d0ddc25, 04-04-2016, 2097152, 1727.32
d0ddc25, 04-04-2016, 4194304, 3444.01
2fef88c, 05-04-2016, 1, 5.28
2fef88c, 05-04-2016, 2, 4.90
2fef88c, 05-04-2016, 4, 4.69
2fef88c, 05-04-2016, 8, 4.55
2fef88c, 05-04-2016, 16, 4.46
2fef88c, 05-04-2016, 32, 4.38
2fef88c, 05-04-2016, 64, 4.54
2fef88c, 05-04-2016, 128, 4.52
2fef88c, 05-04-2016, 256, 4.77
2fef88c, 05-04-2016, 512, 5.34
2fef88c, 05-04-2016, 1024, 6.47
2fef88c, 05-04-2016, 2048, 8.54
2fef88c, 05-04-2016, 4096, 12.86
2fef88c, 05-04-2016, 8192, 16.23
2fef88c, 05-04-2016, 16384, 22.95
2fef88c, 05-04-2016, 32768, 36.38
2fef88c, 05-04-2016, 65536, 63.24
2fef88c, 05-04-2016, 131072, 116.86
2fef88c, 05-04-2016, 262144, 224.19
2fef88c, 05-04-2016, 524288, 438.81
2fef88c, 05-04-2016, 1048576, 868.09
2fef88c, 05-04-2016, 2097152, 1727.27
2fef88c, 05-04-2016, 4194304, 3444.15
2fef88c, 06-04-2016, 1, 5.25
2fef88c, 06-04-2016, 2, 4.87
2fef88c, 06-04-2016, 4, 4.66
2fef88c, 06-04-2016, 8, 4.52
2fef88c, 06-04-2016, 16, 4.42
2fef88c, 06-04-2016, 32, 4.37
2fef88c, 06-04-2016, 64, 4.45
2fef88c, 06-04-2016, 128, 4.51
2fef88c, 06-04-2016, 256, 4.71
2fef88c, 06-04-2016, 512, 5.26
2fef88c, 06-04-2016, 1024, 6.37
2fef88c, 06-04-2016, 2048, 8.52
2fef88c, 06-04-2016, 4096, 12.82
2fef88c, 06-04-2016, 8192, 16.18
2fef88c, 06-04-2016, 16384, 22.94
2fef88c, 06-04-2016, 32768, 37.05
2fef88c, 06-04-2016, 65536, 63.15
2fef88c, 06-04-2016, 131072, 116.82
2fef88c, 06-04-2016, 262144, 224.15
2fef88c, 06-04-2016, 524288, 438.82
2fef88c, 06-04-2016, 1048576, 868.06
2fef88c, 06-04-2016, 2097152, 1727.26
2fef88c, 06-04-2016, 4194304, 3443.96
329561a, 07-04-2016, 1, 5.28
329561a, 07-04-2016, 2, 4.89
329561a, 07-04-2016, 4, 4.69
329561a, 07-04-2016, 8, 4.55
329561a, 07-04-2016, 16, 4.44
329561a, 07-04-2016, 32, 4.37
329561a, 07-04-2016, 64, 4.53
329561a, 07-04-2016, 128, 4.55
329561a, 07-04-2016, 256, 4.74
329561a, 07-04-2016, 512, 5.27
329561a, 07-04-2016, 1024, 6.38
329561a, 07-04-2016, 2048, 8.56
329561a, 07-04-2016, 4096, 12.81
329561a, 07-04-2016, 8192, 16.18
329561a, 07-04-2016, 16384, 24.07
329561a, 07-04-2016, 32768, 36.36
329561a, 07-04-2016, 65536, 63.21
329561a, 07-04-2016, 131072, 116.89
329561a, 07-04-2016, 262144, 224.20
329561a, 07-04-2016, 524288, 438.81
329561a, 07-04-2016, 1048576, 868.12
329561a, 07-04-2016, 2097152, 1727.20
329561a, 07-04-2016, 4194304, 3444.36
187bd93, 08-04-2016, 1, 5.26
187bd93, 08-04-2016, 2, 4.88
187bd93, 08-04-2016, 4, 4.68
187bd93, 08-04-2016, 8, 4.53
187bd93, 08-04-2016, 16, 4.44
187bd93, 08-04-2016, 32, 4.40
187bd93, 08-04-2016, 64, 4.48
187bd93, 08-04-2016, 128, 4.51
187bd93, 08-04-2016, 256, 4.75
187bd93, 08-04-2016, 512, 5.32
187bd93, 08-04-2016, 1024, 6.42
187bd93, 08-04-2016, 2048, 8.54
187bd93, 08-04-2016, 4096, 12.84
187bd93, 08-04-2016, 8192, 16.20
187bd93, 08-04-2016, 16384, 22.92
187bd93, 08-04-2016, 32768, 37.19
187bd93, 08-04-2016, 65536, 63.17
187bd93, 08-04-2016, 131072, 116.81
187bd93, 08-04-2016, 262144, 224.15
187bd93, 08-04-2016, 524288, 438.82
187bd93, 08-04-2016, 1048576, 868.11
187bd93, 08-04-2016, 2097152, 1727.23
187bd93, 08-04-2016, 4194304, 3443.96
187bd93, 09-04-2016, 1, 5.27
187bd93, 09-04-2016, 2, 4.89
187bd93, 09-04-2016, 4, 4.68
187bd93, 09-04-2016, 8, 4.54
187bd93, 09-04-2016, 16, 4.46
187bd93, 09-04-2016, 32, 4.39
187bd93, 09-04-2016, 64, 4.52
187bd93, 09-04-2016, 128, 4.54
187bd93, 09-04-2016, 256, 4.75
187bd93, 09-04-2016, 512, 5.32
187bd93, 09-04-2016, 1024, 6.44
187bd93, 09-04-2016, 2048, 8.53
187bd93, 09-04-2016, 4096, 12.85
187bd93, 09-04-2016, 8192, 16.21
187bd93, 09-04-2016, 16384, 22.96
187bd93, 09-04-2016, 32768, 36.35
187bd93, 09-04-2016, 65536, 63.22
187bd93, 09-04-2016, 131072, 116.86
187bd93, 09-04-2016, 262144, 224.17
187bd93, 09-04-2016, 524288, 438.81
187bd93, 09-04-2016, 1048576, 868.10
187bd93, 09-04-2016, 2097152, 1727.47
187bd93, 09-04-2016, 4194304, 3444.22
347caf0, 10-04-2016, 1, 5.25
347caf0, 10-04-2016, 2, 4.87
347caf0, 10-04-2016, 4, 4.66
347caf0, 10-04-2016, 8, 4.53
347caf0, 10-04-2016, 16, 4.43
347caf0, 10-04-2016, 32, 4.36
347caf0, 10-04-2016, 64, 4.49
347caf0, 10-04-2016, 128, 4.51
347caf0, 10-04-2016, 256, 4.72
347caf0, 10-04-2016, 512, 5.27
347caf0, 10-04-2016, 1024, 6.40
347caf0, 10-04-2016, 2048, 8.53
347caf0, 10-04-2016, 4096, 12.83
347caf0, 10-04-2016, 8192, 16.18
347caf0, 10-04-2016, 16384, 22.92
347caf0, 10-04-2016, 32768, 36.34
347caf0, 10-04-2016, 65536, 63.28
347caf0, 10-04-2016, 131072, 116.86
347caf0, 10-04-2016, 262144, 224.15
347caf0, 10-04-2016, 524288, 438.77
347caf0, 10-04-2016, 1048576, 868.08
347caf0, 10-04-2016, 2097152, 1727.15
347caf0, 10-04-2016, 4194304, 3444.33
347caf0, 11-04-2016, 1, 5.27
347caf0, 11-04-2016, 2, 4.88
347caf0, 11-04-2016, 4, 4.68
347caf0, 11-04-2016, 8, 4.55
347caf0, 11-04-2016, 16, 4.44
347caf0, 11-04-2016, 32, 4.36
347caf0, 11-04-2016, 64, 4.58
347caf0, 11-04-2016, 128, 4.54
347caf0, 11-04-2016, 256, 4.75
347caf0, 11-04-2016, 512, 5.30
347caf0, 11-04-2016, 1024, 6.45
347caf0, 11-04-2016, 2048, 8.55
347caf0, 11-04-2016, 4096, 12.86
347caf0, 11-04-2016, 8192, 16.21
347caf0, 11-04-2016, 16384, 23.84
347caf0, 11-04-2016, 32768, 36.36
347caf0, 11-04-2016, 65536, 63.20
347caf0, 11-04-2016, 131072, 116.87
347caf0, 11-04-2016, 262144, 224.18
347caf0, 11-04-2016, 524288, 438.83
347caf0, 11-04-2016, 1048576, 868.11
347caf0, 11-04-2016, 2097152, 1727.13
347caf0, 11-04-2016, 4194304, 3444.27
347caf0, 12-04-2016, 1, 5.26
347caf0, 12-04-2016, 2, 4.88
347caf0, 12-04-2016, 4, 4.65
347caf0, 12-04-2016, 8, 4.52
347caf0, 12-04-2016, 16, 4.40
347caf0, 12-04-2016, 32, 4.41
347caf0, 12-04-2016, 64, 4.52
347caf0, 12-04-2016, 128, 4.53
347caf0, 12-04-2016, 256, 4.81
347caf0, 12-04-2016, 512, 5.37
347caf0, 12-04-2016, 1024, 6.45
347caf0, 12-04-2016, 2048, 8.54
347caf0, 12-04-2016, 4096, 12.83
347caf0, 12-04-2016, 8192, 16.19
347caf0, 12-04-2016, 16384, 22.90
347caf0, 12-04-2016, 32768, 36.36
347caf0, 12-04-2016, 65536, 63.16
347caf0, 12-04-2016, 131072, 116.82
347caf0, 12-04-2016, 262144, 224.17
347caf0, 12-04-2016, 524288, 438.83
347caf0, 12-04-2016, 1048576, 868.10
347caf0, 12-04-2016, 2097152, 1731.48
347caf0, 12-04-2016, 4194304, 3443.92
347caf0, 13-04-2016, 1, 5.25
347caf0, 13-04-2016, 2, 4.88
347caf0, 13-04-2016, 4, 4.67
347caf0, 13-04-2016, 8, 4.54
347caf0, 13-04-2016, 16, 4.43
347caf0, 13-04-2016, 32, 4.36
347caf0, 13-04-2016, 64, 4.50
347caf0, 13-04-2016, 128, 4.54
347caf0, 13-04-2016, 256, 4.73
347caf0, 13-04-2016, 512, 5.28
347caf0, 13-04-2016, 1024, 6.39
347caf0, 13-04-2016, 2048, 8.56
347caf0, 13-04-2016, 4096, 12.81
347caf0, 13-04-2016, 8192, 16.20
347caf0, 13-04-2016, 16384, 22.92
347caf0, 13-04-2016, 32768, 36.40
347caf0, 13-04-2016, 65536, 64.20
347caf0, 13-04-2016, 131072, 116.85
347caf0, 13-04-2016, 262144, 224.18
347caf0, 13-04-2016, 524288, 438.79
347caf0, 13-04-2016, 1048576, 868.11
347caf0, 13-04-2016, 2097152, 1727.12
347caf0, 13-04-2016, 4194304, 3444.32
83e1769, 14-04-2016, 1, 5.30
83e1769, 14-04-2016, 2, 4.89
83e1769, 14-04-2016, 4, 4.70
83e1769, 14-04-2016, 8, 4.55
83e1769, 14-04-2016, 16, 4.42
83e1769, 14-04-2016, 32, 4.38
83e1769, 14-04-2016, 64, 4.48
83e1769, 14-04-2016, 128, 4.54
83e1769, 14-04-2016, 256, 4.73
83e1769, 14-04-2016, 512, 5.29
83e1769, 14-04-2016, 1024, 6.42
83e1769, 14-04-2016, 2048, 8.56
83e1769, 14-04-2016, 4096, 12.83
83e1769, 14-04-2016, 8192, 16.19
83e1769, 14-04-2016, 16384, 22.91
83e1769, 14-04-2016, 32768, 36.39
83e1769, 14-04-2016, 65536, 63.17
83e1769, 14-04-2016, 131072, 116.86
83e1769, 14-04-2016, 262144, 224.18
83e1769, 14-04-2016, 524288, 438.79
83e1769, 14-04-2016, 1048576, 868.10
83e1769, 14-04-2016, 2097152, 1726.63
83e1769, 14-04-2016, 4194304, 3444.83
ecc9138, 15-04-2016, 1, 5.28
ecc9138, 15-04-2016, 2, 4.89
ecc9138, 15-04-2016, 4, 4.66
ecc9138, 15-04-2016, 8, 4.51
ecc9138, 15-04-2016, 16, 4.40
ecc9138, 15-04-2016, 32, 4.36
ecc9138, 15-04-2016, 64, 4.45
ecc9138, 15-04-2016, 128, 4.51
ecc9138, 15-04-2016, 256, 4.73
ecc9138, 15-04-2016, 512, 5.26
ecc9138, 15-04-2016, 1024, 6.35
ecc9138, 15-04-2016, 2048, 8.54
ecc9138, 15-04-2016, 4096, 12.84
ecc9138, 15-04-2016, 8192, 16.19
ecc9138, 15-04-2016, 16384, 22.91
ecc9138, 15-04-2016, 32768, 36.34
ecc9138, 15-04-2016, 65536, 63.16
ecc9138, 15-04-2016, 131072, 116.80
ecc9138, 15-04-2016, 262144, 224.18
ecc9138, 15-04-2016, 524288, 438.83
ecc9138, 15-04-2016, 1048576, 868.08
ecc9138, 15-04-2016, 2097152, 1726.67
ecc9138, 15-04-2016, 4194304, 3444.86
af5f9fe, 16-04-2016, 1, 5.29
af5f9fe, 16-04-2016, 2, 4.88
af5f9fe, 16-04-2016, 4, 4.66
af5f9fe, 16-04-2016, 8, 4.52
af5f9fe, 16-04-2016, 16, 4.44
af5f9fe, 16-04-2016, 32, 4.52
af5f9fe, 16-04-2016, 64, 4.49
af5f9fe, 16-04-2016, 128, 4.54
af5f9fe, 16-04-2016, 256, 4.84
af5f9fe, 16-04-2016, 512, 5.38
af5f9fe, 16-04-2016, 1024, 6.48
af5f9fe, 16-04-2016, 2048, 8.57
af5f9fe, 16-04-2016, 4096, 12.83
af5f9fe, 16-04-2016, 8192, 16.22
af5f9fe, 16-04-2016, 16384, 22.88
af5f9fe, 16-04-2016, 32768, 36.33
af5f9fe, 16-04-2016, 65536, 63.18
af5f9fe, 16-04-2016, 131072, 116.83
af5f9fe, 16-04-2016, 262144, 224.15
af5f9fe, 16-04-2016, 524288, 438.81
af5f9fe, 16-04-2016, 1048576, 868.07
af5f9fe, 16-04-2016, 2097152, 1726.69
af5f9fe, 16-04-2016, 4194304, 3444.20
af5f9fe, 17-04-2016, 1, 5.31
af5f9fe, 17-04-2016, 2, 4.89
af5f9fe, 17-04-2016, 4, 4.66
af5f9fe, 17-04-2016, 8, 4.52
af5f9fe, 17-04-2016, 16, 4.44
af5f9fe, 17-04-2016, 32, 4.50
af5f9fe, 17-04-2016, 64, 4.48
af5f9fe, 17-04-2016, 128, 4.56
af5f9fe, 17-04-2016, 256, 4.85
af5f9fe, 17-04-2016, 512, 5.38
af5f9fe, 17-04-2016, 1024, 6.48
af5f9fe, 17-04-2016, 2048, 8.57
af5f9fe, 17-04-2016, 4096, 12.84
af5f9fe, 17-04-2016, 8192, 16.22
af5f9fe, 17-04-2016, 16384, 22.95
af5f9fe, 17-04-2016, 32768, 36.35
af5f9fe, 17-04-2016, 65536, 63.21
af5f9fe, 17-04-2016, 131072, 116.84
af5f9fe, 17-04-2016, 262144, 224.14
af5f9fe, 17-04-2016, 524288, 438.81
af5f9fe, 17-04-2016, 1048576, 868.07
af5f9fe, 17-04-2016, 2097152, 1726.68
af5f9fe, 17-04-2016, 4194304, 3445.01
af5f9fe, 18-04-2016, 1, 5.29
af5f9fe, 18-04-2016, 2, 4.88
af5f9fe, 18-04-2016, 4, 4.67
af5f9fe, 18-04-2016, 8, 4.53
af5f9fe, 18-04-2016, 16, 4.45
af5f9fe, 18-04-2016, 32, 4.55
af5f9fe, 18-04-2016, 64, 4.47
af5f9fe, 18-04-2016, 128, 4.56
af5f9fe, 18-04-2016, 256, 4.85
af5f9fe, 18-04-2016, 512, 5.37
af5f9fe, 18-04-2016, 1024, 6.44
af5f9fe, 18-04-2016, 2048, 8.56
af5f9fe, 18-04-2016, 4096, 12.85
af5f9fe, 18-04-2016, 8192, 16.20
af5f9fe, 18-04-2016, 16384, 22.96
af5f9fe, 18-04-2016, 32768, 36.39
af5f9fe, 18-04-2016, 65536, 63.20
af5f9fe, 18-04-2016, 131072, 116.87
af5f9fe, 18-04-2016, 262144, 224.18
af5f9fe, 18-04-2016, 524288, 438.78
af5f9fe, 18-04-2016, 1048576, 868.09
af5f9fe, 18-04-2016, 2097152, 1726.65
af5f9fe, 18-04-2016, 4194304, 3444.19
bc133ca, 19-04-2016, 1, 5.34
bc133ca, 19-04-2016, 2, 4.92
bc133ca, 19-04-2016, 4, 4.70
bc133ca, 19-04-2016, 8, 4.54
bc133ca, 19-04-2016, 16, 4.45
bc133ca, 19-04-2016, 32, 4.44
bc133ca, 19-04-2016, 64, 4.51
bc133ca, 19-04-2016, 128, 4.52
bc133ca, 19-04-2016, 256, 4.81
bc133ca, 19-04-2016, 512, 5.32
bc133ca, 19-04-2016, 1024, 6.40
bc133ca, 19-04-2016, 2048, 8.53
bc133ca, 19-04-2016, 4096, 12.83
bc133ca, 19-04-2016, 8192, 16.21
bc133ca, 19-04-2016, 16384, 22.90
bc133ca, 19-04-2016, 32768, 36.38
bc133ca, 19-04-2016, 65536, 63.18
bc133ca, 19-04-2016, 131072, 116.85
bc133ca, 19-04-2016, 262144, 224.19
bc133ca, 19-04-2016, 524288, 438.80
bc133ca, 19-04-2016, 1048576, 868.09
bc133ca, 19-04-2016, 2097152, 1726.66
bc133ca, 19-04-2016, 4194304, 3444.85
4deadba, 20-04-2016, 1, 5.34
4deadba, 20-04-2016, 2, 4.94
4deadba, 20-04-2016, 4, 4.72
4deadba, 20-04-2016, 8, 4.55
4deadba, 20-04-2016, 16, 4.46
4deadba, 20-04-2016, 32, 4.44
4deadba, 20-04-2016, 64, 4.54
4deadba, 20-04-2016, 128, 4.54
4deadba, 20-04-2016, 256, 4.79
4deadba, 20-04-2016, 512, 5.30
4deadba, 20-04-2016, 1024, 6.41
4deadba, 20-04-2016, 2048, 8.55
4deadba, 20-04-2016, 4096, 12.86
4deadba, 20-04-2016, 8192, 16.23
4deadba, 20-04-2016, 16384, 22.96
4deadba, 20-04-2016, 32768, 36.43
4deadba, 20-04-2016, 65536, 63.19
4deadba, 20-04-2016, 131072, 116.86
4deadba, 20-04-2016, 262144, 224.17
4deadba, 20-04-2016, 524288, 438.82
4deadba, 20-04-2016, 1048576, 868.11
4deadba, 20-04-2016, 2097152, 1726.66
4deadba, 20-04-2016, 4194304, 3444.17
4deadba, 21-04-2016, 1, 5.34
4deadba, 21-04-2016, 2, 4.94
4deadba, 21-04-2016, 4, 4.71
4deadba, 21-04-2016, 8, 4.55
4deadba, 21-04-2016, 16, 4.46
4deadba, 21-04-2016, 32, 4.42
4deadba, 21-04-2016, 64, 4.54
4deadba, 21-04-2016, 128, 4.55
4deadba, 21-04-2016, 256, 4.80
4deadba, 21-04-2016, 512, 5.31
4deadba, 21-04-2016, 1024, 6.39
4deadba, 21-04-2016, 2048, 8.53
4deadba, 21-04-2016, 4096, 12.83
4deadba, 21-04-2016, 8192, 16.23
4deadba, 21-04-2016, 16384, 22.94
4deadba, 21-04-2016, 32768, 36.41
4deadba, 21-04-2016, 65536, 63.21
4deadba, 21-04-2016, 131072, 116.87
4deadba, 21-04-2016, 262144, 224.18
4deadba, 21-04-2016, 524288, 438.79
4deadba, 21-04-2016, 1048576, 868.10
4deadba, 21-04-2016, 2097152, 1726.65
4deadba, 21-04-2016, 4194304, 3444.78
4deadba, 22-04-2016, 1, 5.32
4deadba, 22-04-2016, 2, 4.91
4deadba, 22-04-2016, 4, 4.68
4deadba, 22-04-2016, 8, 4.55
4deadba, 22-04-2016, 16, 4.47
4deadba, 22-04-2016, 32, 4.53
4deadba, 22-04-2016, 64, 4.49
4deadba, 22-04-2016, 128, 4.62
4deadba, 22-04-2016, 256, 4.88
4deadba, 22-04-2016, 512, 5.43
4deadba, 22-04-2016, 1024, 6.48
4deadba, 22-04-2016, 2048, 8.59
4deadba, 22-04-2016, 4096, 12.87
4deadba, 22-04-2016, 8192, 16.23
4deadba, 22-04-2016, 16384, 22.95
4deadba, 22-04-2016, 32768, 36.36
4deadba, 22-04-2016, 65536, 63.18
4deadba, 22-04-2016, 131072, 116.82
4deadba, 22-04-2016, 262144, 224.21
4deadba, 22-04-2016, 524288, 438.81
4deadba, 22-04-2016, 1048576, 868.09
4deadba, 22-04-2016, 2097152, 1726.67
4deadba, 22-04-2016, 4194304, 3444.83
e31e052, 23-04-2016, 1, 5.34
e31e052, 23-04-2016, 2, 4.92
e31e052, 23-04-2016, 4, 4.71
e31e052, 23-04-2016, 8, 4.56
e31e052, 23-04-2016, 16, 4.48
e31e052, 23-04-2016, 32, 4.49
e31e052, 23-04-2016, 64, 4.49
e31e052, 23-04-2016, 128, 4.63
e31e052, 23-04-2016, 256, 4.86
e31e052, 23-04-2016, 512, 5.38
e31e052, 23-04-2016, 1024, 6.44
e31e052, 23-04-2016, 2048, 8.58
e31e052, 23-04-2016, 4096, 12.87
e31e052, 23-04-2016, 8192, 16.25
e31e052, 23-04-2016, 16384, 22.94
e31e052, 23-04-2016, 32768, 36.41
e31e052, 23-04-2016, 65536, 63.24
e31e052, 23-04-2016, 131072, 116.91
e31e052, 23-04-2016, 262144, 224.24
e31e052, 23-04-2016, 524288, 438.82
e31e052, 23-04-2016, 1048576, 868.12
e31e052, 23-04-2016, 2097152, 1726.67
e31e052, 23-04-2016, 4194304, 3444.27
66c6f1e, 24-04-2016, 1, 5.29
66c6f1e, 24-04-2016, 2, 4.89
66c6f1e, 24-04-2016, 4, 4.66
66c6f1e, 24-04-2016, 8, 4.54
66c6f1e, 24-04-2016, 16, 4.46
66c6f1e, 24-04-2016, 32, 4.54
66c6f1e, 24-04-2016, 64, 4.46
66c6f1e, 24-04-2016, 128, 4.58
66c6f1e, 24-04-2016, 256, 4.87
66c6f1e, 24-04-2016, 512, 5.39
66c6f1e, 24-04-2016, 1024, 6.46
66c6f1e, 24-04-2016, 2048, 8.57
66c6f1e, 24-04-2016, 4096, 12.85
66c6f1e, 24-04-2016, 8192, 16.22
66c6f1e, 24-04-2016, 16384, 22.95
66c6f1e, 24-04-2016, 32768, 36.34
66c6f1e, 24-04-2016, 65536, 63.22
66c6f1e, 24-04-2016, 131072, 116.86
66c6f1e, 24-04-2016, 262144, 224.20
66c6f1e, 24-04-2016, 524288, 438.81
66c6f1e, 24-04-2016, 1048576, 868.09
66c6f1e, 24-04-2016, 2097152, 1726.63
66c6f1e, 24-04-2016, 4194304, 3444.46
66c6f1e, 25-04-2016, 1, 5.29
66c6f1e, 25-04-2016, 2, 4.89
66c6f1e, 25-04-2016, 4, 4.66
66c6f1e, 25-04-2016, 8, 4.53
66c6f1e, 25-04-2016, 16, 4.46
66c6f1e, 25-04-2016, 32, 4.52
66c6f1e, 25-04-2016, 64, 4.47
66c6f1e, 25-04-2016, 128, 4.57
66c6f1e, 25-04-2016, 256, 4.86
66c6f1e, 25-04-2016, 512, 5.38
66c6f1e, 25-04-2016, 1024, 6.47
66c6f1e, 25-04-2016, 2048, 8.57
66c6f1e, 25-04-2016, 4096, 12.85
66c6f1e, 25-04-2016, 8192, 16.22
66c6f1e, 25-04-2016, 16384, 22.93
66c6f1e, 25-04-2016, 32768, 36.34
66c6f1e, 25-04-2016, 65536, 63.16
66c6f1e, 25-04-2016, 131072, 116.87
66c6f1e, 25-04-2016, 262144, 224.18
66c6f1e, 25-04-2016, 524288, 438.80
66c6f1e, 25-04-2016, 1048576, 868.11
66c6f1e, 25-04-2016, 2097152, 1726.63
66c6f1e, 25-04-2016, 4194304, 3444.13
a360618, 27-04-2016, 1, 5.30
a360618, 27-04-2016, 2, 4.89
a360618, 27-04-2016, 4, 4.67
a360618, 27-04-2016, 8, 4.55
a360618, 27-04-2016, 16, 4.46
a360618, 27-04-2016, 32, 4.53
a360618, 27-04-2016, 64, 4.45
a360618, 27-04-2016, 128, 4.59
a360618, 27-04-2016, 256, 4.88
a360618, 27-04-2016, 512, 5.40
a360618, 27-04-2016, 1024, 6.46
a360618, 27-04-2016, 2048, 8.57
a360618, 27-04-2016, 4096, 12.84
a360618, 27-04-2016, 8192, 16.22
a360618, 27-04-2016, 16384, 22.98
a360618, 27-04-2016, 32768, 36.33
a360618, 27-04-2016, 65536, 63.17
a360618, 27-04-2016, 131072, 116.88
a360618, 27-04-2016, 262144, 224.18
a360618, 27-04-2016, 524288, 438.81
a360618, 27-04-2016, 1048576, 868.10
a360618, 27-04-2016, 2097152, 1726.64
a360618, 27-04-2016, 4194304, 3444.80
1f71923, 29-04-2016, 1, 5.11
1f71923, 29-04-2016, 2, 4.70
1f71923, 29-04-2016, 4, 4.57
1f71923, 29-04-2016, 8, 4.45
1f71923, 29-04-2016, 16, 4.38
1f71923, 29-04-2016, 32, 4.42
1f71923, 29-04-2016, 64, 4.44
1f71923, 29-04-2016, 128, 4.46
1f71923, 29-04-2016, 256, 4.78
1f71923, 29-04-2016, 512, 5.23
1f71923, 29-04-2016, 1024, 6.34
1f71923, 29-04-2016, 2048, 8.49
1f71923, 29-04-2016, 4096, 12.80
1f71923, 29-04-2016, 8192, 16.18
1f71923, 29-04-2016, 16384, 22.85
1f71923, 29-04-2016, 32768, 36.26
1f71923, 29-04-2016, 65536, 63.15
1f71923, 29-04-2016, 131072, 116.82
1f71923, 29-04-2016, 262144, 224.12
1f71923, 29-04-2016, 524288, 438.75
1f71923, 29-04-2016, 1048576, 868.04
1f71923, 29-04-2016, 2097152, 1726.62
1f71923, 29-04-2016, 4194304, 3444.98
8ac768e, 30-04-2016, 1, 5.17
8ac768e, 30-04-2016, 2, 4.80
8ac768e, 30-04-2016, 4, 4.61
8ac768e, 30-04-2016, 8, 4.51
8ac768e, 30-04-2016, 16, 4.46
8ac768e, 30-04-2016, 32, 4.45
8ac768e, 30-04-2016, 64, 4.48
8ac768e, 30-04-2016, 128, 4.54
8ac768e, 30-04-2016, 256, 4.76
8ac768e, 30-04-2016, 512, 5.30
8ac768e, 30-04-2016, 1024, 6.38
8ac768e, 30-04-2016, 2048, 8.52
8ac768e, 30-04-2016, 4096, 12.80
8ac768e, 30-04-2016, 8192, 16.17
8ac768e, 30-04-2016, 16384, 22.90
8ac768e, 30-04-2016, 32768, 36.34
8ac768e, 30-04-2016, 65536, 63.14
8ac768e, 30-04-2016, 131072, 116.80
8ac768e, 30-04-2016, 262144, 224.13
8ac768e, 30-04-2016, 524288, 438.76
8ac768e, 30-04-2016, 1048576, 868.08
8ac768e, 30-04-2016, 2097152, 1726.61
8ac768e, 30-04-2016, 4194304, 3447.10
8ac768e, 01-05-2016, 1, 5.11
8ac768e, 01-05-2016, 2, 4.69
8ac768e, 01-05-2016, 4, 4.58
8ac768e, 01-05-2016, 8, 4.46
8ac768e, 01-05-2016, 16, 4.37
8ac768e, 01-05-2016, 32, 4.40
8ac768e, 01-05-2016, 64, 4.47
8ac768e, 01-05-2016, 128, 4.48
8ac768e, 01-05-2016, 256, 4.76
8ac768e, 01-05-2016, 512, 5.25
8ac768e, 01-05-2016, 1024, 6.35
8ac768e, 01-05-2016, 2048, 8.51
8ac768e, 01-05-2016, 4096, 12.78
8ac768e, 01-05-2016, 8192, 16.15
8ac768e, 01-05-2016, 16384, 22.86
8ac768e, 01-05-2016, 32768, 36.29
8ac768e, 01-05-2016, 65536, 63.09
8ac768e, 01-05-2016, 131072, 116.83
8ac768e, 01-05-2016, 262144, 224.11
8ac768e, 01-05-2016, 524288, 438.76
8ac768e, 01-05-2016, 1048576, 868.06
8ac768e, 01-05-2016, 2097152, 1726.59
8ac768e, 01-05-2016, 4194304, 3444.94
8ac768e, 02-05-2016, 1, 5.09
8ac768e, 02-05-2016, 2, 4.79
8ac768e, 02-05-2016, 4, 4.57
8ac768e, 02-05-2016, 8, 4.47
8ac768e, 02-05-2016, 16, 4.40
8ac768e, 02-05-2016, 32, 4.37
8ac768e, 02-05-2016, 64, 4.44
8ac768e, 02-05-2016, 128, 4.53
8ac768e, 02-05-2016, 256, 4.73
8ac768e, 02-05-2016, 512, 5.30
8ac768e, 02-05-2016, 1024, 6.39
8ac768e, 02-05-2016, 2048, 8.51
8ac768e, 02-05-2016, 4096, 12.79
8ac768e, 02-05-2016, 8192, 16.16
8ac768e, 02-05-2016, 16384, 22.84
8ac768e, 02-05-2016, 32768, 36.33
8ac768e, 02-05-2016, 65536, 63.14
8ac768e, 02-05-2016, 131072, 116.77
8ac768e, 02-05-2016, 262144, 224.15
8ac768e, 02-05-2016, 524288, 438.75
8ac768e, 02-05-2016, 1048576, 868.03
8ac768e, 02-05-2016, 2097152, 1726.59
8ac768e, 02-05-2016, 4194304, 3448.72
195eabb, 03-05-2016, 1, 5.15
195eabb, 03-05-2016, 2, 4.73
195eabb, 03-05-2016, 4, 4.61
195eabb, 03-05-2016, 8, 4.48
195eabb, 03-05-2016, 16, 4.38
195eabb, 03-05-2016, 32, 4.42
195eabb, 03-05-2016, 64, 4.46
195eabb, 03-05-2016, 128, 4.49
195eabb, 03-05-2016, 256, 4.75
195eabb, 03-05-2016, 512, 5.30
195eabb, 03-05-2016, 1024, 6.38
195eabb, 03-05-2016, 2048, 8.53
195eabb, 03-05-2016, 4096, 12.81
195eabb, 03-05-2016, 8192, 16.18
195eabb, 03-05-2016, 16384, 22.88
195eabb, 03-05-2016, 32768, 36.35
195eabb, 03-05-2016, 65536, 63.16
195eabb, 03-05-2016, 131072, 116.78
195eabb, 03-05-2016, 262144, 224.13
195eabb, 03-05-2016, 524288, 438.74
195eabb, 03-05-2016, 1048576, 867.98
195eabb, 03-05-2016, 2097152, 1726.61
195eabb, 03-05-2016, 4194304, 3444.93
d3b42ee, 04-05-2016, 1, 5.12
d3b42ee, 04-05-2016, 2, 4.71
d3b42ee, 04-05-2016, 4, 4.60
d3b42ee, 04-05-2016, 8, 4.46
d3b42ee, 04-05-2016, 16, 4.39
d3b42ee, 04-05-2016, 32, 4.42
d3b42ee, 04-05-2016, 64, 4.48
d3b42ee, 04-05-2016, 128, 4.49
d3b42ee, 04-05-2016, 256, 4.77
d3b42ee, 04-05-2016, 512, 5.28
d3b42ee, 04-05-2016, 1024, 6.37
d3b42ee, 04-05-2016, 2048, 8.51
d3b42ee, 04-05-2016, 4096, 12.79
d3b42ee, 04-05-2016, 8192, 16.16
d3b42ee, 04-05-2016, 16384, 22.90
d3b42ee, 04-05-2016, 32768, 36.30
d3b42ee, 04-05-2016, 65536, 63.14
d3b42ee, 04-05-2016, 131072, 116.79
d3b42ee, 04-05-2016, 262144, 224.14
d3b42ee, 04-05-2016, 524288, 438.77
d3b42ee, 04-05-2016, 1048576, 868.03
d3b42ee, 04-05-2016, 2097152, 1726.64
d3b42ee, 04-05-2016, 4194304, 3449.06
0282595, 06-05-2016, 1, 5.13
0282595, 06-05-2016, 2, 4.72
0282595, 06-05-2016, 4, 4.61
0282595, 06-05-2016, 8, 4.47
0282595, 06-05-2016, 16, 4.38
0282595, 06-05-2016, 32, 4.42
0282595, 06-05-2016, 64, 4.46
0282595, 06-05-2016, 128, 4.49
0282595, 06-05-2016, 256, 4.76
0282595, 06-05-2016, 512, 5.29
0282595, 06-05-2016, 1024, 6.37
0282595, 06-05-2016, 2048, 8.51
0282595, 06-05-2016, 4096, 12.80
0282595, 06-05-2016, 8192, 16.16
0282595, 06-05-2016, 16384, 22.86
0282595, 06-05-2016, 32768, 36.33
0282595, 06-05-2016, 65536, 63.17
0282595, 06-05-2016, 131072, 116.82
0282595, 06-05-2016, 262144, 224.10
0282595, 06-05-2016, 524288, 438.75
0282595, 06-05-2016, 1048576, 870.16
0282595, 06-05-2016, 2097152, 1726.93
0282595, 06-05-2016, 4194304, 3444.56
2458685, 07-05-2016, 1, 5.11
2458685, 07-05-2016, 2, 4.70
2458685, 07-05-2016, 4, 4.58
2458685, 07-05-2016, 8, 4.45
2458685, 07-05-2016, 16, 4.38
2458685, 07-05-2016, 32, 4.39
2458685, 07-05-2016, 64, 4.45
2458685, 07-05-2016, 128, 4.50
2458685, 07-05-2016, 256, 4.76
2458685, 07-05-2016, 512, 5.26
2458685, 07-05-2016, 1024, 6.36
2458685, 07-05-2016, 2048, 8.46
2458685, 07-05-2016, 4096, 12.78
2458685, 07-05-2016, 8192, 16.16
2458685, 07-05-2016, 16384, 22.90
2458685, 07-05-2016, 32768, 36.37
2458685, 07-05-2016, 65536, 63.11
2458685, 07-05-2016, 131072, 116.78
2458685, 07-05-2016, 262144, 224.11
2458685, 07-05-2016, 524288, 438.72
2458685, 07-05-2016, 1048576, 868.00
2458685, 07-05-2016, 2097152, 1726.60
2458685, 07-05-2016, 4194304, 3444.80
2458685, 08-05-2016, 1, 5.11
2458685, 08-05-2016, 2, 4.71
2458685, 08-05-2016, 4, 4.59
2458685, 08-05-2016, 8, 4.45
2458685, 08-05-2016, 16, 4.38
2458685, 08-05-2016, 32, 4.40
2458685, 08-05-2016, 64, 4.44
2458685, 08-05-2016, 128, 4.49
2458685, 08-05-2016, 256, 4.76
2458685, 08-05-2016, 512, 5.27
2458685, 08-05-2016, 1024, 6.34
2458685, 08-05-2016, 2048, 8.48
2458685, 08-05-2016, 4096, 12.77
2458685, 08-05-2016, 8192, 16.14
2458685, 08-05-2016, 16384, 22.85
2458685, 08-05-2016, 32768, 36.31
2458685, 08-05-2016, 65536, 63.13
2458685, 08-05-2016, 131072, 116.77
2458685, 08-05-2016, 262144, 224.10
2458685, 08-05-2016, 524288, 438.73
2458685, 08-05-2016, 1048576, 868.00
2458685, 08-05-2016, 2097152, 1726.59
2458685, 08-05-2016, 4194304, 3446.35
2458685, 09-05-2016, 1, 5.14
2458685, 09-05-2016, 2, 4.73
2458685, 09-05-2016, 4, 4.58
2458685, 09-05-2016, 8, 4.47
2458685, 09-05-2016, 16, 4.40
2458685, 09-05-2016, 32, 4.41
2458685, 09-05-2016, 64, 4.43
2458685, 09-05-2016, 128, 4.49
2458685, 09-05-2016, 256, 4.78
2458685, 09-05-2016, 512, 5.28
2458685, 09-05-2016, 1024, 6.34
2458685, 09-05-2016, 2048, 8.47
2458685, 09-05-2016, 4096, 12.78
2458685, 09-05-2016, 8192, 16.16
2458685, 09-05-2016, 16384, 22.88
2458685, 09-05-2016, 32768, 36.31
2458685, 09-05-2016, 65536, 63.15
2458685, 09-05-2016, 131072, 116.82
2458685, 09-05-2016, 262144, 224.48
2458685, 09-05-2016, 524288, 439.10
2458685, 09-05-2016, 1048576, 868.32
2458685, 09-05-2016, 2097152, 1727.02
2458685, 09-05-2016, 4194304, 3444.16
a497393, 10-05-2016, 1, 5.08
a497393, 10-05-2016, 2, 4.73
a497393, 10-05-2016, 4, 4.57
a497393, 10-05-2016, 8, 4.43
a497393, 10-05-2016, 16, 4.40
a497393, 10-05-2016, 32, 4.38
a497393, 10-05-2016, 64, 4.41
a497393, 10-05-2016, 128, 4.56
a497393, 10-05-2016, 256, 4.72
a497393, 10-05-2016, 512, 5.28
a497393, 10-05-2016, 1024, 6.35
a497393, 10-05-2016, 2048, 8.46
a497393, 10-05-2016, 4096, 12.77
a497393, 10-05-2016, 8192, 16.16
a497393, 10-05-2016, 16384, 22.88
a497393, 10-05-2016, 32768, 36.32
a497393, 10-05-2016, 65536, 63.16
a497393, 10-05-2016, 131072, 116.78
a497393, 10-05-2016, 262144, 224.12
a497393, 10-05-2016, 524288, 438.76
a497393, 10-05-2016, 1048576, 868.07
a497393, 10-05-2016, 2097152, 1726.61
a497393, 10-05-2016, 4194304, 3444.95
fbee2ee, 11-05-2016, 1, 5.12
fbee2ee, 11-05-2016, 2, 4.71
fbee2ee, 11-05-2016, 4, 4.57
fbee2ee, 11-05-2016, 8, 4.44
fbee2ee, 11-05-2016, 16, 4.39
fbee2ee, 11-05-2016, 32, 4.41
fbee2ee, 11-05-2016, 64, 4.43
fbee2ee, 11-05-2016, 128, 4.49
fbee2ee, 11-05-2016, 256, 4.77
fbee2ee, 11-05-2016, 512, 5.27
fbee2ee, 11-05-2016, 1024, 6.35
fbee2ee, 11-05-2016, 2048, 8.48
fbee2ee, 11-05-2016, 4096, 12.78
fbee2ee, 11-05-2016, 8192, 16.16
fbee2ee, 11-05-2016, 16384, 22.89
fbee2ee, 11-05-2016, 32768, 36.32
fbee2ee, 11-05-2016, 65536, 63.12
fbee2ee, 11-05-2016, 131072, 116.79
fbee2ee, 11-05-2016, 262144, 224.12
fbee2ee, 11-05-2016, 524288, 438.76
fbee2ee, 11-05-2016, 1048576, 868.03
fbee2ee, 11-05-2016, 2097152, 1726.64
fbee2ee, 11-05-2016, 4194304, 3444.85
1c0e89a, 12-05-2016, 1, 5.11
1c0e89a, 12-05-2016, 2, 4.74
1c0e89a, 12-05-2016, 4, 4.57
1c0e89a, 12-05-2016, 8, 4.47
1c0e89a, 12-05-2016, 16, 4.39
1c0e89a, 12-05-2016, 32, 4.40
1c0e89a, 12-05-2016, 64, 4.39
1c0e89a, 12-05-2016, 128, 4.56
1c0e89a, 12-05-2016, 256, 4.69
1c0e89a, 12-05-2016, 512, 5.25
1c0e89a, 12-05-2016, 1024, 6.38
1c0e89a, 12-05-2016, 2048, 8.48
1c0e89a, 12-05-2016, 4096, 12.77
1c0e89a, 12-05-2016, 8192, 16.16
1c0e89a, 12-05-2016, 16384, 22.86
1c0e89a, 12-05-2016, 32768, 36.32
1c0e89a, 12-05-2016, 65536, 63.17
1c0e89a, 12-05-2016, 131072, 116.82
1c0e89a, 12-05-2016, 262144, 224.11
1c0e89a, 12-05-2016, 524288, 438.76
1c0e89a, 12-05-2016, 1048576, 868.01
1c0e89a, 12-05-2016, 2097152, 1726.55
1c0e89a, 12-05-2016, 4194304, 3443.69
a23877b, 13-05-2016, 1, 5.07
a23877b, 13-05-2016, 2, 4.74
a23877b, 13-05-2016, 4, 4.58
a23877b, 13-05-2016, 8, 4.47
a23877b, 13-05-2016, 16, 4.40
a23877b, 13-05-2016, 32, 4.46
a23877b, 13-05-2016, 64, 4.40
a23877b, 13-05-2016, 128, 4.58
a23877b, 13-05-2016, 256, 4.67
a23877b, 13-05-2016, 512, 5.24
a23877b, 13-05-2016, 1024, 6.39
a23877b, 13-05-2016, 2048, 8.49
a23877b, 13-05-2016, 4096, 12.79
a23877b, 13-05-2016, 8192, 16.16
a23877b, 13-05-2016, 16384, 22.88
a23877b, 13-05-2016, 32768, 36.32
a23877b, 13-05-2016, 65536, 63.15
a23877b, 13-05-2016, 131072, 116.81
a23877b, 13-05-2016, 262144, 224.14
a23877b, 13-05-2016, 524288, 438.77
a23877b, 13-05-2016, 1048576, 868.02
a23877b, 13-05-2016, 2097152, 1726.60
a23877b, 13-05-2016, 4194304, 3443.89
