b627a5c, 07-07-2015, 2000000, 1, 1.0329962,1.0330283,1.0346662,1.0331776,1.0315913
b627a5c, 07-07-2015, 2000000, 2, 0.6238113,0.6350867,0.6229054,0.6337062,0.6202693
b627a5c, 07-07-2015, 2000000, 4, 0.6014974,0.5787023,0.5827011,0.6004077,0.5897085
b627a5c, 07-07-2015, 2000000, 8, 0.7334537,0.7533035,0.7336266,0.7472272,0.7359989
b627a5c, 07-07-2015, 2000000, 8, 0.7390975,0.7233809,0.7538387,0.7345404,0.7530174
b627a5c, 07-07-2015, 2000000, 16, 1.1518424,1.1552811,1.1449157,1.1464182,1.1494286
b627a5c, 07-07-2015, 5000000, 1, 2.5809472,2.5803758,2.5828839,2.5816129,2.5811647
b627a5c, 07-07-2015, 5000000, 2, 1.5629671,1.5907192,1.5678101,1.5247995,1.5473148
b627a5c, 07-07-2015, 5000000, 4, 1.4615068,1.4576172,1.4403689,1.4730938,1.4754238
b627a5c, 07-07-2015, 5000000, 8, 1.8514417,1.8854492,1.8617852,1.8208684,1.8635679
b627a5c, 07-07-2015, 5000000, 8, 1.8564260,1.8277870,1.8483144,1.8889262,1.8697168
b627a5c, 07-07-2015, 5000000, 16, 2.8589529,2.8692540,2.8810986,2.8757042,2.8837913
b627a5c, 07-07-2015, 10000000, 1, 5.1535287,5.1617219,5.1600721,5.1606703,5.1624529
b627a5c, 07-07-2015, 10000000, 2, 3.1664165,3.0571229,2.9723946,3.1852189,2.9893929
b627a5c, 07-07-2015, 10000000, 4, 2.9644952,2.8460471,2.8990368,3.0342403,2.8946678
b627a5c, 07-07-2015, 10000000, 8, 3.7447067,3.6484960,3.6893298,3.7576890,3.6520333
b627a5c, 07-07-2015, 10000000, 8, 3.8177965,3.6595482,3.7910368,3.7070606,3.7491921
b627a5c, 07-07-2015, 10000000, 16, 5.7483244,5.7636516,5.7095747,5.7475408,5.7338370
57f8001, 09-07-2015, 2000000, 1, 1.0217135,1.0254957,1.0256320,1.0309552,1.0214149
57f8001, 09-07-2015, 2000000, 2, 0.6257319,0.6198305,0.6337083,0.6115959,0.6253334
57f8001, 09-07-2015, 2000000, 4, 0.6005617,0.6060666,0.5831131,0.5998640,0.5826250
57f8001, 09-07-2015, 2000000, 8, 0.7749077,0.7603502,0.7475852,0.7483033,0.7994423
57f8001, 09-07-2015, 2000000, 16, 1.1258198,1.1401083,1.1349075,1.1676215,1.1296160
57f8001, 09-07-2015, 5000000, 1, 2.5550503,2.5578033,2.5537512,2.5563490,2.5637313
57f8001, 09-07-2015, 5000000, 2, 1.5547710,1.5651852,1.5598755,1.5824881,1.5559817
57f8001, 09-07-2015, 5000000, 4, 1.4891191,1.4665952,1.4606845,1.5222503,1.5157055
57f8001, 09-07-2015, 5000000, 8, 1.8595321,1.8644385,1.8759010,1.8765579,1.8910754
57f8001, 09-07-2015, 5000000, 16, 2.8294640,2.8214878,2.8290044,2.8408342,2.8948970
57f8001, 09-07-2015, 10000000, 1, 5.1079311,5.1307310,5.1249554,5.1347865,5.1067169
57f8001, 09-07-2015, 10000000, 2, 3.0747720,2.9169654,3.0753692,3.0223186,3.0398557
57f8001, 09-07-2015, 10000000, 4, 2.9227413,2.9766481,2.9575095,3.0059399,2.9799351
57f8001, 09-07-2015, 10000000, 8, 3.8187885,3.7796639,3.8130549,3.8547283,3.8068889
57f8001, 09-07-2015, 10000000, 16, 5.6633872,5.6343326,5.6455450,5.8306954,5.6141453
f326cd3, 12-07-2015, 2000000, 1, 1.0329304,1.0329949,1.0317690,1.0328169,1.0322620
f326cd3, 12-07-2015, 2000000, 2, 0.6138182,0.6101936,0.5913908,0.5918330,0.5868887
f326cd3, 12-07-2015, 2000000, 4, 1.0375079,1.0412161,1.0322604,1.0331547,1.0414607
f326cd3, 12-07-2015, 2000000, 8, 1.0963487,1.0967053,1.0972815,1.0966507,1.0968314
f326cd3, 12-07-2015, 2000000, 16, 1.0974632,1.1014941,1.0994530,1.1039626,1.0995285
f326cd3, 12-07-2015, 5000000, 1, 2.5813677,2.5797356,2.5780844,2.5804622,2.5793782
f326cd3, 12-07-2015, 5000000, 2, 1.4794285,1.4987135,1.4875427,1.4674877,1.4535134
f326cd3, 12-07-2015, 5000000, 4, 2.6091913,2.5802586,2.5757957,2.5809459,2.5820413
f326cd3, 12-07-2015, 5000000, 8, 2.7437166,2.7413151,2.7421810,2.7422501,2.7442238
f326cd3, 12-07-2015, 5000000, 16, 2.7598992,2.7462405,2.7678671,2.7175865,2.7574214
f326cd3, 12-07-2015, 10000000, 1, 5.1611015,5.1604561,5.1609947,5.1611837,5.1631989
f326cd3, 12-07-2015, 10000000, 2, 2.8895216,2.9968105,3.0291904,2.9458405,3.0003114
f326cd3, 12-07-2015, 10000000, 4, 5.1577936,5.1686287,5.1543508,5.1471741,5.1484647
f326cd3, 12-07-2015, 10000000, 8, 5.4833856,5.4834822,5.4829321,5.4825237,5.4819061
f326cd3, 12-07-2015, 10000000, 16, 5.4994806,5.5022873,5.5501599,5.4886406,5.5117907
acd14d1, 13-07-2015, 2000000, 1, 1.0326222,1.0373429,1.0325529,1.0329295,1.0335490
acd14d1, 13-07-2015, 2000000, 2, 0.6237669,0.6289789,0.6212736,0.6252305,0.6307314
acd14d1, 13-07-2015, 2000000, 4, 1.0323390,1.0482038,1.0294656,1.0355935,1.0289529
acd14d1, 13-07-2015, 2000000, 8, 1.1042454,1.0967014,1.1014210,1.0970841,1.0977893
acd14d1, 13-07-2015, 2000000, 16, 1.1061392,1.1042171,1.0761494,1.0905336,1.1059676
acd14d1, 13-07-2015, 5000000, 1, 2.5818684,2.5821717,2.5823676,2.6011483,2.5812897
acd14d1, 13-07-2015, 5000000, 2, 1.5034512,1.4521310,1.4882606,1.5098717,1.5537083
acd14d1, 13-07-2015, 5000000, 4, 2.5756559,2.5870431,2.5854701,2.5821831,2.5723430
acd14d1, 13-07-2015, 5000000, 8, 2.7416980,2.7440219,2.7429916,2.7427075,2.7416160
acd14d1, 13-07-2015, 5000000, 16, 2.6884612,2.7605674,2.7438418,2.7625297,2.7610387
acd14d1, 13-07-2015, 10000000, 1, 5.1611617,5.1621604,5.1622363,5.1889579,5.1678732
acd14d1, 13-07-2015, 10000000, 2, 3.0811107,3.0286521,3.0512148,3.1133460,3.0497447
acd14d1, 13-07-2015, 10000000, 4, 5.1585320,5.1517088,5.1458256,5.1446169,5.1568991
acd14d1, 13-07-2015, 10000000, 8, 5.4828288,5.4828709,5.4829474,5.4816513,5.4812423
acd14d1, 13-07-2015, 10000000, 16, 5.5293460,5.5317923,5.4499433,5.5193030,5.5123845
99df208, 15-07-2015, 2000000, 1, 1.0396753,1.0390380,1.0374184,1.0385349,1.0379314
99df208, 15-07-2015, 2000000, 2, 0.5774228,0.6019900,0.5889916,0.6029722,0.6033072
99df208, 15-07-2015, 2000000, 4, 1.0841615,1.0783172,1.0756079,1.0868455,1.0755150
99df208, 15-07-2015, 2000000, 8, 1.1105969,1.1069062,1.1133540,1.1120264,1.1120875
99df208, 15-07-2015, 2000000, 16, 1.1021811,1.1236591,1.0965983,1.1382037,1.1356338
99df208, 15-07-2015, 5000000, 1, 2.5929708,2.5974314,2.5968768,2.5973978,2.5963922
99df208, 15-07-2015, 5000000, 2, 1.4873454,1.4969191,1.4449012,1.4939886,1.4624160
99df208, 15-07-2015, 5000000, 4, 2.6959787,2.6865628,2.6951438,2.7166472,2.6958964
99df208, 15-07-2015, 5000000, 8, 2.7801204,2.7819173,2.7775381,2.7841953,2.7808045
99df208, 15-07-2015, 5000000, 16, 2.8245075,2.8197963,2.8380060,2.8392138,2.7494295
99df208, 15-07-2015, 10000000, 1, 5.1936931,5.1920960,5.1879233,5.1949720,5.1908324
99df208, 15-07-2015, 10000000, 2, 2.9599700,3.0803397,2.9548860,2.9660554,2.8727853
99df208, 15-07-2015, 10000000, 4, 5.4323702,5.3909781,5.3924707,5.3902077,5.3730014
99df208, 15-07-2015, 10000000, 8, 5.5612092,5.5607462,5.5598939,5.5638480,5.5667826
99df208, 15-07-2015, 10000000, 16, 5.6688419,5.6784406,5.6781836,5.6554710,5.6476644
cb365ba, 17-07-2015, 2000000, 1, 0.8050564,0.8084072,0.8060683,0.8054286,0.8056769
cb365ba, 17-07-2015, 2000000, 2, 0.5125023,0.5105794,0.4707263,0.4968136,0.4906747
cb365ba, 17-07-2015, 2000000, 4, 0.8077240,0.8084863,0.8058572,0.8072643,0.8060676
cb365ba, 17-07-2015, 2000000, 8, 0.8597577,0.8598641,0.8598047,0.8598002,0.8587413
cb365ba, 17-07-2015, 2000000, 16, 0.8513261,0.8804298,0.8784926,0.8824317,0.8804145
cb365ba, 17-07-2015, 5000000, 1, 2.0133469,2.0162960,2.0121736,2.0158681,2.0113796
cb365ba, 17-07-2015, 5000000, 2, 1.2404794,1.2071357,1.2425354,1.2429961,1.1815969
cb365ba, 17-07-2015, 5000000, 4, 2.0351710,2.0200399,2.0163441,2.0153593,2.0192395
cb365ba, 17-07-2015, 5000000, 8, 2.1512692,2.1574300,2.1493126,2.1505077,2.1566612
cb365ba, 17-07-2015, 5000000, 16, 2.1982823,2.1984906,2.2267751,2.1979042,2.2121753
cb365ba, 17-07-2015, 10000000, 1, 4.0250542,4.0236463,4.0281986,4.0226627,4.0256865
cb365ba, 17-07-2015, 10000000, 2, 2.4231632,2.5840356,2.5333875,2.4143108,2.3790406
cb365ba, 17-07-2015, 10000000, 4, 4.0683255,4.0375676,4.0361376,4.0373110,4.0352251
cb365ba, 17-07-2015, 10000000, 8, 4.2945496,4.3025958,4.2981892,4.3189133,4.3026976
cb365ba, 17-07-2015, 10000000, 16, 4.4286527,4.3941534,4.3976319,4.4320738,4.3416144
3ea1609, 18-07-2015, 2000000, 1, 1.0403717,1.0403855,1.0405510,1.0399489,1.0403694
3ea1609, 18-07-2015, 2000000, 2, 0.6219830,0.5889364,0.6104171,0.5941985,0.6092866
3ea1609, 18-07-2015, 2000000, 4, 1.0477956,1.0561081,1.0563115,1.0516978,1.0650816
3ea1609, 18-07-2015, 2000000, 8, 1.1162066,1.1195242,1.1196086,1.1150103,1.1137090
3ea1609, 18-07-2015, 2000000, 16, 1.0863017,1.1188852,1.1260426,1.1202875,1.1273012
3ea1609, 18-07-2015, 5000000, 1, 2.6004848,2.6006714,2.5990099,2.6022395,2.5996920
3ea1609, 18-07-2015, 5000000, 2, 1.5159172,1.4697130,1.4778843,1.5512322,1.5451118
3ea1609, 18-07-2015, 5000000, 4, 2.6139156,2.6277774,2.6397126,2.6275448,2.6467633
3ea1609, 18-07-2015, 5000000, 8, 2.8046420,2.7995262,2.7945055,2.7979851,2.7888692
3ea1609, 18-07-2015, 5000000, 16, 2.8031419,2.7959411,2.8072331,2.8129497,2.7509663
3ea1609, 18-07-2015, 10000000, 1, 5.1998734,5.1982474,5.2169821,5.1998573,5.1975622
3ea1609, 18-07-2015, 10000000, 2, 2.9814551,2.9666060,2.9876577,3.0417240,2.9700267
3ea1609, 18-07-2015, 10000000, 4, 5.2774072,5.2530061,5.2508278,5.2553570,5.2266807
3ea1609, 18-07-2015, 10000000, 8, 5.5701465,5.5763088,5.5720591,5.6126647,5.5893359
3ea1609, 18-07-2015, 10000000, 16, 5.4735802,5.6550065,5.3822444,5.5922454,5.6140043
5173daa, 21-07-2015, 2000000, 1, 1.0185148,1.0192007,1.0200900,1.0208935,1.0208395
5173daa, 21-07-2015, 2000000, 2, 0.8856292,0.8978034,0.9053493,0.9610777,0.8861281
5173daa, 21-07-2015, 2000000, 4, 1.0127058,1.0214579,1.0243824,1.0286198,1.0246933
5173daa, 21-07-2015, 2000000, 8, 1.0277079,1.0279915,1.0671610,1.0348688,1.0657009
5173daa, 21-07-2015, 2000000, 16, 1.0960219,1.0938053,1.0624051,1.0720361,1.0941757
5173daa, 21-07-2015, 5000000, 1, 2.5485782,2.5576450,2.5489557,2.5472490,2.5480549
5173daa, 21-07-2015, 5000000, 2, 2.2104888,2.2129179,2.2536294,2.2075245,2.2132699
5173daa, 21-07-2015, 5000000, 4, 2.5521458,2.6054443,2.5627954,2.5526452,2.6065735
5173daa, 21-07-2015, 5000000, 8, 2.7239869,2.5860080,2.5706580,2.6985543,2.6579693
5173daa, 21-07-2015, 5000000, 16, 2.6646670,2.5715531,2.6654880,2.7390247,2.7353073
5173daa, 21-07-2015, 10000000, 1, 5.0937071,5.0947581,5.1032570,5.0933082,5.1038615
5173daa, 21-07-2015, 10000000, 2, 4.5208086,4.4283868,4.8316578,4.4286173,4.5129882
5173daa, 21-07-2015, 10000000, 4, 5.2252483,4.9595394,5.3191642,5.1416291,5.1671581
5173daa, 21-07-2015, 10000000, 8, 5.2188787,5.3254148,5.4488919,5.2793383,5.2029213
5173daa, 21-07-2015, 10000000, 16, 5.3345802,5.4820939,5.3738104,5.4724134,5.4754759
d36ac97, 22-07-2015, 2000000, 1, 0.5748739,0.5702363,0.5725407,0.5719655,0.5784967
d36ac97, 22-07-2015, 2000000, 2, 0.7668290,0.7247724,0.7650363,0.7655105,0.7520141
d36ac97, 22-07-2015, 2000000, 4, 0.5662267,0.5687188,0.5652698,0.5700515,0.5691958
d36ac97, 22-07-2015, 2000000, 8, 0.5999198,0.5894077,0.5911016,0.5893550,0.6032152
d36ac97, 22-07-2015, 2000000, 16, 0.6293076,0.6084105,0.6082773,0.5983475,0.5865469
d36ac97, 22-07-2015, 5000000, 1, 1.4508655,1.4276755,1.4316636,1.4642946,1.4379517
d36ac97, 22-07-2015, 5000000, 2, 1.9077223,1.8485402,1.8121697,1.8604543,1.9071963
d36ac97, 22-07-2015, 5000000, 4, 1.4514183,1.4142565,1.4130249,1.5043320,1.4105971
d36ac97, 22-07-2015, 5000000, 8, 1.5319405,1.4349402,1.4386150,1.4825004,1.4821946
d36ac97, 22-07-2015, 5000000, 16, 1.5388448,1.5673830,1.4733142,1.5725780,1.4684458
d36ac97, 22-07-2015, 10000000, 1, 2.8712853,2.8714376,2.8703718,2.8675436,2.8733787
d36ac97, 22-07-2015, 10000000, 2, 3.7298666,3.6427743,3.7263542,3.7200449,3.6228731
d36ac97, 22-07-2015, 10000000, 4, 2.9317295,2.8457543,2.9196167,2.9299980,2.8974195
d36ac97, 22-07-2015, 10000000, 8, 3.0739549,3.0279066,2.9664341,3.0670006,3.0044374
d36ac97, 22-07-2015, 10000000, 16, 3.0776524,3.0325797,3.0428865,3.1290193,3.1424110
c6fb82b, 23-07-2015, 2000000, 1, 0.5749424,0.5770639,0.5745825,0.5751154,0.5757093
c6fb82b, 23-07-2015, 2000000, 2, 0.7658262,0.7463772,0.7463705,0.7320031,0.7440325
c6fb82b, 23-07-2015, 2000000, 4, 0.5871941,0.5863567,0.5901200,0.5863609,0.5858980
c6fb82b, 23-07-2015, 2000000, 8, 0.5981196,0.5948229,0.6091438,0.5924202,0.5974462
c6fb82b, 23-07-2015, 2000000, 16, 0.6103353,0.6102923,0.6219207,0.6309910,0.5982554
c6fb82b, 23-07-2015, 5000000, 1, 1.4323234,1.4363854,1.4317128,1.4346409,1.4318270
c6fb82b, 23-07-2015, 5000000, 2, 1.9309581,1.8910790,1.9190571,1.8187299,1.8290965
c6fb82b, 23-07-2015, 5000000, 4, 1.4489833,1.4362642,1.4656143,1.4422463,1.4336597
c6fb82b, 23-07-2015, 5000000, 8, 1.4427514,1.4760198,1.4730174,1.5384431,1.5682988
c6fb82b, 23-07-2015, 5000000, 16, 1.4801663,1.5766451,1.5262297,1.5773808,1.5797215
c6fb82b, 23-07-2015, 10000000, 1, 2.8603929,2.8735526,2.8754046,2.8638672,2.8718044
c6fb82b, 23-07-2015, 10000000, 2, 3.7858181,3.7431756,3.8298165,3.7097038,3.7187240
c6fb82b, 23-07-2015, 10000000, 4, 2.8601833,2.9563212,2.9292386,2.9285828,3.0455235
c6fb82b, 23-07-2015, 10000000, 8, 3.1031643,3.0595802,3.0255246,3.0586128,3.1363296
c6fb82b, 23-07-2015, 10000000, 16, 3.1847607,3.1587641,3.1499749,3.1556302,3.1484148
d30711c, 24-07-2015, 2000000, 1, 0.5564222,0.5568388,0.5572297,0.5572931,0.5586329
d30711c, 24-07-2015, 2000000, 2, 0.7368867,0.7618219,0.7463790,0.7476613,0.7479857
d30711c, 24-07-2015, 2000000, 4, 0.5535255,0.5531177,0.5539126,0.5538239,0.5600857
d30711c, 24-07-2015, 2000000, 8, 0.5726412,0.5912968,0.5998252,0.5743957,0.5946488
d30711c, 24-07-2015, 2000000, 16, 0.6143901,0.6163608,0.6160576,0.6141851,0.5746515
d30711c, 24-07-2015, 5000000, 1, 1.3920357,1.3926993,1.3924870,1.3917467,1.3921513
d30711c, 24-07-2015, 5000000, 2, 1.8701761,1.8705897,1.8584972,1.8185460,1.8670819
d30711c, 24-07-2015, 5000000, 4, 1.3848946,1.4330101,1.4521648,1.4332655,1.3831914
d30711c, 24-07-2015, 5000000, 8, 1.4909929,1.5199233,1.4966247,1.5039183,1.4874629
d30711c, 24-07-2015, 5000000, 16, 1.5311904,1.5055596,1.5380158,1.5385942,1.4877382
d30711c, 24-07-2015, 10000000, 1, 2.7854028,2.7843937,2.7844358,2.7865447,2.7904945
d30711c, 24-07-2015, 10000000, 2, 3.7180342,3.7520937,3.7300202,3.7716244,3.6812553
d30711c, 24-07-2015, 10000000, 4, 2.8140137,2.8178843,2.7883399,2.7915057,2.9153417
d30711c, 24-07-2015, 10000000, 8, 3.0387756,2.9514140,3.0316438,2.8930103,2.9863685
d30711c, 24-07-2015, 10000000, 16, 3.1015586,3.0267885,2.9124939,3.0648447,3.0346945
beaa50c, 25-07-2015, 2000000, 1, 0.5568704,0.5583701,0.5569483,0.5574792,0.5569961
beaa50c, 25-07-2015, 2000000, 2, 0.7535450,0.7608756,0.7360142,0.7510208,0.7301640
beaa50c, 25-07-2015, 2000000, 4, 0.5527262,0.5524949,0.5534322,0.5549109,0.5736162
beaa50c, 25-07-2015, 2000000, 8, 0.5642818,0.5790923,0.5733111,0.5790821,0.5838907
beaa50c, 25-07-2015, 2000000, 16, 0.5778367,0.5998623,0.5843814,0.6057470,0.5593092
beaa50c, 25-07-2015, 5000000, 1, 1.3906273,1.3939576,1.3918519,1.3892239,1.3908101
beaa50c, 25-07-2015, 5000000, 2, 1.8764799,1.8680569,1.8602817,1.8215695,1.8355172
beaa50c, 25-07-2015, 5000000, 4, 1.3833900,1.3824146,1.4556998,1.3946651,1.3836823
beaa50c, 25-07-2015, 5000000, 8, 1.5218233,1.4424390,1.4707821,1.4334403,1.4334296
beaa50c, 25-07-2015, 5000000, 16, 1.4466072,1.5159397,1.4342840,1.4436724,1.4783393
beaa50c, 25-07-2015, 10000000, 1, 2.7815567,2.7836767,2.7878634,2.7872659,2.7852354
beaa50c, 25-07-2015, 10000000, 2, 3.7122667,3.7287328,3.7189127,3.6515339,3.6818762
beaa50c, 25-07-2015, 10000000, 4, 2.8583660,2.8205627,2.7833693,2.7640610,2.7656823
beaa50c, 25-07-2015, 10000000, 8, 3.0098652,2.9937158,2.8931355,2.7960216,2.9945174
beaa50c, 25-07-2015, 10000000, 16, 2.8809849,2.9853686,3.0384255,2.9917197,3.0980952
23a6022, 26-07-2015, 2000000, 1, 0.5744380,0.5746363,0.5752256,0.5746670,0.5726017
23a6022, 26-07-2015, 2000000, 2, 0.7693295,0.7474148,0.7793959,0.7789910,0.7785016
23a6022, 26-07-2015, 2000000, 4, 0.5842256,0.5845275,0.5842693,0.5715812,0.5862489
23a6022, 26-07-2015, 2000000, 8, 0.6157817,0.6124763,0.6137971,0.6063908,0.6115101
23a6022, 26-07-2015, 2000000, 16, 0.6117048,0.6160363,0.5962099,0.6308719,0.6233197
23a6022, 26-07-2015, 5000000, 1, 1.4343976,1.4446840,1.4848722,1.4475322,1.4360048
23a6022, 26-07-2015, 5000000, 2, 1.8428268,1.8633287,1.9544341,1.8717487,1.9350929
23a6022, 26-07-2015, 5000000, 4, 1.4608764,1.4792235,1.4652032,1.4646787,1.4611957
23a6022, 26-07-2015, 5000000, 8, 1.4875940,1.4793145,1.5384259,1.5226682,1.5368421
23a6022, 26-07-2015, 5000000, 16, 1.4836880,1.5748660,1.5531397,1.5235470,1.5914517
23a6022, 26-07-2015, 10000000, 1, 2.8695918,2.8928245,2.8671251,2.8733667,2.8699277
23a6022, 26-07-2015, 10000000, 2, 3.7445929,3.6582159,3.7072401,3.7306272,3.8046014
23a6022, 26-07-2015, 10000000, 4, 2.9247971,2.9294949,2.9579580,2.9678716,2.9655771
23a6022, 26-07-2015, 10000000, 8, 3.0820643,3.1198258,3.1161990,3.0741685,2.9881041
23a6022, 26-07-2015, 10000000, 16, 3.1699870,2.9613353,3.2072655,3.1179710,3.1680190
e3bf4c1, 28-07-2015, 2000000, 1, 0.5737842,0.5732041,0.5743558,0.5745852,0.5717728
e3bf4c1, 28-07-2015, 2000000, 2, 0.7735393,0.7304520,0.7497830,0.7464540,0.7472796
e3bf4c1, 28-07-2015, 2000000, 4, 0.5672217,0.5671686,0.5664882,0.5666387,0.5667501
e3bf4c1, 28-07-2015, 2000000, 8, 0.5890755,0.5923375,0.6045632,0.6126098,0.5908845
e3bf4c1, 28-07-2015, 2000000, 16, 0.6079720,0.6304513,0.6289384,0.6310478,0.6071505
e3bf4c1, 28-07-2015, 5000000, 1, 1.4336948,1.4346366,1.4355902,1.4339214,1.4332564
e3bf4c1, 28-07-2015, 5000000, 2, 1.8657449,1.9079450,1.8722418,1.8760849,1.8669489
e3bf4c1, 28-07-2015, 5000000, 4, 1.4725934,1.4640450,1.4661739,1.4503174,1.4740582
e3bf4c1, 28-07-2015, 5000000, 8, 1.5163449,1.5487741,1.4885871,1.5482408,1.5801613
e3bf4c1, 28-07-2015, 5000000, 16, 1.5814144,1.5687907,1.5695254,1.5124026,1.5493202
e3bf4c1, 28-07-2015, 10000000, 1, 2.8691462,2.8712447,2.8724740,2.8657723,2.8714940
e3bf4c1, 28-07-2015, 10000000, 2, 3.7362019,3.6664418,3.6533531,3.6593431,3.6962459
e3bf4c1, 28-07-2015, 10000000, 4, 2.9550329,2.8777662,2.8666338,2.9442840,2.9273213
e3bf4c1, 28-07-2015, 10000000, 8, 3.0729279,3.0422782,2.9935888,3.1424686,3.1096447
e3bf4c1, 28-07-2015, 10000000, 16, 3.1681133,3.1698833,3.1488164,3.1656722,3.1737020
f023fe3, 29-07-2015, 2000000, 1, 0.5732418,0.5715364,0.5735296,0.5740695,0.5735580
f023fe3, 29-07-2015, 2000000, 2, 0.7753678,0.7531045,0.7631020,0.7370737,0.7302209
f023fe3, 29-07-2015, 2000000, 4, 0.5848779,0.5922721,0.5849657,0.5844277,0.5834998
f023fe3, 29-07-2015, 2000000, 8, 0.5946513,0.5735058,0.5937233,0.5880220,0.5979036
f023fe3, 29-07-2015, 2000000, 16, 0.6285138,0.6266355,0.6265388,0.6288821,0.6207729
f023fe3, 29-07-2015, 5000000, 1, 1.4334934,1.4334877,1.4337659,1.4339509,1.4342504
f023fe3, 29-07-2015, 5000000, 2, 1.8218656,1.8771276,1.8625547,1.8443730,1.8292778
f023fe3, 29-07-2015, 5000000, 4, 1.4872570,1.4299944,1.4333485,1.4299002,1.4598597
f023fe3, 29-07-2015, 5000000, 8, 1.5046978,1.4539015,1.4306592,1.4804604,1.4861633
f023fe3, 29-07-2015, 5000000, 16, 1.5698794,1.5658974,1.5162301,1.5373113,1.5761188
f023fe3, 29-07-2015, 10000000, 1, 2.8694733,2.8718214,2.8671863,2.8652239,2.8686906
f023fe3, 29-07-2015, 10000000, 2, 3.7488461,3.7618241,3.7305910,3.6612237,3.7311563
f023fe3, 29-07-2015, 10000000, 4, 2.9349112,2.9352249,2.9198490,2.9634509,2.9773694
f023fe3, 29-07-2015, 10000000, 8, 3.0411898,2.9685667,3.0247815,3.1032972,3.1021173
f023fe3, 29-07-2015, 10000000, 16, 3.1359306,3.0894505,3.0159579,3.1394469,2.9413237
02a3e25, 30-07-2015, 2000000, 1, 0.5804908,0.5808856,0.5810049,0.5807088,0.5772124
02a3e25, 30-07-2015, 2000000, 2, 0.7736017,0.7748435,0.7707795,0.7321546,0.7606761
02a3e25, 30-07-2015, 2000000, 4, 0.5682811,0.5722043,0.5724832,0.5725164,0.5679808
02a3e25, 30-07-2015, 2000000, 8, 0.5895063,0.5913749,0.5907155,0.5911394,0.5723606
02a3e25, 30-07-2015, 2000000, 16, 0.6091709,0.6097778,0.6208944,0.6218538,0.6376284
02a3e25, 30-07-2015, 5000000, 1, 1.4797834,1.4388823,1.4347150,1.4497255,1.4501536
02a3e25, 30-07-2015, 5000000, 2, 1.8277306,1.8639423,1.8680542,1.8840575,1.8708314
02a3e25, 30-07-2015, 5000000, 4, 1.4415345,1.4797836,1.4499383,1.4247622,1.4207888
02a3e25, 30-07-2015, 5000000, 8, 1.4764336,1.4938833,1.4753631,1.4789125,1.5163379
02a3e25, 30-07-2015, 5000000, 16, 1.5337711,1.5337460,1.4715926,1.5871824,1.5552939
02a3e25, 30-07-2015, 10000000, 1, 2.9173850,2.9002125,2.9018711,2.8969447,2.9052361
02a3e25, 30-07-2015, 10000000, 2, 3.7565421,3.8679631,3.8600347,3.8537665,3.6629309
02a3e25, 30-07-2015, 10000000, 4, 2.8585878,2.8376200,2.9537698,2.8464384,2.8530740
02a3e25, 30-07-2015, 10000000, 8, 2.9702465,2.8588948,2.9774623,2.8635370,2.9403402
02a3e25, 30-07-2015, 10000000, 16, 3.1150577,3.1368038,3.1299527,2.9381184,3.0353262
bc0d832, 31-07-2015, 2000000, 1, 0.5977906,0.5936599,0.5908784,0.5921278,0.5916858
bc0d832, 31-07-2015, 2000000, 2, 0.7510924,0.7493349,0.7400215,0.7442317,0.7475294
bc0d832, 31-07-2015, 2000000, 4, 0.5942646,0.5844675,0.5930275,0.5755124,0.5960051
bc0d832, 31-07-2015, 2000000, 8, 0.5940215,0.5941199,0.6018210,0.6124519,0.6189225
bc0d832, 31-07-2015, 2000000, 16, 0.6308863,0.5937480,0.5952850,0.6374657,0.6348156
bc0d832, 31-07-2015, 5000000, 1, 1.4784446,1.4765584,1.4750906,1.4807972,1.4779322
bc0d832, 31-07-2015, 5000000, 2, 1.8747192,1.9061141,1.8689572,1.9516735,1.8780896
bc0d832, 31-07-2015, 5000000, 4, 1.4459116,1.4408295,1.4361745,1.4403157,1.4886597
bc0d832, 31-07-2015, 5000000, 8, 1.5006455,1.5106346,1.4971704,1.5411127,1.5480325
bc0d832, 31-07-2015, 5000000, 16, 1.5751444,1.5880770,1.4855475,1.4900306,1.5875932
bc0d832, 31-07-2015, 10000000, 1, 2.9497271,2.9532521,2.9543027,2.9404750,2.9522111
bc0d832, 31-07-2015, 10000000, 2, 3.7565040,3.7034386,3.8801293,3.7020897,3.7422039
bc0d832, 31-07-2015, 10000000, 4, 2.8687431,2.9971610,2.9620212,2.8762729,2.9747929
bc0d832, 31-07-2015, 10000000, 8, 2.9750851,2.9827566,3.1261397,3.0315016,3.0682502
bc0d832, 31-07-2015, 10000000, 16, 3.0718315,3.1722220,3.1665119,3.0728095,3.1529724
5b3580d, 01-08-2015, 2000000, 1, 0.5826789,0.5827116,0.5838500,0.5831750,0.5820936
5b3580d, 01-08-2015, 2000000, 2, 0.7377086,0.7465394,0.7474606,0.7270879,0.7426211
5b3580d, 01-08-2015, 2000000, 4, 0.5770531,0.5816223,0.5803759,0.5802079,0.5769656
5b3580d, 01-08-2015, 2000000, 8, 0.5816770,0.5863045,0.5761902,0.5758734,0.5788970
5b3580d, 01-08-2015, 2000000, 16, 0.6137909,0.5884237,0.6138019,0.5838245,0.6114626
5b3580d, 01-08-2015, 5000000, 1, 1.4572155,1.4570635,1.4495103,1.4601056,1.4583058
5b3580d, 01-08-2015, 5000000, 2, 1.8249108,1.8706754,1.8902131,1.8247103,1.8972400
5b3580d, 01-08-2015, 5000000, 4, 1.4974450,1.4456820,1.4395971,1.4470920,1.4461118
5b3580d, 01-08-2015, 5000000, 8, 1.4408056,1.5159601,1.4580215,1.4288059,1.4422113
5b3580d, 01-08-2015, 5000000, 16, 1.5430301,1.5413560,1.5407928,1.5346675,1.4923128
5b3580d, 01-08-2015, 10000000, 1, 2.9153881,2.9173133,2.9155851,2.9325527,2.9148558
5b3580d, 01-08-2015, 10000000, 2, 3.6506408,3.6324995,3.6417144,3.6312736,3.7419065
5b3580d, 01-08-2015, 10000000, 4, 2.9414042,2.9233520,2.8222411,2.8166361,2.9313473
5b3580d, 01-08-2015, 10000000, 8, 3.0231314,2.9131613,3.0186729,3.0243284,3.0164592
5b3580d, 01-08-2015, 10000000, 16, 3.1161398,2.9015191,2.9234877,2.8446363,3.1178008
d2fdca2, 02-08-2015, 2000000, 1, 0.5810680,0.5804235,0.5799265,0.5800094,0.5792272
d2fdca2, 02-08-2015, 2000000, 2, 0.7305173,0.7455530,0.7605893,0.7480940,0.7451156
d2fdca2, 02-08-2015, 2000000, 4, 0.5655402,0.5843108,0.5650250,0.5641055,0.5629780
d2fdca2, 02-08-2015, 2000000, 8, 0.5844022,0.5880883,0.5800168,0.5989666,0.5938720
d2fdca2, 02-08-2015, 2000000, 16, 0.6237423,0.6172783,0.6239302,0.6172757,0.5904890
d2fdca2, 02-08-2015, 5000000, 1, 1.4494529,1.4485438,1.4495039,1.4479586,1.4504604
d2fdca2, 02-08-2015, 5000000, 2, 1.8652201,1.8252537,1.8452550,1.8653738,1.8233613
d2fdca2, 02-08-2015, 5000000, 4, 1.4108244,1.4337836,1.4139763,1.4585010,1.4495205
d2fdca2, 02-08-2015, 5000000, 8, 1.5076669,1.4298881,1.5139288,1.4512918,1.5542576
d2fdca2, 02-08-2015, 5000000, 16, 1.5593234,1.4398837,1.5603115,1.4821784,1.4618225
d2fdca2, 02-08-2015, 10000000, 1, 2.8986253,2.9002923,2.8965639,2.8978322,2.8998147
d2fdca2, 02-08-2015, 10000000, 2, 3.7394855,3.8033494,3.8094287,3.6481765,3.6384070
d2fdca2, 02-08-2015, 10000000, 4, 2.9102605,2.8260203,3.0035508,2.9418514,2.9482984
d2fdca2, 02-08-2015, 10000000, 8, 2.9224904,3.0348069,3.0195857,2.9866239,2.9737529
d2fdca2, 02-08-2015, 10000000, 16, 2.9032567,3.0875019,2.9903389,3.0172423,2.9056727
f851440, 03-08-2015, 2000000, 1, 0.6174005,0.6124603,0.6129363,0.6128937,0.6101826
f851440, 03-08-2015, 2000000, 2, 0.7381077,0.7489123,0.7465207,0.7374298,0.7617938
f851440, 03-08-2015, 2000000, 4, 0.6010290,0.5825543,0.5835895,0.5862681,0.6057453
f851440, 03-08-2015, 2000000, 8, 0.6107777,0.6048109,0.6039380,0.6331106,0.6035394
f851440, 03-08-2015, 2000000, 16, 0.6438746,0.6012228,0.6303376,0.6219508,0.6123548
f851440, 03-08-2015, 5000000, 1, 1.5240822,1.5142900,1.5267258,1.5070134,1.5415396
f851440, 03-08-2015, 5000000, 2, 1.8515630,1.9050613,1.8224502,1.8592886,1.8258686
f851440, 03-08-2015, 5000000, 4, 1.5096753,1.4957340,1.4958899,1.4911478,1.4870743
f851440, 03-08-2015, 5000000, 8, 1.5543067,1.5593573,1.5476529,1.5243613,1.5750284
f851440, 03-08-2015, 5000000, 16, 1.5741734,1.5131169,1.5065238,1.5995553,1.5329546
f851440, 03-08-2015, 10000000, 1, 3.0512856,3.0593868,3.0980842,3.0628010,3.0603243
f851440, 03-08-2015, 10000000, 2, 3.7401612,3.6974447,3.7361200,3.7619695,3.6759241
f851440, 03-08-2015, 10000000, 4, 3.0043413,3.0197407,2.9323575,2.9894737,2.9990092
f851440, 03-08-2015, 10000000, 8, 3.1150600,3.0146734,3.1371466,3.1625870,3.0607540
f851440, 03-08-2015, 10000000, 16, 3.1402246,3.1577988,3.2166032,3.2263531,3.1654326
efad1f4, 04-08-2015, 2000000, 1, 0.5897181,0.5894793,0.5922978,0.5909299,0.5913758
efad1f4, 04-08-2015, 2000000, 2, 0.7421117,0.7545585,0.7518154,0.7550846,0.7672678
efad1f4, 04-08-2015, 2000000, 4, 0.5806445,0.5886348,0.5697289,0.5828621,0.5711151
efad1f4, 04-08-2015, 2000000, 8, 0.5956586,0.5852397,0.5965629,0.5958782,0.5950527
efad1f4, 04-08-2015, 2000000, 16, 0.6281143,0.6243956,0.6241342,0.5969936,0.5962222
efad1f4, 04-08-2015, 5000000, 1, 1.4792588,1.4783983,1.4785589,1.4795071,1.4787347
efad1f4, 04-08-2015, 5000000, 2, 1.8810848,1.8506390,1.8780964,1.8737141,1.8768974
efad1f4, 04-08-2015, 5000000, 4, 1.4359417,1.4246128,1.4587011,1.4777549,1.4717557
efad1f4, 04-08-2015, 5000000, 8, 1.4647446,1.5239198,1.5351750,1.5450087,1.5381405
efad1f4, 04-08-2015, 5000000, 16, 1.5894608,1.4688314,1.4851652,1.5626152,1.5133064
efad1f4, 04-08-2015, 10000000, 1, 2.9588211,2.9556404,2.9596308,2.9603706,2.9495546
efad1f4, 04-08-2015, 10000000, 2, 3.7678595,3.7503609,3.7520589,3.7466557,3.7483747
efad1f4, 04-08-2015, 10000000, 4, 2.8839319,2.8433997,2.9576221,2.9638113,2.9608448
efad1f4, 04-08-2015, 10000000, 8, 3.0841772,2.9384749,3.1630601,3.0206766,2.9809548
efad1f4, 04-08-2015, 10000000, 16, 3.0788087,3.1204356,3.1700898,2.9381570,3.1002924
974a2f4, 06-08-2015, 2000000, 1, 0.5762888,0.5759427,0.5804803,0.5810237,0.5866479
974a2f4, 06-08-2015, 2000000, 2, 0.7252791,0.7659012,0.7254526,0.7232451,0.7654918
974a2f4, 06-08-2015, 2000000, 4, 0.5683892,0.5839800,0.5829057,0.5912542,0.5825882
974a2f4, 06-08-2015, 2000000, 8, 0.5910208,0.5906557,0.5906348,0.6075134,0.6078611
974a2f4, 06-08-2015, 2000000, 16, 0.6122890,0.6229989,0.6292037,0.6013976,0.6003756
974a2f4, 06-08-2015, 5000000, 1, 1.4587665,1.4423686,1.4398342,1.4527946,1.4435947
974a2f4, 06-08-2015, 5000000, 2, 1.8348581,1.9128978,1.8608304,1.8681403,1.8359006
974a2f4, 06-08-2015, 5000000, 4, 1.4578127,1.4579003,1.4597898,1.4602797,1.4534182
974a2f4, 06-08-2015, 5000000, 8, 1.5174667,1.5042576,1.5031333,1.5811895,1.5300037
974a2f4, 06-08-2015, 5000000, 16, 1.5461774,1.5728243,1.5221539,1.5934999,1.4737845
974a2f4, 06-08-2015, 10000000, 1, 2.9291841,2.9119523,2.8860583,2.8866685,2.8729701
974a2f4, 06-08-2015, 10000000, 2, 3.6710033,3.6582226,3.7314900,3.6831690,3.7635101
974a2f4, 06-08-2015, 10000000, 4, 2.9207377,2.9191172,2.9061917,2.9338838,2.9108956
974a2f4, 06-08-2015, 10000000, 8, 3.0397548,3.0552028,3.0981898,2.9887428,3.1145267
974a2f4, 06-08-2015, 10000000, 16, 3.0553939,3.1093552,3.1772961,3.1112129,3.0580704
a1e43e8, 07-08-2015, 2000000, 1, 0.6095211,0.6075235,0.6081266,0.6080034,0.6076690
a1e43e8, 07-08-2015, 2000000, 2, 0.7287328,0.7380384,0.7432758,0.7437511,0.7312933
a1e43e8, 07-08-2015, 2000000, 4, 0.5990131,0.6026119,0.6021772,0.5859773,0.5972808
a1e43e8, 07-08-2015, 2000000, 8, 0.5894024,0.6281215,0.6149726,0.6052176,0.6286185
a1e43e8, 07-08-2015, 2000000, 16, 0.6060964,0.6197775,0.5912875,0.6001321,0.6378907
a1e43e8, 07-08-2015, 5000000, 1, 1.5221338,1.5180389,1.5220494,1.5184654,1.5187342
a1e43e8, 07-08-2015, 5000000, 2, 1.8012016,1.8753315,1.8175828,1.8445671,1.8744788
a1e43e8, 07-08-2015, 5000000, 4, 1.4908170,1.4753224,1.4628202,1.4880614,1.4988588
a1e43e8, 07-08-2015, 5000000, 8, 1.5603586,1.5831738,1.5112188,1.5196477,1.5552075
a1e43e8, 07-08-2015, 5000000, 16, 1.5019548,1.5954355,1.5322733,1.5575097,1.5538328
a1e43e8, 07-08-2015, 10000000, 1, 3.0355283,3.0337602,3.0349466,3.0394176,3.0358722
a1e43e8, 07-08-2015, 10000000, 2, 3.6311259,3.6055201,3.7258644,3.7495429,3.8008051
a1e43e8, 07-08-2015, 10000000, 4, 2.9766310,3.0106765,2.9266574,3.0266499,2.9690620
a1e43e8, 07-08-2015, 10000000, 8, 3.1322020,2.9967989,3.1086437,3.0952726,3.0876990
a1e43e8, 07-08-2015, 10000000, 16, 3.1945756,3.2270641,3.1825173,3.1911026,3.2275360
34c9f42, 08-08-2015, 2000000, 1, 0.5898741,0.5880874,0.5884368,0.5887815,0.5874510
34c9f42, 08-08-2015, 2000000, 2, 0.7485634,0.7583946,0.7472011,0.7393854,0.7492692
34c9f42, 08-08-2015, 2000000, 4, 0.5896270,0.5912940,0.5781165,0.5774305,0.5727625
34c9f42, 08-08-2015, 2000000, 8, 0.5846768,0.5804312,0.5972814,0.5950261,0.5962725
34c9f42, 08-08-2015, 2000000, 16, 0.6296128,0.6147512,0.5912790,0.5915420,0.6109421
34c9f42, 08-08-2015, 5000000, 1, 1.4689357,1.4741794,1.4756370,1.4709563,1.4704421
34c9f42, 08-08-2015, 5000000, 2, 1.8500237,1.8172326,1.8528686,1.8201401,1.8682826
34c9f42, 08-08-2015, 5000000, 4, 1.4799153,1.4443333,1.4792649,1.4816532,1.4737442
34c9f42, 08-08-2015, 5000000, 8, 1.5245159,1.4819620,1.4934444,1.5395532,1.4993236
34c9f42, 08-08-2015, 5000000, 16, 1.5786689,1.5841363,1.5689235,1.5745174,1.5414385
34c9f42, 08-08-2015, 10000000, 1, 2.9469828,2.9499120,2.9482367,2.9459740,2.9373704
34c9f42, 08-08-2015, 10000000, 2, 3.6541822,3.6138368,3.7502983,3.7964531,3.7956094
34c9f42, 08-08-2015, 10000000, 4, 2.9537299,2.9644504,2.9499755,2.9637453,2.9545008
34c9f42, 08-08-2015, 10000000, 8, 3.0981552,2.9827535,3.0279050,3.0932438,3.0741569
34c9f42, 08-08-2015, 10000000, 16, 3.1929102,3.0248102,3.1716013,2.9694145,3.1538667
5b5bed6, 09-08-2015, 2000000, 1, 0.5809974,0.5927032,0.5908514,0.5920105,0.5906172
5b5bed6, 09-08-2015, 2000000, 2, 0.7544484,0.7739511,0.7840179,0.7516188,0.7576185
5b5bed6, 09-08-2015, 2000000, 4, 0.5793652,0.5786602,0.5974304,0.5962338,0.5981061
5b5bed6, 09-08-2015, 2000000, 8, 0.6010919,0.5944410,0.6072555,0.5936805,0.5941558
5b5bed6, 09-08-2015, 2000000, 16, 0.6416568,0.6310764,0.6079824,0.6328834,0.6344945
5b5bed6, 09-08-2015, 5000000, 1, 1.4731537,1.4838031,1.4758989,1.4740157,1.4740475
5b5bed6, 09-08-2015, 5000000, 2, 1.8936167,1.9212745,1.8783087,1.9183521,2.0325852
5b5bed6, 09-08-2015, 5000000, 4, 1.4438829,1.5333244,1.4383173,1.4496063,1.4526914
5b5bed6, 09-08-2015, 5000000, 8, 1.4586875,1.5746354,1.4858575,1.4710166,1.5008552
5b5bed6, 09-08-2015, 5000000, 16, 1.6005331,1.5901421,1.5336325,1.5853365,1.5519821
5b5bed6, 09-08-2015, 10000000, 1, 2.9688580,2.9715469,2.9771923,2.9402837,2.9456155
5b5bed6, 09-08-2015, 10000000, 2, 3.7793108,3.8502662,3.9309373,3.7815724,3.8257786
5b5bed6, 09-08-2015, 10000000, 4, 2.9117571,3.0835771,2.9166980,2.9026741,2.9264679
5b5bed6, 09-08-2015, 10000000, 8, 3.0195300,3.0302470,3.1714513,3.0972294,3.0293143
5b5bed6, 09-08-2015, 10000000, 16, 3.1741989,3.1183945,3.2021167,3.2079923,3.2053568
1e1238a, 11-08-2015, 2000000, 1, 0.5898590,0.6001426,0.6039272,0.6014988,0.6082569
1e1238a, 11-08-2015, 2000000, 2, 0.7468249,0.7501772,0.7372928,0.7368694,0.7299546
1e1238a, 11-08-2015, 2000000, 4, 0.5808729,0.5971450,0.5970221,0.5983494,0.6098122
1e1238a, 11-08-2015, 2000000, 8, 0.5993309,0.6232016,0.5988268,0.5990711,0.6031690
1e1238a, 11-08-2015, 2000000, 16, 0.6386418,0.6368298,0.6380494,0.6378289,0.6399694
1e1238a, 11-08-2015, 5000000, 1, 1.5025263,1.5261234,1.4941011,1.4824725,1.4840801
1e1238a, 11-08-2015, 5000000, 2, 1.8255204,1.8481395,1.8344163,1.8745629,1.8731718
1e1238a, 11-08-2015, 5000000, 4, 1.5036060,1.5098655,1.4935504,1.5122125,1.4902015
1e1238a, 11-08-2015, 5000000, 8, 1.5014037,1.4906337,1.5210941,1.5021946,1.4991161
1e1238a, 11-08-2015, 5000000, 16, 1.6041193,1.6011216,1.5947307,1.5730557,1.5992195
1e1238a, 11-08-2015, 10000000, 1, 2.9903372,2.9810678,3.0403543,2.9521419,2.9515755
1e1238a, 11-08-2015, 10000000, 2, 3.8442521,3.7244337,3.6948171,3.6539100,3.7413230
1e1238a, 11-08-2015, 10000000, 4, 3.0072074,3.0106158,3.0070345,3.0019151,2.9942310
1e1238a, 11-08-2015, 10000000, 8, 3.1006272,3.0854337,3.0390166,3.1987749,3.0219039
1e1238a, 11-08-2015, 10000000, 16, 3.2105006,3.1431914,3.2128324,3.2135914,3.2212014
2e640e3, 12-08-2015, 2000000, 1, 0.6620701,0.6613789,0.6619696,0.6603580,0.6616726
2e640e3, 12-08-2015, 2000000, 2, 0.7492026,0.7428009,0.7435878,0.7594128,0.7572699
2e640e3, 12-08-2015, 2000000, 4, 0.6765200,0.6575802,0.6785593,0.6787432,0.6771175
2e640e3, 12-08-2015, 2000000, 8, 0.6756700,0.6894817,0.6784535,0.6878284,0.6759244
2e640e3, 12-08-2015, 2000000, 16, 0.6761728,0.7200781,0.6840613,0.7205555,0.6779702
2e640e3, 12-08-2015, 5000000, 1, 1.6536016,1.6540290,1.6525816,1.6553301,1.6517373
2e640e3, 12-08-2015, 5000000, 2, 1.8939655,1.8948912,1.8720542,1.9090498,1.8753985
2e640e3, 12-08-2015, 5000000, 4, 1.7163612,1.6286694,1.6917681,1.6933162,1.6979305
2e640e3, 12-08-2015, 5000000, 8, 1.7375110,1.7284318,1.6928273,1.7016966,1.7379467
2e640e3, 12-08-2015, 5000000, 16, 1.7482273,1.8018287,1.7069592,1.7477063,1.8096518
2e640e3, 12-08-2015, 10000000, 1, 3.3040025,3.3016799,3.2976089,3.3040370,3.2978175
2e640e3, 12-08-2015, 10000000, 2, 3.7476251,3.7530969,3.7979331,3.8139917,3.8156262
2e640e3, 12-08-2015, 10000000, 4, 3.3188960,3.4494816,3.4133862,3.4159327,3.4065526
2e640e3, 12-08-2015, 10000000, 8, 3.4524393,3.4154514,3.3875100,3.3844137,3.4864360
2e640e3, 12-08-2015, 10000000, 16, 3.5471235,3.5609538,3.4847575,3.6155845,3.4063863
237b5c1, 13-08-2015, 2000000, 1, 0.6722209,0.6720263,0.6713710,0.6724040,0.6705075
237b5c1, 13-08-2015, 2000000, 2, 0.7634633,0.7670178,0.7782804,0.7627356,0.7776975
237b5c1, 13-08-2015, 2000000, 4, 0.6811479,0.6810667,0.6805992,0.6849532,0.6630017
237b5c1, 13-08-2015, 2000000, 8, 0.7220264,0.6827440,0.6792790,0.6816797,0.7053830
237b5c1, 13-08-2015, 2000000, 16, 0.7247004,0.7020301,0.7026423,0.7234825,0.6806667
237b5c1, 13-08-2015, 5000000, 1, 1.6800642,1.6817721,1.6801353,1.6815188,1.6785734
237b5c1, 13-08-2015, 5000000, 2, 1.8818805,1.8629463,1.9127957,1.9169197,1.8643946
237b5c1, 13-08-2015, 5000000, 4, 1.7014301,1.7046732,1.7020227,1.7146516,1.7372639
237b5c1, 13-08-2015, 5000000, 8, 1.6540721,1.7509034,1.6547077,1.6990162,1.7885841
237b5c1, 13-08-2015, 5000000, 16, 1.8045017,1.8097425,1.8111657,1.8144259,1.8130682
237b5c1, 13-08-2015, 10000000, 1, 3.3619817,3.3572650,3.3601877,3.3628488,3.3562045
237b5c1, 13-08-2015, 10000000, 2, 3.7994877,3.7981878,3.8241046,3.8907386,3.7529751
237b5c1, 13-08-2015, 10000000, 4, 3.4021098,3.4123789,3.4248955,3.4209992,3.4738067
237b5c1, 13-08-2015, 10000000, 8, 3.3210587,3.3985241,3.4682942,3.5260451,3.4937901
237b5c1, 13-08-2015, 10000000, 16, 3.6294040,3.5283263,3.6287136,3.6269347,3.6174842
5f94396, 14-08-2015, 2000000, 1, 0.6661860,0.6664732,0.6659809,0.6671147,0.6666489
5f94396, 14-08-2015, 2000000, 2, 0.7503315,0.7511021,0.7996425,0.7634173,0.7579990
5f94396, 14-08-2015, 2000000, 4, 0.6775531,0.6803772,0.6724787,0.6750272,0.6784402
5f94396, 14-08-2015, 2000000, 8, 0.6856035,0.6783709,0.7017868,0.6742586,0.6956628
5f94396, 14-08-2015, 2000000, 16, 0.6716760,0.7173752,0.6974084,0.7115664,0.6759571
5f94396, 14-08-2015, 5000000, 1, 1.6671251,1.6650948,1.6665771,1.6658730,1.6662549
5f94396, 14-08-2015, 5000000, 2, 1.9000300,1.9436715,1.9090301,1.8983082,1.8960989
5f94396, 14-08-2015, 5000000, 4, 1.6916411,1.6961799,1.6928468,1.7114674,1.6887487
5f94396, 14-08-2015, 5000000, 8, 1.7464750,1.6994087,1.6849227,1.7655675,1.6862172
5f94396, 14-08-2015, 5000000, 16, 1.8013755,1.7440170,1.7955796,1.8026814,1.7993936
5f94396, 14-08-2015, 10000000, 1, 3.3298392,3.3316069,3.3331359,3.3328394,3.3311956
5f94396, 14-08-2015, 10000000, 2, 3.8157980,3.7497367,3.8182488,3.8010977,3.7917425
5f94396, 14-08-2015, 10000000, 4, 3.3056076,3.3830588,3.3918946,3.3847129,3.3670957
5f94396, 14-08-2015, 10000000, 8, 3.5443001,3.5514216,3.4817536,3.4512312,3.4518888
5f94396, 14-08-2015, 10000000, 16, 3.3776953,3.5719993,3.5901650,3.5305903,3.4495746
6261a17, 15-08-2015, 2000000, 1, 0.6639104,0.6644981,0.6651613,0.6643347,0.6639691
6261a17, 15-08-2015, 2000000, 2, 0.7503188,0.7463842,0.7755728,0.7573547,0.7438249
6261a17, 15-08-2015, 2000000, 4, 0.6751712,0.6745125,0.6769849,0.6754642,0.6750579
6261a17, 15-08-2015, 2000000, 8, 0.6571903,0.6861580,0.6750103,0.6745025,0.6776272
6261a17, 15-08-2015, 2000000, 16, 0.6757094,0.6917915,0.7135164,0.7227892,0.6763296
6261a17, 15-08-2015, 5000000, 1, 1.6606094,1.6585312,1.6723502,1.6620702,1.6587300
6261a17, 15-08-2015, 5000000, 2, 1.9112314,1.8978210,1.8746647,1.8720093,1.9020687
6261a17, 15-08-2015, 5000000, 4, 1.7271134,1.6942873,1.7022144,1.6965319,1.7014850
6261a17, 15-08-2015, 5000000, 8, 1.7447630,1.7521195,1.6902684,1.7388165,1.7458544
6261a17, 15-08-2015, 5000000, 16, 1.8029511,1.6927716,1.7433215,1.7927658,1.7444738
6261a17, 15-08-2015, 10000000, 1, 3.3188813,3.3240595,3.3210359,3.3191371,3.3198426
6261a17, 15-08-2015, 10000000, 2, 3.7476692,3.7970484,3.7493524,3.7560098,3.9547612
6261a17, 15-08-2015, 10000000, 4, 3.2578773,3.3965578,3.4197815,3.3965727,3.3756009
6261a17, 15-08-2015, 10000000, 8, 3.4318633,3.5702889,3.4867176,3.3788391,3.4339737
6261a17, 15-08-2015, 10000000, 16, 3.5985615,3.5911258,3.5988439,3.5929952,3.4512087
081ce4e, 18-08-2015, 2000000, 1, 0.6863511,0.6846304,0.6852499,0.6844833,0.6859140
081ce4e, 18-08-2015, 2000000, 2, 0.7416876,0.7448459,0.7403485,0.7582942,0.7716057
081ce4e, 18-08-2015, 2000000, 4, 0.6925253,0.6685678,0.6625694,0.6518795,0.7005003
081ce4e, 18-08-2015, 2000000, 8, 0.6994000,0.6939510,0.6971722,0.6855909,0.6423799
081ce4e, 18-08-2015, 2000000, 16, 0.6194395,0.7225176,0.6771904,0.6539046,0.6649854
081ce4e, 18-08-2015, 5000000, 1, 1.7139306,1.7133449,1.7113613,1.7129809,1.7145131
081ce4e, 18-08-2015, 5000000, 2, 1.8509193,2.0018560,1.8840788,1.8894091,1.8820209
081ce4e, 18-08-2015, 5000000, 4, 1.6766576,1.6695314,1.6489855,1.6885995,1.7698476
081ce4e, 18-08-2015, 5000000, 8, 1.7915803,1.5186708,1.7860546,1.5711963,1.8005280
081ce4e, 18-08-2015, 5000000, 16, 1.8292884,1.8207648,1.6473947,1.7592831,1.8000362
081ce4e, 18-08-2015, 10000000, 1, 3.4270125,3.4282784,3.4281900,3.4272953,3.4242594
081ce4e, 18-08-2015, 10000000, 2, 3.7684882,3.7006800,3.8039762,3.7697809,3.7869095
081ce4e, 18-08-2015, 10000000, 4, 3.2923122,3.4887247,3.3850113,3.3426636,3.3489108
081ce4e, 18-08-2015, 10000000, 8, 3.0095150,3.5608895,3.3808581,3.0669933,3.3842609
081ce4e, 18-08-2015, 10000000, 16, 3.5353734,3.5260836,3.5195628,3.4362051,3.7640559
540ae56, 19-08-2015, 2000000, 1, 0.6847401,0.6838418,0.6835474,0.6838455,0.6837481
540ae56, 19-08-2015, 2000000, 2, 0.7548505,0.7616804,0.7604111,0.7692542,0.7675755
540ae56, 19-08-2015, 2000000, 4, 0.6723081,0.6678583,0.6622089,0.6818567,0.6851199
540ae56, 19-08-2015, 2000000, 8, 0.7107609,0.7241589,0.7205402,0.6815725,0.6889313
540ae56, 19-08-2015, 2000000, 16, 0.6951298,0.7071355,0.7149538,0.7035391,0.6433801
540ae56, 19-08-2015, 5000000, 1, 1.7096534,1.7118088,1.7120080,1.7109982,1.7122992
540ae56, 19-08-2015, 5000000, 2, 1.8423012,1.8807993,1.8484286,1.8491665,1.8885590
540ae56, 19-08-2015, 5000000, 4, 1.6550121,1.6602508,1.7194061,1.7286589,1.7408885
540ae56, 19-08-2015, 5000000, 8, 1.8159770,1.7092200,1.4090090,1.8413261,1.7112426
540ae56, 19-08-2015, 5000000, 16, 1.8773445,1.8780155,1.7873545,1.8111819,1.6344611
540ae56, 19-08-2015, 10000000, 1, 3.4242999,3.4269359,3.4243612,3.4248747,3.4230118
540ae56, 19-08-2015, 10000000, 2, 3.7522994,3.8264534,3.8217812,3.7747564,3.6989856
540ae56, 19-08-2015, 10000000, 4, 3.3844087,3.4059414,3.4043212,3.4771493,3.3914393
540ae56, 19-08-2015, 10000000, 8, 3.5392104,3.0284048,3.6192591,3.5700619,3.2378694
540ae56, 19-08-2015, 10000000, 16, 3.5934413,3.5907028,2.9129903,3.4618451,3.2015013
358d028, 20-08-2015, 2000000, 1, 0.6946017,0.6846713,0.6855892,0.6937057,0.6851994
358d028, 20-08-2015, 2000000, 2, 0.7521545,0.7422958,0.7377478,0.7649832,0.7656175
358d028, 20-08-2015, 2000000, 4, 0.6561914,0.6926794,0.6662961,0.6627622,0.6781708
358d028, 20-08-2015, 2000000, 8, 0.7204053,0.6854100,0.5967211,0.7144905,0.6406606
358d028, 20-08-2015, 2000000, 16, 0.6182185,0.7562783,0.7270778,0.6852259,0.6517468
358d028, 20-08-2015, 5000000, 1, 1.7354636,1.7138865,1.7118753,1.7107200,1.7108755
358d028, 20-08-2015, 5000000, 2, 1.8550886,1.8582167,1.8947395,1.8666211,1.8500716
358d028, 20-08-2015, 5000000, 4, 1.6957660,1.7088917,1.6811343,1.7014857,1.7229555
358d028, 20-08-2015, 5000000, 8, 1.7144818,1.7179989,1.7279490,1.7083736,1.8077943
358d028, 20-08-2015, 5000000, 16, 1.6085627,1.7309578,1.5722439,1.8494570,1.8403803
358d028, 20-08-2015, 10000000, 1, 3.4320189,3.4224775,3.4236804,3.4245197,3.4255183
358d028, 20-08-2015, 10000000, 2, 3.8301261,3.7057073,3.7610102,3.6885991,3.8030732
358d028, 20-08-2015, 10000000, 4, 3.0406447,3.3242572,3.4335453,3.3006280,3.3364761
358d028, 20-08-2015, 10000000, 8, 3.0521220,3.4148733,3.1615878,3.4354610,3.3153225
358d028, 20-08-2015, 10000000, 16, 3.6739564,3.7228009,3.7210673,3.2851787,3.4306389
f565790, 21-08-2015, 2000000, 1, 0.6849522,0.6841624,0.6839732,0.6827166,0.6857459
f565790, 21-08-2015, 2000000, 2, 0.7556636,0.7524330,0.7420358,0.7678637,0.7427021
f565790, 21-08-2015, 2000000, 4, 0.6528943,0.6926562,0.6547718,0.6804159,0.6713957
f565790, 21-08-2015, 2000000, 8, 0.6709675,0.6783765,0.6898894,0.7346592,0.7160776
f565790, 21-08-2015, 2000000, 16, 0.6339206,0.7531010,0.6628206,0.6894203,0.7107971
f565790, 21-08-2015, 5000000, 1, 1.7114264,1.7116316,1.7117091,1.7117218,1.7122709
f565790, 21-08-2015, 5000000, 2, 1.8954442,1.9030011,1.9020002,1.8917098,1.8920264
f565790, 21-08-2015, 5000000, 4, 1.6451479,1.7073356,1.6304812,1.6960005,1.6563652
f565790, 21-08-2015, 5000000, 8, 1.7027351,1.7238975,1.6900816,1.4731512,1.7586227
f565790, 21-08-2015, 5000000, 16, 1.8667870,1.8192765,1.5832120,1.7477404,1.7121164
f565790, 21-08-2015, 10000000, 1, 3.4267846,3.4254405,3.4266748,3.4241155,3.4256254
f565790, 21-08-2015, 10000000, 2, 3.7786703,3.8321275,3.7027832,3.7102197,3.7212952
f565790, 21-08-2015, 10000000, 4, 3.3376317,3.2952292,3.3246885,3.8250983,3.2815439
f565790, 21-08-2015, 10000000, 8, 3.5882847,3.6458353,3.0209768,3.4100407,3.4897262
f565790, 21-08-2015, 10000000, 16, 3.5702777,3.0154185,3.1454673,3.0462357,3.6586870
3cbff1b, 26-08-2015, 2000000, 1, 0.6857949,0.6852900,0.6844081,0.6850750,0.6846681
3cbff1b, 26-08-2015, 2000000, 2, 0.7666698,0.7532648,0.7447701,0.7612783,0.7541990
3cbff1b, 26-08-2015, 2000000, 4, 0.6576721,0.6606268,0.6606675,0.6791789,0.6870952
3cbff1b, 26-08-2015, 2000000, 8, 0.7089226,0.6568247,0.6881940,0.7087267,0.7069156
3cbff1b, 26-08-2015, 2000000, 16, 0.7541624,0.6944878,0.7039645,0.6176682,0.7149088
3cbff1b, 26-08-2015, 5000000, 1, 1.7120214,1.7131119,1.7118208,1.7127632,1.7106660
3cbff1b, 26-08-2015, 5000000, 2, 1.8559664,1.8789499,1.8569023,1.8504357,1.9221077
3cbff1b, 26-08-2015, 5000000, 4, 1.5291319,1.7358434,1.7368250,1.7402054,1.7404032
3cbff1b, 26-08-2015, 5000000, 8, 1.5856899,1.7140945,1.5240411,1.7040326,1.5910168
3cbff1b, 26-08-2015, 5000000, 16, 1.8767178,1.7591931,1.7899415,1.7312468,1.8232832
3cbff1b, 26-08-2015, 10000000, 1, 3.4269740,3.4255685,3.4260436,3.4270853,3.4248232
3cbff1b, 26-08-2015, 10000000, 2, 3.7681648,3.8018483,3.8288276,3.7108525,3.8346600
3cbff1b, 26-08-2015, 10000000, 4, 3.4838007,3.5127384,3.4676552,3.3393159,3.4928865
3cbff1b, 26-08-2015, 10000000, 8, 3.5150820,3.3995972,3.4016216,3.3941213,3.5628351
3cbff1b, 26-08-2015, 10000000, 16, 3.7929610,3.6545610,3.6494924,3.4488138,3.6331765
107ed41, 27-08-2015, 2000000, 1, 0.6794016,0.6855657,0.6793281,0.6754214,0.6832817
107ed41, 27-08-2015, 2000000, 2, 0.4278709,0.7408831,0.7480070,0.7570828,0.8041135
107ed41, 27-08-2015, 2000000, 4, 0.6929120,0.6946814,0.6886053,0.6868395,0.6537280
107ed41, 27-08-2015, 2000000, 8, 0.7049257,0.6860926,0.6702835,0.6199852,0.6593945
107ed41, 27-08-2015, 2000000, 16, 0.5412253,0.4914638,0.6674153,0.6747199,0.5777710
107ed41, 27-08-2015, 5000000, 1, 1.7001976,1.6971447,1.6954222,1.7029322,1.6997800
107ed41, 27-08-2015, 5000000, 2, 1.9116673,1.8428575,1.8398631,1.8785032,1.8884128
107ed41, 27-08-2015, 5000000, 4, 1.6238611,1.6315888,1.7034555,1.6192335,1.7331200
107ed41, 27-08-2015, 5000000, 8, 1.7833303,1.7715353,1.6825985,1.8652334,1.5557091
107ed41, 27-08-2015, 5000000, 16, 1.8082158,1.8017329,1.8160072,1.8265428,1.7141816
107ed41, 27-08-2015, 10000000, 1, 3.3915834,3.3902178,3.3942598,3.3943285,3.4015593
107ed41, 27-08-2015, 10000000, 2, 3.6979157,3.6869839,3.7833062,3.7629717,3.7089942
107ed41, 27-08-2015, 10000000, 4, 3.2569688,3.3817573,3.3123289,3.2446580,3.5205165
107ed41, 27-08-2015, 10000000, 8, 3.5468414,3.5275894,3.5320511,3.3793576,3.3583470
107ed41, 27-08-2015, 10000000, 16, 3.7161841,3.6480388,3.6721355,3.5356408,3.4177185
4967366, 28-08-2015, 2000000, 1, 0.6843830,0.6753309,0.6770678,0.6809375,0.6798184
4967366, 28-08-2015, 2000000, 2, 0.7390905,0.7527727,0.7379810,0.7370340,0.7480802
4967366, 28-08-2015, 2000000, 4, 0.6968065,0.6492483,0.6473093,0.6558928,0.6944261
4967366, 28-08-2015, 2000000, 8, 0.6877446,0.6775687,0.6820494,0.6847129,0.6741056
4967366, 28-08-2015, 2000000, 16, 0.7372892,0.7431830,0.7061620,0.6145087,0.7583905
4967366, 28-08-2015, 5000000, 1, 1.6994314,1.7024020,1.7042706,1.6972567,1.6888144
4967366, 28-08-2015, 5000000, 2, 1.8480037,1.8381097,1.8336825,1.8828417,1.8429635
4967366, 28-08-2015, 5000000, 4, 1.6534430,1.7146909,1.7588637,1.7158863,1.7546648
4967366, 28-08-2015, 5000000, 8, 1.6951169,1.6169803,1.6069245,1.6040984,1.6924706
4967366, 28-08-2015, 5000000, 16, 1.6457368,1.3385225,1.6759916,1.5379666,1.7289195
4967366, 28-08-2015, 10000000, 1, 3.4050222,3.3789628,3.4118212,3.4037885,3.4107724
4967366, 28-08-2015, 10000000, 2, 3.6759107,3.6796317,3.6727850,3.6754292,3.7361478
4967366, 28-08-2015, 10000000, 4, 3.2374855,3.4167500,3.2976421,3.2567559,3.2601021
4967366, 28-08-2015, 10000000, 8, 3.4985748,3.3881534,3.4031111,3.3852256,3.0091274
4967366, 28-08-2015, 10000000, 16, 3.6568213,3.1935832,2.9034001,3.4456859,3.6790715
58c47dc, 29-08-2015, 2000000, 1, 0.6833319,0.6782127,0.6815407,0.6850020,0.6810821
58c47dc, 29-08-2015, 2000000, 2, 0.7651738,0.7530680,0.7503007,0.7546516,0.7538038
58c47dc, 29-08-2015, 2000000, 4, 0.6598543,0.6513355,0.6550889,0.6931092,0.6801228
58c47dc, 29-08-2015, 2000000, 8, 0.6787190,0.6710576,0.6403969,0.6795080,0.6577168
58c47dc, 29-08-2015, 2000000, 16, 0.5947017,0.7220066,0.7006054,0.6927476,0.6850882
58c47dc, 29-08-2015, 5000000, 1, 1.7162103,1.7070977,1.7040913,1.6989560,1.6956534
58c47dc, 29-08-2015, 5000000, 2, 1.8732925,1.8499024,2.0168160,1.8476821,1.8851724
58c47dc, 29-08-2015, 5000000, 4, 1.6232659,1.6409933,1.6383385,1.7261532,1.6124431
58c47dc, 29-08-2015, 5000000, 8, 1.7069887,1.7677124,1.7703291,1.8355160,1.8431167
58c47dc, 29-08-2015, 5000000, 16, 1.8473301,1.8313847,1.5752983,1.7125337,1.8200099
58c47dc, 29-08-2015, 10000000, 1, 3.4092841,3.4099692,3.4028763,3.4144924,3.3908574
58c47dc, 29-08-2015, 10000000, 2, 3.7315740,3.6895534,3.6766757,3.8273828,3.7493062
58c47dc, 29-08-2015, 10000000, 4, 3.2278214,3.5276255,3.2728269,3.2497232,3.2325530
58c47dc, 29-08-2015, 10000000, 8, 3.3815198,3.2017876,3.4013996,3.3980208,3.5637419
58c47dc, 29-08-2015, 10000000, 16, 3.5677203,3.5765920,3.7355895,3.6487330,3.2782049
05093d1, 31-08-2015, 2000000, 1, 0.6788401,0.6810035,0.6828459,0.6807643,0.6777745
05093d1, 31-08-2015, 2000000, 2, 0.7407158,0.7362274,0.7391667,0.7662933,0.7376060
05093d1, 31-08-2015, 2000000, 4, 0.6569946,0.6581970,0.6878725,0.6526699,0.6918428
05093d1, 31-08-2015, 2000000, 8, 0.6172187,0.7031402,0.7359684,0.7314152,0.7671285
05093d1, 31-08-2015, 2000000, 16, 0.7112007,0.6781523,0.7136834,0.7302496,0.7142590
05093d1, 31-08-2015, 5000000, 1, 1.7056192,1.6973260,1.6952335,1.6989066,1.7048997
05093d1, 31-08-2015, 5000000, 2, 1.8777523,1.8832604,1.8858268,1.8708157,1.8407385
05093d1, 31-08-2015, 5000000, 4, 1.7412828,1.6671236,1.6335592,1.6323153,1.6464802
05093d1, 31-08-2015, 5000000, 8, 1.7100383,1.7612369,1.7447223,1.6911130,1.5370465
05093d1, 31-08-2015, 5000000, 16, 1.8580090,1.7831416,1.6647974,1.8101915,1.8574529
05093d1, 31-08-2015, 10000000, 1, 3.4063548,3.3906981,3.3893696,3.4032786,3.4079169
05093d1, 31-08-2015, 10000000, 2, 3.6837856,3.7626306,3.7458661,3.8200088,3.7592667
05093d1, 31-08-2015, 10000000, 4, 3.2796541,3.2532899,3.2785523,3.2985629,3.4650985
05093d1, 31-08-2015, 10000000, 8, 3.6761028,3.5726023,3.2359715,3.5297284,3.5424006
05093d1, 31-08-2015, 10000000, 16, 3.5104309,2.8125224,3.7089772,2.7077923,3.7452749
f3f449c, 09-09-2015, 2000000, 1, 0.6718534,0.6744113,0.7161483,0.6746248,0.6727266
f3f449c, 09-09-2015, 2000000, 2, 0.7572830,0.7501125,0.7384535,0.7714500,0.7515630
f3f449c, 09-09-2015, 2000000, 4, 0.6621941,0.6747499,0.6653467,0.6638005,0.6622355
f3f449c, 09-09-2015, 2000000, 8, 0.6886271,0.7166807,0.7130430,0.7091132,0.7269134
f3f449c, 09-09-2015, 2000000, 16, 0.7285675,0.7115915,0.6704235,0.7378403,0.7381847
f3f449c, 09-09-2015, 5000000, 1, 1.6867744,1.6812776,1.6973158,1.6864957,1.6803986
f3f449c, 09-09-2015, 5000000, 2, 1.8879770,1.8504791,1.8833498,1.8911885,1.9285350
f3f449c, 09-09-2015, 5000000, 4, 1.7291832,1.7304161,1.7267653,1.6983371,1.7202057
f3f449c, 09-09-2015, 5000000, 8, 1.5107647,1.7140217,1.7247281,1.7713990,1.6134735
f3f449c, 09-09-2015, 5000000, 16, 1.8420066,1.8023271,1.5814409,1.8619646,1.6734254
f3f449c, 09-09-2015, 10000000, 1, 3.3598993,3.3585285,3.3600259,3.3610974,3.3642859
f3f449c, 09-09-2015, 10000000, 2, 3.7696580,3.7221528,3.7856236,3.8049498,3.7538689
f3f449c, 09-09-2015, 10000000, 4, 3.3356043,3.3758996,3.5032961,3.3690370,3.2803635
f3f449c, 09-09-2015, 10000000, 8, 3.4337027,3.4576828,3.1788587,3.4259048,3.6132962
f3f449c, 09-09-2015, 10000000, 16, 3.6978358,2.9067585,3.7125323,3.6793000,3.6535680
cb4ea59, 19-09-2015, 2000000, 1, 0.7445037,0.7388205,0.7526613,0.8106466,0.7578579
cb4ea59, 19-09-2015, 2000000, 2, 0.8186396,0.8209645,0.7378571,0.7555511,0.7516753
cb4ea59, 19-09-2015, 2000000, 4, 0.5005124,0.5459248,0.4728793,0.6207032,0.5214906
cb4ea59, 19-09-2015, 2000000, 8, 0.8535634,0.7980017,0.8236219,0.8472799,0.9257720
cb4ea59, 19-09-2015, 2000000, 16, 0.6363014,0.8861538,0.8671931,0.6840130,0.6818243
cb4ea59, 19-09-2015, 5000000, 1, 1.8016770,1.8376111,1.7945382,1.8019151,1.8056526
cb4ea59, 19-09-2015, 5000000, 2, 1.8930014,1.8437659,1.9107596,1.8569325,1.9581892
cb4ea59, 19-09-2015, 5000000, 4, 1.1386482,1.2933672,1.1329223,1.1375694,1.2944084
cb4ea59, 19-09-2015, 5000000, 8, 1.9720345,2.1220693,2.2894784,2.1244766,2.1555465
cb4ea59, 19-09-2015, 5000000, 16, 2.1533258,1.9081674,2.0598844,1.9534667,2.2439521
cb4ea59, 19-09-2015, 10000000, 1, 3.5187235,3.5455908,3.5420743,3.5494684,3.5168638
cb4ea59, 19-09-2015, 10000000, 2, 3.8618217,3.8796096,3.8296132,3.8641853,3.8524614
cb4ea59, 19-09-2015, 10000000, 4, 2.2257912,2.1878517,2.3368209,2.2558823,2.2972746
cb4ea59, 19-09-2015, 10000000, 8, 3.4953158,2.4012842,3.3440310,2.4811070,2.3556122
cb4ea59, 19-09-2015, 10000000, 16, 4.1881974,4.4751462,4.0818188,4.1073729,4.3469023
4e631e5, 20-09-2015, 2000000, 1, 0.7293400,0.7188467,0.7029225,0.7219080,0.7127747
4e631e5, 20-09-2015, 2000000, 2, 0.8139512,0.7769933,0.7794093,0.8222349,0.7645601
4e631e5, 20-09-2015, 2000000, 4, 0.6251808,0.6583019,0.6697703,0.6982914,0.6356796
4e631e5, 20-09-2015, 2000000, 8, 0.5927126,0.5676550,0.6375426,0.7325819,0.6128463
4e631e5, 20-09-2015, 2000000, 16, 0.7083948,0.8800963,0.8480000,0.8484396,0.9345491
4e631e5, 20-09-2015, 5000000, 1, 1.6560574,1.7062649,1.6789848,1.7186141,1.6821165
4e631e5, 20-09-2015, 5000000, 2, 1.9145626,1.8678582,1.8328890,1.9233190,1.9192718
4e631e5, 20-09-2015, 5000000, 4, 1.4936789,1.7898611,1.5662272,1.7040281,1.6181079
4e631e5, 20-09-2015, 5000000, 8, 1.5629815,1.5224518,1.6898140,1.6476590,1.7580647
4e631e5, 20-09-2015, 5000000, 16, 2.1439326,2.0443232,1.8673338,2.0161193,2.1774387
4e631e5, 20-09-2015, 10000000, 1, 3.3540659,3.3888689,4.0587959,3.4075881,3.4016166
4e631e5, 20-09-2015, 10000000, 2, 3.7914661,3.8088516,3.8455268,3.7425699,3.8890882
4e631e5, 20-09-2015, 10000000, 4, 3.7746238,3.1051213,3.7289516,3.0395087,2.9521832
4e631e5, 20-09-2015, 10000000, 8, 3.1352735,3.2387032,3.5790099,3.4048172,3.5260225
4e631e5, 20-09-2015, 10000000, 16, 4.2514409,4.3568757,3.8469613,3.8595905,3.6827418
4e631e5, 21-09-2015, 2000000, 1, 0.7230104,0.7201816,0.7044415,0.7086432,0.7132069
4e631e5, 21-09-2015, 2000000, 2, 0.8085594,0.8063074,0.8078700,0.7869409,0.8012290
4e631e5, 21-09-2015, 2000000, 4, 0.9259806,0.7760677,0.8558179,0.8489224,0.8410320
4e631e5, 21-09-2015, 2000000, 8, 0.8391928,0.7685870,0.9668947,0.7569285,0.7278757
4e631e5, 21-09-2015, 2000000, 16, 0.7086137,0.7419937,0.7475920,0.7676020,0.6458327
4e631e5, 21-09-2015, 5000000, 1, 1.7086323,1.7204970,1.7189122,1.7015244,1.7364602
4e631e5, 21-09-2015, 5000000, 2, 1.9290507,1.9642964,1.9541657,1.8719709,1.8892824
4e631e5, 21-09-2015, 5000000, 4, 1.7782877,2.0616049,2.0515752,2.0720792,1.8967901
4e631e5, 21-09-2015, 5000000, 8, 2.3938482,2.1127232,2.2960366,1.9948148,2.2152812
4e631e5, 21-09-2015, 5000000, 16, 2.0255083,1.7282858,1.7350218,2.2298104,2.2638597
4e631e5, 21-09-2015, 10000000, 1, 3.3053378,3.3571575,3.3877834,3.3850213,3.3557252
4e631e5, 21-09-2015, 10000000, 2, 3.9392354,3.7929302,3.8536947,3.8823229,3.8978253
4e631e5, 21-09-2015, 10000000, 4, 4.0697342,4.0219138,4.0488806,4.1003156,4.1851102
4e631e5, 21-09-2015, 10000000, 8, 4.2533247,3.9204759,4.6377979,4.6830643,4.4419771
4e631e5, 21-09-2015, 10000000, 16, 4.0862665,3.7353855,3.9868894,4.1703608,3.7357340
14bd43a, 22-09-2015, 2000000, 1, 0.7651598,0.6658563,0.7000408,0.7503171,0.7215937
14bd43a, 22-09-2015, 2000000, 2, 0.4562262,0.4425658,0.4416869,0.4387426,0.4857826
14bd43a, 22-09-2015, 2000000, 4, 0.7756263,0.6293305,0.6099238,0.6346261,0.8047611
14bd43a, 22-09-2015, 2000000, 8, 0.4942762,0.5224163,0.4985125,0.4733557,0.5000980
14bd43a, 22-09-2015, 2000000, 16, 0.5573997,0.4859784,0.4711849,0.4847650,0.4934246
14bd43a, 22-09-2015, 5000000, 1, 1.7324499,1.7171466,1.7697095,1.7437014,1.7264347
14bd43a, 22-09-2015, 5000000, 2, 1.1124523,1.1100146,1.1145201,1.1420617,1.1318818
14bd43a, 22-09-2015, 5000000, 4, 1.3804556,1.5203386,1.4873663,1.7735684,1.5119322
14bd43a, 22-09-2015, 5000000, 8, 1.1957020,1.2588341,1.2124022,1.2242478,1.2217400
14bd43a, 22-09-2015, 5000000, 16, 1.1857975,1.6794757,1.6629546,1.5898052,1.6646264
14bd43a, 22-09-2015, 10000000, 1, 3.3880995,3.3801633,3.3740261,3.4417204,3.3916771
14bd43a, 22-09-2015, 10000000, 2, 2.2688394,2.2607729,2.2139510,2.2509314,2.2423323
14bd43a, 22-09-2015, 10000000, 4, 3.1999007,3.0600539,2.2724750,2.7218998,2.3492667
14bd43a, 22-09-2015, 10000000, 8, 2.4121039,2.4098126,2.3573044,2.4322420,2.4578989
14bd43a, 22-09-2015, 10000000, 16, 2.4783346,2.5917725,3.1039255,2.3114461,2.3628846
f77fcee, 23-09-2015, 2000000, 1, 0.7508671,0.7339078,0.7006479,0.7047705,0.7639103
f77fcee, 23-09-2015, 2000000, 2, 0.7826036,0.7906847,0.7832933,0.7816568,0.7900982
f77fcee, 23-09-2015, 2000000, 4, 0.8259045,0.9167946,0.8584908,0.8548371,0.7117169
f77fcee, 23-09-2015, 2000000, 8, 0.8643021,0.8178689,0.7654381,0.7602974,0.7935246
f77fcee, 23-09-2015, 2000000, 16, 0.7273602,0.8561369,0.8729268,0.7592967,0.8073469
f77fcee, 23-09-2015, 5000000, 1, 1.7394251,1.7659577,1.7200077,1.7206760,1.7305042
f77fcee, 23-09-2015, 5000000, 2, 1.8743420,1.9170753,1.9325335,1.9518766,1.9182595
f77fcee, 23-09-2015, 5000000, 4, 2.0618429,2.3298596,2.1050887,2.1684755,2.0489325
f77fcee, 23-09-2015, 5000000, 8, 1.9747131,2.0885848,2.2428539,2.1554926,2.0011653
f77fcee, 23-09-2015, 5000000, 16, 2.2907655,2.1540867,1.6566674,1.6344322,1.6835179
f77fcee, 23-09-2015, 10000000, 1, 3.4311943,3.3883321,3.4877998,3.4451043,3.4983657
f77fcee, 23-09-2015, 10000000, 2, 3.7823435,3.8111343,3.8193648,3.9285679,3.7961675
f77fcee, 23-09-2015, 10000000, 4, 4.5105064,4.5777651,4.1101373,4.2619951,4.2918877
f77fcee, 23-09-2015, 10000000, 8, 4.1553808,3.9473258,4.1041003,4.5496470,4.3170636
f77fcee, 23-09-2015, 10000000, 16, 4.2635689,4.1078803,4.2420081,4.2067745,4.1318957
f77fcee, 24-09-2015, 2000000, 1, 0.7543582,0.7319737,0.7066964,0.7156020,0.7220281
f77fcee, 24-09-2015, 2000000, 2, 0.7979226,0.8499797,0.7728635,0.7750094,0.7884895
f77fcee, 24-09-2015, 2000000, 4, 0.8498804,0.7205009,0.8991597,0.8381566,0.8454653
f77fcee, 24-09-2015, 2000000, 8, 0.8094304,0.8988501,0.9159026,0.8963774,0.9449877
f77fcee, 24-09-2015, 2000000, 16, 0.7751521,0.9322726,0.9279292,0.7337971,0.9577694
f77fcee, 24-09-2015, 5000000, 1, 1.7064320,1.6731587,1.6987203,1.7260700,1.6781880
f77fcee, 24-09-2015, 5000000, 2, 1.9119273,1.9117124,1.9231565,1.8861271,1.9305948
f77fcee, 24-09-2015, 5000000, 4, 2.1275621,2.0269694,2.2581626,2.0693328,2.2572075
f77fcee, 24-09-2015, 5000000, 8, 1.9512005,2.0443036,2.0225473,1.9846310,2.0740085
f77fcee, 24-09-2015, 5000000, 16, 2.0884175,2.0797507,2.0260513,2.2633344,2.0968646
f77fcee, 24-09-2015, 10000000, 1, 3.3451521,4.0578212,3.3546663,3.4249644,3.3717287
f77fcee, 24-09-2015, 10000000, 2, 3.7995861,3.8042988,3.8236197,3.8100311,3.8246951
f77fcee, 24-09-2015, 10000000, 4, 4.0460861,4.1123661,4.6966879,4.0705523,4.3025391
f77fcee, 24-09-2015, 10000000, 8, 4.2941022,3.7084009,4.0558213,3.9027703,3.9937904
f77fcee, 24-09-2015, 10000000, 16, 3.2193569,4.1098905,3.7811078,4.3620891,3.6780019
f77fcee, 25-09-2015, 2000000, 1, 0.7353072,0.7170331,0.7311834,0.7272765,0.7190378
f77fcee, 25-09-2015, 2000000, 2, 0.8077635,0.8390814,0.7732251,0.8134237,0.7970148
f77fcee, 25-09-2015, 2000000, 4, 0.8442000,0.8399467,0.8392910,0.9082652,0.9659693
f77fcee, 25-09-2015, 2000000, 8, 0.8073732,0.8280148,0.7843170,0.7447582,0.9610909
f77fcee, 25-09-2015, 2000000, 16, 0.7693526,0.8047433,0.8533893,0.8292024,0.8891253
f77fcee, 25-09-2015, 5000000, 1, 1.7655627,1.7421751,1.7124180,1.7342662,1.7316297
f77fcee, 25-09-2015, 5000000, 2, 1.9115170,1.8991423,1.9164209,1.9472719,1.9261281
f77fcee, 25-09-2015, 5000000, 4, 2.1091323,2.1239875,2.1248794,2.0821293,2.0885946
f77fcee, 25-09-2015, 5000000, 8, 1.8632095,2.0852955,1.9361706,1.9318745,1.8526815
f77fcee, 25-09-2015, 5000000, 16, 2.2526669,2.2944599,1.8285494,1.8914284,2.3179381
f77fcee, 25-09-2015, 10000000, 1, 3.4070048,3.4338207,3.4549484,3.4278366,3.4558124
f77fcee, 25-09-2015, 10000000, 2, 3.8109103,3.8072883,3.8375387,3.8643089,3.7647769
f77fcee, 25-09-2015, 10000000, 4, 4.0748169,4.1255310,4.2443846,4.0917506,4.1210868
f77fcee, 25-09-2015, 10000000, 8, 4.3998640,4.0959066,3.9334464,3.9002596,3.9383634
f77fcee, 25-09-2015, 10000000, 16, 4.0409271,3.6732512,4.1480134,3.6383415,3.8022950
