f326cd3, 12-07-2015, 1, 167890,165996,167521,164612,164338
f326cd3, 12-07-2015, 2, 167923,167605,165065,167387,167054
f326cd3, 12-07-2015, 4, 166639,167856,164080,165228,163664
f326cd3, 12-07-2015, 8, 160563,163760,164984,168632,167906
f326cd3, 12-07-2015, 16, 167137,166738,166622,167270,165211
0e081a9, 15-07-2015, 1, 158845,160317,147570,148379,142700
0e081a9, 15-07-2015, 2, 162712,167571,165914,165865,166358
0e081a9, 15-07-2015, 4, 142688,143899,145787,150874,156548
0e081a9, 15-07-2015, 8, 159661,159813,161335,159798,157164
0e081a9, 15-07-2015, 16, 164273,164048,163234,162507,165130
a0c3c29, 17-07-2015, 1, 162664,162759,162664,161506,162067
a0c3c29, 17-07-2015, 2, 164725,163712,164354,164499,164145
a0c3c29, 17-07-2015, 4, 163218,164547,163968,161475,163968
a0c3c29, 17-07-2015, 8, 163760,164692,163856,165260,165374
a0c3c29, 17-07-2015, 16, 162177,165537,168176,167772,167170
5173daa, 21-07-2015, 1, 146705,148353,149051,147895,147272
5173daa, 21-07-2015, 2, 142168,144469,141222,138769,137733
5173daa, 21-07-2015, 4, 145990,148616,146513,146054,147414
5173daa, 21-07-2015, 8, 146808,146834,148668,148392,147194
5173daa, 21-07-2015, 16, 143371,144134,143862,145902,145610
e3bf4c1, 28-07-2015, 1, 161211,154572,160809,159403,159951
e3bf4c1, 28-07-2015, 2, 140243,140231,140336,141115,144494
e3bf4c1, 28-07-2015, 4, 160333,158725,159798,162428,160933
e3bf4c1, 28-07-2015, 8, 161381,161475,162696,161770,163680
e3bf4c1, 28-07-2015, 16, 159434,160517,159798,160701,159403
f023fe3, 01-08-2015, 1, 184669,182719,183981,181297,184954
f023fe3, 01-08-2015, 2, 184183,184608,184568,182282,184385
f023fe3, 01-08-2015, 4, 183860,185056,183598,183981,183900
f023fe3, 01-08-2015, 8, 153147,152271,153567,153287,152701
f023fe3, 01-08-2015, 16, 183498,184568,184710,181887,183820
d2fdca2, 02-08-2015, 1, 171022,164016,162475,161568,164466
d2fdca2, 02-08-2015, 2, 180828,183699,182898,182559,181219
d2fdca2, 02-08-2015, 4, 167270,164145,166656,164177,163330
d2fdca2, 02-08-2015, 8, 163107,164806,164434,174526,173965
d2fdca2, 02-08-2015, 16, 169108,173713,155143,156650,156826
f851440, 03-08-2015, 1, 159585,160655,162743,161087,160012
f851440, 03-08-2015, 2, 185568,183077,180828,183257,184406
f851440, 03-08-2015, 4, 160379,160195,164628,164145,163171
f851440, 03-08-2015, 8, 182998,181043,180906,184223,184223
f851440, 03-08-2015, 16, 184163,185220,181082,184406,182659
efad1f4, 04-08-2015, 1, 181336,180245,180925,179685,178500
efad1f4, 04-08-2015, 2, 189018,188043,189146,187392,190067
efad1f4, 04-08-2015, 4, 160701,159905,159207,163872,161428
efad1f4, 04-08-2015, 8, 178045,178405,179416,177725,179244
efad1f4, 04-08-2015, 16, 188254,188508,188784,188763,187644
974a2f4, 06-08-2015, 1, 186062,184487,185507,185261,186600
974a2f4, 06-08-2015, 2, 159419,162130,147414,149650,149025
974a2f4, 06-08-2015, 4, 186538,182262,185445,184893,181219
974a2f4, 06-08-2015, 8, 175128,176324,162775,173300,142482
974a2f4, 06-08-2015, 16, 185036,186083,185959,186248,185548
34c9f42, 08-08-2015, 1, 152979,153948,153049,147479,151885
34c9f42, 08-08-2015, 2, 179570,179512,176065,179724,177970
34c9f42, 08-08-2015, 4, 145056,151037,151378,159373,156606
34c9f42, 08-08-2015, 8, 179397,178253,178216,178728,175862
34c9f42, 08-08-2015, 16, 179743,178747,177199,175843,177405
5b5bed6, 09-08-2015, 1, 177970,175311,176938,171476,178159
5b5bed6, 09-08-2015, 2, 177199,176528,178538,177162,175622
5b5bed6, 09-08-2015, 4, 166457,166111,166358,168243,165228
5b5bed6, 09-08-2015, 8, 160871,165619,170917,174563,173587
5b5bed6, 09-08-2015, 16, 176751,178310,177218,179936,179167
1e1238a, 11-08-2015, 1, 145749,142096,147960,154771,149997
1e1238a, 11-08-2015, 2, 177875,178595,177631,178671,178957
1e1238a, 11-08-2015, 4, 178026,179129,175457,177068,175936
1e1238a, 11-08-2015, 8, 171353,160840,145257,147882,147466
1e1238a, 11-08-2015, 16, 136500,132984,136168,137914,136946
5f94396, 14-08-2015, 1, 171388,171634,172729,169965,172109
5f94396, 14-08-2015, 2, 99144,96967,101729,101600,98556
5f94396, 14-08-2015, 4, 173408,172729,173157,172321,170952
5f94396, 14-08-2015, 8, 172801,173086,173032,172587,173390
5f94396, 14-08-2015, 16, 173551,170656,173229,172145,172481
6261a17, 15-08-2015, 1, 169091,171388,170483,170830,170830
6261a17, 15-08-2015, 2, 140949,134843,136957,126363,125390
6261a17, 15-08-2015, 4, 147557,149770,149396,149756,124488
6261a17, 15-08-2015, 8, 123353,125700,135333,132386,131287
6261a17, 15-08-2015, 16, 138884,135848,143065,142919,138437
081ce4e, 20-08-2015, 1, 167923,166755,166160,165766,168260
081ce4e, 20-08-2015, 2, 167638,165668,167254,166788,168395
081ce4e, 20-08-2015, 4, 127700,124914,125381,130603,129374
081ce4e, 20-08-2015, 8, 148813,148734,148300,147635,148827
081ce4e, 20-08-2015, 16, 147609,147350,145107,149570,149930
f565790, 22-08-2015, 1, 165521,168531,166904,165065,167571
f565790, 22-08-2015, 2, 152423,145686,147104,150374,150401
f565790, 22-08-2015, 4, 126268,125390,128227,128374,132553
f565790, 22-08-2015, 8, 158470,156548,152133,152534,155691
f565790, 22-08-2015, 16, 146705,136678,134508,136090,138027
3cbff1b, 26-08-2015, 1, 161942,160609,163824,164032,161786
3cbff1b, 26-08-2015, 2, 156709,138540,118609,119368,122140
3cbff1b, 26-08-2015, 4, 138735,131133,129534,128502,141222
3cbff1b, 26-08-2015, 8, 131103,138769,120483,114544,102544
3cbff1b, 26-08-2015, 16, 131617,122515,123136,123954,133332
107ed41, 27-08-2015, 1, 169108,169965,169621,168853,166556
107ed41, 27-08-2015, 2, 155590,156738,156446,143518,163091
107ed41, 27-08-2015, 4, 168446,169930,166589,168649,169245
107ed41, 27-08-2015, 8, 163489,161568,157017,156271,155835
107ed41, 27-08-2015, 16, 167839,167220,169176,167839,168955
4967366, 28-08-2015, 1, 161849,157621,160717,161786,159813
4967366, 28-08-2015, 2, 145965,144731,145560,152050,150024
4967366, 28-08-2015, 4, 147479,148972,156183,155575,155691
4967366, 28-08-2015, 8, 152078,155633,158365,155417,153821
4967366, 28-08-2015, 16, 168075,167806,166474,168159,169040
58c47dc, 29-08-2015, 1, 168531,168176,168547,169844,165930
58c47dc, 29-08-2015, 2, 168870,169467,167739,168717,169193
58c47dc, 29-08-2015, 4, 168666,168024,168972,168700,167204
58c47dc, 29-08-2015, 8, 167471,167739,168294,167120,168836
58c47dc, 29-08-2015, 16, 167806,166838,168870,167974,169091
e079875, 30-08-2015, 1, 141365,142688,139775,140336,138414
e079875, 30-08-2015, 2, 140701,140831,140843,141592,139496
e079875, 30-08-2015, 4, 169450,168412,165505,168243,167957
e079875, 30-08-2015, 8, 168649,168294,169006,168938,169193
e079875, 30-08-2015, 16, 139798,142397,140243,140231,141377
f3f449c, 18-09-2015, 1, 149663,144246,146628,153301,140619
f3f449c, 18-09-2015, 2, 165228,165619,164032,163521,165734
f3f449c, 18-09-2015, 4, 160532,164547,164757,164660,164434
f3f449c, 18-09-2015, 8, 165947,165179,165799,165407,166127
f3f449c, 18-09-2015, 16, 164595,164903,164692,166177,165963
cb4ea59, 19-09-2015, 1, 165358,163776,164741,164096,161755
cb4ea59, 19-09-2015, 2, 165325,165065,165260,165114,165799
cb4ea59, 19-09-2015, 4, 165325,165472,163984,164935,165325
cb4ea59, 19-09-2015, 8, 163298,166309,166029,164370,165570
cb4ea59, 19-09-2015, 16, 164919,165734,166226,165260,165439
4e631e5, 20-09-2015, 1, 167021,165881,166755,166325,166805
4e631e5, 20-09-2015, 2, 165537,166325,165146,167421,167021
4e631e5, 20-09-2015, 4, 96122,102833,99332,100673,100559
4e631e5, 20-09-2015, 8, 163361,162208,162130,161319,162255
4e631e5, 20-09-2015, 16, 167421,166838,168176,167154,167421
14bd43a, 22-09-2015, 1, 164273,167304,161833,166573,167923
14bd43a, 22-09-2015, 2, 150428,152506,151064,148353,147440
14bd43a, 22-09-2015, 4, 168058,167991,167655,167370,167957
14bd43a, 22-09-2015, 8, 107788,108534,111811,99468,96299
14bd43a, 22-09-2015, 16, 167404,167170,167839,168142,166540
f77fcee, 24-09-2015, 1, 167873,166871,167521,167054,167154
f77fcee, 24-09-2015, 2, 165635,167187,167974,166556,167104
f77fcee, 24-09-2015, 4, 154743,153357,154771,154061,153371
f77fcee, 24-09-2015, 8, 146500,154018,154914,154401,154245
f77fcee, 24-09-2015, 16, 164806,167571,167237,167104,166672
d58441a, 29-09-2015, 1, 142349,145132,145157,133864,136556
d58441a, 29-09-2015, 2, 168853,166622,168243,168041,165570
d58441a, 29-09-2015, 4, 167037,166971,167370,168734,169467
d58441a, 29-09-2015, 8, 158216,157695,157978,157031,153652
d58441a, 29-09-2015, 16, 124211,130096,125212,127148,134218
1e4521d, 01-10-2015, 1, 115204,125306,141449,137203,134595
1e4521d, 01-10-2015, 2, 168734,167722,169638,169023,166838
1e4521d, 01-10-2015, 4, 168024,166589,163553,167037,169364
1e4521d, 01-10-2015, 8, 169159,168717,168176,167004,166672
1e4521d, 01-10-2015, 16, 168412,167337,169381,168785,169638
a3e9a3f, 02-10-2015, 1, 100348,100673,100390,103289,109099
a3e9a3f, 02-10-2015, 2, 166474,167270,167991,168989,169125
a3e9a3f, 02-10-2015, 4, 167370,168260,168700,168075,168887
a3e9a3f, 02-10-2015, 8, 169741,168125,169057,167588,169690
a3e9a3f, 02-10-2015, 16, 146360,152009,148840,152009,151364
83cc2d8, 16-10-2015, 1, 157149,155172,162870,160302,161770
83cc2d8, 16-10-2015, 2, 160948,160979,162036,155705,162099
83cc2d8, 16-10-2015, 4, 156169,157740,156738,158305,157710
83cc2d8, 16-10-2015, 8, 122910,118241,120926,114700,110544
83cc2d8, 16-10-2015, 16, 131442,124933,124858,133417,125026
6d53791, 19-10-2015, 1, 160195,159237,161739,160118,162523
6d53791, 19-10-2015, 2, 159951,160532,161118,162114,160302
6d53791, 19-10-2015, 4, 166177,166226,169040,166029,166888
6d53791, 19-10-2015, 8, 160594,161849,161849,160778,157281
6d53791, 19-10-2015, 16, 167621,167037,165668,164709,165016
dc20125, 20-10-2015, 1, 168395,167021,167940,167437,166871
dc20125, 20-10-2015, 2, 144395,146143,146975,143998,145952
dc20125, 20-10-2015, 4, 167437,168412,166062,168463,167304
dc20125, 20-10-2015, 8, 154771,152382,151528,149343,155922
dc20125, 20-10-2015, 16, 146911,145838,145813,155230,155893
33c9b4a, 23-10-2015, 1, 150806,148787,150266,150132,149997
33c9b4a, 23-10-2015, 2, 140301,135256,134175,133896,139519
33c9b4a, 23-10-2015, 4, 139115,139080,142894,138643,139694
33c9b4a, 23-10-2015, 8, 141021,140737,140961,141963,141496
33c9b4a, 23-10-2015, 16, 148287,150671,151228,149263,150414
0eb648c, 28-10-2015, 1, 158261,152728,146808,153581,154871
0eb648c, 28-10-2015, 2, 144919,147040,151446,148117,158815
0eb648c, 28-10-2015, 4, 158022,156562,158126,157933,157547
0eb648c, 28-10-2015, 8, 154061,153694,153948,154857,153807
0eb648c, 28-10-2015, 16, 158530,158231,156489,157740,159313
3fdffa2, 30-10-2015, 1, 151775,148340,156694,154004,159237
3fdffa2, 30-10-2015, 2, 153357,149716,153245,152437,154287
3fdffa2, 30-10-2015, 4, 159313,155647,152854,145800,147921
3fdffa2, 30-10-2015, 8, 167605,169638,169827,168666,168446
3fdffa2, 30-10-2015, 16, 181199,181493,180187,180517,179917
221d5a8, 28-02-2016, 1, 173677,171004,171039,168615,166457
26a67a7, 26-02-2016, 1, 199657,198947,197681,194338,195881
26a67a7, 26-02-2016, 1, 210162,211753,210796,211167,209140
26a67a7, 26-02-2016, 1, 212639,211406,211406,211194,211727
dc7b475, 26-02-2016, 1, 215452,216732,215120,215979,215951
221d5a8, 28-02-2016, 2, 149797,142288,143986,140196,142494
26a67a7, 26-02-2016, 2, 168785,169057,168429,169125,169450
26a67a7, 26-02-2016, 2, 180925,180769,180653,180692,179110
26a67a7, 26-02-2016, 2, 181082,179955,182025,181473,180906
dc7b475, 26-02-2016, 2, 179589,181199,181395,181415,182104
221d5a8, 28-02-2016, 4, 126783,128620,126088,127062,126841
26a67a7, 26-02-2016, 4, 154174,156096,154231,154245,155057
26a67a7, 26-02-2016, 4, 154914,152909,153315,154117,154501
221d5a8, 28-02-2016, 8, 120034,125175,120830,126059,120856
26a67a7, 26-02-2016, 8, 141341,142931,143420,141951,142445
26a67a7, 26-02-2016, 8, 142967,140701,141306,143690,140701
221d5a8, 28-02-2016, 16, 91489,91215,90595,90176,89799
26a67a7, 26-02-2016, 16, 103048,103762,103935,104877,103391
26a67a7, 26-02-2016, 16, 104245,103467,102877,102475,103948
35d6e5d, 28-02-2016, 1, 127778,128798,130827,133131,131772
b3d3254, 29-02-2016, 1, 210109,211593,209453,208257,206235
35d6e5d, 28-02-2016, 2, 110660,114692,113929,113046,110275
b3d3254, 29-02-2016, 2, 184284,184102,184244,184893,185138
35d6e5d, 28-02-2016, 4, 101453,100468,102588,98817,98753
b3d3254, 29-02-2016, 4, 157710,158740,156562,156402,158905
35d6e5d, 28-02-2016, 8, 94541,90747,92595,97616,93597
b3d3254, 29-02-2016, 8, 146962,147246,146872,148445,146552
35d6e5d, 28-02-2016, 16, 71566,73520,53195,51567,95515
b3d3254, 29-02-2016, 16, 107141,106367,105843,107162,106786
1c0b6c5, 04-03-2016, 1, 198947,210849,208620,214433,214050
f80054d, 05-03-2016, 1, 217237,217378,220637,216592,217125
1c0b6c5, 04-03-2016, 2, 171669,179608,180071,180168,180148
f80054d, 05-03-2016, 2, 183177,183920,181121,182302,183217
1c0b6c5, 04-03-2016, 4, 151214,153539,150387,153049,156592
f80054d, 05-03-2016, 4, 155908,154061,155893,157046,155388
1c0b6c5, 04-03-2016, 8, 142204,142083,142846,142228,143089
f80054d, 05-03-2016, 8, 145019,140938,142312,142011,144233
1c0b6c5, 04-03-2016, 16, 71799,74952,80909,72916,74761
f80054d, 05-03-2016, 16, 102563,103633,102852,101847,102269
7c9c5a8, 06-03-2016, 1, 220811,222716,221189,219339,221657
7c9c5a8, 06-03-2016, 2, 186559,184406,185856,184183,185466
7c9c5a8, 06-03-2016, 4, 158575,157978,159298,158815,159252
7c9c5a8, 06-03-2016, 8, 144831,144681,146859,144694,142083
7c9c5a8, 06-03-2016, 16, 102638,103327,103308,103493,102638
9d77b21, 06-03-2016, 1, 218653,218995,220087,213532,216928
9d77b21, 06-03-2016, 2, 187560,186186,185404,186974,187812
9d77b21, 06-03-2016, 4, 156592,158320,157326,158575,157311
9d77b21, 06-03-2016, 8, 146194,147973,145813,145308,145408
9d77b21, 06-03-2016, 16, 104753,103442,105385,103678,103768
22d7896, 08-03-2016, 1, 208387,207948,209062,208958,210796
22d7896, 08-03-2016, 2, 176194,176120,177180,177237,176083
22d7896, 08-03-2016, 4, 152548,149997,152243,150320,150834
22d7896, 08-03-2016, 8, 138712,138414,138130,139057,141484
22d7896, 08-03-2016, 16, 101306,100390,101508,100420,100752
4b8198f, 09-03-2016, 1, 167571,164145,165228,172162,182898
4b8198f, 09-03-2016, 1, 218624,220550,221248,220869,219597
4b8198f, 09-03-2016, 2, 183719,186021,184142,185199,186289
4b8198f, 09-03-2016, 4, 157223,158996,157725,158905,160226
4b8198f, 09-03-2016, 8, 146680,144931,144969,145522,144457
4b8198f, 09-03-2016, 16, 104616,104051,104642,103117,104323
601ac5a, 11-03-2016, 1, 219597,218084,220550,220753,220318
601ac5a, 12-03-2016, 1, 220231,218425,220695,219281,220318
601ac5a, 12-03-2016, 1, 220260,215369,219943,220927,217660
601ac5a, 11-03-2016, 2, 184284,184669,184102,186933,185815
601ac5a, 12-03-2016, 2, 183618,186310,186746,184062,183679
601ac5a, 12-03-2016, 2, 184001,186310,183217,184304,185261
601ac5a, 11-03-2016, 4, 157755,157296,159540,157281,159116
601ac5a, 12-03-2016, 4, 156665,157429,158082,157888,157666
601ac5a, 12-03-2016, 4, 158530,159661,157208,158860,159071
601ac5a, 11-03-2016, 8, 145270,145914,147104,144507,146692
601ac5a, 12-03-2016, 8, 145358,144258,145295,145471,145598
601ac5a, 12-03-2016, 8, 146526,146283,144994,145965,144656
601ac5a, 11-03-2016, 16, 104213,105167,105015,104420,105299
601ac5a, 12-03-2016, 16, 104038,104239,102344,104025,103346
601ac5a, 12-03-2016, 16, 104864,103263,105471,105299,105597
4835edf, 15-03-2016, 1, 217519,221365,222274,222215,221511
4835edf, 15-03-2016, 1, 221277,221219,219798,219367,221452
601ac5a, 14-03-2016, 1, 215784,214570,215286,216676,215756
4835edf, 15-03-2016, 2, 183558,185077,185036,185609,185527
4835edf, 15-03-2016, 2, 184385,184710,185036,184873,183057
601ac5a, 14-03-2016, 2, 180071,180808,181258,180323,180187
4835edf, 15-03-2016, 4, 156840,158875,157710,156767,155705
4835edf, 15-03-2016, 4, 158665,157518,158380,158216,158950
601ac5a, 14-03-2016, 4, 154273,155000,155719,155590,154972
4835edf, 15-03-2016, 8, 144357,143138,144818,145699,146130
4835edf, 15-03-2016, 8, 144544,145081,146347,144333,144706
601ac5a, 14-03-2016, 8, 143579,141401,142785,144482,143273
4835edf, 15-03-2016, 16, 104851,102839,104336,104414,105055
4835edf, 15-03-2016, 16, 105610,106077,104492,105153,102858
601ac5a, 14-03-2016, 16, 102884,102519,100897,103143,103117
4835edf, 17-03-2016, 1, 221277,222628,222450,220753,222038
4835edf, 17-03-2016, 2, 183639,185240,185507,184914,184325
4835edf, 17-03-2016, 4, 158216,157933,158276,157933,158007
4835edf, 17-03-2016, 8, 143875,146232,145107,145522,144270
4835edf, 17-03-2016, 16, 102877,103614,104245,103499,103486
edf5cef, 17-03-2016, 1, 211247,211034,212666,212424,212855
edf5cef, 17-03-2016, 2, 172392,170517,173426,173175,173731
edf5cef, 17-03-2016, 4, 148602,147453,147778,149863,147843
edf5cef, 17-03-2016, 8, 135870,136123,135344,135573,136834
edf5cef, 17-03-2016, 16, 98626,98899,98493,98061,98412
540a515, 18-03-2016, 1, 213234,213559,214351,213777,213859
540a515, 18-03-2016, 2, 173911,173050,174200,174436,175420
540a515, 18-03-2016, 4, 148261,150630,150603,150956,148589
540a515, 18-03-2016, 8, 135661,137473,136901,135071,139045
540a515, 18-03-2016, 16, 100420,99734,98742,100174,100794
751da54, 21-03-2016, 1, 132114,134952,128002,132742,136433
751da54, 21-03-2016, 2, 113291,113452,110116,102375,104877
751da54, 21-03-2016, 4, 91295,95996,95542,95771,116996
751da54, 21-03-2016, 8, 105371,106421,109748,107726,110858
751da54, 21-03-2016, 16, 82233,83949,82679,85267,83088
92ffe69, 23-03-2016, 1, 213505,211860,211140,209610,209558
92ffe69, 23-03-2016, 2, 174200,174908,174854,174056,173947
92ffe69, 23-03-2016, 4, 149890,148287,151024,151378,149797
92ffe69, 23-03-2016, 8, 137035,137316,136645,137857,136600
92ffe69, 23-03-2016, 16, 100722,100091,99550,99894,100976
f675ff8, 24-03-2016, 1, 195516,196662,196777,195904,197845
f675ff8, 24-03-2016, 2, 165033,166523,165554,165947,164870
f675ff8, 24-03-2016, 4, 140477,141867,143887,146067,144893
f675ff8, 24-03-2016, 8, 133428,134282,134121,132542,132952
f675ff8, 24-03-2016, 16, 97096,98325,96889,98591,97656
7c008bd, 24-03-2016, 1, 204875,209218,208984,209689,208880
7c008bd, 24-03-2016, 2, 175420,175991,175659,176639,175549
7c008bd, 24-03-2016, 4, 149716,150739,147921,150078,150307
7c008bd, 24-03-2016, 8, 137812,137755,137114,135606,137518
7c008bd, 24-03-2016, 16, 100372,99133,100210,99033,99209
f9d41a6, 26-03-2016, 1, 213532,212882,210294,211433,212289
f9d41a6, 26-03-2016, 2, 176621,177087,177368,176417,176695
f9d41a6, 26-03-2016, 4, 151119,154986,151693,152188,151720
f9d41a6, 26-03-2016, 8, 140125,140079,139288,141127,140336
f9d41a6, 26-03-2016, 16, 101110,100988,101705,101526,99438
82adbde, 27-03-2016, 1, 189530,189938,188233,188954,164257
82adbde, 28-03-2016, 1, 212235,213044,211914,213179,209297
9a03686, 29-03-2016, 1, 212048,212666,208051,213179,214022
82adbde, 27-03-2016, 2, 154800,155980,156343,156723,150644
82adbde, 28-03-2016, 2, 176994,176770,177725,177687,178310
9a03686, 29-03-2016, 2, 175641,178804,177274,178443,177574
82adbde, 27-03-2016, 4, 131339,128129,127477,130481,129424
82adbde, 28-03-2016, 4, 151665,152520,151337,152395,152923
9a03686, 29-03-2016, 4, 154472,150482,151789,151652,152798
82adbde, 27-03-2016, 8, 120112,118458,120978,123280,124608
82adbde, 28-03-2016, 8, 140289,141628,139973,142144,139636
9a03686, 29-03-2016, 8, 141044,138930,137114,141867,137823
82adbde, 27-03-2016, 16, 94259,95385,94509,94053,93114
82adbde, 28-03-2016, 16, 100637,101643,101526,101189,100198
9a03686, 29-03-2016, 16, 100133,101068,100133,100366,101086
c01e00f, 29-03-2016, 1, 186912,187141,190153,188254,188529
c01e00f, 29-03-2016, 2, 156067,159951,159041,157992,170656
c01e00f, 29-03-2016, 4, 133758,128051,131679,127826,129324
c01e00f, 29-03-2016, 8, 119889,123190,124009,119377,121354
c01e00f, 29-03-2016, 16, 89536,94787,88778,90507,89421
45c5635, 31-03-2016, 1, 155086,184426,185220,181631,191586
45c5635, 31-03-2016, 2, 152534,154486,151693,149490,152368
45c5635, 31-03-2016, 4, 130187,132952,132427,132177,131648
45c5635, 31-03-2016, 8, 122928,123872,119334,118508,117628
45c5635, 31-03-2016, 16, 89250,88483,89051,91915,89925
8f4568f, 01-04-2016, 1, 213206,215093,213125
8f4568f, 02-04-2016, 1, 214214,211967,214872,208516,212075
8f4568f, 01-04-2016, 2,
8f4568f, 02-04-2016, 2, 174454,175457,176213,177593,175311
8f4568f, 02-04-2016, 4, 149663,149396,150603,151064,151487
8f4568f, 02-04-2016, 8, 138186,139950,138221,137237,137518
8f4568f, 02-04-2016, 16, 98493,100091,98655,99852,99948
faca1d0, 03-04-2016, 1, 216984,214515,215286,211914,215452
faca1d0, 03-04-2016, 2, 176751,176509,175531,177349,178329
faca1d0, 03-04-2016, 4, 150874,150671,152174,151419,153035
faca1d0, 03-04-2016, 8, 138620,139729,139519,139323,141294
faca1d0, 03-04-2016, 16, 101220,102256,101834,100940,100897
2fef88c, 05-04-2016, 1, 214982,212828,212397,214625,213641
d0ddc25, 03-04-2016, 1, 214597,215093,212747,213478,215535
2fef88c, 05-04-2016, 2, 176102,178481,176491,176231,175972
d0ddc25, 03-04-2016, 2, 178976,176919,177894,177312,177781
2fef88c, 05-04-2016, 4, 150347,149957,149303,150996,150752
d0ddc25, 03-04-2016, 4, 151624,153497,151146,152216,152160
2fef88c, 05-04-2016, 8, 139589,140348,137902,141556,138278
d0ddc25, 03-04-2016, 8, 140102,140454,138175,140172,137948
2fef88c, 05-04-2016, 16, 100710,101007,100523,101080,100770
d0ddc25, 03-04-2016, 16, 99609,100649,99527,102263,103016
2fef88c, 06-04-2016, 1, 169210,168142,165685,166259,165195
2fef88c, 06-04-2016, 2, 141628,135837,125955,136090,124460
2fef88c, 06-04-2016, 4, 115522,115410,112538,110159,114434
2fef88c, 06-04-2016, 8, 103678,108031,111351,115331,115625
2fef88c, 06-04-2016, 16, 85953,85843,87254,86516,88097
329561a, 07-04-2016, 1, 213831,211247,214241,211593,213750
329561a, 07-04-2016, 2, 176435,177649,177800,178197,176844
329561a, 07-04-2016, 4, 151269,150834,151337,151912,152617
329561a, 07-04-2016, 8, 139833,139404,140701,140748,137993
329561a, 07-04-2016, 16, 101668,101116,101440,100873,100450
187bd93, 10-04-2016, 1, 214351,213968,210849,214707,216229
347caf0, 11-04-2016, 1, 155460,159343,158920,158725,162208
347caf0, 12-04-2016, 1, 102594,97878,92011,93838,102751
347caf0, 13-04-2016, 1, 164644,165816,161599,161802,161056
d57ae3d, 08-04-2016, 1, 190520,195881,195790,196639,198242
187bd93, 10-04-2016, 2, 176826,178026,176528,176639,177180
347caf0, 11-04-2016, 2, 155000,147246,135115,136990,137361
347caf0, 12-04-2016, 2, 98164,89009,89723,88245,90002
347caf0, 13-04-2016, 2, 141104,130552,138164,139230,139729
d57ae3d, 08-04-2016, 2, 163107,162822,161180,156738,158905
187bd93, 10-04-2016, 4, 153077,152548,151269,151652,152092
347caf0, 11-04-2016, 4, 121460,117619,119624,132731,116525
347caf0, 12-04-2016, 4, 77122,84686,81768,79588,83307
347caf0, 13-04-2016, 4, 123307,123009,122176,123781,125240
d57ae3d, 08-04-2016, 4, 140831,141568,141867,142494,140513
187bd93, 10-04-2016, 8, 140008,140595,140796,141903,140477
347caf0, 11-04-2016, 8, 109712,103987,107264,112486,114185
347caf0, 12-04-2016, 8, 76815,83245,74489,75939,77461
347caf0, 13-04-2016, 8, 114489,114645,113721,114185,115291
d57ae3d, 08-04-2016, 8, 130980,129835,129205,130349,132815
187bd93, 10-04-2016, 16, 101545,101717,101086,100831,101459
347caf0, 11-04-2016, 16, 84961,84742,82744,83490,89013
347caf0, 12-04-2016, 16, 60644,64862,64515,61017,62831
347caf0, 13-04-2016, 16, 86641,85060,83539,81740,84982
d57ae3d, 08-04-2016, 16, 96598,96671,95472,96293,95969
4deadba, 21-04-2016, 1, 158052,167054,170604,171651,173318
4deadba, 21-04-2016, 2, 150065,153203,157164,120752,119940
4deadba, 21-04-2016, 4, 107457,103794,94856,105279,107636
4deadba, 21-04-2016, 8, 94835,89127,99539,98701,101251
4deadba, 21-04-2016, 16, 79709,79340,80086,85729,88609
4deadba, 21-04-2016, 1, 194383,197217,198547,198031,197240
4deadba, 21-04-2016, 2, 167187,167204,169467,167270,167923
4deadba, 21-04-2016, 4, 144407,145081,145927,140430,136834
4deadba, 21-04-2016, 8, 127973,128531,127680,127351,127332
4deadba, 21-04-2016, 16, 94106,94222,94122,93796,94222
66c6f1e, 24-04-2016, 1, 215701,217293,217434,219024,218510
e31e052, 22-04-2016, 1, 214104,213342,211834,215479,213668
66c6f1e, 24-04-2016, 2, 180906,182559,180692,181906,181160
e31e052, 22-04-2016, 2, 179570,179244,180342,180614,180381
66c6f1e, 24-04-2016, 4, 155057,157326,155966,155821,155431
e31e052, 22-04-2016, 4, 154486,154259,155100,153863,157429
66c6f1e, 24-04-2016, 8, 142809,142180,142639,144246,144781
e31e052, 22-04-2016, 8, 142482,142071,142132,143187,144731
66c6f1e, 24-04-2016, 16, 103111,103832,102500,102959,104564
e31e052, 22-04-2016, 16, 102795,104148,102896,101404,101841
179fc55, 25-04-2016, 1, 217406,218596,217603,217040,220231
179fc55, 25-04-2016, 2, 180692,180284,180148,181179,181591
179fc55, 25-04-2016, 4, 154700,155417,155417,154501,155633
179fc55, 25-04-2016, 8, 145484,142736,145484,144556,140642
179fc55, 25-04-2016, 16, 102695,103633,104148,103461,102839
a360618, 27-04-2016, 1, 217547,217688,218453,220116,219482
a360618, 27-04-2016, 2, 180750,179878,181788,181926,182918
a360618, 27-04-2016, 4, 156169,155388,154245,155633,155951
a360618, 27-04-2016, 8, 142470,143751,144048,144258,144843
a360618, 27-04-2016, 16, 103200,102525,102494,103137,103576
1f71923, 28-04-2016, 1, 218453,220550,217971,222068,220347
1f71923, 28-04-2016, 2, 182480,179936,180633,182818,143727
1f71923, 28-04-2016, 4, 155474,155345,157237,156038,156928
1f71923, 28-04-2016, 8, 144196,144556,145270,143469,145044
1f71923, 28-04-2016, 16, 103143,104511,103839,88829,102057
1f71923, 29-04-2016, 1, 164984,161770,164321,169484,171968
1f71923, 29-04-2016, 2, 149516,148392,145927,132647,150280
1f71923, 29-04-2016, 4, 129895,128335,129955,121821,126277
1f71923, 29-04-2016, 8, 120665,118937,120899,114708,116186
1f71923, 29-04-2016, 16, 89032,91215,86449,92426,90653
8ac768e, 30-04-2016, 1, 218653,217745,218881,215507,218453
8ac768e, 30-04-2016, 2, 179897,181140,181336,179378,182361
8ac768e, 30-04-2016, 4, 156300,155517,154529,154259,155258
8ac768e, 30-04-2016, 8, 142433,144196,143016,142349,141353
8ac768e, 30-04-2016, 16, 101822,101674,101828,103384,102319
8ac768e, 01-05-2016, 1, 160809,154188,152479,153736,149984
8ac768e, 01-05-2016, 2, 123562,119453,122327,128021,125166
8ac768e, 01-05-2016, 4, 106522,109763,107913,105338,106266
8ac768e, 01-05-2016, 8, 98637,99033,98296,100995,100928
8ac768e, 01-05-2016, 16, 77329,78285,76413,78066,76524
8ac768e, 02-05-2016, 1, 147207,142023,145383,147298,146962
f0bd292, 02-05-2016, 1, 201601,202648,205427,204351,205251
8ac768e, 02-05-2016, 2, 123927,127583,126956,130806,126135
f0bd292, 02-05-2016, 2, 170674,169690,168210,169262,169450
8ac768e, 02-05-2016, 4, 111078,112546,112955,110668,111314
f0bd292, 02-05-2016, 4, 145914,144556,146041,147609,148576
8ac768e, 02-05-2016, 8, 104799,106698,105199,103365,105643
f0bd292, 02-05-2016, 8, 135508,133800,133205,135892,134186
8ac768e, 02-05-2016, 16, 80105,78978,81451,78197,81713
f0bd292, 02-05-2016, 16, 98038,98963,98187,98314,98032
195eabb, 03-05-2016, 1, 182143,182025,182480,183317,190175
195eabb, 03-05-2016, 2, 157178,151638,152395,154245,155287
195eabb, 03-05-2016, 4, 137293,134681,134541,133153,138529
195eabb, 03-05-2016, 8, 126869,124092,125672,126002,127254
195eabb, 03-05-2016, 16, 93124,92656,94381,92477,92820
d3b42ee, 04-05-2016, 1, 217603,216257,217462,217181,217096
d3b42ee, 04-05-2016, 2, 181611,181317,179917,180769,181768
d3b42ee, 04-05-2016, 4, 153259,155792,154572,155445,155029
d3b42ee, 04-05-2016, 8, 142385,143998,143028,141472,143641
d3b42ee, 04-05-2016, 16, 103263,103871,103871,103124,102475
ae974a4, 05-05-2016, 1, 218967,215535,218027,217575,215093
ae974a4, 05-05-2016, 2, 180711,178995,179493,181317,179994
ae974a4, 05-05-2016, 4, 154075,153736,154202,155000,154643
ae974a4, 05-05-2016, 8, 142361,142943,143505,143175,142579
ae974a4, 05-05-2016, 16, 102313,103890,101299,102720,103550
0282595, 06-05-2016, 1, 217125,217125,215923,216424,216844
0282595, 06-05-2016, 2, 179782,180945,178957,179762,181493
0282595, 06-05-2016, 4, 154686,154572,153764,154202,155287
0282595, 06-05-2016, 8, 140572,142797,142724,143653,143199
0282595, 06-05-2016, 16, 101397,104323,103537,102978,102070
2458685, 07-05-2016, 1, 218169,216257,217378,215590,217688
2458685, 07-05-2016, 2, 179110,180750,181434,179072,179340
2458685, 07-05-2016, 4, 157002,155676,153385,155561,155158
2458685, 07-05-2016, 8, 142011,143297,144544,143838,142457
2458685, 07-05-2016, 16, 104090,103685,103742,103665,102588
2458685, 08-05-2016, 1, 217096,215313,217547,218795,217603
2458685, 08-05-2016, 2, 179551,179148,180148,179091,179878
2458685, 08-05-2016, 4, 155763,155691,155980,154629,154231
2458685, 08-05-2016, 8, 143371,143297,143407,141927,141413
2458685, 08-05-2016, 16, 103742,103397,103909,101865,102588
a497393, 09-05-2016, 1, 163505,139080,139115,94064,146552
a497393, 09-05-2016, 2, 135892,102915,107906,117809,147596
a497393, 09-05-2016, 4, 112095,118441,141222,138266,136633
a497393, 09-05-2016, 8, 126611,129544,128315,127052,127973
a497393, 09-05-2016, 16, 94212,94397,95012,93503,92620
fbee2ee, 11-05-2016, 1, 212855,215175,216285,215895,212909
fbee2ee, 11-05-2016, 2, 179647,180381,179416,181199,181023
fbee2ee, 11-05-2016, 4, 158022,154757,155244,157681,154843
fbee2ee, 11-05-2016, 8, 141496,143040,143199,143187,142180
fbee2ee, 11-05-2016, 16, 103749,104943,103384,102757,104557
1c0e89a, 12-05-2016, 1, 189210,186870,189252,189167,186787
a23877b, 13-05-2016, 1, 200086,199943,196616,187016,185877
1c0e89a, 12-05-2016, 2, 160164,166738,162114,164064,163457
a23877b, 13-05-2016, 2, 162020,160747,165000,170726,169896
1c0e89a, 12-05-2016, 4, 142349,144868,142337,143616,142071
a23877b, 13-05-2016, 4, 143875,147001,141329,139207,139323
1c0e89a, 12-05-2016, 8, 127477,121927,127090,127380,126802
a23877b, 13-05-2016, 8, 126040,125409,138838,135958,135453
1c0e89a, 12-05-2016, 16, 93832,95157,94717,96738,96321
a23877b, 13-05-2016, 16, 97678,98986,98199,95722,99174
b60677b, 14-05-2016, 1, 217773,216620,215369,215784,219110
b60677b, 14-05-2016, 2, 182659,184608,181867,183418,183679
b60677b, 14-05-2016, 4, 158201,156489,156169,158605,157296
b60677b, 14-05-2016, 8, 143961,143199,143555,144694,145207
b60677b, 14-05-2016, 16, 103954,103877,106313,104655,104766
9b04306, 14-05-2016, 1, 215037,220173,219453,217773,217434
9b04306, 14-05-2016, 2, 182242,182659,182044,182460,182381
9b04306, 14-05-2016, 4, 157090,159282,158905,157031,157017
9b04306, 14-05-2016, 8, 144919,142931,144134,143764,145031
9b04306, 14-05-2016, 16, 102871,101878,103461,105510,105590
16d9cd8, 16-05-2016, 1, 216984,218396,218198,215010,219396
f790834, 16-05-2016, 1, 203830,199872,200014,200205,200517
f790834, 18-05-2016, 1, 197565,198101,198383,196363,196593
16d9cd8, 16-05-2016, 2, 183217,183117,184608,182838,182858
f790834, 16-05-2016, 2, 169570,170517,168904,169570,170795
f790834, 18-05-2016, 2, 164854,166738,168531,166259,167437
16d9cd8, 16-05-2016, 4, 158545,158007,157666,157385,157414
f790834, 16-05-2016, 4, 147466,141783,141461,139764,143114
f790834, 18-05-2016, 4, 144320,145711,145383,143493,146347
16d9cd8, 16-05-2016, 8, 142397,144159,145648,146705,146168
f790834, 16-05-2016, 8, 134132,132658,134057,138769,134293
f790834, 18-05-2016, 8, 134314,134153,133768,132721,133005
16d9cd8, 16-05-2016, 16, 103137,104167,104701,102039,103954
f790834, 16-05-2016, 16, 100001,100348,98452,99799,99209
f790834, 18-05-2016, 16, 97604,96810,97918,97344,97299
33fe0c1, 19-05-2016, 1, 212289,213478,213315,213831,211834
33fe0c1, 19-05-2016, 2, 180536,181473,179167,181023,180711
33fe0c1, 19-05-2016, 4, 157400,155359,156475,156096,156752
33fe0c1, 19-05-2016, 8, 142943,141389,144097,141652,141963
33fe0c1, 19-05-2016, 16, 103537,103403,103302,103238,103993
33fe0c1, 20-05-2016, 1, 179820,182341,176176,179474,178557
33fe0c1, 20-05-2016, 2, 154686,152687,153497,154843,150685
33fe0c1, 20-05-2016, 4, 134487,138232,138758,140289,135246
33fe0c1, 20-05-2016, 8, 122955,124506,123909,123708,123899
33fe0c1, 20-05-2016, 16, 92112,93072,92421,91195,91210
33fe0c1, 21-05-2016, 1, 211941,214927,213017,214515,214927
33fe0c1, 21-05-2016, 2, 180672,180090,180497,180032,178881
33fe0c1, 21-05-2016, 4, 156343,156242,156212,156562,156577
33fe0c1, 21-05-2016, 8, 144444,143395,142409,145497,143236
33fe0c1, 21-05-2016, 16, 102594,102064,103621,103442,103461
33fe0c1, 22-05-2016, 1, 213179,212666,213017,212963,215590
33fe0c1, 23-05-2016, 1, 214680,213206,214159,213098,214241
7611b5f, 24-05-2016, 1, 214268,214597,212963,214241,212477
77631d8, 26-05-2016, 1, 213995,213342,212774,214022,213098
77631d8, 26-05-2016, 1, 214186,211914,214542,214405,213342
b890054, 27-05-2016, 1, 83698,90560,98493,105957,110094
33fe0c1, 22-05-2016, 2, 178785,179493,180226,179148,179878
33fe0c1, 23-05-2016, 2, 180653,180381,179724,178881,179859
7611b5f, 24-05-2016, 2, 179416,179129,179531,180187,179820
77631d8, 26-05-2016, 2, 180731,181023,180925,179589,180945
77631d8, 26-05-2016, 2, 180906,180342,180090,180400,180731
b890054, 27-05-2016, 2, 100097,116033,104831,95482,74989
33fe0c1, 22-05-2016, 4, 155143,155662,154273,155258,156300
33fe0c1, 23-05-2016, 4, 157562,156154,155258,156475,156972
7611b5f, 24-05-2016, 4, 157503,154429,156928,127593,155201
77631d8, 26-05-2016, 4, 154061,155000,154857,156082,155489
77631d8, 26-05-2016, 4, 154401,153581,156009,154415,156256
b890054, 27-05-2016, 4, 69615,68596,68062,69832,70289
33fe0c1, 22-05-2016, 8, 142096,142096,141807,143187,142809
33fe0c1, 23-05-2016, 8, 141199,141115,144134,142421,141044
7611b5f, 24-05-2016, 8, 140725,142712,142011,142494,141676
77631d8, 26-05-2016, 8, 142325,144109,140619,143751,143224
77631d8, 26-05-2016, 8, 143579,142096,142894,142955,141318
b890054, 27-05-2016, 8, 66873,70410,68236,69627,69661
33fe0c1, 22-05-2016, 16, 103105,102934,102833,103067,102194
33fe0c1, 23-05-2016, 16, 104006,103710,102550,104129,105035
7611b5f, 24-05-2016, 16, 101594,103544,103035,101705,102444
77631d8, 26-05-2016, 16, 101853,104096,103614,102896,103029
77631d8, 26-05-2016, 16, 104433,102745,102732,104550,102871
b890054, 27-05-2016, 16, 59146,64077,67883,69893,70484
add260b, 28-05-2016, 1, 182699,183418,185281,183679,182104
add260b, 28-05-2016, 2, 158335,156752,157844,158800,157948
add260b, 28-05-2016, 4, 140973,136511,138850,138164,139022
add260b, 28-05-2016, 8, 129484,127486,128198,127661,127332
add260b, 28-05-2016, 16, 94132,94845,96399,96327,97463
add260b, 29-05-2016, 1, 209846,212477,210478,210928,210135
add260b, 29-05-2016, 2, 178121,178900,179589,179167,179072
add260b, 29-05-2016, 4, 155676,156169,157075,153385,155503
add260b, 29-05-2016, 8, 141723,143040,143077,142023,141855
add260b, 29-05-2016, 16, 102638,102669,101520,102846,102394
add260b, 29-05-2016, 1, 211380,212101,211486,211140,211433
add260b, 29-05-2016, 2, 179917,179416,179705,179551,181238
add260b, 29-05-2016, 4, 154231,153877,154330,154515,154943
add260b, 29-05-2016, 8, 143358,142385,143053,142615,140689
add260b, 29-05-2016, 16, 102425,102676,101933,103576,104349
add260b, 30-05-2016, 1, 211860,209036,212048,210373,211167
add260b, 30-05-2016, 2, 179743,179474,177762,179994,179359
add260b, 30-05-2016, 4, 156826,155691,153821,155445,154018
add260b, 30-05-2016, 8, 142373,142627,141508,141807,143187
add260b, 30-05-2016, 16, 103187,103403,101532,102132,101909
add260b, 31-05-2016, 1, 158830,179762,175365,171986,159373
add260b, 31-05-2016, 2, 149971,151693,138643,147298,139659
add260b, 31-05-2016, 4, 125644,122685,122542,127593,124691
add260b, 31-05-2016, 8, 115689,113698,113968,112667,115593
add260b, 31-05-2016, 16, 83386,84265,87614,85319,83084
2dc76fa, 01-06-2016, 1, 154344,156943,152868,160118,145194
2dc76fa, 01-06-2016, 2, 139554,136378,137767,137631,136700
2dc76fa, 01-06-2016, 4, 117069,117743,121565,121310,125269
2dc76fa, 01-06-2016, 8, 115793,109734,113705,116809,111617
2dc76fa, 01-06-2016, 16, 83802,83315,83815,87240,81210
8f4c433, 02-06-2016, 1, 173265,173767,174744,184995,184041
8f4c433, 02-06-2016, 2, 161974,161911,162933,161226,160425
8f4c433, 02-06-2016, 4, 137880,136168,135420,136002,132878
8f4c433, 02-06-2016, 8, 121821,123018,121848,123991,125559
8f4c433, 02-06-2016, 16, 93571,94445,94583,94413,95396
8f4c433, 03-06-2016, 1, 210981,211780,210452,210716,211247
8f4c433, 03-06-2016, 2, 178919,179839,179378,178919,177875
8f4c433, 03-06-2016, 4, 154857,154047,153807,154786,154757
8f4c433, 03-06-2016, 8, 143004,141104,141783,140808,143899
8f4c433, 03-06-2016, 16, 105299,103640,100873,102953,101785
8f4c433, 04-06-2016, 1, 208776,207665,209297,209768,209951
8f4c433, 04-06-2016, 2, 175567,177744,176472,177218,176268
8f4c433, 04-06-2016, 4, 154075,153511,154886,153329,153976
8f4c433, 04-06-2016, 8, 142992,141891,140125,141115,140231
8f4c433, 04-06-2016, 16, 103162,101281,103800,101797,101705
8f4c433, 05-06-2016, 1, 157710,156738,155604,147324,145119
8f4c433, 05-06-2016, 2, 129945,129464,124961,122587,121945
8f4c433, 05-06-2016, 4, 112788,113705,112690,112765,111848
8f4c433, 05-06-2016, 8, 101324,110413,112621,116533,118224
8f4c433, 05-06-2016, 16, 88106,87982,87077,89507,88994
f5d8e0b, 06-06-2016, 1, 211914,211380,209192,212531,211220
f5d8e0b, 06-06-2016, 2, 178804,179129,177951,179205,180342
f5d8e0b, 06-06-2016, 4, 155474,155100,155590,155201,155014
f5d8e0b, 06-06-2016, 8, 141294,141987,142385,141270,140855
f5d8e0b, 06-06-2016, 16, 102020,103442,102947,103704,105035
e68ee5c, 08-06-2016, 1, 168075,171266,193799,195744,182659
f5d8e0b, 07-06-2016, 1, 209558,210109,208077,210610,209873
e68ee5c, 08-06-2016, 2, 144444,143016,142821,143961,144023
f5d8e0b, 07-06-2016, 2, 178576,174872,177687,176807,176826
e68ee5c, 08-06-2016, 4, 126640,124793,127274,128256,127303
f5d8e0b, 07-06-2016, 4, 154117,152340,153511,153217,153807
e68ee5c, 08-06-2016, 8, 117192,114920,116792,114928,115641
f5d8e0b, 07-06-2016, 8, 139404,140595,141329,142482,142797
e68ee5c, 08-06-2016, 16, 87091,87577,86749,87154,88259
f5d8e0b, 07-06-2016, 16, 103206,102770,102940,103493,102356
62f94d4, 10-06-2016, 1, 213342,212747,213859,211087,210822
62f94d4, 10-06-2016, 2, 177875,179551,179974,179608,178008
62f94d4, 10-06-2016, 4, 155086,154572,154245,155850,155129
62f94d4, 10-06-2016, 8, 141819,141032,143801,142349,142120
62f94d4, 10-06-2016, 16, 103340,103871,103098,103486,103512
62f94d4, 10-06-2016, 1, 164338,169672,169467,171459,169057
62f94d4, 10-06-2016, 2, 149944,155474,145787,152868,151968
62f94d4, 10-06-2016, 4, 133577,129895,131534,132250,132271
62f94d4, 10-06-2016, 8, 122578,121083,120665,121706,121056
62f94d4, 10-06-2016, 16, 91744,94090,92871,91965,91829
62f94d4, 11-06-2016, 1, 213369,212316,212155,214351,214378
62f94d4, 11-06-2016, 2, 178159,178008,179225,179608,179244
62f94d4, 11-06-2016, 4, 154472,154886,155590,155258,156009
62f94d4, 11-06-2016, 8, 141831,141891,142059,143986,142312
62f94d4, 11-06-2016, 16, 103225,102500,103048,103486,100758
01193c4, 13-06-2016, 1, 216900,218113,220405,220956,219597
62f94d4, 12-06-2016, 1, 114271,120120,130349,114692,113891
01193c4, 13-06-2016, 2, 180052,179512,180303,178614,179820
62f94d4, 12-06-2016, 2, 103659,103054,101422,102381,101896
01193c4, 13-06-2016, 4, 155000,155273,154629,152119,152798
62f94d4, 12-06-2016, 4, 94392,92544,94001,93031,100928
01193c4, 13-06-2016, 8, 140725,140666,140477,141080,141139
62f94d4, 12-06-2016, 8, 87105,87600,87177,87064,87046
01193c4, 13-06-2016, 16, 100770,102306,100952,102256,101336
62f94d4, 12-06-2016, 16, 70706,70098,71093,76084,70579
d523ab3, 14-06-2016, 1, 217575,218995,218482,216313,215812
d523ab3, 14-06-2016, 2, 175899,176139,175402,175659,174781
d523ab3, 14-06-2016, 4, 151351,151515,152590,152770,150414
d523ab3, 14-06-2016, 8, 138712,138175,140044,137959,139103
d523ab3, 14-06-2016, 16, 100752,100504,99936,100794,99250
51f9a57, 16-06-2016, 1, 150199,148078,148169,140701,143187
51f9a57, 16-06-2016, 2, 120630,117545,112342,123854,123890
51f9a57, 16-06-2016, 4, 115681,122775,116492,124830,143850
51f9a57, 16-06-2016, 8, 105944,104479,104420,102997,101214
51f9a57, 16-06-2016, 16, 77215,79022,78796,80052,81010
2db5940, 17-06-2016, 1, 141377,150874,156650,152701,155792
2db5940, 17-06-2016, 2, 130410,120483,118735,125842,116598
2db5940, 17-06-2016, 4, 106299,110318,113667,109149,108611
2db5940, 17-06-2016, 8, 103506,104161,106807,102456,101110
2db5940, 17-06-2016, 16, 76981,76218,77464,78483,76420
00e2783, 17-06-2016, 1, 189852,190110,190715,189552,185077
d21981c, 19-06-2016, 1, 179743,182599,181356,180323,181493
00e2783, 17-06-2016, 2, 158350,155273,155000,157429,155230
d21981c, 19-06-2016, 2, 155705,155474,160994,168514,167722
00e2783, 17-06-2016, 4, 136035,136834,137925,139531,138723
d21981c, 19-06-2016, 4, 134616,129324,130491,128818,129264
00e2783, 17-06-2016, 8, 125531,126296,125870,125231,125983
d21981c, 19-06-2016, 8, 120095,119300,119906,119889,119820
00e2783, 17-06-2016, 16, 92794,94514,95947,92426,94878
d21981c, 19-06-2016, 16, 88787,88088,94159,97508,91814
d4c5ae3, 20-06-2016, 1, 150293,149038,151160,155503,149944
d4c5ae3, 20-06-2016, 2, 130450,131123,131938,129664,132521
d4c5ae3, 20-06-2016, 4, 116573,115601,116825,117842,115649
d4c5ae3, 20-06-2016, 8, 108268,106991,109856,110916,107079
d4c5ae3, 20-06-2016, 16, 82810,84520,83957,83295,83216
ce65452, 21-06-2016, 1, 134132,133608,136267,140044,133747
ce65452, 21-06-2016, 2, 115977,118249,121892,121022,123063
ce65452, 21-06-2016, 4, 108780,109705,109583,108401,107975
ce65452, 21-06-2016, 8, 100300,98800,99450,103251,100061
ce65452, 21-06-2016, 16, 77112,77658,76608,78519,75009
ce65452, 22-06-2016, 1, 80281,75474,79808,73723,76437
ce65452, 22-06-2016, 2, 69923,71338,65801,67238,71603
ce65452, 22-06-2016, 4, 64844,68164,67495,66216,66154
ce65452, 22-06-2016, 8, 64104,69142,62422,64182,64620
ce65452, 22-06-2016, 16, 52598,52699,52006,52432,52421
ce65452, 23-06-2016, 1, 216062,218254,217490,216900,215230
ce65452, 23-06-2016, 2, 179724,180013,179340,181532,179917
ce65452, 23-06-2016, 4, 150969,153581,155316,154800,153483
ce65452, 23-06-2016, 8, 142906,142276,141628,139531,142409
ce65452, 23-06-2016, 16, 101803,101526,103067,102563,101446
059ebb6, 25-06-2016, 1, 214022,212316,214790,214707,211406
2057dde, 29-06-2016, 1,
059ebb6, 25-06-2016, 2, 179072,180614,180750,181023,179801
2057dde, 29-06-2016, 2,
059ebb6, 25-06-2016, 4, 155115,152673,153934,154146,152798
2057dde, 29-06-2016, 4,
059ebb6, 25-06-2016, 8, 141496,141484,142023,140513,139717
2057dde, 29-06-2016, 8,
059ebb6, 25-06-2016, 16, 101902,103117,103143,103194,101995
2057dde, 29-06-2016, 16,
0695d13, 30-06-2016, 1, 201770,202648,198994,200564,202697
0695d13, 30-06-2016, 2, 111270,110916,109878,110741,111469
0695d13, 30-06-2016, 4, 100462,99004,99209,98597,98614
0695d13, 30-06-2016, 8, 88255,86094,87550,89823,90727
0695d13, 30-06-2016, 16, 88422,88241,87023,87491,86458
0b8f766, 01-07-2016, 1, 215673,215729,217012,215590,217886
0b8f766, 01-07-2016, 2, 116857,115094,115498,116274,115889
0b8f766, 01-07-2016, 4, 104858,105997,104557,105292,105564
0b8f766, 01-07-2016, 8, 96699,97259,97034,98176,98539
0b8f766, 01-07-2016, 16, 96504,96487,94728,94594,94159
7f5479d, 02-07-2016, 1, 157918,167254,165554,167605,164660
7f5479d, 02-07-2016, 2, 97006,96805,99527,99215,98084
7f5479d, 02-07-2016, 4, 90351,91844,89963,86673,88797
7f5479d, 02-07-2016, 8, 82716,79558,82197,85485,84164
7f5479d, 02-07-2016, 16, 81124,81301,82610,80594,80163
7f5479d, 03-07-2016, 1, 215507,215507,214845,217688,215424
7f5479d, 03-07-2016, 2, 115809,116525,115953,115450,115110
7f5479d, 03-07-2016, 4, 103903,104779,105524,105710,105239
7f5479d, 03-07-2016, 8, 97769,96905,96671,98072,96727
7f5479d, 03-07-2016, 16, 93733,94958,96073,96782,95903
7f5479d, 05-07-2016, 1, 216872,213750,213614,216173,214900
7f5479d, 05-07-2016, 2, 115721,115761,116105,116049,116089
7f5479d, 05-07-2016, 4, 105365,104103,105697,105239,105239
7f5479d, 05-07-2016, 8, 97378,96122,97045,97152,97203
7f5479d, 05-07-2016, 16, 96504,94872,96448,94894,95618
338665f, 05-07-2016, 1, 217971,214186,216900,216536,216146
338665f, 05-07-2016, 2, 115993,115617,115833,116444,116009
338665f, 05-07-2016, 4, 104766,105438,105087,104694,104982
338665f, 05-07-2016, 8, 96637,96565,96293,96249,98193
338665f, 05-07-2016, 16, 95892,96316,96432,94440,95347
0430db5, 06-07-2016, 1, 216900,213995,216062,214652,216369
0430db5, 06-07-2016, 2, 116121,116371,116154,116186,116145
0430db5, 06-07-2016, 4, 105530,104655,105101,105617,105444
0430db5, 06-07-2016, 8, 97695,98158,98371,97741,96460
0430db5, 06-07-2016, 16, 96727,95853,96426,96266,96255
80e6635, 08-07-2016, 1, 215979,215840,216984,215701,216146
80e6635, 08-07-2016, 2, 115921,116646,115466,116541,116428
80e6635, 08-07-2016, 4, 105035,104342,105002,104772,105299
80e6635, 08-07-2016, 8, 97135,97299,96682,97707,98360
80e6635, 08-07-2016, 16, 96498,94631,94016,96260,95810
8b2feb8, 08-07-2016, 1, 184466,167823,181219,183438,183578
8b2feb8, 08-07-2016, 2, 105292,104890,105590,103948,105193
8b2feb8, 08-07-2016, 4, 94233,95613,95510,95684,96560
8b2feb8, 08-07-2016, 8, 89288,88338,89545,88394,88787
8b2feb8, 08-07-2016, 16, 83623,88637,87949,86285,86063
8b2feb8, 09-07-2016, 1, 217773,215286,215729,216173,217519
8b2feb8, 09-07-2016, 2, 116242,115801,115657,116194,116009
8b2feb8, 09-07-2016, 4, 105723,104799,105167,105232,104917
8b2feb8, 09-07-2016, 8, 96967,97175,96576,97457,97752
8b2feb8, 09-07-2016, 16, 95963,96410,94626,95331,94964
8b2feb8, 11-07-2016, 1, 216620,216396,216173,215812,216536
8b2feb8, 11-07-2016, 2, 116057,116170,115769,116129,115681
8b2feb8, 11-07-2016, 4, 105723,105690,105683,105219,105120
8b2feb8, 11-07-2016, 8, 96476,96515,96376,97935,96766
8b2feb8, 11-07-2016, 16, 96537,95455,94974,94969,96056
ee66493, 12-07-2016, 1, 208516,211513,209846,210399,208620
ee66493, 12-07-2016, 2, 112780,113016,114528,113306,113651
ee66493, 12-07-2016, 4, 101964,100952,103397,102890,103162
ee66493, 12-07-2016, 8, 94754,95325,93274,94472,95782
ee66493, 12-07-2016, 16, 93607,93430,57872,91329,94191
ee66493, 12-07-2016, 1, 171161,168210,176491,175567,175311
ee66493, 12-07-2016, 2, 99609,97338,103730,94466,100958
ee66493, 12-07-2016, 4, 92764,92016,88269,88362,91121
ee66493, 12-07-2016, 8, 83756,84524,81824,82900,84639
ee66493, 12-07-2016, 16, 85533,87807,88222,85953,86449
ee66493, 13-07-2016, 1, 188339,186683,190283,188699,188635
ee66493, 13-07-2016, 2, 98788,98481,98279,98021,97417
ee66493, 13-07-2016, 4, 89027,89302,89799,89079,89536
ee66493, 13-07-2016, 8, 90273,90791,90600,90614,91012
ee66493, 13-07-2016, 16, 94915,94397,93103,95044,94408
ee66493, 15-07-2016, 1, 189060,186372,187120,184001,188212
ee66493, 15-07-2016, 2, 96872,97118,97237,97051,96827
ee66493, 15-07-2016, 4, 89416,89775,88971,89312,89541
ee66493, 15-07-2016, 8, 90239,91002,90536,90933,89037
ee66493, 15-07-2016, 16, 93597,93139,93145,95201,93284
ee66493, 16-07-2016, 1, 188402,188699,187539,188720,189659
ee66493, 16-07-2016, 2, 98493,98870,99098,98072,97158
ee66493, 16-07-2016, 4, 90448,90419,91195,92021,92815
ee66493, 16-07-2016, 8, 91275,91205,91995,91885,91007
ee66493, 16-07-2016, 16, 94488,94349,94355,92913,96200
ee66493, 17-07-2016, 1, 214077,208542,211220,214735,211061
ee66493, 17-07-2016, 2, 114755,115809,115801,114905,116250
ee66493, 17-07-2016, 4, 104674,104453,102325,104544,102406
ee66493, 17-07-2016, 8, 95864,97001,73173,96682,97485
ee66493, 17-07-2016, 16, 94792,95788,95120,93321,94701
ee66493, 17-07-2016, 1, 157740,157859,158291,158455,158365
ee66493, 17-07-2016, 2, 87986,88218,88153,88403,88278
ee66493, 17-07-2016, 4, 81550,82846,82961,82986,82366
ee66493, 17-07-2016, 8, 82916,82961,82900,82060,82598
ee66493, 17-07-2016, 16, 85980,84965,85463,84084,85211
ee66493, 18-07-2016, 1, 187707,186393,186289,186849,186808
ee66493, 18-07-2016, 2, 96133,96967,96327,97265,97102
ee66493, 18-07-2016, 4, 89833,90331,89809,90404,90215
ee66493, 18-07-2016, 8, 91839,90747,90526,91404,91146
ee66493, 18-07-2016, 16, 93670,92913,93738,94953,93790
5f33d69, 19-07-2016, 1, 130177,127545,133939,133057,128679
5f33d69, 19-07-2016, 2, 73782,74526,74972,75393,74908
5f33d69, 19-07-2016, 4, 68175,67626,68588,66868,66075
5f33d69, 19-07-2016, 8, 67842,67357,65672,68183,77939
5f33d69, 19-07-2016, 16, 71268,71432,57454,72648,70357
590e753, 20-07-2016, 1, 183538,187058,187120,186954,190802
590e753, 20-07-2016, 2, 99740,99168,100246,100952,97741
590e753, 20-07-2016, 4, 90742,90253,88301,90737,89231
590e753, 20-07-2016, 8, 89823,90156,90219,90570,90702
590e753, 20-07-2016, 16, 92861,92995,91389,93492,93207
17c203c, 21-07-2016, 1, 227827,229228,227920,224414,229134
17c203c, 21-07-2016, 2, 117900,118016,118416,117743,119207
17c203c, 21-07-2016, 4, 107018,107443,107747,108094,108003
17c203c, 21-07-2016, 8, 99385,99344,99368,99045,100384
17c203c, 21-07-2016, 16, 96732,97327,99062,97912,97429
33f8a46, 23-07-2016, 1, 220434,218027,211887,219885,221540
33f8a46, 23-07-2016, 2, 113705,115585,112849,112095,112523
33f8a46, 23-07-2016, 4, 103448,104064,105206,105537,105318
33f8a46, 23-07-2016, 8, 77393,80761,96012,94797,96293
33f8a46, 23-07-2016, 16, 95613,97565,96498,95325,96615
33f8a46, 24-07-2016, 1, 185918,183157,179570,174599,176919
33f8a46, 24-07-2016, 2, 102569,102406,103054,102369,101964
33f8a46, 24-07-2016, 4, 92559,94296,94658,94878,94567
33f8a46, 24-07-2016, 8, 88264,86771,88543,87922,89255
33f8a46, 24-07-2016, 16, 89169,87752,88905,88628,88679
33f8a46, 25-07-2016, 1, 229919,228572,229197,228915,226230
33f8a46, 25-07-2016, 2, 118878,119794,119275,118920,119334
33f8a46, 25-07-2016, 4, 107864,108226,107781,107326,107470
33f8a46, 25-07-2016, 8, 100613,99309,99734,99722,100246
33f8a46, 25-07-2016, 16, 99022,99221,98233,99109,98603
33f8a46, 26-07-2016, 1, 187162,189210,186600,187497,188763
33f8a46, 26-07-2016, 2, 104590,105292,105318,103023,104180
33f8a46, 26-07-2016, 4, 95461,94813,95870,95093,94712
33f8a46, 26-07-2016, 8, 88176,88287,88009,88176,87986
33f8a46, 26-07-2016, 16, 87436,86915,87495,86156,86449
33f8a46, 27-07-2016, 1, 230014,230266,228199,230425,230583
33f8a46, 27-07-2016, 2, 118567,118726,117455,118124,118492
33f8a46, 27-07-2016, 4, 107066,107141,107025,106970,108003
33f8a46, 27-07-2016, 8, 98782,98788,98672,99373,99663
33f8a46, 27-07-2016, 16, 98660,98556,97514,98181,97650
33f8a46, 28-07-2016, 1, 228293,227210,228572,227488,229322
33f8a46, 28-07-2016, 2, 118366,118684,118777,118693,118617
33f8a46, 28-07-2016, 4, 107996,107340,107857,108115,107664
33f8a46, 28-07-2016, 8, 99835,100049,99432,99948,100498
33f8a46, 28-07-2016, 16, 97582,97729,98377,100103,98360
b8b3256, 29-07-2016, 1, 232597,233438,232211,232791,231123
b8b3256, 29-07-2016, 2, 118299,118358,118937,118609,118542
b8b3256, 29-07-2016, 4, 107588,108073,108331,107588,108156
b8b3256, 29-07-2016, 8, 100318,99930,99675,100643,99769
b8b3256, 29-07-2016, 16, 99912,98233,99033,98348,97752
7d90701, 30-07-2016, 1, 228791,229668,230964,230393,227735
7d90701, 30-07-2016, 2, 117950,118025,118249,118149,118400
7d90701, 30-07-2016, 4, 106719,106807,107004,106848,106481
7d90701, 30-07-2016, 8, 99022,99752,100079,99710,99045
7d90701, 30-07-2016, 16, 97809,98782,99010,97638,98475
10e1bd7, 31-07-2016, 1, 198900,197008,191805,195698,196179
10e1bd7, 31-07-2016, 2, 107830,107244,106752,106536,107636
10e1bd7, 31-07-2016, 4, 98239,98608,96554,97565,97220
10e1bd7, 31-07-2016, 8, 90855,89464,91895,89847,90113
10e1bd7, 31-07-2016, 16, 89393,89608,90190,89608,89689
390c7c6, 01-08-2016, 1,
390c7c6, 01-08-2016, 2,
390c7c6, 01-08-2016, 4,
390c7c6, 01-08-2016, 8,
390c7c6, 01-08-2016, 16,
1df19d5, 02-08-2016, 1, 150159,147986,147622,146962,146988
1df19d5, 03-08-2016, 1, 218738,217434,218169,217858,215895
1df19d5, 02-08-2016, 2, 89345,89231,90278,87784,87073
1df19d5, 03-08-2016, 2, 113429,114325,114131,114473,114123
1df19d5, 02-08-2016, 4, 81065,80629,80858,81423,81896
1df19d5, 03-08-2016, 4, 101742,101847,101465,101859,101342
1df19d5, 02-08-2016, 8, 75376,76284,73324,70436,76836
1df19d5, 03-08-2016, 8, 92615,92036,92882,92892,91429
1df19d5, 02-08-2016, 16, 70587,70039,74542,75305,75427
1df19d5, 03-08-2016, 16, 91589,91749,90404,91870,90943
9fd8f5b, 04-08-2016, 1, 219856,218624,215784,217886,218027
9fd8f5b, 04-08-2016, 2, 113983,113921,113513,114177,113991
9fd8f5b, 04-08-2016, 4, 101520,101594,101391,100673,101306
9fd8f5b, 04-08-2016, 8, 92294,93026,92753,91844,92805
9fd8f5b, 04-08-2016, 16, 91824,89905,92177,90312,90614
4af91c0, 05-08-2016, 1, 218624,217237,216396,216257,216006
4af91c0, 05-08-2016, 2, 114170,114131,114442,114552,114794
4af91c0, 05-08-2016, 4, 101766,102582,101723,102126,102306
4af91c0, 05-08-2016, 8, 94275,93077,92794,93139,93985
4af91c0, 05-08-2016, 16, 90938,93524,90904,93000,92969
1214788, 06-08-2016, 1, 217350,218311,219971,219138,220231
1214788, 06-08-2016, 2, 104161,103839,104570,103525,104342
1214788, 06-08-2016, 4, 92671,92259,91599,91945,93843
1214788, 06-08-2016, 8, 77300,79653,78523,80255,76664
1214788, 06-08-2016, 16, 79295,79078,77265,75798,81960
1214788, 07-08-2016, 1, 140419,134584,138701,134562,137170
1214788, 07-08-2016, 2, 76801,77504,80147,76073,78800
1214788, 07-08-2016, 4, 73002,72341,68217,68084,68106
1214788, 07-08-2016, 8, 61731,61572,53241,50560,53660
1214788, 07-08-2016, 16, 49990,49095,48990,53268,51782
1214788, 08-08-2016, 1, 219741,220145,217943,221248,220840
1214788, 08-08-2016, 2, 104531,104278,104006,102966,104557
1214788, 08-08-2016, 4, 92269,92995,91519,92162,92294
1214788, 08-08-2016, 8, 78978,78807,78161,80516,80151
1214788, 08-08-2016, 16, 80780,81451,76250,79607,77034
1214788, 08-08-2016, 1, 208283,208413,205704,208958,207177
1214788, 08-08-2016, 2, 102344,102481,102575,102413,102713
1214788, 08-08-2016, 4, 90968,90458,90629,88740,91310
1214788, 08-08-2016, 8, 75826,78552,75768,78648,78494
1214788, 08-08-2016, 16, 77240,79033,78186,77658,80362
4950d4d, 09-08-2016, 1, 200325,192245,197518,195175,190218
4950d4d, 09-08-2016, 2, 98951,98730,97661,98835,98614
4950d4d, 09-08-2016, 4, 88417,89876,89108,92682,89117
4950d4d, 09-08-2016, 8, 77147,76385,77932,76879,77321
4950d4d, 09-08-2016, 16, 78703,75597,77748,77600,76361
aa47a24, 11-08-2016, 1, 219741,218311,220724,221716,219253
aa47a24, 11-08-2016, 2, 107244,107189,107581,107223,107608
aa47a24, 11-08-2016, 4, 94546,92299,93466,92533,94349
aa47a24, 11-08-2016, 8, 79634,80374,80544,80874,79201
aa47a24, 11-08-2016, 16, 77694,74469,81419,75850,75716
aa47a24, 12-08-2016, 1, 221015,220898,220145,220058,216257
aa47a24, 12-08-2016, 2, 106916,106340,107066,107927,107774
aa47a24, 12-08-2016, 4, 92167,93114,92253,92661,92897
aa47a24, 12-08-2016, 8, 78825,79149,78005,79588,78172
aa47a24, 12-08-2016, 16, 78770,79687,78435,80090,79994
730b630, 13-08-2016, 1, 220116,220985,219081,220869,218141
730b630, 13-08-2016, 2, 107955,107381,108296,107567,107264
730b630, 13-08-2016, 4, 93508,93874,93394,94243,92620
730b630, 13-08-2016, 8, 83084,78667,79464,82460,80636
730b630, 13-08-2016, 16, 78413,78281,75590,75376,76295
730b630, 14-08-2016, 1, 164370,161242,164499,163664,164676
730b630, 14-08-2016, 2, 92574,98118,97434,97429,98631
730b630, 14-08-2016, 4, 86951,86830,87218,88264,87977
730b630, 14-08-2016, 8, 73407,75113,75822,75076,75319
730b630, 14-08-2016, 16, 72550,76218,73912,74735,71876
730b630, 14-08-2016, 1, 220260,218027,219224,220666,218995
730b630, 14-08-2016, 2, 108191,106529,107677,106664,107546
730b630, 14-08-2016, 4, 94222,92513,94037,93906,95060
730b630, 14-08-2016, 8, 77550,79668,78077,79539,81006
730b630, 14-08-2016, 16, 77279,81096,78863,80063,79119
99b8fc3, 15-08-2016, 1, 125644,106984,113983,117274,111945
99b8fc3, 15-08-2016, 2, 74662,73292,73308,78877,80745
99b8fc3, 15-08-2016, 4, 74245,76378,73269,62378,63492
99b8fc3, 15-08-2016, 8, 54738,54426,57946,55165,54308
99b8fc3, 15-08-2016, 16, 56787,54316,53624,56120,58498
99b8fc3, 17-08-2016, 1, 216592,218909,222835,218738,219568
99b8fc3, 17-08-2016, 2, 107892,106502,107011,106678,107032
99b8fc3, 17-08-2016, 4, 92544,93227,92396,93326,93088
99b8fc3, 17-08-2016, 8, 78825,77568,78523,77514,81920
99b8fc3, 17-08-2016, 16, 79359,75292,79359,79430,78310
8916138, 18-08-2016, 1, 148945,156723,162822,160379,163155
8916138, 18-08-2016, 2, 85215,88296,88581,86285,85637
8916138, 18-08-2016, 4, 78952,78409,79941,80893,79762
8916138, 18-08-2016, 8, 68647,69737,68051,69589,68923
8916138, 18-08-2016, 16, 67836,71465,70218,71353,71987
8916138, 19-08-2016, 1, 213451,214515,213179,212693,213722
8916138, 20-08-2016, 1, 215120,211673,212316,212828,213886
8916138, 19-08-2016, 2, 105663,104635,105167,104511,104812
8916138, 20-08-2016, 2, 104000,104381,104701,105843,105577
8916138, 19-08-2016, 4, 91429,91270,92856,92264,92825
8916138, 20-08-2016, 4, 92411,91260,92289,91554,92554
8916138, 19-08-2016, 8, 76798,79149,77446,76073,79063
8916138, 20-08-2016, 8, 79392,79179,76629,79479,78369
8916138, 19-08-2016, 16, 77784,75207,77665,76580,76098
8916138, 20-08-2016, 16, 79914,80652,74599,77511,73938
8916138, 21-08-2016, 1, 138689,142506,142132,137013,142688
8916138, 22-08-2016, 1, 212558,211994,212909,213261,213559
8916138, 21-08-2016, 2, 84253,81720,81423,81376,78197
8916138, 22-08-2016, 2, 105087,106124,105770,105048,104858
8916138, 21-08-2016, 4, 72027,72182,73449,71389,71984
8916138, 22-08-2016, 4, 93057,92774,92769,91734,92117
8916138, 21-08-2016, 8, 63079,63027,61177,60434,56699
8916138, 22-08-2016, 8, 77723,80017,75991,77518,76486
8916138, 21-08-2016, 16, 55537,58238,59561,67555,69207
8916138, 22-08-2016, 16, 77547,77158,79449,77536,76763
8916138, 23-08-2016, 1, 213152,212747,214378,212963,213831
8916138, 23-08-2016, 2, 105351,105127,105015,105325,105603
8916138, 23-08-2016, 4, 91719,91829,92769,92340,92132
8916138, 23-08-2016, 8, 78292,77622,78512,78175,77583
8916138, 23-08-2016, 16, 74811,74955,78172,76741,80702
8916138, 23-08-2016, 1, 149957,141461,149250,148353,151405
8916138, 23-08-2016, 2, 86037,86059,88315,87354,88825
8916138, 23-08-2016, 4, 77809,76229,77845,77314,76829
8916138, 23-08-2016, 8, 65972,67754,66269,68062,66039
8916138, 23-08-2016, 16, 64429,58625,63289,60592,61437
9570639, 25-08-2016, 1, 213614,214268,212289,210769,212801
9570639, 25-08-2016, 2, 104701,105266,105890,105199,104753
9570639, 25-08-2016, 4, 93859,91644,92071,92995,92193
9570639, 25-08-2016, 8, 78715,77532,77950,79108,77644
9570639, 25-08-2016, 16, 80205,75853,77950,77151,75508
99a7132, 26-08-2016, 1, 215396,205956,209166,211486,213505
99a7132, 26-08-2016, 2, 106434,104903,104232,104949,104407
99a7132, 26-08-2016, 4, 91859,92661,91709,90747,92656
99a7132, 26-08-2016, 8, 79291,79280,79362,76284,76347
99a7132, 26-08-2016, 16, 78406,77041,75991,76886,72563
b0a20fe, 27-08-2016, 1, 211140,212048,212828,210822,214488
b0a20fe, 27-08-2016, 2, 104707,105497,105763,104694,104472
b0a20fe, 27-08-2016, 4, 93409,92666,92784,91354,91895
b0a20fe, 27-08-2016, 8, 77572,76326,79265,78161,78626
b0a20fe, 27-08-2016, 16, 79778,77972,77773,78574,73375
b0a20fe, 28-08-2016, 1, 147973,146092,148589,148563,148353
b0a20fe, 28-08-2016, 2, 82765,82383,82261,82920,82879
b0a20fe, 28-08-2016, 4, 74029,67536,74426,70587,72566
b0a20fe, 28-08-2016, 8, 62655,63013,63789,63879,63833
b0a20fe, 28-08-2016, 16, 62353,61556,56889,65977,63816
c523338, 28-08-2016, 1,
c523338, 28-08-2016, 2,
c523338, 28-08-2016, 4,
c523338, 28-08-2016, 8,
c523338, 28-08-2016, 16,
0e55479, 07-09-2016, 1, 212289,212370,208984,211673,212101
dcda22d, 07-09-2016, 1,
dcda22d, 07-09-2016, 1,
dcda22d, 07-09-2016, 1,
0e55479, 07-09-2016, 2, 104897,106326,105837,106387,106037
dcda22d, 07-09-2016, 2,
dcda22d, 07-09-2016, 2,
dcda22d, 07-09-2016, 2,
0e55479, 07-09-2016, 4, 95886,97124,97242,96078,96721
dcda22d, 07-09-2016, 4,
dcda22d, 07-09-2016, 4,
dcda22d, 07-09-2016, 4,
0e55479, 07-09-2016, 8, 85254,84841,86673,86960,85712
dcda22d, 07-09-2016, 8,
dcda22d, 07-09-2016, 8,
dcda22d, 07-09-2016, 8,
0e55479, 07-09-2016, 16, 84033,84652,84042,85712,85424
dcda22d, 07-09-2016, 16,
dcda22d, 07-09-2016, 16,
dcda22d, 07-09-2016, 16,
0f21c78, 07-09-2016, 1, 211941,210478,212720,213995,213342
0f21c78, 07-09-2016, 2, 105937,106192,106306,106098,106272
0f21c78, 07-09-2016, 4, 96487,96743,96576,95624,96989
0f21c78, 07-09-2016, 8, 85064,84486,84811,87655,85786
0f21c78, 07-09-2016, 16, 85646,84918,86762,87986,84571
0f21c78, 08-09-2016, 1, 163123,167605,166177,162617,162759
0f21c78, 08-09-2016, 2, 88153,88218,89070,83806,86480
0f21c78, 08-09-2016, 4, 80811,82671,83109,82998,82512
0f21c78, 08-09-2016, 8, 72569,72644,70066,71159,76194
0f21c78, 08-09-2016, 16, 71411,69995,73681,74127,74821
0f21c78, 09-09-2016, 1, 144856,146194,145990,146309,143912
0f21c78, 09-09-2016, 2, 82683,83377,83208,83502,81530
0f21c78, 09-09-2016, 4, 73814,73529,76808,76805,76801
0f21c78, 09-09-2016, 8, 68793,69899,69702,69563,67179
0f21c78, 09-09-2016, 16, 64572,62339,66321,64822,64582
0f21c78, 11-09-2016, 1, 214515,213941,212397,212262,214817
0f21c78, 11-09-2016, 2, 106752,106495,106124,107210,105710
0f21c78, 11-09-2016, 4, 96682,96327,96950,97118,97321
0f21c78, 11-09-2016, 8, 86924,86866,85729,85598,85359
0f21c78, 11-09-2016, 16, 84236,82589,87908,84614,85081
2846485, 15-09-2016, 1, 203632,204301,207152,205351,205502
5cabaaa, 16-09-2016, 1, 211513,210955,210294,212262,212075
766d16f, 13-09-2016, 1, 197542,194001,194699,196524,195334
8b59627, 21-09-2016, 1, 167906,166358,167471,167940,166424
ac3765b, 13-09-2016, 1, 181513,185815,187560,193911,180750
e47e854, 12-09-2016, 1, 205427,204251,202795,204850,204326
2846485, 15-09-2016, 2, 104838,104910,103807,104492,104019
5cabaaa, 16-09-2016, 2, 104278,104135,104226,91439,104655
766d16f, 13-09-2016, 2, 101232,101921,101202,102488,102456
8b59627, 21-09-2016, 2, 92319,89321,88914,88366,90732
ac3765b, 13-09-2016, 2, 98631,98788,96777,96805,98193
e47e854, 12-09-2016, 2, 104420,104446,103903,104291,104655
2846485, 15-09-2016, 4, 95466,96749,95396,95842,96310
5cabaaa, 16-09-2016, 4, 95039,94690,94915,94899,95007
766d16f, 13-09-2016, 4, 93284,93248,93880,93618,93300
8b59627, 21-09-2016, 4, 75840,76703,75570,74918,75485
ac3765b, 13-09-2016, 4, 89953,90747,90297,91379,88269
e47e854, 12-09-2016, 4, 96089,95722,95826,96172,96023
2846485, 15-09-2016, 8, 85463,86072,87281,87564,86360
5cabaaa, 16-09-2016, 8, 84329,83878,84350,84435,83229
766d16f, 13-09-2016, 8, 83510,83328,83681,83573,83394
8b59627, 21-09-2016, 8, 67751,69039,66088,68748,69019
ac3765b, 13-09-2016, 8, 80881,80209,78681,80455,80059
e47e854, 12-09-2016, 8, 88037,85966,87222,85224,86311
2846485, 15-09-2016, 16, 82671,84751,84721,84682,86610
5cabaaa, 16-09-2016, 16, 84875,84982,83245,83760,84751
766d16f, 13-09-2016, 16, 82447,83415,83886,85103,85177
8b59627, 21-09-2016, 16, 64528,65508,66263,66279,66208
ac3765b, 13-09-2016, 16, 80551,80159,79347,78376,78461
e47e854, 12-09-2016, 16, 85791,85398,84261,85185,86507
4b5e172, 30-09-2016, 1, 187518,186808,186310,187100,187329
a0d73c6, 01-10-2016, 1, 200397,200014,199515,200636,200205
4b5e172, 30-09-2016, 2, 99051,97866,97203,97242,98250
a0d73c6, 01-10-2016, 2, 102563,99769,99468,101226,99527
4b5e172, 30-09-2016, 4, 80842,80278,80516,80209,79033
a0d73c6, 01-10-2016, 4, 82354,82201,82149,82781,82655
4b5e172, 30-09-2016, 8, 73167,72736,72692,70614,69955
a0d73c6, 01-10-2016, 8, 74595,75062,74417,74798,74675
4b5e172, 30-09-2016, 16, 65396,65429,65834,66052,65600
a0d73c6, 01-10-2016, 16, 69650,69342,69699,69612,69468
a0d73c6, 02-10-2016, 1, 159905,177499,180032,174599,176176
a0d73c6, 02-10-2016, 1, 199491,200182,199800,196133,200805
a0d73c6, 03-10-2016, 1, 154146,152993,136812,160840,161599
a0d73c6, 04-10-2016, 1, 200110,195379,199610,200780,199681
a0d73c6, 02-10-2016, 2, 100788,101031,101281,100348,100420
a0d73c6, 02-10-2016, 2, 93057,95228,92748,95293,75604
a0d73c6, 03-10-2016, 2, 89198,84160,85254,79626,78486
a0d73c6, 04-10-2016, 2, 100097,103321,101471,100420,100861
a0d73c6, 02-10-2016, 4, 71996,68923,63586,64897,69267
a0d73c6, 02-10-2016, 4, 82561,82125,82994,82949,82785
a0d73c6, 03-10-2016, 4, 66219,70048,65801,61627,73011
a0d73c6, 04-10-2016, 4, 82838,83295,81724,81816,82740
a0d73c6, 02-10-2016, 8, 66489,70048,71241,68403,69199
a0d73c6, 02-10-2016, 8, 74549,73749,75056,74354,74979
a0d73c6, 03-10-2016, 8, 61406,61642,62815,60719,62834
a0d73c6, 04-10-2016, 8, 74463,73889,74632,74403,74199
a0d73c6, 02-10-2016, 16, 66650,65979,65726,65757,63806
a0d73c6, 02-10-2016, 16, 69850,69322,69557,69792,69253
a0d73c6, 03-10-2016, 16, 59508,59739,58738,59946,58145
a0d73c6, 04-10-2016, 16, 69451,69949,69679,69705,69670
cba86e2, 21-10-2016, 1, 201528,202770,201262,201335,200756
cba86e2, 22-10-2016, 1, 176120,179455,183317,184122,185466
cba86e2, 23-10-2016, 1, 202428,202403,200949,202795,202770
cba86e2, 24-10-2016, 1, 176826,174001,176157,174817,174599
cba86e2, 24-10-2016, 1, 202648,202942,200925,203065,202574
e138dfb, 05-10-2016, 1, 196202,200973,201286,200756,198664
e138dfb, 06-10-2016, 1, 148078,161133,158770,151899,156943
e138dfb, 07-10-2016, 1, 165146,171898,163808,169057,156212
e138dfb, 09-10-2016, 1, 197658,198617,201383,199872,199065
e138dfb, 10-10-2016, 1, 154004,155201,154529,157695,157844
e138dfb, 12-10-2016, 1, 199373,200158,200636,200445,198359
e138dfb, 14-10-2016, 1, 199444,201552,201069,200636,199848
e138dfb, 15-10-2016, 1, 201262,197751,200110,200014,200684
e138dfb, 18-10-2016, 1, 200397,200325,200205,201601,199112
e138dfb, 18-10-2016, 1, 200877,199824,200708,200517,199634
e138dfb, 19-10-2016, 1, 104355,99109,98951,100222,104336
cba86e2, 21-10-2016, 2, 101785,100547,100655,98458,100504
cba86e2, 22-10-2016, 2, 93456,96532,95569,95401,92096
cba86e2, 23-10-2016, 2, 100414,99769,99882,99527,101013
cba86e2, 24-10-2016, 2, 84755,83411,83819,82545,83773
cba86e2, 24-10-2016, 2, 99609,99971,100535,100553,98981
e138dfb, 05-10-2016, 2, 99491,100468,101348,101348,101019
e138dfb, 06-10-2016, 2, 87532,85515,88408,89958,86033
e138dfb, 07-10-2016, 2, 82076,73840,76042,89217,92421
e138dfb, 09-10-2016, 2, 103238,101526,100728,100553,100541
e138dfb, 10-10-2016, 2, 89455,85563,86951,85760,87752
e138dfb, 12-10-2016, 2, 101797,99598,101068,101141,99734
e138dfb, 14-10-2016, 2, 101483,100186,100607,100210,101116
e138dfb, 15-10-2016, 2, 101637,100007,100698,100348,98986
e138dfb, 18-10-2016, 2, 100637,101785,100541,100722,100910
e138dfb, 18-10-2016, 2, 99180,100885,101379,99817,103035
e138dfb, 19-10-2016, 2, 62325,63894,60069,63753,62714
cba86e2, 21-10-2016, 4, 83208,83531,82496,82245,82793
cba86e2, 22-10-2016, 4, 79449,77575,77062,75062,76277
cba86e2, 23-10-2016, 4, 82306,82020,81908,82516,82245
cba86e2, 24-10-2016, 4, 71950,72021,73170,72560,71271
cba86e2, 24-10-2016, 4, 82732,82334,82447,81940,83101
e138dfb, 05-10-2016, 4, 83315,82916,82549,83382,83652
e138dfb, 06-10-2016, 4, 73100,74778,74088,71953,70677
e138dfb, 07-10-2016, 4, 75336,76476,75515,73565,67260
e138dfb, 09-10-2016, 4, 82447,83765,83233,82314,82326
e138dfb, 10-10-2016, 4, 73948,73610,74852,74965,74938
e138dfb, 12-10-2016, 4, 81780,82953,82557,83076,82096
e138dfb, 14-10-2016, 4, 83031,82810,82797,81784,81816
e138dfb, 15-10-2016, 4, 81463,82765,82936,82920,81439
e138dfb, 18-10-2016, 4, 82112,82606,83278,81900,81944
e138dfb, 18-10-2016, 4, 83183,82241,82036,82626,81360
e138dfb, 19-10-2016, 4, 56588,54959,55892,55896,56747
cba86e2, 21-10-2016, 8, 74393,75120,74628,74203,74758
cba86e2, 22-10-2016, 8, 68267,68303,68147,69173,69187
cba86e2, 23-10-2016, 8, 74370,74423,74098,74443,74989
cba86e2, 24-10-2016, 8, 71698,71259,71520,71931,71554
cba86e2, 24-10-2016, 8, 74609,74546,74712,74499,74542
e138dfb, 05-10-2016, 8, 74324,74380,75056,74569,74301
e138dfb, 06-10-2016, 8, 65375,65207,68244,67918,68023
e138dfb, 07-10-2016, 8, 69304,68804,68948,68830,68214
e138dfb, 09-10-2016, 8, 74469,74281,74426,74374,74695
e138dfb, 10-10-2016, 8, 67519,68067,67281,63514,60009
e138dfb, 12-10-2016, 8, 73507,74291,74575,74032,74193
e138dfb, 14-10-2016, 8, 74463,74672,74652,74245,74678
e138dfb, 15-10-2016, 8, 73847,74235,74314,74536,74450
e138dfb, 18-10-2016, 8, 73568,74344,74334,74935,74483
e138dfb, 18-10-2016, 8, 73954,74384,74321,74324,75126
e138dfb, 19-10-2016, 8, 51206,50074,51740,49646,51708
cba86e2, 21-10-2016, 16, 69399,69393,69233,69454,69661
cba86e2, 22-10-2016, 16, 64305,63831,63906,63468,63794
cba86e2, 23-10-2016, 16, 69425,69302,69572,69468,69307
cba86e2, 24-10-2016, 16, 69142,69116,68616,69256,69130
cba86e2, 24-10-2016, 16, 69385,69946,69847,69560,69247
e138dfb, 05-10-2016, 16, 69742,69173,69546,69809,69575
e138dfb, 06-10-2016, 16, 63174,60769,60739,62789,63646
e138dfb, 07-10-2016, 16, 60955,61146,60043,63591,62999
e138dfb, 09-10-2016, 16, 69422,69540,70095,69824,69612
e138dfb, 10-10-2016, 16, 57733,56428,55933,56548,55770
e138dfb, 12-10-2016, 16, 69425,69227,69339,69795,68425
e138dfb, 14-10-2016, 16, 69771,69051,69540,69508,69396
e138dfb, 15-10-2016, 16, 69247,69523,69480,69577,68988
e138dfb, 18-10-2016, 16, 69376,69239,69835,69754,69827
e138dfb, 18-10-2016, 16, 69439,69795,69413,69592,69650
e138dfb, 19-10-2016, 16, 49653,47260,47987,48663,48409
3a0931b, 27-10-2016, 1,
3a0931b, 28-10-2016, 1,
cba86e2, 25-10-2016, 1, 177405,179110,175917,172694,169965
cba86e2, 26-10-2016, 1, 174799,174544,172801,172641,171388
3a0931b, 27-10-2016, 2,
3a0931b, 28-10-2016, 2,
cba86e2, 25-10-2016, 2, 86632,88019,87848,85795,87222
cba86e2, 26-10-2016, 2, 87145,87866,87834,88032,87779
3a0931b, 27-10-2016, 4,
3a0931b, 28-10-2016, 4,
cba86e2, 25-10-2016, 4, 72415,73008,71873,72849,72846
cba86e2, 26-10-2016, 4, 73948,73817,74582,73811,75451
3a0931b, 27-10-2016, 8,
3a0931b, 28-10-2016, 8,
cba86e2, 25-10-2016, 8, 71719,71496,71392,71456,71676
cba86e2, 26-10-2016, 8, 70159,70416,70107,70183,70168
3a0931b, 27-10-2016, 16,
3a0931b, 28-10-2016, 16,
cba86e2, 25-10-2016, 16, 69411,69339,69096,69179,69376
cba86e2, 26-10-2016, 16, 66938,66613,66468,66964,67055
15e2650, 29-10-2016, 1,
15e2650, 29-10-2016, 2,
15e2650, 29-10-2016, 4,
15e2650, 29-10-2016, 8,
15e2650, 29-10-2016, 16,
2d63c51, 30-10-2016, 1, 186434,184751,185856,186662,187497
a35894d, 31-10-2016, 1, 168598,171669,173229,173983,172445
2d63c51, 30-10-2016, 2, 95136,92728,91769,92051,92117
a35894d, 31-10-2016, 2, 87491,86521,85004,86780,84892
2d63c51, 30-10-2016, 4, 76917,77293,76956,77723,77339
a35894d, 31-10-2016, 4, 71903,72378,72219,73161,71959
2d63c51, 30-10-2016, 8, 73158,73517,73594,73305,73199
a35894d, 31-10-2016, 8, 71636,71432,71575,71432,71496
2d63c51, 30-10-2016, 16, 69153,69503,69818,69442,68991
a35894d, 31-10-2016, 16, 69204,69210,69468,69362,69224
4b914b4, 01-11-2016, 1, 174092,175201,173480,172997,171214
4b914b4, 01-11-2016, 2, 84987,86807,86055,86605,87236
4b914b4, 01-11-2016, 4, 73349,72799,73837,72641,73349
4b914b4, 01-11-2016, 8, 71057,71383,71444,71186,71335
4b914b4, 01-11-2016, 16, 69336,69408,69130,69039,68906
4b914b4, 02-11-2016, 1, 171968,174092,181729,181532,176417
4b914b4, 02-11-2016, 2, 87719,86753,88459,87623,85751
4b914b4, 02-11-2016, 4, 72811,73410,72390,73161,73417
4b914b4, 02-11-2016, 8, 71866,72353,71845,71793,71120
4b914b4, 02-11-2016, 16, 69059,69273,69105,69359,69182
4b914b4, 03-11-2016, 1, 200853,200421,200421,200445,201117
4b914b4, 03-11-2016, 2, 101446,100916,100722,101440,101135
4b914b4, 03-11-2016, 4, 82427,82504,82936,82342,82229
4b914b4, 03-11-2016, 8, 74265,74632,74602,74555,74190
4b914b4, 03-11-2016, 16, 69563,69577,69511,69494,69459
4b914b4, 04-11-2016, 1, 199112,199254,200421,200588,201456
4b914b4, 04-11-2016, 2, 100480,99675,100934,102438,100372
4b914b4, 04-11-2016, 4, 83002,74662,81832,82545,83303
4b914b4, 04-11-2016, 8, 74403,74905,74755,74721,74798
4b914b4, 04-11-2016, 16, 69537,70013,69227,69731,69679
4b914b4, 05-11-2016, 1, 200612,199824,199278,200373,200493
4b914b4, 05-11-2016, 2, 100055,100861,100216,102039,101952
4b914b4, 05-11-2016, 4, 81661,82088,82593,83010,82557
4b914b4, 05-11-2016, 8, 74855,74662,74775,74446,74367
4b914b4, 05-11-2016, 16, 69603,69339,69789,69342,69505
4b914b4, 06-11-2016, 1, 110202,119590,128090,127264,113674
4b914b4, 06-11-2016, 1, 199824,199657,201577,201117,200445
4b914b4, 06-11-2016, 2, 101031,100294,100192,100037,101367
4b914b4, 06-11-2016, 2, 67814,71639,70130,65767,68652
4b914b4, 06-11-2016, 4, 61674,57592,60114,59481,56691
4b914b4, 06-11-2016, 4, 82879,83436,82455,83427,83353
4b914b4, 06-11-2016, 8, 56445,51640,52920,55074,50940
4b914b4, 06-11-2016, 8, 75150,75093,74728,74738,75089
4b914b4, 06-11-2016, 16, 53761,51602,51458,52119,50014
4b914b4, 06-11-2016, 16, 69505,69601,70124,69431,69682
4b914b4, 07-11-2016, 1, 200493,200612,199967,200229,201021
4b914b4, 07-11-2016, 2, 100378,100408,101502,102344,101043
4b914b4, 07-11-2016, 4, 82838,83685,83105,82524,82165
4b914b4, 07-11-2016, 8, 75600,75160,74908,75073,74658
4b914b4, 07-11-2016, 16, 69632,69632,69500,69638,69879
4b914b4, 08-11-2016, 1, 200756,201335,200540,201577,200973
4b914b4, 08-11-2016, 2, 99906,100928,99787,100734,100276
4b914b4, 08-11-2016, 4, 82403,82630,83962,82720,83398
4b914b4, 08-11-2016, 8, 75046,74579,75147,74645,75147
4b914b4, 08-11-2016, 16, 69716,69827,69520,69459,69572
4b914b4, 09-11-2016, 1, 199919,201238,201359,200469,200973
4b914b4, 09-11-2016, 2, 100553,100007,102588,101013,100903
4b914b4, 09-11-2016, 4, 82585,83158,83080,83171,82177
4b914b4, 09-11-2016, 8, 75042,75083,75123,74948,75116
4b914b4, 09-11-2016, 16, 69975,69719,69638,69629,69661
4b914b4, 10-11-2016, 1, 194609,183378,181336,193130,192775
4b914b4, 10-11-2016, 2, 95077,97656,99215,98597,97355
4b914b4, 10-11-2016, 4, 79524,75604,67268,77748,79660
4b914b4, 10-11-2016, 8, 73636,72528,70042,69757,64199
4b914b4, 10-11-2016, 16, 60489,65834,66151,67579,68211
4b914b4, 11-11-2016, 1, 177989,182679,181258,182222,179839
4b914b4, 11-11-2016, 2, 93769,93748,93712,93853,93212
4b914b4, 11-11-2016, 4, 77236,79389,77979,77773,77968
4b914b4, 11-11-2016, 8, 71063,71174,71138,70215,68593
4b914b4, 11-11-2016, 16, 64880,64153,64021,64814,63979
4b914b4, 12-11-2016, 1, 174164,175714,174110,175476,173462
4b914b4, 12-11-2016, 2, 90147,93623,93513,93628,93446
4b914b4, 12-11-2016, 4, 78296,77045,77404,78926,79532
4b914b4, 12-11-2016, 8, 71633,72225,72344,71368,72497
4b914b4, 12-11-2016, 16, 67795,67536,67811,67729,67462
4b914b4, 13-11-2016, 1, 199420,200540,201021,199491,201601
4b914b4, 13-11-2016, 2, 103717,101508,102594,101287,101940
4b914b4, 13-11-2016, 4, 82419,82225,82177,82724,82683
4b914b4, 13-11-2016, 8, 74865,75009,74380,75083,74841
4b914b4, 13-11-2016, 16, 69835,69780,69408,69821,69650
4b914b4, 14-11-2016, 1, 188339,188128,188318,185609,186269
4b914b4, 14-11-2016, 2, 97242,96821,96233,95936,97282
4b914b4, 14-11-2016, 4, 80381,80048,79755,79991,78874
4b914b4, 14-11-2016, 8, 72036,73478,72409,72834,71956
4b914b4, 14-11-2016, 16, 67195,67484,67779,67465,67305
4b914b4, 15-11-2016, 1, 199042,200493,201504,200469,199776
4b914b4, 15-11-2016, 2, 101086,101766,103512,101281,100643
4b914b4, 15-11-2016, 4, 83452,82667,82104,83179,83490
4b914b4, 15-11-2016, 8, 74831,75302,75292,74761,75451
4b914b4, 15-11-2016, 16, 69984,69739,70036,69722,69505
4b914b4, 16-11-2016, 1, 197054,201892,196409,198617,201577
4b914b4, 16-11-2016, 2, 102978,100553,101147,101946,101410
4b914b4, 16-11-2016, 4, 83415,83080,82838,82137,83382
4b914b4, 16-11-2016, 8, 75130,74209,74652,74902,74751
4b914b4, 16-11-2016, 16, 69832,69844,69742,69896,69835
4b914b4, 17-11-2016, 1, 159071,154543,158530,157237,161490
4b914b4, 17-11-2016, 2, 87313,86218,87141,76077,82141
4b914b4, 17-11-2016, 4, 72129,73091,72228,70692,70507
4b914b4, 17-11-2016, 8, 65664,65370,64396,65462,65917
4b914b4, 17-11-2016, 16, 58502,58113,58437,58171,58226
4b914b4, 18-11-2016, 1, 200901,199444,199539,199967,199042
4b914b4, 18-11-2016, 2, 100764,100139,100456,102194,101631
4b914b4, 18-11-2016, 4, 82286,82537,82883,82679,82419
4b914b4, 18-11-2016, 8, 75278,75083,74705,75110,74682
4b914b4, 18-11-2016, 16, 69876,69693,69847,69202,69812
4b914b4, 19-11-2016, 1, 199349,200014,199586,198172,200805
4b914b4, 19-11-2016, 2, 101275,101736,101508,102002,100097
4b914b4, 19-11-2016, 4, 82338,83581,83382,83146,82728
4b914b4, 19-11-2016, 8, 74955,75116,75224,74173,74835
4b914b4, 19-11-2016, 16, 69514,69748,69800,69766,69751
4b914b4, 20-11-2016, 1, 201117,198876,193130,200684,200110
4b914b4, 20-11-2016, 2, 100631,101208,101068,101483,99971
4b914b4, 20-11-2016, 4, 83154,83602,82707,82460,83121
4b914b4, 20-11-2016, 8, 74476,74948,74818,74486,74367
4b914b4, 20-11-2016, 16, 69870,69731,69748,69682,69963
4b914b4, 21-11-2016, 1, 200038,199278,201166,200973,200829
4b914b4, 21-11-2016, 2, 99332,99598,99185,98969,101037
4b914b4, 21-11-2016, 4, 82415,82032,82233,82528,82455
4b914b4, 21-11-2016, 8, 74618,74755,74825,74888,74493
4b914b4, 21-11-2016, 16, 69259,69459,69644,69742,68810
4b914b4, 22-11-2016, 1, 198265,200205,201021,199089,197565
4b914b4, 22-11-2016, 2, 99936,100879,100216,100139,100776
4b914b4, 22-11-2016, 4, 83196,82391,82221,82024,82330
4b914b4, 22-11-2016, 8, 74918,74456,74741,73866,74460
4b914b4, 22-11-2016, 16, 69546,69431,69302,69485,69477
4b914b4, 23-11-2016, 1, 199325,199848,200517,197425,201625
4b914b4, 23-11-2016, 2, 100306,98852,101723,101711,100728
4b914b4, 23-11-2016, 4, 82606,83002,83573,83241,84046
4b914b4, 23-11-2016, 8, 74858,74384,75495,76326,74702
4b914b4, 23-11-2016, 16, 69969,70145,69705,69725,69716
4b914b4, 24-11-2016, 1, 200612,197193,199183,199848,201286
4b914b4, 24-11-2016, 2, 102394,100806,100511,101927,102076
4b914b4, 24-11-2016, 4, 82431,82137,82427,82201,83191
4b914b4, 24-11-2016, 8, 75157,74795,74905,74569,74407
4b914b4, 24-11-2016, 16, 69835,69494,69827,69693,69682
4b914b4, 25-11-2016, 1, 198806,198430,195835,200086,197402
4b914b4, 25-11-2016, 2, 102469,100007,102563,101324,98864
4b914b4, 25-11-2016, 4, 82488,82561,82516,82638,82161
4b914b4, 25-11-2016, 8, 74526,74908,74552,74652,74476
4b914b4, 25-11-2016, 16, 69270,69774,69708,69589,70013
4b914b4, 26-11-2016, 1, 176956,177631,177424,175917,176435
4b914b4, 26-11-2016, 2, 93248,94371,92682,93727,93124
4b914b4, 26-11-2016, 4, 77055,77461,77518,77176,77140
4b914b4, 26-11-2016, 8, 70811,69719,70130,70910,70650
4b914b4, 26-11-2016, 16, 65605,65721,65675,65827,65930
4b914b4, 27-11-2016, 1, 198500,198078,200540,201965,198172
4b914b4, 27-11-2016, 2, 101600,101293,101459,99468,100728
4b914b4, 27-11-2016, 4, 82875,83669,82112,82443,82213
4b914b4, 27-11-2016, 8, 74682,74808,76931,74344,74562
4b914b4, 27-11-2016, 16, 69442,69480,69327,69402,69644
4b914b4, 28-11-2016, 1, 199776,198031,199515,200780,200684
4b914b4, 28-11-2016, 2, 99609,99309,101031,99592,99876
4b914b4, 28-11-2016, 4, 82306,84785,82201,82282,82112
4b914b4, 28-11-2016, 8, 74738,75110,75113,74589,73769
4b914b4, 28-11-2016, 16, 68963,69789,69638,69549,69230
4b914b4, 29-11-2016, 1, 135082,139612,137361,137778,136867
4b914b4, 29-11-2016, 2, 85168,84075,75802,76988,77091
4b914b4, 29-11-2016, 4, 65703,67430,67666,67454,67623
4b914b4, 29-11-2016, 8, 61851,61790,61779,61511,63363
4b914b4, 29-11-2016, 16, 60611,60168,59492,57727,52798
4b914b4, 30-11-2016, 1, 198617,200086,200086,200636,200205
4b914b4, 30-11-2016, 2, 98800,102450,101989,101859,101964
4b914b4, 30-11-2016, 4, 82797,83673,81732,82557,82744
4b914b4, 30-11-2016, 8, 74728,74509,75498,74341,74858
4b914b4, 30-11-2016, 16, 69792,69797,69287,69757,69792
4b914b4, 01-12-2016, 1, 109049,116711,117950,117727,119190
4b914b4, 01-12-2016, 2, 72688,73122,71377,72967,70718
4b914b4, 01-12-2016, 4, 61779,62492,62504,62869,62265
4b914b4, 01-12-2016, 8, 56709,57071,56860,57073,57299
4b914b4, 01-12-2016, 16, 51462,47159,47007,53794,61747
4b914b4, 02-12-2016, 1, 187120,186269,190175,183981,186579
4b914b4, 02-12-2016, 2, 96827,97012,95028,91709,92799
4b914b4, 02-12-2016, 4, 75093,74831,76879,76361,75737
4b914b4, 02-12-2016, 8, 68782,70063,71475,70245,69618
4b914b4, 02-12-2016, 16, 65028,66405,65925,67114,66650
4b914b4, 03-12-2016, 1, 134638,141652,140548,137013,137597
4b914b4, 03-12-2016, 2, 77665,76900,77122,78150,79134
4b914b4, 03-12-2016, 4, 67181,67833,66970,66839,64902
4b914b4, 03-12-2016, 8, 61316,61338,61824,61208,61235
4b914b4, 03-12-2016, 16, 57531,56271,58224,52643,53352
4b914b4, 04-12-2016, 1, 201335,201698,201335,201552,200277
4b914b4, 04-12-2016, 2, 100246,99864,101159,101025,99497
4b914b4, 04-12-2016, 4, 82801,82982,82973,82516,82411
4b914b4, 04-12-2016, 8, 74728,74430,75036,75160,74575
4b914b4, 04-12-2016, 16, 69601,69650,69722,69777,69554
4b914b4, 05-12-2016, 1, 200780,199824,200877,198994,198853
4b914b4, 05-12-2016, 2, 100776,99485,100565,102972,99657
4b914b4, 05-12-2016, 4, 82201,82855,82650,82663,82237
4b914b4, 05-12-2016, 8, 74918,74995,74400,74645,74942
4b914b4, 05-12-2016, 16, 69990,69725,69644,70060,69847
4b914b4, 06-12-2016, 1, 190499,189231,189594,189594,185589
4b914b4, 06-12-2016, 2, 96437,97130,98568,97981,98268
4b914b4, 06-12-2016, 4, 83080,80846,80270,80401,79149
4b914b4, 06-12-2016, 8, 73154,72714,73324,73704,73091
4b914b4, 06-12-2016, 16, 67993,67343,68084,68356,68395
4b914b4, 07-12-2016, 1, 81916,81689,86152,88726,89603
4b914b4, 07-12-2016, 2, 59487,59601,59110,56831,55941
4b914b4, 07-12-2016, 4, 51532,51724,51402,51670,49560
4b914b4, 07-12-2016, 8, 46941,51197,48510,47733,47740
4b914b4, 07-12-2016, 16, 40311,45117,49391,46986,44572
4b914b4, 08-12-2016, 1, 198947,199919,199420,199444,199848
4b914b4, 08-12-2016, 2, 99244,101214,100849,100910,101631
4b914b4, 08-12-2016, 4, 83216,82060,82520,82756,82137
4b914b4, 08-12-2016, 8, 74791,75059,74992,74324,75194
4b914b4, 08-12-2016, 16, 69870,69792,69676,69682,69302
4b914b4, 09-12-2016, 1, 199657,200038,200853,200756,200014
4b914b4, 09-12-2016, 2, 100728,103213,101110,102500,101483
4b914b4, 09-12-2016, 4, 82516,83146,83361,82205,82379
4b914b4, 09-12-2016, 8, 74275,74788,75167,74426,74466
4b914b4, 09-12-2016, 16, 69187,69670,69835,69806,69847
4b914b4, 10-12-2016, 1, 172765,176639,172890,178121,175899
4b914b4, 10-12-2016, 2, 93248,92279,95271,93654,93446
4b914b4, 10-12-2016, 4, 77321,77304,76615,76001,77218
4b914b4, 10-12-2016, 8, 69708,69937,69955,70054,70472
4b914b4, 10-12-2016, 16, 64963,64973,65058,65337,65233
4b914b4, 11-12-2016, 1, 200086,200877,200588,200110,201819
4b914b4, 11-12-2016, 2, 100438,100354,101324,100770,103067
4b914b4, 11-12-2016, 4, 82695,82941,82818,82720,83448
4b914b4, 11-12-2016, 8, 74791,75009,74815,75322,74979
4b914b4, 11-12-2016, 16, 69256,69908,69888,69557,69780
4b914b4, 13-12-2016, 1, 149837,118258,117430,145547,145737
4b914b4, 13-12-2016, 2, 83031,82157,81214,82197,82614
4b914b4, 13-12-2016, 4, 72843,70531,71953,73247,75536
4b914b4, 13-12-2016, 8, 63996,63492,62744,62448,62362
4b914b4, 13-12-2016, 16, 61015,61001,60616,60402,58808
4b914b4, 14-12-2016, 1, 199254,200110,200853,195881,200301
4b914b4, 14-12-2016, 2, 101037,102126,101459,98806,99033
4b914b4, 14-12-2016, 4, 82245,82294,82879,82965,82504
4b914b4, 14-12-2016, 8, 75342,74682,74463,74662,75012
4b914b4, 14-12-2016, 16, 69488,69670,69425,69442,69330
4b914b4, 15-12-2016, 1, 197821,199042,199800,197449,200805
4b914b4, 15-12-2016, 2, 101153,100145,100982,101189,99704
4b914b4, 15-12-2016, 4, 83282,82924,82932,82732,82765
4b914b4, 15-12-2016, 8, 75536,74695,74918,74969,74180
4b914b4, 15-12-2016, 16, 69396,69728,69783,69520,69431
4b914b4, 16-12-2016, 1, 198008,199991,8179,200397,198924
4b914b4, 17-12-2016, 1, 194767,192289,190391,189594,190976
4b914b4, 16-12-2016, 2, 100450,101275,100127,98969,102600
4b914b4, 17-12-2016, 2, 98112,98545,97395,97531,96637
4b914b4, 16-12-2016, 4, 82464,81844,82407,82593,81581
4b914b4, 17-12-2016, 4, 81387,80788,80470,80059,80772
4b914b4, 16-12-2016, 8, 74895,74599,74354,74885,74798
4b914b4, 17-12-2016, 8, 72651,73369,72603
4b914b4, 16-12-2016, 16, 69456,69373,69416,69204,69270
4b914b4, 17-12-2016, 16,
4b914b4, 18-12-2016, 1, 158261,200732,201673,202967,200829
4b914b4, 19-12-2016, 1, 127187,125851,125522,148458,142603
4b914b4, 18-12-2016, 2, 101736,100819,101220,100988,100758
4b914b4, 19-12-2016, 2, 79823,80270,80702,78190,78494
4b914b4, 18-12-2016, 4, 82769,74351,82455,82830,82052
4b914b4, 19-12-2016, 4, 62085,61008,66245,66182,65533
4b914b4, 18-12-2016, 8, 68428,74838,75110,75363,75089
4b914b4, 19-12-2016, 8, 60097,62046,57056,55488,60587
4b914b4, 18-12-2016, 16, 69864,69696,69658,69734,70028
4b914b4, 19-12-2016, 16, 56586,56470,56405,55034,52124
4b914b4, 20-12-2016, 1, 199919,197705,199705,200517,201989
4b914b4, 20-12-2016, 2, 99362,102020,100655,99509,99989
4b914b4, 20-12-2016, 4, 82326,82998,83068,83031,82982
4b914b4, 20-12-2016, 8, 74407,74898,74692,75079,75231
4b914b4, 20-12-2016, 16, 69508,69603,69975,70060,69827
4b914b4, 21-12-2016, 1, 199681,198523,198947,199824,201431
4b914b4, 21-12-2016, 2, 100800,100288,100988,100306,101208
4b914b4, 21-12-2016, 4, 83043,81502,82777,82626,82610
4b914b4, 21-12-2016, 8, 74219,74232,74738,74542,74932
4b914b4, 21-12-2016, 16, 69601,69792,69566,69531,69353
4b914b4, 22-12-2016, 1, 157562,152590,150468,147298,147298
4b914b4, 22-12-2016, 2, 85764,84948,82867,86762,87940
4b914b4, 22-12-2016, 4, 73394,72061,71793,72663,71965
4b914b4, 22-12-2016, 8, 65383,65723,66940,65747,64396
4b914b4, 22-12-2016, 16, 61781,61258,61808,61642,61460
4b914b4, 24-12-2016, 1, 201528,199444,199420,198853,200277
4b914b4, 25-12-2016, 1, 200158,200853,201456,200493,198055
4b914b4, 24-12-2016, 2, 99515,100168,99983,101086,100186
4b914b4, 25-12-2016, 2, 100625,102594,100330,101391,100734
4b914b4, 24-12-2016, 4, 83564,82565,81956,82761,81984
4b914b4, 25-12-2016, 4, 82286,82891,83431,82826,82004
4b914b4, 24-12-2016, 8, 74456,74609,74281,75342,74536
4b914b4, 25-12-2016, 8, 74702,74595,75227,74838,75308
4b914b4, 24-12-2016, 16, 69569,69595,69230,69716,63538
4b914b4, 25-12-2016, 16, 69687,69684,69598,69511,69719
4b914b4, 26-12-2016, 1, 201601,200925,200038,198336,196731
4b914b4, 26-12-2016, 2, 101355,99462,99680,99858,99894
4b914b4, 26-12-2016, 4, 84592,83183,82403,82850,83056
4b914b4, 26-12-2016, 8, 74758,75468,75103,74440,74555
4b914b4, 26-12-2016, 16, 69650,69402,69763,69684,69990
4b914b4, 27-12-2016, 1, 200517,201649,199848,200708,200062
4b914b4, 28-12-2016, 1, 135826,136090,142748,151515,152437
4b914b4, 27-12-2016, 2, 100480,101361,100019,99421,100922
4b914b4, 28-12-2016, 2, 80959,80381,78179,78822,78402
4b914b4, 27-12-2016, 4, 82403,83448,83714,83027,82326
4b914b4, 28-12-2016, 4, 63039,61408,66471,67058,66531
4b914b4, 27-12-2016, 8, 75046,74572,74785,74672,74875
4b914b4, 28-12-2016, 8, 60352,60090,56601,55742,60148
4b914b4, 27-12-2016, 16, 69627,69850,70004,70118,69870
4b914b4, 28-12-2016, 16, 57110,57576,56588,55416,53466
4b914b4, 29-12-2016, 1, 200588,197333,200421,200253,200301
4b914b4, 29-12-2016, 2, 100964,101147,100450,100691,102644
4b914b4, 29-12-2016, 4, 82838,82953,82379,82233,82822
4b914b4, 29-12-2016, 8, 74938,74801,74546,75502,74592
4b914b4, 29-12-2016, 16, 69644,69847,69876,69725,69710
