f326cd3, 12-07-2015, 1, 666821,665763,667617,666821,668415
f326cd3, 12-07-2015, 2, 661301,663131,663131,662346,662084
f326cd3, 12-07-2015, 4, 688437,685064,689569,687591,689569
f326cd3, 12-07-2015, 8, 689286,688437,689286,687873,687591
f326cd3, 12-07-2015, 16, 646023,641822,645029,656643,653828
0e081a9, 15-07-2015, 1, 685344,686746,687309,686465,686746
0e081a9, 15-07-2015, 2, 605239,611192,606990,606771,602846
0e081a9, 15-07-2015, 4, 687028,685624,685624,689286,688720
0e081a9, 15-07-2015, 8, 688155,687309,687591,687028,686465
0e081a9, 15-07-2015, 16, 688720,683111,686465,688437,686746
5173daa, 21-07-2015, 1, 585184,582745,581533,580527,580125
5173daa, 21-07-2015, 2, 580527,584776,582542,581734,583758
5173daa, 21-07-2015, 4, 593464,591998,589709,597054,597479
5173daa, 21-07-2015, 8, 593674,593044,593884,592625,596205
5173daa, 21-07-2015, 16, 611637,609416,612978,612084,610747
e3bf4c1, 28-07-2015, 1, 748315,746650,746650,748649,743671
e3bf4c1, 28-07-2015, 2, 713014,713317,714532,711804,718818
e3bf4c1, 28-07-2015, 4, 710899,713014,711804,712106,713317
e3bf4c1, 28-07-2015, 8, 712408,713317,718510,713620,710598
e3bf4c1, 28-07-2015, 16, 745323,747315,735520,744992,745323
f023fe3, 01-08-2015, 1, 1005226,1001625,1002822,1002223,1004624
f023fe3, 01-08-2015, 2, 1006432,1010676,1007036,1002822,1005226
f023fe3, 01-08-2015, 4, 1006432,1002223,1007036,1008246,1006432
f023fe3, 01-08-2015, 8, 920813,920308,921319,928971,916788
f023fe3, 01-08-2015, 16, 952169,953251,957604,953251,953793
d2fdca2, 02-08-2015, 1, 981124,982273,981124,979978,983424
d2fdca2, 02-08-2015, 2, 977693,978834,976555,977124,974853
d2fdca2, 02-08-2015, 4, 982848,987476,979978,981124,978834
d2fdca2, 02-08-2015, 8, 985157,982848,984001,984578,980550
d2fdca2, 02-08-2015, 16, 926918,924874,925895,923347,925895
f851440, 03-08-2015, 1, 954335,959246,952710,955422,959246
f851440, 03-08-2015, 2, 1012505,1001625,1003422,1001625,1008246
f851440, 03-08-2015, 4, 922839,906877,918293,910321,922332
f851440, 03-08-2015, 8, 957604,955967,955422,949475,957057
f851440, 03-08-2015, 16, 1005226,1007641,1008246,1004624,1002822
974a2f4, 06-08-2015, 1, 964208,951089,955967,960344,960894
974a2f4, 06-08-2015, 2, 995090,988640,995680,997456,996864
974a2f4, 06-08-2015, 4, 994500,993911,995680,995090,993322
974a2f4, 06-08-2015, 8, 986315,986315,989806,991561,991561
974a2f4, 06-08-2015, 16, 992735,996272,986315,996272,991561
34c9f42, 08-08-2015, 1, 946261,949475,944663,954335,950550
34c9f42, 08-08-2015, 2, 895740,895262,893831,890983,895262
34c9f42, 08-08-2015, 4, 945195,952169,946261,952169,943070
34c9f42, 08-08-2015, 8, 948401,944663,952169,940954,944663
34c9f42, 08-08-2015, 16, 897177,895262,892880,898138,896219
5b5bed6, 09-08-2015, 1, 911310,906387,905408,902972,904920
5b5bed6, 09-08-2015, 2, 897177,896698,894785,899101,897177
5b5bed6, 09-08-2015, 4, 873358,879309,893355,887214,891931
5b5bed6, 09-08-2015, 8, 889095,896698,890983,880232,890510
5b5bed6, 09-08-2015, 16, 905408,903945,904432,908350,898138
1e1238a, 11-08-2015, 1, 899583,897657,896698,900548,899101
1e1238a, 11-08-2015, 2, 894785,902001,894785,896698,903945
1e1238a, 11-08-2015, 4, 954879,953793,955967,952710,953251
1e1238a, 11-08-2015, 8, 955967,959246,955967,948401,953793
1e1238a, 11-08-2015, 16, 906877,903458,908350,908350,900065
5f94396, 14-08-2015, 1, 844349,844349,840542,844349,845626
5f94396, 14-08-2015, 2, 845626,832203,843924,840121,842653
5f94396, 14-08-2015, 4, 831378,840542,843076,838861,842230
5f94396, 14-08-2015, 8, 838861,832616,838023,835935,834272
5f94396, 14-08-2015, 16, 845626,844774,843076,832616,843076
6261a17, 15-08-2015, 1, 820402,823220,824028,822413,821607
6261a17, 15-08-2015, 2, 824028,824028,822010,822413,822010
6261a17, 15-08-2015, 4, 811670,812063,813244,812063,799677
6261a17, 15-08-2015, 8, 822816,824433,820803,821205,821607
6261a17, 15-08-2015, 16, 844774,845626,844774,843924,843924
081ce4e, 20-08-2015, 1, 847334,847762,847334,846906,849479
081ce4e, 20-08-2015, 2, 845200,847762,846052,847762,846906
081ce4e, 20-08-2015, 4, 756412,756753,757779,758807,758464
081ce4e, 20-08-2015, 8, 852068,850772,850772,849910,849910
081ce4e, 20-08-2015, 16, 835103,836352,835519,833858,836352
f565790, 22-08-2015, 1, 820402,822413,825244,824433,825244
f565790, 22-08-2015, 2, 817205,822413,820001,818800,817603
f565790, 22-08-2015, 4, 847762,849479,849479,849479,848620
f565790, 22-08-2015, 8, 843076,845200,841807,846479,846906
f565790, 22-08-2015, 16, 843500,846479,846052,844349,842653
3cbff1b, 26-08-2015, 1, 826464,825244,822816,819600,816012
3cbff1b, 26-08-2015, 2, 810102,817205,814428,826057,838023
3cbff1b, 26-08-2015, 4, 630722,635020,630722,630960,630012
3cbff1b, 26-08-2015, 8, 707303,707899,707899,707899,708797
3cbff1b, 26-08-2015, 16, 850772,848620,849049,848191,845626
4967366, 28-08-2015, 1, 840542,838861,836769,839280,835519
4967366, 28-08-2015, 2, 833858,835935,836352,837604,838023
4967366, 28-08-2015, 4, 847762,849910,850772,847334,850340
4967366, 28-08-2015, 8, 817603,825650,824839,802738,671357
4967366, 28-08-2015, 16, 849479,851203,851203,851203,852501
58c47dc, 29-08-2015, 1, 852934,855108,853368,849049,849910
58c47dc, 29-08-2015, 2, 850772,846052,847762,847334,849479
58c47dc, 29-08-2015, 4, 852501,851203,852501,852934,855980
58c47dc, 29-08-2015, 8, 849910,846479,851203,849910,850772
58c47dc, 29-08-2015, 16, 826871,825650,809711,818800,821205
f3f449c, 18-09-2015, 1, 828914,829734,828914,829734,828504
f3f449c, 18-09-2015, 2, 840542,838023,839701,840121,838023
f3f449c, 18-09-2015, 4, 824028,823220,828504,802738,831378
f3f449c, 18-09-2015, 8, 840542,838023,837186,835935,837604
f3f449c, 18-09-2015, 16, 834272,803892,807373,830555,832203
cb4ea59, 19-09-2015, 1, 837604,835103,835519,841807,838023
cb4ea59, 19-09-2015, 2, 831378,826871,831791,829324,826464
cb4ea59, 19-09-2015, 4, 831791,830967,828914,828096,806985
cb4ea59, 19-09-2015, 8, 834272,835519,836769,838442,835519
cb4ea59, 19-09-2015, 16, 836352,837604,836352,835519,836769
4e631e5, 20-09-2015, 1, 838442,835935,834272,842230,833858
4e631e5, 20-09-2015, 2, 843924,844774,841385,846479,845200
4e631e5, 20-09-2015, 4, 843500,847334,846479,848191,846479
4e631e5, 20-09-2015, 8, 817603,822010,819600,818401,818800
4e631e5, 20-09-2015, 16, 831791,833858,833858,837186,834272
f77fcee, 24-09-2015, 1, 846906,848191,844349,848620,846479
f77fcee, 24-09-2015, 2, 820803,822413,820402,822816,829324
f77fcee, 24-09-2015, 4, 845200,846052,842653,843076,843924
f77fcee, 24-09-2015, 8, 709096,704925,702858,702563,704629
f77fcee, 24-09-2015, 16, 848620,846479,847334,847334,844774
d58441a, 29-09-2015, 1, 839280,839701,838442,840121,841807
d58441a, 29-09-2015, 2, 846906,846052,844774,846052,845200
d58441a, 29-09-2015, 4, 846052,845200,845200,844349,844774
d58441a, 29-09-2015, 8, 840963,842230,843924,843500,842653
d58441a, 29-09-2015, 16, 842653,843500,843924,842653,839280
1e4521d, 01-10-2015, 1, 715446,730079,716975,733591,724092
1e4521d, 01-10-2015, 2, 820402,818800,817603,818401,819600
1e4521d, 01-10-2015, 4, 737136,736812,741698,734233,741043
1e4521d, 01-10-2015, 8, 826464,828504,830967,830967,829324
1e4521d, 01-10-2015, 16, 733911,730079,733591,731033,733591
a3e9a3f, 02-10-2015, 1, 829324,828096,828914,830967,830555
a3e9a3f, 02-10-2015, 2, 846479,845200,844349,843500,842653
a3e9a3f, 02-10-2015, 4, 842653,844349,843076,841807,846052
a3e9a3f, 02-10-2015, 8, 846052,846906,848620,845626,849049
a3e9a3f, 02-10-2015, 16, 844349,841385,843076,842230,842653
83cc2d8, 16-10-2015, 1, 829324,830555,839280,840542,842653
83cc2d8, 16-10-2015, 2, 844774,846479,845626,848191,847334
83cc2d8, 16-10-2015, 4, 844774,845626,846052,846906,849049
83cc2d8, 16-10-2015, 8, 845200,846052,844774,844774,842653
83cc2d8, 16-10-2015, 16, 856417,857731,857731,856417,858170
0eb648c, 28-10-2015, 1, 695285,627186,659482,674868,658188
0eb648c, 28-10-2015, 2, 846052,846906,848191,845626,846052
0eb648c, 28-10-2015, 4, 816410,817205,819200,819200,818401
0eb648c, 28-10-2015, 8, 826057,822010,820803,824839,820402
0eb648c, 28-10-2015, 16, 911310,911310,910815,912301,909334
18b1738, 29-10-2015, 1, 890510,890510,892880,892880,889566
18b1738, 29-10-2015, 2, 817603,831378,836352,830555,823624
18b1738, 29-10-2015, 4, 843924,845200,846052,845626,844349
18b1738, 29-10-2015, 8, 880232,888624,890510,873813,885341
18b1738, 29-10-2015, 16, 815219,810494,816807,808541,818401
3fdffa2, 30-10-2015, 1, 818800,823624,820001,818401,815616
3fdffa2, 30-10-2015, 2, 819600,815616,832203,826057,821607
3fdffa2, 30-10-2015, 4, 822816,820001,821205,818401,818401
3fdffa2, 30-10-2015, 8, 822413,810494,810885,808541,810494
3fdffa2, 30-10-2015, 16, 905408,909334,908350,908350,906387
221d5a8, 28-02-2016, 1, 1120723,1121472,1119974,1121472,1121472
26a67a7, 26-02-2016, 1, 884408,848191,845200,859048,849479
26a67a7, 28-02-2016, 1, 1108871,1107407,1111074,1111074,1111074
dc7b475, 26-02-2016, 1, 1092267,1089430,1091556,1085202,1085904
221d5a8, 28-02-2016, 2, 653064,645774,657930,644039,653573
26a67a7, 26-02-2016, 2, 546667,530925,539287,547024,531766
26a67a7, 28-02-2016, 2, 649273,658188,654338,654082,660780
dc7b475, 26-02-2016, 2, 649524,637190,645526,648019,633102
221d5a8, 28-02-2016, 4, 445728,456399,458394,463331,454298
26a67a7, 26-02-2016, 4, 427663,410402,421326,423453,420376
26a67a7, 28-02-2016, 4, 448829,465775,457394,457519,457020
dc7b475, 26-02-2016, 4, 450758,452704,450153,454052,465646
221d5a8, 28-02-2016, 8, 428646,432514,435094,442671,441506
26a67a7, 26-02-2016, 8, 382867,381995,388361,393277,396718
26a67a7, 28-02-2016, 8, 435207,436339,435207,431846,432625
dc7b475, 26-02-2016, 8, 432960,428318,427554,427881,433296
221d5a8, 28-02-2016, 16, 263585,264917,261817,265043,269254
26a67a7, 26-02-2016, 16, 243360,244816,246434,241851,241991
26a67a7, 28-02-2016, 16, 263379,265715,268521,266052,271828
dc7b475, 26-02-2016, 16, 258628,260962,264375,261450,263503
35d6e5d, 29-02-2016, 1, 839280,836352,835519,854237,842653
b3d3254, 01-03-2016, 1, 1114765,1116992,1114765,1116249,1116249
35d6e5d, 29-02-2016, 2, 545956,537215,546489,545246,537904
b3d3254, 01-03-2016, 2, 657930,656129,662607,661823,657930
35d6e5d, 29-02-2016, 4, 418280,418280,414867,417551,413537
b3d3254, 01-03-2016, 4, 460913,445492,456399,460407,456771
35d6e5d, 29-02-2016, 8, 397942,391168,394016,391351,390622
b3d3254, 01-03-2016, 8, 436907,435772,445965,437819,436793
35d6e5d, 29-02-2016, 16, 250294,248257,249105,251683,248625
b3d3254, 01-03-2016, 16, 270165,264375,265546,263627,266432
1c0b6c5, 04-03-2016, 1, 1117736,1118481,1121472,1121472,1116992
f80054d, 05-03-2016, 1, 838023,839701,839280,830967,837186
1c0b6c5, 04-03-2016, 2, 656643,652556,643792,654848,646521
f80054d, 05-03-2016, 2, 543656,549172,549352,553886,546311
1c0b6c5, 04-03-2016, 4, 476490,461293,468114,476490,468768
f80054d, 05-03-2016, 4, 416515,424417,421856,430516,427881
1c0b6c5, 04-03-2016, 8, 442671,440926,438620,447154,449671
f80054d, 05-03-2016, 8, 400506,401561,401753,398888,398225
1c0b6c5, 04-03-2016, 16, 265420,265841,267793,264458,272357
f80054d, 05-03-2016, 16, 250706,257083,255906,251683,250108
7c9c5a8, 05-03-2016, 1, 1122222,1122222,1125232,1124478,1122222
7c9c5a8, 05-03-2016, 2, 646272,655360,651542,653573
7c9c5a8, 05-03-2016, 4, 474872,473398,475949,475006,469950
7c9c5a8, 05-03-2016, 8, 442204,443842,440694,441855,442671
7c9c5a8, 05-03-2016, 16, 262349,268264,263834,264167,264291
9d77b21, 06-03-2016, 1, 1122222,1116249,1118481,1119974,1116249
9d77b21, 06-03-2016, 2, 674054,652049,673513,656386,661301
9d77b21, 06-03-2016, 4, 479486,471403,469687,478256,470213
9d77b21, 06-03-2016, 8, 448229,442904,444430,442320,441041
9d77b21, 06-03-2016, 16, 272889,269384,269514,268178,268952
22d7896, 07-03-2016, 1, 711804,723468,717282,704925,867937
22d7896, 07-03-2016, 2, 552245,549712,550434,543480,549892
22d7896, 07-03-2016, 4, 425170,420376,420692,423774,426467
22d7896, 07-03-2016, 8, 400794,392817,398414,390077,392633
22d7896, 07-03-2016, 16, 246108,243254,242410,242305,245676
4b8198f, 09-03-2016, 1, 1122222,1115506,1115506,1122222,1116249
4b8198f, 09-03-2016, 1, 812063,818401,829324,821607,824028
4b8198f, 09-03-2016, 2, 667617,663918,662869,664181,666291
4b8198f, 09-03-2016, 4, 474201,468768,472598,466422,475680
4b8198f, 09-03-2016, 8, 447631,445728,442787,447035,446321
4b8198f, 09-03-2016, 16, 249996,253241,257359,254625,255945
4b8198f, 09-03-2016, 16, 268909,268307,266686,270339,266136
601ac5a, 10-03-2016, 1, 1117736,1116992,1122222,1121472,1116992
601ac5a, 12-03-2016, 1, 1118481,1117736,1118481,1118481,1122973
601ac5a, 12-03-2016, 1, 886745,784715,831791,778525,781790
601ac5a, 10-03-2016, 2, 646023,658964,650280,658705,662346
601ac5a, 12-03-2016, 2, 507631,495195,507171,503367,508555
601ac5a, 12-03-2016, 2, 654338,650784,660260,657414,646521
601ac5a, 10-03-2016, 4, 467723,467332,474872,469162,464228
601ac5a, 12-03-2016, 4, 400124,402235,440347,405051,404368
601ac5a, 12-03-2016, 4, 472332,469818,480035,469293,471270
601ac5a, 10-03-2016, 8, 450153,445373,442671,443490,446916
601ac5a, 12-03-2016, 8, 368406,364089,370031,368973,368568
601ac5a, 12-03-2016, 8, 445137,448829,440000,443724,443490
601ac5a, 10-03-2016, 16, 268564,269038,269991,267238,266136
601ac5a, 12-03-2016, 16, 237503,251835,254316,253739,253203
601ac5a, 12-03-2016, 16, 271257,266686,265127,266390,262513
4835edf, 15-03-2016, 1, 1087311,1086607,1088017,1088017,1085904
4835edf, 15-03-2016, 1, 1111074,1112547,1115506,1114025,1111074
601ac5a, 14-03-2016, 1, 1045309,1057165,1034992,1033716,1092267
4835edf, 15-03-2016, 2, 638160,650784,634539,630249,651037
4835edf, 15-03-2016, 2, 650784,663918,660260,642805,649022
601ac5a, 14-03-2016, 2, 620918,612531,638160,612978,631910
4835edf, 15-03-2016, 4, 468376,455531,471270,464614,472864
4835edf, 15-03-2016, 4, 468768,468768,469162,471668,478392
601ac5a, 14-03-2016, 4, 460533,464357,445610,455408,460913
4835edf, 15-03-2016, 8, 441622,435094,442087,437933,445137
4835edf, 15-03-2016, 8, 442671,446203,442904,441157,443373
601ac5a, 14-03-2016, 8, 435207,425710,435207,432068,434193
4835edf, 15-03-2016, 16, 261613,268178,260880,265967,267921
4835edf, 15-03-2016, 16, 263544,266686,267921,264541,264959
601ac5a, 14-03-2016, 16, 267281,258151,261287,259830,264333
4835edf, 17-03-2016, 1, 1113286,1114025,1108871,1109604,1114025
4835edf, 17-03-2016, 2, 661301,649022,656900,643545,661041
4835edf, 17-03-2016, 4, 479623,474872,474335,479760,461801
4835edf, 17-03-2016, 8, 451243,440347,448589,444547,448589
4835edf, 17-03-2016, 16, 265841,266178,263048,267750,268521
540a515, 18-03-2016, 1, 1104491,1105947,1107407,1105218,1104491
540a515, 18-03-2016, 2, 648771,641331,648520,641331,650784
540a515, 18-03-2016, 4, 456523,468114,473398,470741,460407
540a515, 18-03-2016, 8, 444077,444783,442554,443255,446916
540a515, 18-03-2016, 16, 267836,270165,266644,271608,268650
751da54, 21-03-2016, 1, 1116249,1110339,1108871,1114025,1116992
751da54, 21-03-2016, 2, 663918,662084,638889,668415,661301
751da54, 21-03-2016, 4, 462565,474469,471933,476220,478802
751da54, 21-03-2016, 8, 450516,438964,441506,440231,444077
751da54, 21-03-2016, 16, 270208,265504,267750,264959,268693
92ffe69, 23-03-2016, 1, 1111074,1113286,1110339,1112547,1115506
92ffe69, 23-03-2016, 2, 663656,656129,676228,671626,666821
92ffe69, 23-03-2016, 4, 475275,472332,472731,469424,472332
92ffe69, 23-03-2016, 8, 438391,445019,440694,440462,439655
92ffe69, 23-03-2016, 16, 265672,271564,264291,269470,265043
f675ff8, 24-03-2016, 1, 1106677,1104491,1106677,1103764,1100867
f675ff8, 24-03-2016, 2, 661041,663918,654082,653318,653318
f675ff8, 24-03-2016, 4, 460533,451486,467984,452949,463843
f675ff8, 24-03-2016, 8, 437248,433632,426142,435207,434305
f675ff8, 24-03-2016, 16, 271257,267665,265672,264625,268393
7c008bd, 24-03-2016, 1, 1100145,1100867,1102314,1099424,1097985
7c008bd, 24-03-2016, 2, 647269,652302,648520,652810,648771
7c008bd, 24-03-2016, 4, 466034,463972,465517,475141,462565
7c008bd, 24-03-2016, 8, 444312,449309,435207,443255,443138
7c008bd, 24-03-2016, 16, 272978,268135,269081,272490,272889
f9d41a6, 26-03-2016, 1, 877011,874269,882547,876095,886745
f9d41a6, 26-03-2016, 2, 559614,564889,567757,579524,569105
f9d41a6, 26-03-2016, 4, 436566,431624,433296,432625,432402
f9d41a6, 26-03-2016, 8, 409800,408105,406918,411005,404563
f9d41a6, 26-03-2016, 16, 258270,254857,255167,252821,252631
82adbde, 27-03-2016, 1, 905408,903458,905408,901032,905408
82adbde, 28-03-2016, 1, 1119974,1117736,1114025,1116249,1116992
9a03686, 29-03-2016, 1, 1115506,1121472,1119974,1114025,1116249
82adbde, 27-03-2016, 2, 576141,581734,578325,582138,582138
82adbde, 28-03-2016, 2, 649776,647020,650280,641331,647020
9a03686, 29-03-2016, 2, 663131,649776,649022,672703,641576
82adbde, 27-03-2016, 4, 436452,436452,436339,443724,447273
82adbde, 28-03-2016, 4, 466552,472332,456399,468114,458269
9a03686, 29-03-2016, 4, 461547,463843,470213,471933,463715
82adbde, 27-03-2016, 8, 406130,407511,410904,416825,409200
82adbde, 28-03-2016, 8, 448709,445965,444901,435546,439194
9a03686, 29-03-2016, 8, 445610,438964,443138,444901,446559
82adbde, 27-03-2016, 16, 256729,257754,259669,255750,259951
82adbde, 28-03-2016, 16, 270469,268866,272181,269340,266941
9a03686, 29-03-2016, 16, 274586,270600,270513,268092,266898
c01e00f, 29-03-2016, 1, 1104491,1100145,1099424,1105218,1105218
c01e00f, 29-03-2016, 2, 640107,641086,639619,641822,638160
c01e00f, 29-03-2016, 4, 463972,460407,463972,464357,463075
c01e00f, 29-03-2016, 8, 439539,438276,442554,443490,440000
c01e00f, 29-03-2016, 16, 266941,270644,267111,268650,268092
45c5635, 31-03-2016, 1, 1020512,1020512,1013117,1012505,1013117
45c5635, 31-03-2016, 2, 614100,612084,618857,622762,615452
45c5635, 31-03-2016, 4, 448949,443959,447870,457644,445492
45c5635, 31-03-2016, 8, 424632,421009,421962,421009,422600
45c5635, 31-03-2016, 16, 258389,256925,261613,262595,263751
8f4568f, 01-04-2016, 1, 844774,848191,853368,861253,843076
8f4568f, 31-03-2016, 1, 1069294,1065897,1065897,1060507,1059837
8f4568f, 01-04-2016, 2, 557939,545246,551701,559987,559614
8f4568f, 31-03-2016, 2, 640107,619543,635501,634539,630485
8f4568f, 01-04-2016, 4, 420692,430075,426034,429524,428646
8f4568f, 31-03-2016, 4, 460280,458645,450395,453929,460280
8f4568f, 01-04-2016, 8, 393001,389172,396906,398036,408304
8f4568f, 31-03-2016, 8, 428537,428099,428646,426142,423881
8f4568f, 01-04-2016, 16, 254277,256102,255828,253701,255555
8f4568f, 31-03-2016, 16, 261817,267579,263296,265462,264541
faca1d0, 02-04-2016, 1, 1044008,1042063,1046614,1026129,1038837
faca1d0, 02-04-2016, 2, 606771,618401,613427,611192,607870
faca1d0, 02-04-2016, 4, 462310,456399,453684,452949,455655
faca1d0, 02-04-2016, 8, 432514,427554,427554,423881,431069
faca1d0, 02-04-2016, 16, 259108,265841,266263,260072,257754
2fef88c, 05-04-2016, 1, 1119974,1119227,1122973,1122222,1119974
d0ddc25, 03-04-2016, 1, 1122222,1122973,1122222,1123725,1127501
2fef88c, 05-04-2016, 2, 649022,656643,645278,654848,650028
d0ddc25, 03-04-2016, 2, 672434,671089,665498,669215,668149
2fef88c, 05-04-2016, 4, 476490,466163,461420,474201,471270
d0ddc25, 03-04-2016, 4, 477711,478939,471933,478392,476761
2fef88c, 05-04-2016, 8, 441157,443490,440000,444547,443021
d0ddc25, 03-04-2016, 8, 443842,447035,453316,438505,440694
2fef88c, 05-04-2016, 16, 266601,268693,267323,269817,268909
d0ddc25, 03-04-2016, 16, 264458,264000,270252,268092,266559
2fef88c, 06-04-2016, 1, 1028016,1024250,1023625,1034354,1023001
2fef88c, 06-04-2016, 2, 621378,610081,637674,631197,614775
2fef88c, 06-04-2016, 4, 479486,463203,451486,457020,457145
2fef88c, 06-04-2016, 8, 433072,431624,428975,431069,426034
2fef88c, 06-04-2016, 16, 260354,262719,269991,265799,265757
329561a, 07-04-2016, 1, 869286,878848,875638,871997,872450
329561a, 07-04-2016, 2, 567565,563561,562805,564319,562428
329561a, 07-04-2016, 4, 435320,428099,426901,423453,430627
329561a, 07-04-2016, 8, 400315,406425,401561,404758,408105
329561a, 07-04-2016, 16, 250145,250856,255400,255711,251006
187bd93, 09-04-2016, 1, 1130540,1131302,1127501,1131302,1129019
347caf0, 11-04-2016, 1, 876095,877469,877469,856855,816807
347caf0, 12-04-2016, 1, 1063869,1067253,1062522,1069294,1062522
347caf0, 13-04-2016, 1, 1124478,1129019,1127501,1125232,1123725
d57ae3d, 08-04-2016, 1, 1062522,1051204,1049232,1062522,1061849
187bd93, 09-04-2016, 2, 650280,653318,661562,651037,650280
347caf0, 11-04-2016, 2, 531935,537559,532441,541026,535329
347caf0, 12-04-2016, 2, 635501,647519,636465,644534,645278
347caf0, 13-04-2016, 2, 652556,647519,667617,651289,653573
d57ae3d, 08-04-2016, 2, 643792,643545,642559,644782,646272
187bd93, 09-04-2016, 4, 462947,472864,471800,467462,461674
347caf0, 11-04-2016, 4, 404270,407016,391716,409001,401273
347caf0, 12-04-2016, 4, 465646,473131,475410,468506,476761
347caf0, 13-04-2016, 4, 468899,462692,462055,471403,469424
d57ae3d, 08-04-2016, 4, 477439,479623,477711,471403,471933
187bd93, 09-04-2016, 8, 444077,452216,444430,441506,449069
347caf0, 11-04-2016, 8, 393093,388272,382692,394572,384534
347caf0, 12-04-2016, 8, 435433,437248,437248,440926,437705
347caf0, 13-04-2016, 8, 437819,442671,440000,441041,439770
d57ae3d, 08-04-2016, 8, 436793,428427,427881,432402,440694
187bd93, 09-04-2016, 16, 265378,270688,271740,271696,274766
347caf0, 11-04-2016, 16, 245712,250444,243007,254008,247744
347caf0, 12-04-2016, 16, 265210,267366,264792,263793,264416
347caf0, 13-04-2016, 16, 269947,264792,271432,269774,275172
d57ae3d, 08-04-2016, 16, 265757,266305,263834,266813,260435
4deadba, 21-04-2016, 1, 1050546,1051204,1047921,1050546,1047921
4deadba, 21-04-2016, 2, 621609,623225,621839,625083,626717
4deadba, 21-04-2016, 4, 458519,456027,462310,452460,448829
4deadba, 21-04-2016, 8, 428756,433856,436907,436112,430737
4deadba, 21-04-2016, 16, 262883,260435,265169,267111,260637
4deadba, 21-04-2016, 1, 1132830,1130540,1135898,1132830,1132830
4deadba, 21-04-2016, 2, 654338,655872,665763,655360,653318
4deadba, 21-04-2016, 4, 467853,464228,458519,460786,465646
4deadba, 21-04-2016, 8, 437248,438505,443607,446440,436793
4deadba, 21-04-2016, 16, 259228,276669,269427,265001,268435
66c6f1e, 23-04-2016, 1, 1126744,1133596,1129019,1129019,1127501
e31e052, 22-04-2016, 1, 783982,779248,779973,774929,783250
66c6f1e, 23-04-2016, 2, 661041,654338,644039,653573,644534
e31e052, 22-04-2016, 2, 521842,517336,511969,518135,510101
66c6f1e, 23-04-2016, 4, 462437,462055,459147,468768,464485
e31e052, 22-04-2016, 4, 404563,398414,404465,405835,411307
66c6f1e, 23-04-2016, 8, 443138,443255,441622,443138,443959
e31e052, 22-04-2016, 8, 391442,379146,380868,386839,383830
66c6f1e, 23-04-2016, 16, 270600,274586,268393,264834,268693
e31e052, 22-04-2016, 16, 243360,240948,237570,241087,239777
66c6f1e, 24-04-2016, 1, 1130540,1129019,1129019,1126744,1125988
66c6f1e, 24-04-2016, 2, 664707,661301,667086,669749,657930
66c6f1e, 24-04-2016, 4, 475006,474872,476625,480860,469293
66c6f1e, 24-04-2016, 8, 446559,444901,445019,441273,448829
66c6f1e, 24-04-2016, 16, 271344,270644,275850,269211,268350
179fc55, 25-04-2016, 1, 1049888,1055171,1038837,1045961,1047267
179fc55, 25-04-2016, 2, 631910,624617,626717,617718,626717
179fc55, 25-04-2016, 4, 454421,458895,455408,461039,457269
179fc55, 25-04-2016, 8, 423560,428865,433856,427445,434530
179fc55, 25-04-2016, 16, 262185,261490,261124,258469,261002
a360618, 27-04-2016, 1, 1122973,1125232,1123725,1122222,1123725
a360618, 27-04-2016, 2, 654593,655616,653064,658188,648771
a360618, 27-04-2016, 4, 459524,464228,460028,463075,462437
a360618, 27-04-2016, 8, 446559,444901,438849,438964,444077
a360618, 27-04-2016, 16, 269557,272092,264959,267451,271037
1f71923, 27-04-2016, 1, 1155456,1157049,1154660,1154660,1153866
1f71923, 27-04-2016, 2, 663656,658188,660520,656129,655616
1f71923, 27-04-2016, 4, 450274,457269,448709,457519,451729
1f71923, 27-04-2016, 8, 428427,426142,433520,422813,429744
1f71923, 27-04-2016, 16, 271564,266221,267707,268866,268564
1f71923, 29-04-2016, 1, 1029909,1044008,1044008,1047267,1043359
1f71923, 29-04-2016, 2, 606552,607210,605020,614775,618629
1f71923, 29-04-2016, 4, 426467,431846,434981,439770,436679
1f71923, 29-04-2016, 8, 422706,421538,426684,425386,427227
1f71923, 29-04-2016, 16, 265294,263503,258708,263255,260273
8ac768e, 30-04-2016, 1, 1095834,1090846,1092267,1089430,1093691
8ac768e, 30-04-2016, 2, 631435,637674,640596,639619,631672
8ac768e, 30-04-2016, 4, 459272,447751,445965,439424,433744
8ac768e, 30-04-2016, 8, 426034,423133,422068,426359,424310
8ac768e, 30-04-2016, 16, 259468,254625,258071,264750,261083
8ac768e, 01-05-2016, 1, 1078921,1071342,1066574,1079615,1065897
8ac768e, 01-05-2016, 2, 622070,614550,621609,615001,625316
8ac768e, 01-05-2016, 4, 424525,435772,433408,434981,440462
8ac768e, 01-05-2016, 8, 423774,421115,423240,422281,421221
8ac768e, 01-05-2016, 16, 256415,258230,255517,259468,258748
8ac768e, 02-05-2016, 1, 1045309,1049232,1046614,1049232,1048576
f0bd292, 02-05-2016, 1, 1083100,1084500,1085202,1083799,1081703
8ac768e, 02-05-2016, 2, 617036,615904,624385,628831,631197
f0bd292, 02-05-2016, 2, 653318,632864,630485,632148,630722
8ac768e, 02-05-2016, 4, 441622,462055,437933,444430,435094
f0bd292, 02-05-2016, 4, 446321,442671,457020,444901,441506
8ac768e, 02-05-2016, 8, 428646,433184,432514,426793,430406
f0bd292, 02-05-2016, 8, 432291,434981,427445,426901,428318
8ac768e, 02-05-2016, 16, 264333,260597,261043,257319,263627
f0bd292, 02-05-2016, 16, 264917,267964,262801,260962,264042
195eabb, 03-05-2016, 1, 1058499,1061177,1057165,1059168,1057165
195eabb, 03-05-2016, 2, 630960,630012,624850,628360,625316
195eabb, 03-05-2016, 4, 441390,431291,446559,443842,444430
195eabb, 03-05-2016, 8, 426901,430848,428537,426793,428756
195eabb, 03-05-2016, 16, 259669,261002,262842,259388,262595
d3b42ee, 04-05-2016, 1, 1149912,1153866,1154660,1153866,1149912
d3b42ee, 04-05-2016, 2, 657414,654082,662607,651289,664707
d3b42ee, 04-05-2016, 4, 450758,455037,451243,467592,460154
d3b42ee, 04-05-2016, 8, 436566,427010,428646,432514,431402
d3b42ee, 04-05-2016, 16, 266094,270950,268007,272845,266983
ae974a4, 05-05-2016, 1, 914788,919300,894785,914290,914788
ae974a4, 05-05-2016, 2, 565080,576735,569491,570848,574956
ae974a4, 05-05-2016, 4, 423026,415998,422387,431180,426034
ae974a4, 05-05-2016, 8, 403687,407313,407214,407214,403105
ae974a4, 05-05-2016, 16, 254393,252403,250893,248809,257201
0282595, 06-05-2016, 1, 1110339,1110339,1111074,1113286,1111810
0282595, 06-05-2016, 2, 648270,654593,634299,642559,642067
0282595, 06-05-2016, 4, 457020,443842,450637,445965,453193
0282595, 06-05-2016, 8, 421221,423346,420271,421221,426467
0282595, 06-05-2016, 16, 267579,262636,260921,266898,262883
2458685, 07-05-2016, 1, 1148338,1152281,1149124,1146768,1145985
2458685, 07-05-2016, 2, 654338,648019,651795,654593,654848
2458685, 07-05-2016, 4, 416205,416618,421221,400985,412521
2458685, 07-05-2016, 8, 414457,412217,419955,413232,418176
2458685, 07-05-2016, 16, 264917,263503,265504,262308,262185
2458685, 08-05-2016, 1, 1147552,1151490,1152281,1149912,1147552
2458685, 08-05-2016, 2, 663656,655872,651542,648270,656386
2458685, 08-05-2016, 4, 443842,438964,432960,444077,444901
2458685, 08-05-2016, 8, 418280,423453,419850,415689,418384
2458685, 08-05-2016, 16, 270426,267281,266771,264500,270775
a497393, 10-05-2016, 1, 1144421,1144421,1142862,1145985,1150701
a497393, 10-05-2016, 2, 648019,652556,646770,653828,648520
a497393, 10-05-2016, 4, 435320,432625,434643,436679,433072
a497393, 10-05-2016, 8, 417968,415278,416825,422068,423881
a497393, 10-05-2016, 16, 266263,263007,264876,267451,264125
fbee2ee, 11-05-2016, 1, 1146768,1146768,1148338,1145202,1142084
fbee2ee, 11-05-2016, 2, 649022,650028,647269,649022,650280
fbee2ee, 11-05-2016, 4, 436452,420166,424310,428427,433744
fbee2ee, 11-05-2016, 8, 409700,416618,413334,414969,416308
fbee2ee, 11-05-2016, 16, 260637,262021,262472,263503,257794
1c0e89a, 12-05-2016, 1, 929486,925384,926918,931550,931033
a23877b, 13-05-2016, 1, 1136668,1136668,1134362,1135898,1133596
1c0e89a, 12-05-2016, 2, 594515,598332,601981,597054,593884
a23877b, 13-05-2016, 2, 663918,662869,657157,661823,659223
1c0e89a, 12-05-2016, 4, 439079,436907,444665,443724,439655
a23877b, 13-05-2016, 4, 466812,464485,465258,464614,471668
1c0e89a, 12-05-2016, 8, 418072,416618,411307,409300,415483
a23877b, 13-05-2016, 8, 425710,428975,427663,422068,422281
1c0e89a, 12-05-2016, 16, 274451,268478,276214,272667,276123
a23877b, 13-05-2016, 16, 281970,286790,287232,284408,287823
b60677b, 14-05-2016, 1, 1138983,1138983,1136668,1135898,1135898
b60677b, 14-05-2016, 2, 653064,671089,658964,668415,669749
b60677b, 14-05-2016, 4, 470345,471668,463843,470477,470873
b60677b, 14-05-2016, 8, 431957,431735,433072,432291,429085
b60677b, 14-05-2016, 16, 284408,286008,287527,286301,287035
9b04306, 14-05-2016, 1, 1138983,1138983,1132066,1124478,1125988
9b04306, 14-05-2016, 2, 668948,658964,661562,659223,662607
9b04306, 14-05-2016, 4, 465517,454298,469030,483354,487852
9b04306, 14-05-2016, 8, 440578,435546,437590,435546,444665
9b04306, 14-05-2016, 16, 292949,293719,292643,287971,288169
16d9cd8, 16-05-2016, 1, 1138983,1138210,1138983,1143641,1145202
f790834, 16-05-2016, 1, 1138983,1137438,1135130,1133596,1132830
f790834, 18-05-2016, 1, 1132066,1132830,1132830,1129779,1132066
16d9cd8, 16-05-2016, 2, 658446,656386,667086,662084,659482
f790834, 16-05-2016, 2, 653828,664444,654848,660780,666291
f790834, 18-05-2016, 2, 665498,660520,675139,662346,668681
16d9cd8, 16-05-2016, 4, 460154,460533,467592,454052,458770
f790834, 16-05-2016, 4, 462055,459650,461039,458770,465387
f790834, 18-05-2016, 4, 463715,471933,465387,467853,465129
16d9cd8, 16-05-2016, 8, 429085,433744,429634,432514,435433
f790834, 16-05-2016, 8, 432514,428318,431291,429854,427227
f790834, 18-05-2016, 8, 437248,435659,433632,431735,432625
16d9cd8, 16-05-2016, 16, 287478,283926,284794,289862,286741
f790834, 16-05-2016, 16, 291221,287429,286594,286252,285813
f790834, 18-05-2016, 16, 288715,294854,290113,286643,286839
33fe0c1, 19-05-2016, 1, 1125988,1126744,1126744,1130540,1131302
33fe0c1, 19-05-2016, 2, 663656,669215,655104,657930,666821
33fe0c1, 19-05-2016, 4, 450516,452094,453561,453316,456896
33fe0c1, 19-05-2016, 8, 430848,430075,431624,423774,427010
33fe0c1, 19-05-2016, 16, 287134,290968,287725,285472,290918
33fe0c1, 20-05-2016, 1, 1135898,1137438,1135130,1129019,1132066
33fe0c1, 20-05-2016, 2, 671357,649524,648019,652302,656900
33fe0c1, 20-05-2016, 4, 455779,447990,457145,465258,452216
33fe0c1, 20-05-2016, 8, 429524,430406,427445,427227,428099
33fe0c1, 20-05-2016, 16, 286203,285278,283830,286349,287232
33fe0c1, 21-05-2016, 1, 1133596,1136668,1132830,1133596,1131302
33fe0c1, 21-05-2016, 2, 653573,670552,647020,666821,662084
33fe0c1, 21-05-2016, 4, 470741,469424,472199,461801,458770
33fe0c1, 21-05-2016, 8, 425170,429304,432291,434418,428865
33fe0c1, 21-05-2016, 16, 288715,290113,283303,288268,288814
33fe0c1, 22-05-2016, 1, 906877,902972,890510,906387,904920
33fe0c1, 23-05-2016, 1, 1132830,1132066,1133596,1130540,1132066
7611b5f, 24-05-2016, 1, 1135898,1136668,1136668,1138210,1136668
77631d8, 26-05-2016, 1, 1129779,1132830,1133596,1134362,1131302
77631d8, 26-05-2016, 1, 1133596,1132830,1132066,1131302,1132066
33fe0c1, 22-05-2016, 2, 569685,577132,567565,577927,578325
33fe0c1, 23-05-2016, 2, 665235,659482,658705,649524,658446
7611b5f, 24-05-2016, 2, 657672,654593,657930,653064,655104
77631d8, 26-05-2016, 2, 658964,658964,654338,655360,656129
77631d8, 26-05-2016, 2, 660520,652049,656386,655872,655104
33fe0c1, 22-05-2016, 4, 421432,422068,435885,426250,426793
33fe0c1, 23-05-2016, 4, 461293,457893,454790,459147,466552
7611b5f, 24-05-2016, 4, 461674,458770,462947,444665,454667
77631d8, 26-05-2016, 4, 448829,451607,453438,452460,464228
77631d8, 26-05-2016, 4, 459398,463075,454914,462055,464743
33fe0c1, 22-05-2016, 8, 409300,416102,412318,409500,415689
33fe0c1, 23-05-2016, 8, 425818,431624,427227,428537,431069
7611b5f, 24-05-2016, 8, 427990,428756,432849,432514,431291
77631d8, 26-05-2016, 8, 430406,432514,430627,430848,433520
77631d8, 26-05-2016, 8, 430848,428537,432068,431735,431513
33fe0c1, 22-05-2016, 16, 271652,271564,268007,271520,274991
33fe0c1, 23-05-2016, 16, 288417,286545,284553,285133,286643
7611b5f, 24-05-2016, 16, 290666,285521,283782,286203,285036
77631d8, 26-05-2016, 16, 287035,288566,283591,286839,291828
77631d8, 26-05-2016, 16, 292949,285230,276989,286594,285764
b890054, 27-05-2016, 1, 754371,756753,756412,773500,755390
b890054, 27-05-2016, 2, 519258,516858,516540,513379,522167
b890054, 27-05-2016, 4, 398793,383830,389534,388721,395037
b890054, 27-05-2016, 8, 374324,380005,380868,378036,376086
b890054, 27-05-2016, 16, 249921,257240,255478,247233,247452
add260b, 28-05-2016, 1, 739410,842653,731033,784349,756071
add260b, 28-05-2016, 2, 479486,511500,495781,440694,512125
add260b, 28-05-2016, 4, 333742,372413,325077,382605,363537
add260b, 28-05-2016, 8, 343092,352463,356734,359794,365119
add260b, 28-05-2016, 16, 238042,250818,237167,248625,237134
add260b, 29-05-2016, 1, 1074086,1076843,1075463,1070658,1068612
add260b, 29-05-2016, 2, 635741,640596,628125,635501,644039
add260b, 29-05-2016, 4, 446084,447990,450274,447751,445373
add260b, 29-05-2016, 8, 435433,431069,429195,427990,434081
add260b, 29-05-2016, 16, 285862,279900,280415,284746,281450
add260b, 30-05-2016, 1, 1075463,1076843,1075463,1076843,1074086
add260b, 30-05-2016, 2, 635741,639376,629067,637190,628596
add260b, 30-05-2016, 4, 451607,453071,452704,453438,452826
add260b, 30-05-2016, 8, 428646,432849,436339,427010,428865
add260b, 30-05-2016, 16, 285278,278784,283303,283112,280790
add260b, 30-05-2016, 1, 1129779,1127501,1128259,1129019,1125988
add260b, 30-05-2016, 2, 664707,676774,677867,672973,677867
add260b, 30-05-2016, 4, 474872,468637,456151,468506,458770
add260b, 30-05-2016, 8, 430627,427119,428318,429854,435885
add260b, 30-05-2016, 16, 288120,289362,289312,287134,290817
add260b, 31-05-2016, 1, 1078227,1072712,1068612,1068612,1069294
add260b, 31-05-2016, 2, 640352,637432,632148,634539,648270
add260b, 31-05-2016, 4, 440116,446084,444430,444430,448709
add260b, 31-05-2016, 8, 434193,431291,433744,430406,427554
add260b, 31-05-2016, 16, 283878,281497,280509,282683,285570
2dc76fa, 01-06-2016, 1, 914788,893355,891931,897657,899101
2dc76fa, 01-06-2016, 2, 580527,570072,571042,568526,579524
2dc76fa, 01-06-2016, 4, 429414,424310,418072,432291,422600
2dc76fa, 01-06-2016, 8, 416308,411106,415072,411913,412419
2dc76fa, 01-06-2016, 16, 267494,267665,269774,269643,270078
8f4c433, 02-06-2016, 1, 1063869,1065220,1069294,1058499,1065897
8f4c433, 02-06-2016, 2, 642067,639619,644534,644039,649524
8f4c433, 02-06-2016, 4, 463972,456399,450637,454175,457145
8f4c433, 02-06-2016, 8, 426684,429304,433296,428099,428756
8f4c433, 02-06-2016, 16, 285036,282683,281591,285181,285036
8f4c433, 03-06-2016, 1, 1126744,1129779,1132066,1129779,1127501
8f4c433, 03-06-2016, 2, 651037,658446,659223,649022,656386
8f4c433, 03-06-2016, 4, 463075,457394,454298,463972,461674
8f4c433, 03-06-2016, 8, 430516,429854,432960,431624,432402
8f4c433, 03-06-2016, 16, 285278,277401,280321,284697,287626
8f4c433, 04-06-2016, 1, 1132066,1131302,1127501,1126744,1126744
8f4c433, 04-06-2016, 2, 662346,655360,649524,651037,655360
8f4c433, 04-06-2016, 4, 464357,460407,459398,456647,457394
8f4c433, 04-06-2016, 8, 429195,432402,431180,431402,428756
8f4c433, 04-06-2016, 16, 286154,279527,286349,286545,281828
8f4c433, 05-06-2016, 1, 1135130,1134362,1129019,1129019,1127501
8f4c433, 05-06-2016, 2, 659741,660260,655872,662084,659741
8f4c433, 05-06-2016, 4, 459021,451122,467202,465387,461166
8f4c433, 05-06-2016, 8, 432849,432737,428537,430406,433632
8f4c433, 05-06-2016, 16, 293052,292388,286154,287134,290766
f5d8e0b, 06-06-2016, 1, 1122973,1123725,1123725,1124478,1128259
f5d8e0b, 06-06-2016, 2, 653828,660780,660520,652302,650784
f5d8e0b, 06-06-2016, 4, 467592,469293,465517,466682,461547
f5d8e0b, 06-06-2016, 8, 430075,423774,430406,428209,429414
f5d8e0b, 06-06-2016, 16, 287281,286741,287823,284649,286888
e68ee5c, 08-06-2016, 1, 1127501,1129019,1129779,1132066,1125232
f5d8e0b, 07-06-2016, 1, 1119227,1122973,1122222,1121472,1120723
e68ee5c, 08-06-2016, 2, 667086,667086,663918,668681,667086
f5d8e0b, 07-06-2016, 2, 647519,651542,643545,647769,646023
e68ee5c, 08-06-2016, 4, 464485,462692,466552,469162,465258
f5d8e0b, 07-06-2016, 4, 464100,457893,458645,457519,459902
e68ee5c, 08-06-2016, 8, 430406,433408,432737,431180,431957
f5d8e0b, 07-06-2016, 8, 427990,430516,428099,426901,427881
e68ee5c, 08-06-2016, 16, 286643,288417,288715,285036,287675
f5d8e0b, 07-06-2016, 16, 281072,286790,283351,287380,280040
62f94d4, 10-06-2016, 1, 1032444,1033716,1037552,1039481,1029909
62f94d4, 10-06-2016, 2, 620459,620689,620689,619314,621839
62f94d4, 10-06-2016, 4, 447870,444901,447273,446440,441622
62f94d4, 10-06-2016, 8, 433520,433072,432291,435885,428756
62f94d4, 10-06-2016, 16, 281781,283591,281402,277585,283351
62f94d4, 10-06-2016, 1, 1129779,1128259,1133596,1135130,1134362
62f94d4, 10-06-2016, 2, 654082,656643,652810,657157,652810
62f94d4, 10-06-2016, 4, 459147,454421,457269,462437,454544
62f94d4, 10-06-2016, 8, 425926,427336,432291,428427,428756
62f94d4, 10-06-2016, 16, 286888,286301,288120,285036,287380
62f94d4, 11-06-2016, 1, 910815,891457,905408,888153,904432
62f94d4, 11-06-2016, 2, 565842,577132,577728,580326,568719
62f94d4, 11-06-2016, 4, 420482,418384,429634,429195,430075
62f94d4, 11-06-2016, 8, 412318,409800,415380,412115,416411
62f94d4, 11-06-2016, 16, 272313,268264,266347,267793,271696
01193c4, 13-06-2016, 1, 877929,831791,857293,808541,861696
62f94d4, 12-06-2016, 1, 1132830,1137438,1136668,1132066,1132830
01193c4, 13-06-2016, 2, 564889,571236,562051,560361,558868
62f94d4, 12-06-2016, 2, 666821,668681,669215,658705,663918
01193c4, 13-06-2016, 4, 419221,421221,416411,417655,420587
62f94d4, 12-06-2016, 4, 484891,465646,461293,470345,471403
01193c4, 13-06-2016, 8, 397188,390804,380091,394758,395689
62f94d4, 12-06-2016, 8, 433968,436907,436225,433856,434193
01193c4, 13-06-2016, 16, 262267,263876,269124,263379,260759
62f94d4, 12-06-2016, 16, 290313,290113,278321,289212,287330
d523ab3, 14-06-2016, 1, 1140531,1138983,1137438,1138210,1135130
d523ab3, 14-06-2016, 2, 654848,659482,651795,659223,654338
d523ab3, 14-06-2016, 4, 458269,451851,451972,457020,461293
d523ab3, 14-06-2016, 8, 419430,422175,423240,425818,423346
d523ab3, 14-06-2016, 16, 279807,282017,283782,285472,282160
51f9a57, 16-06-2016, 1, 1138210,1139757,1140531,1140531,1139757
51f9a57, 16-06-2016, 2, 653828,673243,659482,668415,660780
51f9a57, 16-06-2016, 4, 438162,454790,445019,462692,446321
51f9a57, 16-06-2016, 8, 430516,426142,430295,428318,424203
51f9a57, 16-06-2016, 16, 290464,285521,288219,284456,288021
2db5940, 17-06-2016, 1, 1144421,1145985,1146768,1143641,1142862
2db5940, 17-06-2016, 2, 660260,662607,675139,668681,668149
2db5940, 17-06-2016, 4, 462182,462565,467072,457020,452582
2db5940, 17-06-2016, 8, 427227,430295,427445,428427,427227
2db5940, 17-06-2016, 16, 287873,287626,288120,290766,285618
00e2783, 17-06-2016, 1, 1144421,1144421,1146768,1145985,1144421
d21981c, 19-06-2016, 1, 1145202,1145985,1138983,1139757,1137438
00e2783, 17-06-2016, 2, 659223,650784,657930,652810,671626
d21981c, 19-06-2016, 2, 663918,655616,673784,662607,664971
00e2783, 17-06-2016, 4, 455779,442671,457644,453929,444194
d21981c, 19-06-2016, 4, 473933,465904,464357,471270,464357
00e2783, 17-06-2016, 8, 426467,427336,428209,425170,429634
d21981c, 19-06-2016, 8, 429414,422068,418907,432625,419430
00e2783, 17-06-2016, 16, 285327,284697,282826,281828,285133
d21981c, 19-06-2016, 16, 281167,287873,286545,285424,280743
d4c5ae3, 20-06-2016, 1, 1085904,1079615,1084500,1082401,1072712
d4c5ae3, 20-06-2016, 2, 636224,639132,646272,638402,635501
d4c5ae3, 20-06-2016, 4, 410301,435207,442671,432068,454298
d4c5ae3, 20-06-2016, 8, 433184,431846,429414,417032,422068
d4c5ae3, 20-06-2016, 16, 284842,284794,279714,277907,284215
ce65452, 21-06-2016, 1, 1145985,1142084,1142084,1139757,1142084
ce65452, 21-06-2016, 2, 661301,656900,658446,655872,655872
ce65452, 21-06-2016, 4, 409800,413946,434756,432514,427227
ce65452, 21-06-2016, 8, 419116,421644,418802,413946,415072
ce65452, 21-06-2016, 16, 279248,281639,286398,287232,275036
ce65452, 22-06-2016, 1, 1138983,1138983,1141307,1145985,1145985
ce65452, 22-06-2016, 2, 659741,668149,664707,667086,666291
ce65452, 22-06-2016, 4, 453561,459650,441738,457269,461928
ce65452, 22-06-2016, 8, 426901,423881,429085,426793,429854
ce65452, 22-06-2016, 16, 280884,284601,285327,282160,281072
ce65452, 23-06-2016, 1, 1069976,1071342,1074086,1070658,1076843
ce65452, 23-06-2016, 2, 632864,651289,635501,630012,625782
ce65452, 23-06-2016, 4, 424740,413741,420587,404076,414764
ce65452, 23-06-2016, 8, 423346,415895,417448,414559,413844
ce65452, 23-06-2016, 16, 277355,276396,279994,280040,276396
059ebb6, 25-06-2016, 1, 1037552,1053184,998644,990391,994500
2057dde, 29-06-2016, 1,
059ebb6, 25-06-2016, 2, 615452,601118,609416,598332,603931
2057dde, 29-06-2016, 2,
059ebb6, 25-06-2016, 4, 427336,430406,427010,430185,427445
2057dde, 29-06-2016, 4,
059ebb6, 25-06-2016, 8, 418176,411913,414764,414969,408901
2057dde, 29-06-2016, 8,
059ebb6, 25-06-2016, 16, 274991,270252,270339,274496,269904
2057dde, 29-06-2016, 16,
0695d13, 30-06-2016, 1, 1013729,1006432,1014342,1010676,1012505
0695d13, 30-06-2016, 2, 384534,380954,384270,383479,378718
0695d13, 30-06-2016, 4, 305707,309371,307839,310058,311960
0695d13, 30-06-2016, 8, 290867,293154,287577,287823,288516
0695d13, 30-06-2016, 16, 267068,269427,269427,274721,270208
0b8f766, 01-07-2016, 1, 621148,595148,604802,602197,619772
0b8f766, 01-07-2016, 2, 292898,282587,278091,287527,275217
0b8f766, 01-07-2016, 4, 234319,230045,232726,231027,260880
0b8f766, 01-07-2016, 8, 244994,224805,226505,225500,219971
0b8f766, 01-07-2016, 16, 205477,209166,214488,211914,212021
7f5479d, 02-07-2016, 1, 770658,750658,748649,744661,656643
7f5479d, 02-07-2016, 2, 321095,341139,338728,339071,336554
7f5479d, 02-07-2016, 4, 285133,282160,283303,283638,280087
7f5479d, 02-07-2016, 8, 261246,260273,269211,265967,270165
7f5479d, 02-07-2016, 16, 248920,247415,251835,248037,249512
7f5479d, 03-07-2016, 1, 784349,768539,784349,782155,792125
7f5479d, 03-07-2016, 2, 340793,338592,340309,331173,338660
7f5479d, 03-07-2016, 4, 283495,280790,282730,282350,285570
7f5479d, 03-07-2016, 8, 275443,279807,267750,262636,264834
7f5479d, 03-07-2016, 16, 246325,251081,247964,249512,247817
7f5479d, 03-07-2016, 1, 516381,628596,508555,500962,503669
7f5479d, 03-07-2016, 2, 286349,266601,292286,276350,252783
7f5479d, 03-07-2016, 4, 231890,239298,227704,229228,227797
7f5479d, 03-07-2016, 8, 227057,208750,205931,204800,197379
7f5479d, 03-07-2016, 16, 192003,191281,187455,192289,185261
7f5479d, 05-07-2016, 1, 1135898,1132830,1131302,1129779,1131302
7f5479d, 05-07-2016, 2, 402814,402235,400602,402331,400029
7f5479d, 05-07-2016, 4, 310862,310862,311266,315124,311150
7f5479d, 05-07-2016, 8, 299219,297468,295270,294337,293308
7f5479d, 05-07-2016, 16, 275986,278275,272004,275624,274407
338665f, 06-07-2016, 1, 1086607,1099424,1120723,1123725,1119974
338665f, 06-07-2016, 2, 403395,399743,399838,400315,399838
338665f, 06-07-2016, 4, 314829,317270,318353,318958,315955
338665f, 06-07-2016, 8, 298103,299540,297310,298474,297205
338665f, 06-07-2016, 16, 277493,277401,275443,277218,274541
0430db5, 06-07-2016, 1, 1116992,1114765,1119227,1124478,1123725
0430db5, 06-07-2016, 2, 400698,402718,397282,397564,397000
0430db5, 06-07-2016, 4, 315124,315598,316313,316790,314947
0430db5, 06-07-2016, 8, 297785,295478,295999,293154,296156
0430db5, 06-07-2016, 16, 277493,273289,275352,275669,279201
80e6635, 08-07-2016, 1, 1119227,1119974,1120723,1122973,1120723
80e6635, 08-07-2016, 2, 403590,403492,402524,401465,401465
80e6635, 08-07-2016, 4, 320115,319749,319140,320115,320849
80e6635, 08-07-2016, 8, 299166,299112,303331,302074,300183
80e6635, 08-07-2016, 16, 277172,278923,276624,281970,276989
8b2feb8, 08-07-2016, 1, 1118481,1121472,1117736,1117736,1122222
8b2feb8, 08-07-2016, 2, 401561,402718,401561,401081,401946
8b2feb8, 08-07-2016, 4, 318777,321526,320420,318232,321772
8b2feb8, 08-07-2016, 8, 300937,296365,302074,297732,300129
8b2feb8, 08-07-2016, 16, 276532,278969,280696,280978,279667
8b2feb8, 09-07-2016, 1, 1122222,1119974,1120723,1116992,1119227
8b2feb8, 09-07-2016, 2, 400985,400411,398793,399934,398036
8b2feb8, 09-07-2016, 4, 314592,315361,313886,313359,311555
8b2feb8, 09-07-2016, 8, 297997,296784,295426,294182,293667
8b2feb8, 09-07-2016, 16, 277677,277585,278830,277401,273378
8b2feb8, 11-07-2016, 1, 1122222,1117736,1122222,1119227,1122973
8b2feb8, 11-07-2016, 2, 399743,401081,403978,404270,403590
8b2feb8, 11-07-2016, 4, 323510,328193,320911,325014,324699
8b2feb8, 11-07-2016, 8, 299433,304929,301694,301153,303440
8b2feb8, 11-07-2016, 16, 282017,281402,282778,279807,279201
ee66493, 12-07-2016, 1, 1058499,1096550,1065220,1095119,1086607
ee66493, 12-07-2016, 2, 392633,391534,388272,388272,386483
ee66493, 12-07-2016, 4, 309600,307444,297785,304874,302238
ee66493, 12-07-2016, 8, 290113,291676,290113,292235,290766
ee66493, 12-07-2016, 16, 263834,273334,273467,272181,267068
ee66493, 12-07-2016, 1, 704333,747315,739736,751331,684784
ee66493, 12-07-2016, 2, 314888,329547,321896,322391,307444
ee66493, 12-07-2016, 4, 272269,271740,271213,266178,271608
ee66493, 12-07-2016, 8, 264208,270906,284215,253969,251683
ee66493, 12-07-2016, 16, 239709,243430,244459,246145,244673
ee66493, 13-07-2016, 1, 996272,996272,994500,996864,995090
ee66493, 13-07-2016, 2, 345352,344785,350621,348003,347786
ee66493, 13-07-2016, 4, 271740,274946,277860,277953,280696
ee66493, 13-07-2016, 8, 280696,283351,284601,279947,283638
ee66493, 13-07-2016, 16, 271388,279760,277172,276168,274631
ee66493, 15-07-2016, 1, 994500,995680,996864,992735,996864
ee66493, 15-07-2016, 2, 337027,348944,349380,345139,346350
ee66493, 15-07-2016, 4, 279574,279667,281355,279574,283399
ee66493, 15-07-2016, 8, 283686,282683,285181,284842,286154
ee66493, 15-07-2016, 16, 277035,276305,278091,277860,268521
ee66493, 16-07-2016, 1, 924365,933104,923347,921825,927430
ee66493, 16-07-2016, 2, 334141,336486,337366,336284,337774
ee66493, 16-07-2016, 4, 274586,274182,278137,277585,274946
ee66493, 16-07-2016, 8, 278045,280649,279807,273467,277907
ee66493, 16-07-2016, 16, 270906,270906,272490,271432,271257
ee66493, 17-07-2016, 1, 992148,988640,990391,990976,987476
ee66493, 17-07-2016, 2, 342602,343514,343163,340033,337298
ee66493, 17-07-2016, 4, 275036,272579,275578,276852,273780
ee66493, 17-07-2016, 8, 280415,279294,278738,280087,280415
ee66493, 17-07-2016, 16, 274811,271520,273022,277677,273156
ee66493, 17-07-2016, 1, 999834,1026129,1001625,1014956,1004023
ee66493, 17-07-2016, 2, 346637,346350,346350,346136,348003
ee66493, 17-07-2016, 4, 273334,274991,279481,275850,277585
ee66493, 17-07-2016, 8, 281167,278877,281875,284215,286888
ee66493, 17-07-2016, 16, 274272,276259,276032,273690,271213
ee66493, 18-07-2016, 1, 1002223,1002822,982848,970904,1001027
ee66493, 18-07-2016, 2, 347714,344360,344289,348220,344926
ee66493, 18-07-2016, 4, 277080,272534,275488,274586,277768
ee66493, 18-07-2016, 8, 278045,280884,281875,280884,280837
ee66493, 18-07-2016, 16, 275669,270469,272933,272357,274227
5f33d69, 20-07-2016, 1, 985157,965873,964208,926918,968661
5f33d69, 20-07-2016, 2, 334875,344431,342952,342252,338934
5f33d69, 20-07-2016, 4, 258111,265420,267579,262966,265420
5f33d69, 20-07-2016, 8, 272446,268952,258668,268221,270034
5f33d69, 20-07-2016, 16, 263917,264583,262636,271740,269038
590e753, 20-07-2016, 1, 741698,716975,714837,739084,735198
590e753, 20-07-2016, 2, 305874,306601,297891,299754,302783
590e753, 20-07-2016, 4, 252479,256258,255400,256415,255633
590e753, 20-07-2016, 8, 250145,247196,246398,249661,247634
590e753, 20-07-2016, 16, 240499,256572,259790,253739,252062
17c203c, 21-07-2016, 1, 1098704,1091556,1096550,1100867,1101590
17c203c, 21-07-2016, 2, 400220,400889,401753,397942,399934
17c203c, 21-07-2016, 4, 310632,311439,311844,311323,313183
17c203c, 21-07-2016, 8, 295062,295686,296889,294492,299272
17c203c, 21-07-2016, 16, 276897,278645,274586,277907,276760
33f8a46, 23-07-2016, 1, 1048576,1038194,1057832,1038837,1043359
33f8a46, 23-07-2016, 2, 386305,381300,389263,378804,383655
33f8a46, 23-07-2016, 4, 308461,303605,309657,311035,307839
33f8a46, 23-07-2016, 8, 287774,280790,280040,283878,281355
33f8a46, 23-07-2016, 16, 257635,258310,269643,265630,268264
33f8a46, 24-07-2016, 1, 895262,940954,948938,878848,936229
33f8a46, 24-07-2016, 2, 376424,372331,369461,368002,371753
33f8a46, 24-07-2016, 4, 295270,305707,311381,299540,291676
33f8a46, 24-07-2016, 8, 278414,275805,273690,273200,272446
33f8a46, 24-07-2016, 16, 252555,259629,262472,261572,259629
33f8a46, 25-07-2016, 1, 1078921,1076152,1078921,1078921,1077535
33f8a46, 25-07-2016, 2, 392909,393093,395876,395409,395409
33f8a46, 25-07-2016, 4, 311555,312309,314592,314298,321649
33f8a46, 25-07-2016, 8, 305429,295894,298209,299754,294285
33f8a46, 25-07-2016, 16, 275217,279527,276624,281261,276624
33f8a46, 26-07-2016, 1, 685624,729444,701682,738759,704629
33f8a46, 26-07-2016, 2, 324260,325266,325455,331697,331042
33f8a46, 26-07-2016, 4, 273780,271696,274048,286888,272092
33f8a46, 26-07-2016, 8, 256611,260233,258828,257280,262021
33f8a46, 26-07-2016, 16, 245353,248846,245604,247306,243819
33f8a46, 27-07-2016, 1, 1004023,989223,1010676,991561,1012505
33f8a46, 27-07-2016, 2, 385594,385683,386928,382692,380608
33f8a46, 27-07-2016, 4, 300505,303385,300183,301153,307106
33f8a46, 27-07-2016, 8, 286398,282921,286692,283016,285084
33f8a46, 27-07-2016, 16, 268995,268393,264959,266644,272004
33f8a46, 28-07-2016, 1, 1093691,1093691,1092978,1093691,1095834
33f8a46, 28-07-2016, 2, 396437,394851,395130,396531,398319
33f8a46, 28-07-2016, 4, 317390,313476,316790,327105,315836
33f8a46, 28-07-2016, 8, 295582,295478,296522,293205,298793
33f8a46, 28-07-2016, 16, 277585,280790,279947,276943,277585
b8b3256, 29-07-2016, 1, 1104491,1105218,1103764,1105218,1105218
b8b3256, 29-07-2016, 2, 394109,397188,397188,393554,392083
b8b3256, 29-07-2016, 4, 315124,322205,313242,315955,317570
b8b3256, 29-07-2016, 8, 299647,300022,300344,301857,298953
b8b3256, 29-07-2016, 16, 280931,277401,281261,283638,282873
7d90701, 30-07-2016, 1, 748649,749987,746982,726601,739736
7d90701, 30-07-2016, 2, 328965,328193,335544,333809,342952
7d90701, 30-07-2016, 4, 295947,292694,294751,302020,309371
7d90701, 30-07-2016, 8, 284697,278091,286057,286545,281355
7d90701, 30-07-2016, 16, 260354,264416,264083,264876,262801
10e1bd7, 31-07-2016, 1, 1111810,1110339,1111074,1105218,1105218
10e1bd7, 31-07-2016, 2, 391899,398225,393093,395316,391625
10e1bd7, 31-07-2016, 4, 317810,314298,317690,316432,324762
10e1bd7, 31-07-2016, 8, 303770,303715,304266,304321,297785
10e1bd7, 31-07-2016, 16, 282207,277631,281450,283351,278784
390c7c6, 01-08-2016, 1,
390c7c6, 01-08-2016, 2,
390c7c6, 01-08-2016, 4,
390c7c6, 01-08-2016, 8,
390c7c6, 01-08-2016, 16,
1df19d5, 02-08-2016, 1, 1114765,1112547,1111074,1110339,1110339
1df19d5, 03-08-2016, 1, 1108871,1108871,1116249,1114765,1112547
1df19d5, 02-08-2016, 2, 398225,401657,400698,399172,400315
1df19d5, 03-08-2016, 2, 394480,401369,396531,398130,398130
1df19d5, 02-08-2016, 4, 317750,317931,320482,317630,318293
1df19d5, 03-08-2016, 4, 314475,312774,314947,316611,315717
1df19d5, 02-08-2016, 8, 300775,296837,300667,294699,298527
1df19d5, 03-08-2016, 8, 296522,298315,291676,296942,300022
1df19d5, 02-08-2016, 16, 280696,279900,279900,279248,279620
1df19d5, 03-08-2016, 16, 277907,276760,280368,276624,277309
9fd8f5b, 04-08-2016, 1, 1108138,1108871,1106677,1105218,1105947
9fd8f5b, 04-08-2016, 2, 399934,396156,397376,394480,398509
9fd8f5b, 04-08-2016, 4, 313417,310517,312833,311728,315124
9fd8f5b, 04-08-2016, 8, 292898,297891,295738,293616,294182
9fd8f5b, 04-08-2016, 16, 275352,274138,271520,273334,273334
4af91c0, 05-08-2016, 1, 1109604,1107407,1108871,1107407,1113286
4af91c0, 05-08-2016, 2, 401369,402621,401465,404856,403105
4af91c0, 05-08-2016, 4, 317871,320359,318837,319871,316015
4af91c0, 05-08-2016, 8, 301694,307275,300883,299433,298209
4af91c0, 05-08-2016, 16, 277814,272534,279341,279387,279155
1214788, 06-08-2016, 1, 1067253,1067253,1065220,1066574,1069294
1214788, 06-08-2016, 2, 404660,410402,408503,407016,404076
1214788, 06-08-2016, 4, 313242,313534,314475,314475,312891
1214788, 06-08-2016, 8, 289812,288963,290414,291069,287971
1214788, 06-08-2016, 16, 263876,269643,266263,263585,266178
1214788, 07-08-2016, 1, 960344,871091,961445,955422,951629
1214788, 07-08-2016, 2, 373574,361890,372661,363379,375497
1214788, 07-08-2016, 4, 295062,290766,298633,293667,291981
1214788, 07-08-2016, 8, 274541,266263,266136,272446,229605
1214788, 07-08-2016, 16, 249364,255361,247854,251194,246760
1214788, 07-08-2016, 1, 638645,649524,662869,716975,709096
1214788, 07-08-2016, 2, 329417,337230,324699,327105,325771
1214788, 07-08-2016, 4, 274766,273824,256807,252289,267366
1214788, 07-08-2016, 8, 250856,251457,254509,254432,254316
1214788, 07-08-2016, 16, 233341,231346,223101,232339,234515
1214788, 08-08-2016, 1, 1063869,1065220,1065897,1067253,1063869
1214788, 08-08-2016, 2, 400029,400411,397282,398319,398225
1214788, 08-08-2016, 4, 311786,310172,309143,309543,308688
1214788, 08-08-2016, 8, 289512,289013,288467,285618,287922
1214788, 08-08-2016, 16, 267665,265841,267153,263544,264458
4950d4d, 09-08-2016, 1, 1076843,1078921,1077535,1081006,1081703
4950d4d, 09-08-2016, 2, 390531,390895,392266,392174,391168
4950d4d, 09-08-2016, 4, 256768,254316,255478,257675,249959
4950d4d, 09-08-2016, 8, 228137,225198,224204,227026,220029
4950d4d, 09-08-2016, 16, 216313,213044,217096,207126,218169
aa47a24, 10-08-2016, 1, 1049232,1049232,1051863,1050546,1049888
aa47a24, 10-08-2016, 2, 385506,386305,390168,390531,386839
aa47a24, 10-08-2016, 4, 250593,247780,251006,252062,255945
aa47a24, 10-08-2016, 8, 210769,223607,213668,215313,223369
aa47a24, 10-08-2016, 16, 207049,209088,201673,207203,209218
aa47a24, 12-08-2016, 1, 806985,800822,801970,803122,812456
aa47a24, 12-08-2016, 2, 336622,339345,338046,337774,339620
aa47a24, 12-08-2016, 4, 235834,233244,232211,231570,235503
aa47a24, 12-08-2016, 8, 206387,206540,202795,197518,160855
aa47a24, 12-08-2016, 16, 137282,101281,96095,96532,99858
730b630, 13-08-2016, 1, 1044659,1047921,1049232,1047921,1047267
730b630, 13-08-2016, 2, 390168,390713,388451,385949,384182
730b630, 13-08-2016, 4, 256611,251006,253279,251872,251646
730b630, 13-08-2016, 8, 221365,218084,218938,215618,217490
730b630, 13-08-2016, 16, 209846,208180,205704,206820,209010
730b630, 13-08-2016, 1, 1051204,1051204,1047921,1048576,1047267
730b630, 13-08-2016, 2, 394294,386483,389896,392725,385772
730b630, 13-08-2016, 4, 254046,251231,252669,250369,251231
730b630, 13-08-2016, 8, 218938,221569,218539,227364,216257
730b630, 13-08-2016, 16, 204053,208232,206591,205402,207819
730b630, 14-08-2016, 1, 1044008,1040770,1041416,1048576,1045961
730b630, 14-08-2016, 2, 388631,386928,385152,387554,384182
730b630, 14-08-2016, 4, 253356,251006,253969,248551,255867
730b630, 14-08-2016, 8, 211194,225198,217773,219281,215175
730b630, 14-08-2016, 16, 209036,206362,206565,207280,206794
99b8fc3, 15-08-2016, 1, 325266,426684,526923,425926,379661
99b8fc3, 15-08-2016, 2, 230140,210610,217716,185527,176938
99b8fc3, 15-08-2016, 4, 173032,173104,161615,151610,177424
99b8fc3, 15-08-2016, 8, 158395,142906,149904,159282,154202
99b8fc3, 15-08-2016, 16, 139438,155000,147726,135837,152631
99b8fc3, 17-08-2016, 1, 1040125,1040770,1043359,1040770,1042063
99b8fc3, 17-08-2016, 2, 386305,383655,383655,385417,384358
99b8fc3, 17-08-2016, 4, 254432,251043,252062,247160,250593
99b8fc3, 17-08-2016, 8, 217943,212397,217040,220318,221131
99b8fc3, 17-08-2016, 16, 202184,202111,203830,206210,208283
8916138, 18-08-2016, 1, 455779,421856,394665,438735,405835
8916138, 18-08-2016, 2, 265967,254973,260637,256729,253892
8916138, 18-08-2016, 4, 198523,199610,198523,195288,197240
8916138, 18-08-2016, 8, 179897,178159,186849,183920,179936
8916138, 18-08-2016, 16, 172215,170830,170223,166474,170604
8916138, 19-08-2016, 1, 833858,693273,734233,799296,715141
8916138, 20-08-2016, 1, 1045309,1046614,1045961,1047921,1046614
8916138, 19-08-2016, 2, 339551,336689,332091,334008,330130
8916138, 20-08-2016, 2, 391077,392083,390349,390077,387733
8916138, 19-08-2016, 4, 246687,242305,246905,231410,238482
8916138, 20-08-2016, 4, 251231,255439,254277,253892,250743
8916138, 19-08-2016, 8, 214900,214214,214323,215286,214104
8916138, 20-08-2016, 8, 220869,223637,220550,222598,219281
8916138, 19-08-2016, 16, 200732,201093,195039,199729,200397
8916138, 20-08-2016, 16, 204500,207203,209794,206311,201577
8916138, 21-08-2016, 1, 1051863,1050546,1049232,1049232,1049232
8916138, 22-08-2016, 1, 1044659,1045961,1045961,1045309,1049888
8916138, 21-08-2016, 2, 392083,390622,388992,395596,390804
8916138, 22-08-2016, 2, 390168,394016,388902,397376,389805
8916138, 21-08-2016, 4, 256965,260556,256532,258988,260678
8916138, 22-08-2016, 4, 263793,259910,263627,264291,258908
8916138, 21-08-2016, 8, 226108,221160,224986,221452,220927
8916138, 22-08-2016, 8, 222894,221950,222539,227673,219024
8916138, 21-08-2016, 16, 208051,208361,207819,205931,210769
8916138, 22-08-2016, 16, 205654,210294,210214,211380,207639
8916138, 23-08-2016, 1, 1044659,1044008,1044008,1048576,1048576
8916138, 23-08-2016, 2, 396250,393277,393370,394480,392083
8916138, 23-08-2016, 4, 254895,260193,261735,257161,256532
8916138, 23-08-2016, 8, 220318,218141,224745,220956,229982
8916138, 23-08-2016, 16, 209349,209140,203089,207382,206387
8916138, 23-08-2016, 1, 1048576,1047267,1048576,1048576,1048576
8916138, 23-08-2016, 2, 394665,394851,390622,394480,390440
8916138, 23-08-2016, 4, 260112,262185,257596,261124,262308
8916138, 23-08-2016, 8, 223935,224085,224444,225865,226719
8916138, 23-08-2016, 16, 207305,205704,206489,210557,204525
9570639, 25-08-2016, 1, 1042711,1042711,1046614,1043359,1044659
9570639, 25-08-2016, 2, 394016,391991,392266,393647,389353
9570639, 25-08-2016, 4, 256847,259709,260233,262636,265925
9570639, 25-08-2016, 8, 223995,222864,222539,224294,217999
9570639, 25-08-2016, 16, 202159,209192,209663,208490,209610
99a7132, 26-08-2016, 1, 1050546,1051863,1050546,1051204,1049888
99a7132, 26-08-2016, 2, 391351,395969,392909,388992,390440
99a7132, 26-08-2016, 4, 263461,261246,265294,264708,259589
99a7132, 26-08-2016, 8, 222923,227057,218084,222983,222215
99a7132, 26-08-2016, 16, 206286,208283,211034,209689,209349
b0a20fe, 27-08-2016, 1, 741698,767836,876095,744331,743671
b0a20fe, 27-08-2016, 2, 315955,334808,317090,346350,317931
b0a20fe, 27-08-2016, 4, 234614,227766,237503,229510,238958
b0a20fe, 27-08-2016, 8, 200349,202868,203065,194654,204376
b0a20fe, 27-08-2016, 16, 184487,180789,189252,182341,186289
b0a20fe, 28-08-2016, 1, 671895,670284,673784,658188,662084
b0a20fe, 28-08-2016, 2, 316492,317690,316313,314533,320237
b0a20fe, 28-08-2016, 4, 227549,227920,231155,229856,230996
b0a20fe, 28-08-2016, 8, 206667,201843,202623,203656,203755
b0a20fe, 28-08-2016, 16, 187875,187833,183338,186974,187371
c523338, 28-08-2016, 1,
c523338, 28-08-2016, 2,
c523338, 28-08-2016, 4,
c523338, 28-08-2016, 8,
c523338, 28-08-2016, 16,
0e55479, 07-09-2016, 1, 675411,689003,726601,735843,770658
dcda22d, 07-09-2016, 1,
dcda22d, 07-09-2016, 1,
dcda22d, 07-09-2016, 1,
dcda22d, 07-09-2016, 1,
0e55479, 07-09-2016, 2, 335209,328836,330390,329288,331959
dcda22d, 07-09-2016, 2,
dcda22d, 07-09-2016, 2,
dcda22d, 07-09-2016, 2,
dcda22d, 07-09-2016, 2,
0e55479, 07-09-2016, 4, 234975,234712,237772,229354,229636
dcda22d, 07-09-2016, 4,
dcda22d, 07-09-2016, 4,
dcda22d, 07-09-2016, 4,
dcda22d, 07-09-2016, 4,
0e55479, 07-09-2016, 8, 205881,203731,202599,213342,203163
dcda22d, 07-09-2016, 8,
dcda22d, 07-09-2016, 8,
dcda22d, 07-09-2016, 8,
dcda22d, 07-09-2016, 8,
0e55479, 07-09-2016, 16, 194744,195927,193665,192687,195653
dcda22d, 07-09-2016, 16,
dcda22d, 07-09-2016, 16,
dcda22d, 07-09-2016, 16,
dcda22d, 07-09-2016, 16,
0f21c78, 07-09-2016, 1, 1005226,1006432,1002822,996272,1002822
0f21c78, 07-09-2016, 2, 372579,371835,371671,372496,368002
0f21c78, 07-09-2016, 4, 256572,254973,255633,253394,251006
0f21c78, 07-09-2016, 8, 221745,225925,223250,220579,221248
0f21c78, 07-09-2016, 16, 211540,212424,210610,214186,214214
0f21c78, 08-09-2016, 1, 985157,981124,985735,982848,970904
0f21c78, 08-09-2016, 2, 367921,363222,364722,366395,366635
0f21c78, 08-09-2016, 4, 249550,252707,255828,248294,257635
0f21c78, 08-09-2016, 8, 220405,217858,223101,220956,225167
0f21c78, 08-09-2016, 16, 212909,212424,210030,209637,208413
0f21c78, 09-09-2016, 1, 1004023,1004023,1004023,1005226,1007036
0f21c78, 09-09-2016, 2, 374659,376678,376508,373242,370113
0f21c78, 09-09-2016, 4, 255012,250968,254200,256141,258071
0f21c78, 09-09-2016, 8, 221306,216424,225198,222894,222303
0f21c78, 09-09-2016, 16, 214900,213913,213804,214433,213668
0f21c78, 11-09-2016, 1, 381821,569298,738759,703152,645029
0f21c78, 11-09-2016, 2, 226291,226260,251608,308122,303770
0f21c78, 11-09-2016, 4, 193732,230361,233666,234679,229072
0f21c78, 11-09-2016, 8, 206032,200684,209532,201310,202819
0f21c78, 11-09-2016, 16, 186746,191106,195334,181317,192886
2846485, 15-09-2016, 1, 995680,998644,1000430,998050,999239
5cabaaa, 16-09-2016, 1, 993322,990976,998050,993322,992735
766d16f, 13-09-2016, 1, 945728,954879,947865,929486,937275
8b59627, 21-09-2016, 1,
ac3765b, 13-09-2016, 1, 921319,902972,905408,855108,868386
e47e854, 12-09-2016, 1, 1010067,1009459,1008246,1005828,1007036
2846485, 15-09-2016, 2, 371259,373574,372910,368083,370031
5cabaaa, 16-09-2016, 2, 366875,369217,368244,366795,370358
766d16f, 13-09-2016, 2, 366795,365915,367518,367438,369217
8b59627, 21-09-2016, 2,
ac3765b, 13-09-2016, 2, 360335,357114,358105,351429,358641
e47e854, 12-09-2016, 2, 373824,373242,373741,376002,372827
2846485, 15-09-2016, 4, 250668,252137,249512,260031,259669
5cabaaa, 16-09-2016, 4, 239572,246108,245712,242515,241434
766d16f, 13-09-2016, 4, 262925,258469,261980,257161,257596
8b59627, 21-09-2016, 4,
ac3765b, 13-09-2016, 4, 249142,251344,259589,255478,259188
e47e854, 12-09-2016, 4, 176398,259268,253279,261613,262595
2846485, 15-09-2016, 8, 219798,220898,217153,214186,223369
5cabaaa, 16-09-2016, 8, 208464,206184,162728,215065,210004
766d16f, 13-09-2016, 8, 217209,221569,223637,219253,217321
8b59627, 21-09-2016, 8,
ac3765b, 13-09-2016, 8, 219281,216480,216676,218113,219482
e47e854, 12-09-2016, 8, 223072,220492,225773,229322,224444
2846485, 15-09-2016, 16, 212774,211406,212531,211780,211727
5cabaaa, 16-09-2016, 16, 204003,204900,203286,201989,203360
766d16f, 13-09-2016, 16, 196685,207716,209532,207613,210716
8b59627, 21-09-2016, 16,
ac3765b, 13-09-2016, 16, 207254,204301,206998,208802,206641
e47e854, 12-09-2016, 16, 215369,215120,210928,213179,215895
073e752, 23-09-2016, 1, 986315,990976,990391,988640,989806
073e752, 26-09-2016, 1, 992735,992148,991561,986315,989223
073e752, 27-09-2016, 1, 986895,985735,985735,985157,986315
073e752, 28-09-2016, 1, 979978,981124,983424,979978,982273
cd175c7, 28-09-2016, 1, 858170,894785,888153,911310,902486
e75cba7, 22-09-2016, 1,
073e752, 23-09-2016, 2, 363222,365040,364405,361189,359563
073e752, 26-09-2016, 2, 362829,359486,362751,361111,362359
073e752, 27-09-2016, 2, 357876,358641,360258,357342,358641
073e752, 28-09-2016, 2, 362124,359717,359563,360645,359563
cd175c7, 28-09-2016, 2, 341556,343303,342532,325140,328772
e75cba7, 22-09-2016, 2,
073e752, 23-09-2016, 4, 249847,239846,245030,237167,245748
073e752, 26-09-2016, 4, 240637,245496,243254,249105,246217
073e752, 27-09-2016, 4, 242305,239230,243007,236699,240983
073e752, 28-09-2016, 4, 244459,242972,240327,239128,243430
cd175c7, 28-09-2016, 4, 231123,226566,239469,233276,238448
e75cba7, 22-09-2016, 4,
073e752, 23-09-2016, 8, 207665,208880,204775,211194,207254
073e752, 26-09-2016, 8, 210188,207973,207973,207357,206871
073e752, 27-09-2016, 8, 207536,207922,207305,208309,205251
073e752, 28-09-2016, 8, 205050,208439,204550,209088,206260
cd175c7, 28-09-2016, 8, 210267,203163,205176,204575,205427
e75cba7, 22-09-2016, 8,
073e752, 23-09-2016, 16, 202501,203114,202844,203139,200205
073e752, 26-09-2016, 16, 204202,201892,201117,199753,202111
073e752, 27-09-2016, 16, 200636,199634,199753,199634,201698
073e752, 28-09-2016, 16, 201117,199136,198876,201214,203731
cd175c7, 28-09-2016, 16, 194586,196018,196501,200038,193531
e75cba7, 22-09-2016, 16,
4b5e172, 30-09-2016, 1, 743671,696439,687028,754711,768539
a0d73c6, 01-10-2016, 1, 975987,979978,979405,977124,979405
a0d73c6, 02-10-2016, 1, 659482,597054,621378,303166,268435
a0d73c6, 02-10-2016, 1, 977124,978834,977693,976555,981698
a0d73c6, 03-10-2016, 1, 969221,971466,968102,972029,973721
a0d73c6, 04-10-2016, 1, 972592,975987,974287,974853,975420
cd175c7, 29-09-2016, 1, 974853,973721,972592,973721,970904
4b5e172, 30-09-2016, 2, 304542,315836,314888,304431,320604
a0d73c6, 01-10-2016, 2, 361968,358411,360335,359332,359178
a0d73c6, 02-10-2016, 2, 223309,294182,282492,182005,193152
a0d73c6, 02-10-2016, 2, 357647,358488,358181,358411,359101
a0d73c6, 03-10-2016, 2, 360645,358258,357114,357876,357799
a0d73c6, 04-10-2016, 2, 361344,361812,362986,363222,361578
cd175c7, 29-09-2016, 2, 356962,359101,358794,356810,362672
4b5e172, 30-09-2016, 4, 219367,219626,221980,220840,224866
a0d73c6, 01-10-2016, 4, 245532,246506,241886,243784,241991
a0d73c6, 02-10-2016, 4, 216508,195061,151187,191150,208309
a0d73c6, 02-10-2016, 4, 241816,245209,239675,248257,242937
a0d73c6, 03-10-2016, 4, 242340,236432,244887,236332,239503
a0d73c6, 04-10-2016, 4, 247233,244352,243572,239777,242235
cd175c7, 29-09-2016, 4, 244174,239709,238788,240052,236232
4b5e172, 30-09-2016, 8, 198924,195927,198055,195470,199586
a0d73c6, 01-10-2016, 8, 210241,209741,212397,208620,216369
a0d73c6, 02-10-2016, 8, 139880,174164,178519,139670,180090
a0d73c6, 02-10-2016, 8, 206083,209532,207459,210162,206616
a0d73c6, 03-10-2016, 8, 210955,205126,211540,202967,209820
a0d73c6, 04-10-2016, 8, 215148,208439,209532,213478,210057
cd175c7, 29-09-2016, 8, 207896,205754,214680,206794,213152
4b5e172, 30-09-2016, 16, 184163,182242,179974,184832,182242
a0d73c6, 01-10-2016, 16, 201190,204875,205251,200780,201722
a0d73c6, 02-10-2016, 16, 185445,176695,180517,178823,181965
a0d73c6, 02-10-2016, 16, 201673,202038,202330,203805,205151
a0d73c6, 03-10-2016, 16, 200421,202452,197915,201262,199681
a0d73c6, 04-10-2016, 16, 201892,199610,197821,203854,201577
cd175c7, 29-09-2016, 16, 202574,198759,203385,200397,199657
e138dfb, 05-10-2016, 1, 687873,690989,673784,679790,677867
e138dfb, 06-10-2016, 1, 974287,973721,975987,974287,974853
e138dfb, 07-10-2016, 1, 975420,973721,975987,973721,974853
e138dfb, 09-10-2016, 1, 791752,782885,820402,774571,817205
e138dfb, 11-10-2016, 1, 697307,699051,682278,707004,693847
e138dfb, 12-10-2016, 1, 951089,951629,950012,951629,952710
e138dfb, 05-10-2016, 2, 279574,280415,275352,273958,272048
e138dfb, 06-10-2016, 2, 360490,359178,360103,362359,359332
e138dfb, 07-10-2016, 2, 357647,355449,359717,358717,359178
e138dfb, 09-10-2016, 2, 328514,300883,316910,330260,333344
e138dfb, 11-10-2016, 2, 315361,315183,316731,315658,313066
e138dfb, 12-10-2016, 2, 352685,351797,350841,352685,351576
e138dfb, 05-10-2016, 4, 209114,212909,207639,205301,202501
e138dfb, 06-10-2016, 4, 244139,241052,234811,241747,241573
e138dfb, 07-10-2016, 4, 240844,243324,242902,246506,243007
e138dfb, 09-10-2016, 4, 228697,234319,230837,232920,229228
e138dfb, 11-10-2016, 4, 222835,220927,224986,223279,226352
e138dfb, 12-10-2016, 4, 237469,237772,235734,239538,237201
e138dfb, 05-10-2016, 8, 181690,185712,177124,182938,187162
e138dfb, 06-10-2016, 8, 210663,210769,208750,211034,214735
e138dfb, 07-10-2016, 8, 211273,208206,209297,210796,213532
e138dfb, 09-10-2016, 8, 203434,204276,200134,199254,202038
e138dfb, 11-10-2016, 8, 201166,199042,198806,201069,197681
e138dfb, 12-10-2016, 8, 208051,206692,211034,206184,212370
e138dfb, 05-10-2016, 16, 168193,174472,174182,173283,170622
e138dfb, 06-10-2016, 16, 201625,200421,198947,200038,202452
e138dfb, 07-10-2016, 16, 202672,204202,201989,202599,201480
e138dfb, 09-10-2016, 16, 193531,189295,191390,196916,195016
e138dfb, 11-10-2016, 16, 189830,185445,181611,181670,182361
e138dfb, 12-10-2016, 16, 198876,199991,197658,196432,199610
cba86e2, 21-10-2016, 1, 970904,974287,956512,968102,974853
cba86e2, 21-10-2016, 1, 974287,977124,974287,974287,977124
cba86e2, 22-10-2016, 1, 975987,974853,976555,977693,976555
cba86e2, 23-10-2016, 1, 754032,763990,754032,750323,713924
cba86e2, 24-10-2016, 1, 732950,714228,712408,699342,712106
e138dfb, 15-10-2016, 1, 973156,971466,973156,973721,973156
e138dfb, 15-10-2016, 1, 975420,974287,975420,976555,973156
e138dfb, 18-10-2016, 1, 895262,902972,890038,914290,892405
e138dfb, 18-10-2016, 1, 960894,966987,965317,960344,966987
e138dfb, 20-10-2016, 1, 809321,700803,495488,593464
cba86e2, 21-10-2016, 2, 353205,355977,357571,353577,354998
cba86e2, 21-10-2016, 2, 359794,357571,358641,359332,360335
cba86e2, 22-10-2016, 2, 361968,362437,364405,363852,362829
cba86e2, 23-10-2016, 2, 298156,296470,298474,292337,295114
cba86e2, 24-10-2016, 2, 283591,283208,283734,285813,283303
e138dfb, 15-10-2016, 2, 354998,355751,355902,355977,356810
e138dfb, 15-10-2016, 2, 361266,358564,359178,361344,359717
e138dfb, 18-10-2016, 2, 342742,344572,342252,343655,344431
e138dfb, 18-10-2016, 2, 354174,359486,357038,358411,359101
e138dfb, 20-10-2016, 2, 282778,299219,292847,250481,312192
cba86e2, 21-10-2016, 4, 238279,236766,242866,239846,240292
cba86e2, 21-10-2016, 4, 238448,245748,242586,242235,243395
cba86e2, 22-10-2016, 4, 245353,243855,244103,250406,241747
cba86e2, 23-10-2016, 4, 209375,203434,208880,209036,203731
cba86e2, 24-10-2016, 4, 205151,205729,204500,209689,210849
e138dfb, 15-10-2016, 4, 238924,246181,240120,243360,245892
e138dfb, 15-10-2016, 4, 240706,234384,244139,243078,237705
e138dfb, 18-10-2016, 4, 232565,239094,238686,240534,237100
e138dfb, 18-10-2016, 4, 246361,234417,248736,239777,241468
e138dfb, 20-10-2016, 4, 208180,208309,217971,196478,222628
cba86e2, 21-10-2016, 8, 203681,204875,217378,205176,210373
cba86e2, 21-10-2016, 8, 209323,209192,207845,206616,210505
cba86e2, 22-10-2016, 8, 210955,213859,208854,208232,213859
cba86e2, 23-10-2016, 8, 194835,196340,195402,193308,190802
cba86e2, 24-10-2016, 8, 192245,196962,197588,193867,202159
e138dfb, 15-10-2016, 8, 208051,215479,202379,206032,205654
e138dfb, 15-10-2016, 8, 208516,209768,205679,201989,210162
e138dfb, 18-10-2016, 8, 209715,204078,206820,213342,205654
e138dfb, 18-10-2016, 8, 211834,208932,209297,205982,207433
e138dfb, 20-10-2016, 8, 191608,182203,186849,168938,191346
cba86e2, 21-10-2016, 16, 197658,198055,199776,196294,198078
cba86e2, 21-10-2016, 16, 203385,202623,202967,202697,201746
cba86e2, 22-10-2016, 16, 201770,205351,203262,204500,202306
cba86e2, 23-10-2016, 16, 195152,197472,196179,195266,194789
cba86e2, 24-10-2016, 16, 196524,194654,192620,191630,191937
e138dfb, 15-10-2016, 16, 198806,198125,198971,197728,195539
e138dfb, 15-10-2016, 16, 203558,201504,201359,203065,202477
e138dfb, 18-10-2016, 16, 194451,197728,198359,194699,193353
e138dfb, 18-10-2016, 16, 203582,201552,202721,201819,203656
e138dfb, 20-10-2016, 16, 175476,169006,171441,168395,176807
cba86e2, 24-10-2016, 1, 867488,863470,873813,867488,870639
cba86e2, 24-10-2016, 2, 313242,309943,310459,309200,309943
cba86e2, 24-10-2016, 4, 213478,208828,210478,216006,211353
cba86e2, 24-10-2016, 8, 200421,197286,202501,199373,197263
cba86e2, 24-10-2016, 16, 198008,199160,198406,200636,201021
3a0931b, 27-10-2016, 1,
cba86e2, 25-10-2016, 1, 601765,621839,612978,618401,611192
cba86e2, 26-10-2016, 1, 782519,770304,780699,792500,799296
3a0931b, 27-10-2016, 2,
cba86e2, 25-10-2016, 2, 217237,270819,270339,267366,268221
cba86e2, 26-10-2016, 2, 293257,293976,294647,292541,296417
3a0931b, 27-10-2016, 4,
cba86e2, 25-10-2016, 4, 191608,195425,191019,191346,194361
cba86e2, 26-10-2016, 4, 208542,205050,201965,204950
3a0931b, 27-10-2016, 8,
cba86e2, 25-10-2016, 8, 184791,185815,182421,180264,183277
cba86e2, 26-10-2016, 8, 195266,191674,189124,195927,195881
3a0931b, 27-10-2016, 16,
cba86e2, 25-10-2016, 16, 181867,183197,182699,184406,182978
cba86e2, 26-10-2016, 16, 189938,192488,193286,191150,190434
3a0931b, 28-10-2016, 1,
3a0931b, 28-10-2016, 2,
3a0931b, 28-10-2016, 4,
3a0931b, 28-10-2016, 8,
3a0931b, 28-10-2016, 16,
15e2650, 29-10-2016, 1,
15e2650, 29-10-2016, 2,
15e2650, 29-10-2016, 4,
15e2650, 29-10-2016, 8,
15e2650, 29-10-2016, 16,
2d63c51, 30-10-2016, 1, 871997,871544,875181,874269,873358
2d63c51, 30-10-2016, 2, 308688,310574,309771,310804,313008
2d63c51, 30-10-2016, 4, 209244,209846,214351,214077,210769
2d63c51, 30-10-2016, 8, 203237,194722,201310,200277,195584
2d63c51, 30-10-2016, 16, 196570,196041,198031,200158,197961
a35894d, 31-10-2016, 1, 577529,488278,498136,489703,633820
a35894d, 31-10-2016, 2, 228324,245532,219138,242480,223935
a35894d, 31-10-2016, 4, 181690,181631,175237,183257,179014
a35894d, 31-10-2016, 8, 172074,165244,175036,175972,167991
a35894d, 31-10-2016, 16, 167204,166888,163968,160640,171231
4b914b4, 01-11-2016, 1, 642313,654848,686746,688720,631672
4b914b4, 01-11-2016, 2, 274811,272092,269514,273022,272402
4b914b4, 01-11-2016, 4, 202795,199231,197286,197425,199991
4b914b4, 01-11-2016, 8, 184487,186808,187917,190715,186954
4b914b4, 01-11-2016, 16, 185671,185466,182639,183941,186124
4b914b4, 02-11-2016, 1, 877469,877929,876095,860370,861253
4b914b4, 02-11-2016, 2, 311150,309886,310402,309314,312425
4b914b4, 02-11-2016, 4, 208958,213913,210030,211327,215396
4b914b4, 02-11-2016, 8, 203558,200349,202599,202574,199491
4b914b4, 02-11-2016, 16, 196156,198476,198265,198312,198947
4b914b4, 03-11-2016, 1, 977124,977124,977693,979405
4b914b4, 03-11-2016, 2, 360800,358871,356204,357494,358029
4b914b4, 03-11-2016, 4, 240637,245138,238550,241295,245281
4b914b4, 03-11-2016, 8, 208077,206820,205654,212477,211008
4b914b4, 03-11-2016, 16, 199895,199753,198078,201480,201021
4b914b4, 04-11-2016, 1, 795883,740716,771366,743012
4b914b4, 04-11-2016, 2, 326405,326596,335746,336824,334141
4b914b4, 04-11-2016, 4, 236699,236732,232243,232597,233049
4b914b4, 04-11-2016, 8, 201045,198453,203656,207254,204700
4b914b4, 04-11-2016, 16, 194316,191674,192179,153329,190932
4b914b4, 05-11-2016, 1, 983424,981124,982273,981698,984001
4b914b4, 05-11-2016, 2, 360026,357266,360026,357266,358564
4b914b4, 05-11-2016, 4, 245460,239196,244281,237941,241399
4b914b4, 05-11-2016, 8, 208102,209794,207408,210030,211460
4b914b4, 05-11-2016, 16, 202038,202893,201892,197495,201310
4b914b4, 06-11-2016, 1, 762254,683668,872904,872904,816807
4b914b4, 06-11-2016, 1, 979405,979978,981124,978834,980550
4b914b4, 06-11-2016, 2, 288814,334474,303990,317270,326723
4b914b4, 06-11-2016, 2, 359025,358948,360490,360258,361578
4b914b4, 06-11-2016, 4, 217914,226566,222333,232436,215148
4b914b4, 06-11-2016, 4, 247051,242796,243466,242656,247744
4b914b4, 06-11-2016, 8, 188487,198336,181179,196731,181179
4b914b4, 06-11-2016, 8, 207049,207485,207948,210399,212155
4b914b4, 06-11-2016, 16, 182242,170917,183558,177555,183739
4b914b4, 06-11-2016, 16, 200877,203385,202062,204326,203410
4b914b4, 08-11-2016, 1, 978263,978834,978834,977124,939900
4b914b4, 08-11-2016, 2, 352907,353279,350768,352759,352019
4b914b4, 08-11-2016, 4, 239094,243678,233179,240396,247014
4b914b4, 08-11-2016, 8, 213668,201504,205855,205025,208257
4b914b4, 08-11-2016, 16, 201190,201698,201770,202330,195698
4b914b4, 09-11-2016, 1, 981124,982848,982848,983424
4b914b4, 09-11-2016, 2, 361890,362046,365119,360413,366715
4b914b4, 09-11-2016, 4, 241607,244459,245281,247160,240637
4b914b4, 09-11-2016, 8, 212424,210557,211300,212936,210690
4b914b4, 09-11-2016, 16, 200925,203904,203632,202403,202795
4b914b4, 10-11-2016, 1, 982273,982848,980550,983424,982848
4b914b4, 10-11-2016, 2, 359872,362751,361033,361111,357342
4b914b4, 10-11-2016, 4, 244816,246361,241121,239606,235701
4b914b4, 10-11-2016, 8, 208594,207203,211247,207305,211353
4b914b4, 10-11-2016, 16, 199967,202233,199539,199444,202379
4b914b4, 11-11-2016, 1, 986895,985157,984001,983424,983424
4b914b4, 11-11-2016, 2, 363615,368487,362359,360956,361968
4b914b4, 11-11-2016, 4, 247598,249587,247890,243395,241156
4b914b4, 11-11-2016, 8, 215812,209036,207819,209166,209062
4b914b4, 11-11-2016, 16, 204127,203163,202111,201021,200949
4b914b4, 12-11-2016, 1, 982848,984578,985735,986895
4b914b4, 12-11-2016, 2, 359717,358488,358564,358794,355676
4b914b4, 12-11-2016, 4, 246000,236766,238584,238448,235569
4b914b4, 12-11-2016, 8, 205100,210135,209062,207716,204177
4b914b4, 12-11-2016, 16, 200134,202038,200660,201142,201142
4b914b4, 13-11-2016, 1, 651289,634779,634779,662084,616809
4b914b4, 13-11-2016, 2, 305262,310000,309429,310000,306321
4b914b4, 13-11-2016, 4, 225561,226535,218938,220985,227026
4b914b4, 13-11-2016, 8, 194316,194971,198195,201795,199943
4b914b4, 13-11-2016, 16, 187476,183277,185527,183699,184629
4b914b4, 14-11-2016, 1, 975987,975420,976555,975420,976555
4b914b4, 14-11-2016, 2, 358641,358871,360026,362829,364484
4b914b4, 14-11-2016, 4, 244744,240741,246833,248147,241886
4b914b4, 14-11-2016, 8, 211700,215037,207690,212558,205326
4b914b4, 14-11-2016, 16, 204376,200660,197217,200349,198359
4b914b4, 15-11-2016, 1, 980550,982273,981124,982848,984001
4b914b4, 15-11-2016, 2, 360568,359101,359794,359409,359486
4b914b4, 15-11-2016, 4, 239060,243572,245532,243572,244923
4b914b4, 15-11-2016, 8, 206438,207228,209558,210214,210531
4b914b4, 15-11-2016, 16, 203731,203780,199302,201577,203830
4b914b4, 16-11-2016, 1, 605020,646023,772076,878388,842653
4b914b4, 16-11-2016, 2, 333809,304155,259749,265504,324010
4b914b4, 16-11-2016, 4, 225500,228355,226965,231474,227889
4b914b4, 16-11-2016, 8, 200973,199349,193086,178386,193777
4b914b4, 16-11-2016, 16, 190045,171986,170587,189895,181808
4b914b4, 17-11-2016, 1, 981124,981698,981698,981124,981698
4b914b4, 17-11-2016, 2, 360103,361189,356507,358794,364168
4b914b4, 17-11-2016, 4, 249772,240120,246760,234909,243855
4b914b4, 17-11-2016, 8, 210955,210294,211034,210796,213804
4b914b4, 17-11-2016, 16, 200660,202477,200397,201262,201795
4b914b4, 18-11-2016, 1, 882083,914290,920308,910321,918293
4b914b4, 18-11-2016, 2, 341070,336689,342742,348944,345281
4b914b4, 18-11-2016, 4, 235734,238347,241538,242937,235668
4b914b4, 18-11-2016, 8, 205126,204925,204650,206032,205025
4b914b4, 18-11-2016, 16, 195973,187896,194948,198008,192135
4b914b4, 19-11-2016, 1, 984001,988057,987476,986895,985735
4b914b4, 19-11-2016, 2, 362672,361968,358411,362437,359640
4b914b4, 19-11-2016, 4, 249401,241538,243926,238924,238686
4b914b4, 19-11-2016, 8, 208776,204401,211380,210320,209453
4b914b4, 19-11-2016, 16, 201310,202306,195607,199231,197217
4b914b4, 20-11-2016, 1, 984001,983424,984001,983424,983424
4b914b4, 20-11-2016, 2, 364089,363852,363143,361500,360258
4b914b4, 20-11-2016, 4, 249624,247598,246217,246289,245856
4b914b4, 20-11-2016, 8, 211673,211994,218596,208672,210083
4b914b4, 20-11-2016, 16, 198664,201262,201916,199112,200564
4b914b4, 21-11-2016, 1, 988640,987476,982273,986315,983424
4b914b4, 21-11-2016, 2, 361189,362437,362986,362515,363537
4b914b4, 21-11-2016, 4, 242972,249698,248184,251156,248883
4b914b4, 21-11-2016, 8, 216564,208776,216173,210902,213152
4b914b4, 21-11-2016, 16, 198688,205025,203434,203089,202306
4b914b4, 22-11-2016, 1, 583555,568526,631672,614550,561863
4b914b4, 22-11-2016, 2, 275217,278645,278784,276806,284071
4b914b4, 22-11-2016, 4, 207433,210083,207331,206565,201528
4b914b4, 22-11-2016, 8, 185650,188826,186393,185732,188550
4b914b4, 22-11-2016, 16, 174726,167856,176083,173677,179435
4b914b4, 23-11-2016, 1, 987476,984578,986895,983424,981124
4b914b4, 23-11-2016, 2, 364405,364881,361422,362829,360568
4b914b4, 23-11-2016, 4, 240361,243572,244317,236465,246217
4b914b4, 23-11-2016, 8, 211167,207845,217547,216984,212747
4b914b4, 23-11-2016, 16, 200086,203237,200636,203434,202795
4b914b4, 24-11-2016, 1, 977124,976555,977693,975420,975987
4b914b4, 24-11-2016, 2, 364089,361656,363222,363300,362908
4b914b4, 24-11-2016, 4, 244032,240879,240568,238279,246942
4b914b4, 24-11-2016, 8, 209480,207716,216173,209401,209663
4b914b4, 24-11-2016, 16, 200612,201310,203016,199515,201577
4b914b4, 25-11-2016, 1, 981124,977693,979405,979978,979405
4b914b4, 25-11-2016, 2, 362594,356507,358717,360413,359563
4b914b4, 25-11-2016, 4, 236332,241191,240396,241364,240224
4b914b4, 25-11-2016, 8, 205679,206514,205477,211327,211220
4b914b4, 25-11-2016, 16, 202697,200901,198924,201916,202428
4b914b4, 26-11-2016, 1, 981124,983424,984001,983424,984578
4b914b4, 26-11-2016, 2, 355600,359409,357190,355902,356734
4b914b4, 26-11-2016, 4, 241991,242095,243289,247196,245928
4b914b4, 26-11-2016, 8, 206616,210902,215756,207177,212774
4b914b4, 26-11-2016, 16, 203065,200205,200997,202967,202208
4b914b4, 27-11-2016, 1, 985157,985735,982848,984578,982273
4b914b4, 27-11-2016, 2, 362202,360568,361890,362124,362437
4b914b4, 27-11-2016, 4, 242586,244780,245532,247744,240775
4b914b4, 27-11-2016, 8, 213995,208309,207459,217237,212639
4b914b4, 27-11-2016, 16, 203139,203830,204875,204003,201117
4b914b4, 28-11-2016, 1, 978263,978834,976555,980550,980550
4b914b4, 28-11-2016, 2, 362515,360490,361812,359640,360258
4b914b4, 28-11-2016, 4, 239983,242235,238177,240706,239812
4b914b4, 28-11-2016, 8, 215452,208439,209401,208958,213913
4b914b4, 28-11-2016, 16, 198876,200517,200684,202574,199848
4b914b4, 29-11-2016, 1, 342952,340171,335679,323385,340378
4b914b4, 29-11-2016, 2, 214296,212504,207254,208724,211460
4b914b4, 29-11-2016, 4, 173857,174056,169587,167638,171634
4b914b4, 29-11-2016, 8, 155057,157237,152050,154061,155691
4b914b4, 29-11-2016, 16, 146872,146795,146834,152160,170431
4b914b4, 30-11-2016, 1, 973721,973156,972029,973156,972592
4b914b4, 30-11-2016, 2, 357190,357418,359178,359332,357494
4b914b4, 30-11-2016, 4, 240879,237638,233568,237100,238890
4b914b4, 30-11-2016, 8, 207433,216146,213261,208361,204251
4b914b4, 30-11-2016, 16, 201359,199562,200253,200158,198641
4b914b4, 01-12-2016, 1, 896219,886745,872904,879770,891457
4b914b4, 01-12-2016, 2, 345210,335880,338660,339276,339414
4b914b4, 01-12-2016, 4, 232243,230488,236833,234122,236532
4b914b4, 01-12-2016, 8, 200756,204925,208802,201601,204426
4b914b4, 01-12-2016, 16, 196133,193911,192488,194406,195607
4b914b4, 02-12-2016, 1, 547559,541550,554069,546667,526096
4b914b4, 02-12-2016, 2, 270994,276989,280415,275488,293616
4b914b4, 02-12-2016, 4, 207973,209584,207948,210610,203755
4b914b4, 02-12-2016, 8, 188635,189295,187686,190067,185959
4b914b4, 02-12-2016, 16, 178576,176714,175936,180458,176807
4b914b4, 03-12-2016, 1, 560174,558682,559241,550073,554069
4b914b4, 03-12-2016, 2, 266347,276214,279900,279434,279016
4b914b4, 03-12-2016, 4, 204700,212424,218738,221015,221044
4b914b4, 03-12-2016, 8, 178900,161211,158425,179110,187308
4b914b4, 03-12-2016, 16, 174381,173677,174799,170379,173014
4b914b4, 04-12-2016, 1, 662607,711804,717895,707601,693560
4b914b4, 04-12-2016, 2, 292949,273245,294751,296889,292796
4b914b4, 04-12-2016, 4, 211700,221891,208077,213288,210399
4b914b4, 04-12-2016, 8, 195356,178671,181788,180497,179647
4b914b4, 04-12-2016, 16, 171091,160886,185630,177087,170120
4b914b4, 05-12-2016, 1, 472598,545956,490993,459902,468245
4b914b4, 05-12-2016, 2, 257398,244423,266221,251835,238618
4b914b4, 05-12-2016, 4, 191324,195858,199776,184548,199657
4b914b4, 05-12-2016, 8, 179225,168361,171301,180731,171144
4b914b4, 05-12-2016, 16, 159267,161226,166424,156242,152868
4b914b4, 06-12-2016, 1, 981698,984578,984578,982273,983424
4b914b4, 06-12-2016, 2, 362359,360956,362672,359563,363300
4b914b4, 06-12-2016, 4, 248662,242866,245784,238516,242375
4b914b4, 06-12-2016, 8, 211646,209584,209271,205502,210241
4b914b4, 06-12-2016, 16, 201310,201504,199895,203311,204177
4b914b4, 07-12-2016, 1, 981698,983424,982848,982273,983424
4b914b4, 07-12-2016, 2, 363615,361890,363379,362672,359486
4b914b4, 07-12-2016, 4, 248551,244530,248000,243113,245532
4b914b4, 07-12-2016, 8, 214077,213423,211327,212370,206514
4b914b4, 07-12-2016, 16, 204500,200493,201069,201262,203188
