f326cd3, 12-07-2015, 1, 98637,100192,100121,98893,99995
f326cd3, 12-07-2015, 2, 100300,98631,99368,100252,99841
f326cd3, 12-07-2015, 4, 99080,99894,100162,99811,99918
f326cd3, 12-07-2015, 8, 91305,91744,94259,93435,92304
f326cd3, 12-07-2015, 16, 99127,99074,98521,98864,99379
a0c3c29, 17-07-2015, 1, 100085,100722,99168,100819,101582
a0c3c29, 17-07-2015, 2, 94349,95309,96710,95428,96354
a0c3c29, 17-07-2015, 4, 101171,101202,101086,101995,99315
a0c3c29, 17-07-2015, 8, 96727,96073,95352,96432,95777
a0c3c29, 17-07-2015, 16, 99740,100073,100553,100819,100577
5173daa, 21-07-2015, 1, 91220,91634,90385,91334,90644
5173daa, 21-07-2015, 2, 82092,87055,87145,86614,87527
5173daa, 21-07-2015, 4, 91334,91469,91032,90137,90943
5173daa, 21-07-2015, 8, 91709,91804,91539,91930,91489
5173daa, 21-07-2015, 16, 91072,90249,91399,88886,90624
e3bf4c1, 28-07-2015, 1, 114991,113306,114677,114826,117143
e3bf4c1, 28-07-2015, 2, 113991,114278,115538,116049,116687
e3bf4c1, 28-07-2015, 4, 123489,121433,122461,121919,117983
e3bf4c1, 28-07-2015, 8, 126277,125785,126793,126535,126554
e3bf4c1, 28-07-2015, 16, 123954,124756,124562,124156,124349
f023fe3, 01-08-2015, 1, 143813,143850,146054,143825,145408
f023fe3, 01-08-2015, 2, 144756,144818,144171,144644,144357
f023fe3, 01-08-2015, 4, 130603,130389,130735,133079,132794
f023fe3, 01-08-2015, 8, 144159,143899,144308,145522,143163
f023fe3, 01-08-2015, 16, 126611,125663,126363,128482,126363
d2fdca2, 02-08-2015, 1, 140008,140395,135158,136489,137282
d2fdca2, 02-08-2015, 2, 143912,142288,142627,142168,143199
d2fdca2, 02-08-2015, 4, 143187,142470,142276,143175,142566
d2fdca2, 02-08-2015, 8, 130542,137507,137755,123845,123680
d2fdca2, 02-08-2015, 16, 135903,136979,127139,128002,130157
f851440, 03-08-2015, 1, 128482,129085,128788,127409,128847
f851440, 03-08-2015, 2, 132658,132689,131669,133438,130460
f851440, 03-08-2015, 4, 129594,129414,129584,131782,130623
f851440, 03-08-2015, 8, 143998,144035,143702,142349,142894
f851440, 03-08-2015, 16, 143641,144035,142809,143875,140973
efad1f4, 04-08-2015, 1, 143677,144035,142457,143114,143912
efad1f4, 04-08-2015, 2, 138095,135782,136711,133248,134347
efad1f4, 04-08-2015, 4, 141819,144171,144507,144345,143297
efad1f4, 04-08-2015, 8, 137642,137812,137069,139161,140254
efad1f4, 04-08-2015, 16, 145006,144843,144556,143432,143530
974a2f4, 06-08-2015, 1, 132952,131534,126860,126812,126860
974a2f4, 06-08-2015, 2, 118083,120112,123753,126965,119402
974a2f4, 06-08-2015, 4, 142204,142180,142748,143677,143764
974a2f4, 06-08-2015, 8, 128256,127033,113214,128168,133195
974a2f4, 06-08-2015, 16, 142047,141520,140489,143248,141927
5b5bed6, 09-08-2015, 1, 139636,139080,139554,138804,140630
5b5bed6, 09-08-2015, 2, 133523,136146,136356,136378,135224
5b5bed6, 09-08-2015, 4, 139404,138666,139950,139288,139461
5b5bed6, 09-08-2015, 8, 137880,140760,137959,138953,139242
5b5bed6, 09-08-2015, 16, 139531,140524,138919,140395,137631
1e1238a, 11-08-2015, 1, 117012,120388,116525,121398,128808
1e1238a, 11-08-2015, 2, 122667,123826,122052,125823,120630
1e1238a, 11-08-2015, 4, 140125,141246,140149,138804,139787
1e1238a, 11-08-2015, 8, 140372,140536,137394,139450,140572
1e1238a, 11-08-2015, 16, 128996,127341,125719,115204,117884
5f94396, 14-08-2015, 1, 124896,123217,123507,123154,113782
5f94396, 14-08-2015, 2, 133608,132847,132417,133036,134218
5f94396, 14-08-2015, 4, 123099,123471,122052,123253,127332
5f94396, 14-08-2015, 8, 134713,133502,117118,134444,133385
5f94396, 14-08-2015, 16, 133896,133566,132229,134186,132647
6261a17, 15-08-2015, 1, 135169,135126,135947,134908,135628
6261a17, 15-08-2015, 2, 134930,134887,135235,135366,135039
6261a17, 15-08-2015, 4, 103378,103762,110500,119097,116898
6261a17, 15-08-2015, 8, 99864,101189,101816,102613,104362
6261a17, 15-08-2015, 16, 113836,107004,106454,105703,106306
081ce4e, 20-08-2015, 1, 133290,134941,132448,134681,133005
081ce4e, 20-08-2015, 2, 133460,132984,134132,133640,132260
081ce4e, 20-08-2015, 4, 129414,128887,128413,128345,129584
081ce4e, 20-08-2015, 8, 122982,120405,119624,119615,120095
081ce4e, 20-08-2015, 16, 122667,121328,122123,122025,120569
f565790, 23-08-2015, 1, 130674,130268,129374,130450,130766
f565790, 23-08-2015, 2, 129444,129634,128100,130806,131123
f565790, 23-08-2015, 4, 103903,102757,99621,100073,99057
f565790, 23-08-2015, 8, 126258,123744,127042,125870,128531
f565790, 23-08-2015, 16, 131865,131257,130796,130990,129145
3cbff1b, 26-08-2015, 1, 130613,130359,130715,127110,129945
3cbff1b, 26-08-2015, 2, 113383,118316,117176,116719,128492
3cbff1b, 26-08-2015, 4, 131174,131824,130633,130786,130056
3cbff1b, 26-08-2015, 8, 119598,99209,99722,120052,97040
3cbff1b, 26-08-2015, 16, 129424,130177,130046,131216,130725
107ed41, 27-08-2015, 1, 128433,128837,128207,128709,129165
107ed41, 27-08-2015, 2, 124515,123126,122140,118116,116194
107ed41, 27-08-2015, 4, 128818,127119,128227,128689,127457
107ed41, 27-08-2015, 8, 127235,128927,128660,126154,127525
107ed41, 27-08-2015, 16, 127332,127168,127341,126831,127836
4967366, 28-08-2015, 1, 118492,116355,113782,115339,111314
4967366, 28-08-2015, 2, 122479,117504,118500,116581,122865
4967366, 28-08-2015, 4, 127370,127062,125936,128021,127293
4967366, 28-08-2015, 8, 127836,126812,127351,127196,127177
4967366, 28-08-2015, 16, 127168,127719,126908,127428,126601
58c47dc, 29-08-2015, 1, 127216,127438,127642,127875,128660
58c47dc, 29-08-2015, 2, 127516,128551,127312,127254,127642
58c47dc, 29-08-2015, 4, 127836,128002,127671,127973,126735
58c47dc, 29-08-2015, 8, 119598,119131,119504,119769,120000
58c47dc, 29-08-2015, 16, 123289,125017,124728,123598,124775
e079875, 30-08-2015, 1, 120934,122256,121118,121680,121065
e079875, 30-08-2015, 2, 127914,127486,127554,128217,126697
e079875, 30-08-2015, 4, 127312,127119,127448,127158,127846
e079875, 30-08-2015, 8, 111115,109170,109319,110733,110675
e079875, 30-08-2015, 16, 127885,128443,127293,126841,127052
cb4ea59, 19-09-2015, 1, 121627,123172,121936,122132,121363
cb4ea59, 19-09-2015, 2, 128237,127885,127545,127419,127574
cb4ea59, 19-09-2015, 4, 125100,128433,127729,127710,125870
cb4ea59, 19-09-2015, 8, 127254,125879,128129,127768,127496
cb4ea59, 19-09-2015, 16, 128433,128650,126296,127206,128404
14bd43a, 23-09-2015, 1, 107968,107409,105438,102720,95947
14bd43a, 23-09-2015, 2, 129484,127836,128512,128502,127856
14bd43a, 23-09-2015, 4, 98846,114419,106841,109419,120543
14bd43a, 23-09-2015, 8, 112177,106495,109070,103916,104355
14bd43a, 23-09-2015, 16, 121812,125184,113084,112667,111373
f77fcee, 24-09-2015, 1, 131483,133195,132826,131990,132836
f77fcee, 24-09-2015, 2, 132658,132323,132480,132042,132501
f77fcee, 24-09-2015, 4, 133015,131638,133195,133026,131576
f77fcee, 24-09-2015, 8, 121135,122435,123635,124636,124110
f77fcee, 24-09-2015, 16, 124617,126192,127216,124896,126050
d58441a, 29-09-2015, 1, 133079,131246,132984,132271,132784
d58441a, 29-09-2015, 2, 133470,133939,132689,130715,132595
d58441a, 29-09-2015, 4, 132637,132511,132878,133121,133026
d58441a, 29-09-2015, 8, 132135,132396,132679,133026,132375
d58441a, 29-09-2015, 16, 128502,128070,120103,117983,106004
1e4521d, 01-10-2015, 1, 99847,102972,102757,102588,99515
1e4521d, 01-10-2015, 2, 132889,132689,132052,132742,133142
1e4521d, 01-10-2015, 4, 133131,131370,131555,131979,132292
1e4521d, 01-10-2015, 8, 120943,119317,119063,120267,118366
1e4521d, 01-10-2015, 16, 112871,113429,120146,120639,122087
a3e9a3f, 02-10-2015, 1, 94953,92016,94883,92243,99144
a3e9a3f, 02-10-2015, 2, 132773,133747,131772,133142,133057
a3e9a3f, 02-10-2015, 4, 111240,128394,128256,113306,128109
a3e9a3f, 02-10-2015, 8, 131907,131669,131483,133598,133195
a3e9a3f, 02-10-2015, 16, 132083,131586,131082,131534,130704
83cc2d8, 16-10-2015, 1, 124220,110843,111417,113744,115204
83cc2d8, 16-10-2015, 2, 133961,134175,133385,132187,132521
83cc2d8, 16-10-2015, 4, 133672,132794,133079,133005,133640
83cc2d8, 16-10-2015, 8, 133279,131669,132994,132427,133662
83cc2d8, 16-10-2015, 16, 119906,117586,107526,109935,111536
6d53791, 19-10-2015, 1, 134401,134228,134014,134584,134757
6d53791, 19-10-2015, 2, 134433,135267,133982,134068,134930
6d53791, 19-10-2015, 4, 130837,128217,125578,127506,126420
6d53791, 19-10-2015, 8, 131000,130806,128907,131185,126420
6d53791, 19-10-2015, 16, 127661,127264,130127,130766,131318
221d5a8, 28-02-2016, 1, 185199,186248,185671,184466,185322
26a67a7, 26-02-2016, 1, 178900,180731,180575,177443,181513
26a67a7, 26-02-2016, 1, 181101,182401,181297,180828,182064
26a67a7, 26-02-2016, 1, 181768,180458,179416,182978,180187
dc7b475, 26-02-2016, 1, 180672,182918,178140,179608,179378
221d5a8, 28-02-2016, 2, 176028,176046,172712,177593,175256
26a67a7, 26-02-2016, 2, 168480,168802,168514,172410,168700
26a67a7, 26-02-2016, 2, 170362,168649,170760,171880,172943
26a67a7, 26-02-2016, 2, 171494,169758,168785,169381,172481
dc7b475, 26-02-2016, 2, 171353,168395,168938,169965,169313
221d5a8, 28-02-2016, 4, 148879,148510,149144,149210,150996
26a67a7, 26-02-2016, 4, 146181,145598,145762,145509,148078
26a67a7, 26-02-2016, 4, 148222,146782,146885,145699,149476
221d5a8, 28-02-2016, 8, 140619,139149,140254,139857,140430
26a67a7, 26-02-2016, 8, 136500,136356,136256,137035,135727
26a67a7, 26-02-2016, 8, 136589,135672,134724,134186,135137
221d5a8, 28-02-2016, 16, 102613,102331,101355,102101,101878
26a67a7, 26-02-2016, 16, 100001,99675,99238,100601,99309
26a67a7, 26-02-2016, 16, 98556,99870,98153,99847,101159
35d6e5d, 28-02-2016, 1, 126040,128897,130177,129056,130857
b3d3254, 29-02-2016, 1, 180478,182401,181768,181062,182659
35d6e5d, 28-02-2016, 2, 120734,123009,124349,119700,122587
b3d3254, 29-02-2016, 2, 171406,172658,173283,171476,172605
35d6e5d, 28-02-2016, 4, 105081,107203,106441,105790,107223
b3d3254, 29-02-2016, 4, 148629,149131,148261,148655,149730
35d6e5d, 28-02-2016, 8, 99432,99250,99279,99633,100740
b3d3254, 29-02-2016, 8, 138907,139404,139288,139080,139392
35d6e5d, 28-02-2016, 16, 78439,77140,75434,62290,81720
b3d3254, 29-02-2016, 16, 102556,102107,101754,100891,100661
1c0b6c5, 04-03-2016, 1, 165914,162917,163568,165016,164547
f80054d, 05-03-2016, 1, 183317,183880,184629,184021,183418
1c0b6c5, 04-03-2016, 2, 154117,152009,155662,152216,154373
f80054d, 05-03-2016, 2, 171792,170535,172286,169057,172375
1c0b6c5, 04-03-2016, 4, 132052,101921,78859,93581,101896
f80054d, 05-03-2016, 4, 147882,148091,147817,147531,146937
1c0b6c5, 04-03-2016, 8, 95925,92774,91774,96571,99232
f80054d, 05-03-2016, 8, 137654,136190,137801,138232,138198
1c0b6c5, 04-03-2016, 16, 76104,71317,69653,72027,70186
f80054d, 05-03-2016, 16, 102045,99900,100276,101055,101760
7c9c5a8, 06-03-2016, 1, 185220,182262,182918,182998,184365
7c9c5a8, 06-03-2016, 2, 172499,171827,174164,171388,172747
7c9c5a8, 06-03-2016, 4, 149104,148787,148840,148655,146577
7c9c5a8, 06-03-2016, 8, 138221,139659,137282,138027,138666
7c9c5a8, 06-03-2016, 16, 101055,101477,101257,100643,101122
9d77b21, 06-03-2016, 1, 183498,185404,184244,183498,185343
9d77b21, 06-03-2016, 2, 174963,172765,171441,172676,171249
9d77b21, 06-03-2016, 4, 146757,148143,148248,148327,148787
9d77b21, 06-03-2016, 8, 138266,137959,136589,139161,137518
9d77b21, 06-03-2016, 16, 101655,100384,99983,101214,100151
22d7896, 08-03-2016, 1, 128917,123063,126764,131679,125634
22d7896, 08-03-2016, 2, 123199,125044,119411,124386,128002
22d7896, 08-03-2016, 4, 112993,111056,111514,113544,112087
22d7896, 08-03-2016, 8, 104714,106651,80971,106759,109106
22d7896, 08-03-2016, 16, 83999,83105,83187,83744,38872
4b8198f, 09-03-2016, 1, 183137,183077,182341,182183,184771
4b8198f, 10-03-2016, 1, 166821,128109,106454,114771,117702
4b8198f, 09-03-2016, 2, 173444,173086,172233,170223,172979
4b8198f, 09-03-2016, 4, 148196,148117,148655,147674,147040
4b8198f, 10-03-2016, 4, 136879,138141,140630,139962,139659
4b8198f, 09-03-2016, 8, 138209,139253,137462,138632,137823
4b8198f, 10-03-2016, 8, 127943,128012,129205,128986,129404
4b8198f, 09-03-2016, 16, 100661,101520,101257,100758,100812
4b8198f, 10-03-2016, 16, 96360,96084,95428,94488,94969
601ac5a, 11-03-2016, 1, 186849,182918,181375,184406,183920
601ac5a, 12-03-2016, 1, 182361,184062,183277,183097,181749
601ac5a, 13-03-2016, 1, 171074,170223,171722,169965,171336
601ac5a, 11-03-2016, 2, 171775,173283,171634,173516,172268
601ac5a, 12-03-2016, 2, 170552,172623,171091,174038,170120
601ac5a, 13-03-2016, 2, 161056,160563,157859,159753,159905
601ac5a, 11-03-2016, 4, 147156,148052,148156,146385,147999
601ac5a, 12-03-2016, 4, 147973,151132,150011,149065,148379
601ac5a, 13-03-2016, 4, 137484,137563,139369,138449,137687
601ac5a, 11-03-2016, 8, 137114,140207,136856,137789,137608
601ac5a, 12-03-2016, 8, 137914,137170,137035,137304,138243
601ac5a, 13-03-2016, 8, 130420,128522,129474,129155,128986
601ac5a, 11-03-2016, 16, 101606,100800,101834,100970,101952
601ac5a, 12-03-2016, 16, 100934,100831,100806,101983,101946
601ac5a, 13-03-2016, 16, 95936,96316,97051,96460,96018
4835edf, 15-03-2016, 1,
4835edf, 15-03-2016, 1,
601ac5a, 14-03-2016, 1, 162413,162428,159146,158410,165342
4835edf, 15-03-2016, 2,
4835edf, 15-03-2016, 2,
601ac5a, 14-03-2016, 2, 157414,157948,158485,155474,155893
4835edf, 15-03-2016, 4,
4835edf, 15-03-2016, 4,
601ac5a, 14-03-2016, 4, 137699,135639,136589,135595,133608
4835edf, 15-03-2016, 8,
4835edf, 15-03-2016, 8,
601ac5a, 14-03-2016, 8, 127129,127924,127390,127904,126078
4835edf, 15-03-2016, 16,
4835edf, 15-03-2016, 16,
601ac5a, 14-03-2016, 16, 96393,95673,96766,95255,95575
4835edf, 17-03-2016, 1,
4835edf, 17-03-2016, 2,
4835edf, 17-03-2016, 4,
4835edf, 17-03-2016, 8,
4835edf, 17-03-2016, 16,
edf5cef, 18-03-2016, 1,
edf5cef, 18-03-2016, 2,
edf5cef, 18-03-2016, 4,
edf5cef, 18-03-2016, 8,
edf5cef, 18-03-2016, 16,
540a515, 18-03-2016, 1,
540a515, 18-03-2016, 2,
540a515, 18-03-2016, 4,
540a515, 18-03-2016, 8,
540a515, 18-03-2016, 16,
751da54, 21-03-2016, 1,
751da54, 21-03-2016, 2,
751da54, 21-03-2016, 4,
751da54, 21-03-2016, 8,
751da54, 21-03-2016, 16,
92ffe69, 23-03-2016, 1,
92ffe69, 23-03-2016, 2,
92ffe69, 23-03-2016, 4,
92ffe69, 23-03-2016, 8,
92ffe69, 23-03-2016, 16,
f675ff8, 24-03-2016, 1,
f675ff8, 24-03-2016, 2,
f675ff8, 24-03-2016, 4,
f675ff8, 24-03-2016, 8,
f675ff8, 24-03-2016, 16,
7c008bd, 24-03-2016, 1,
7c008bd, 24-03-2016, 2,
7c008bd, 24-03-2016, 4,
7c008bd, 24-03-2016, 8,
7c008bd, 24-03-2016, 16,
82adbde, 27-03-2016, 1,
82adbde, 28-03-2016, 1,
82adbde, 27-03-2016, 2,
82adbde, 28-03-2016, 2,
82adbde, 27-03-2016, 4,
82adbde, 28-03-2016, 4,
82adbde, 27-03-2016, 8,
82adbde, 28-03-2016, 8,
82adbde, 27-03-2016, 16,
82adbde, 28-03-2016, 16,
9a03686, 29-03-2016, 1,
9a03686, 29-03-2016, 2,
9a03686, 29-03-2016, 4,
9a03686, 29-03-2016, 8,
9a03686, 29-03-2016, 16,
c01e00f, 29-03-2016, 1,
c01e00f, 29-03-2016, 2,
c01e00f, 29-03-2016, 4,
c01e00f, 29-03-2016, 8,
c01e00f, 29-03-2016, 16,
45c5635, 31-03-2016, 1,
45c5635, 31-03-2016, 2,
45c5635, 31-03-2016, 4,
45c5635, 31-03-2016, 8,
45c5635, 31-03-2016, 16,
8f4568f, 02-04-2016, 1, 162775,163107,164466,166243,161911
8f4568f, 02-04-2016, 2, 152382,154132,156504,155777,158665
8f4568f, 02-04-2016, 4, 138804,133779,128778,127826,124230
8f4568f, 02-04-2016, 8, 118199,119760,125766,119190,126211
8f4568f, 02-04-2016, 16, 92949,89526,91310,91729,88623
faca1d0, 03-04-2016, 1, 177031,179378,180867,178862,175843
faca1d0, 03-04-2016, 2, 166589,167270,168598,168328,166838
faca1d0, 03-04-2016, 4, 144283,143456,145031,143309,143776
faca1d0, 03-04-2016, 8, 134336,133502,134164,135006,133195
faca1d0, 03-04-2016, 16, 98603,97895,97764,98539,98314
2fef88c, 05-04-2016, 1, 177970,179148,178348,178671,180110
d0ddc25, 03-04-2016, 1, 178159,179859,177180,176157,177894
2fef88c, 05-04-2016, 2, 166921,167621,169793,168972,168564
d0ddc25, 03-04-2016, 2, 169758,167270,167755,167254,167120
2fef88c, 05-04-2016, 4, 145044,143616,144444,145182,144333
d0ddc25, 03-04-2016, 4, 143912,144544,143505,144531,144270
2fef88c, 05-04-2016, 8, 133672,132994,133982,134271,133279
d0ddc25, 03-04-2016, 8, 133630,133747,132312,132365,132815
2fef88c, 05-04-2016, 16, 97327,98771,98268,98118,98078
d0ddc25, 03-04-2016, 16, 98319,97946,98365,97237,97684
2fef88c, 06-04-2016, 1, 120146,122292,124914,121936,120978
2fef88c, 06-04-2016, 2, 119462,127739,129895,122820,120043
2fef88c, 06-04-2016, 4, 108464,112796,111366,114278,114364
2fef88c, 06-04-2016, 8, 106414,107588,108541,107271,108184
2fef88c, 06-04-2016, 16, 82703,81431,85164,85878,84181
329561a, 07-04-2016, 1, 179897,179340,178291,180032,180342
329561a, 07-04-2016, 2, 168514,166342,168734,167923,167923
329561a, 07-04-2016, 4, 144482,145775,145056,145952,146232
329561a, 07-04-2016, 8, 134865,134046,134984,134164,133747
329561a, 07-04-2016, 16, 97861,97468,97941,98911,98498
187bd93, 10-04-2016, 1, 160195,157918,160241,159555,158635
347caf0, 11-04-2016, 1, 120344,111536,115157,115961,115173
347caf0, 12-04-2016, 1, 179263,179897,178178,179359,180653
347caf0, 13-04-2016, 1, 126927,123090,127090,128492,129026
d57ae3d, 08-04-2016, 1, 177274,177443,177631,176695,178709
187bd93, 10-04-2016, 2, 151173,150199,150752,157740,152257
347caf0, 11-04-2016, 2, 108590,133205,106820,109870,107292
347caf0, 12-04-2016, 2, 169415,168683,168007,169074,168802
347caf0, 13-04-2016, 2, 122973,124037,122034,124110,124979
d57ae3d, 08-04-2016, 2, 171074,168395,168058,170726,169398
187bd93, 10-04-2016, 4, 132417,130389,131072,128877,130268
347caf0, 11-04-2016, 4, 99592,96183,105107,109533,98435
347caf0, 12-04-2016, 4, 144159,143899,143285,144308,143998
347caf0, 13-04-2016, 4, 111056,107470,108101,111528,109042
d57ae3d, 08-04-2016, 4, 145182,143101,144556,144494,144196
187bd93, 10-04-2016, 8, 120717,121345,119718,120552,120708
347caf0, 11-04-2016, 8, 90069,91930,93083,104355,86130
347caf0, 12-04-2016, 8, 134616,134530,133800,133608,133354
347caf0, 13-04-2016, 8, 102500,102113,97068,97616,98562
d57ae3d, 08-04-2016, 8, 132595,134078,134573,133343,132910
187bd93, 10-04-2016, 16, 90766,94074,94334,93748,94249
347caf0, 11-04-2016, 16, 71277,68875,71153,75774,72619
347caf0, 12-04-2016, 16, 96277,99051,98800,99103,97889
347caf0, 13-04-2016, 16, 78066,78398,78611,78700,80040
d57ae3d, 08-04-2016, 16, 96928,97861,97152,97872,98806
4deadba, 21-04-2016, 1, 138039,139380,138209,146029,137925
4deadba, 21-04-2016, 2, 95222,94541,92203,84350,92071
4deadba, 21-04-2016, 4, 85773,76808,84469,84533,86628
4deadba, 21-04-2016, 8, 83142,82810,83158,95804,101946
4deadba, 21-04-2016, 16, 83510,85328,86538,89997,91829
4deadba, 21-04-2016, 1, 174635,174599,174074,175329,174381
4deadba, 21-04-2016, 2, 165407,166888,163856,168328,165947
4deadba, 21-04-2016, 4, 143077,143493,142894,143518,144644
4deadba, 21-04-2016, 8, 133800,132375,133683,132323,133470
4deadba, 21-04-2016, 16, 98296,98545,99722,98279,97758
66c6f1e, 24-04-2016, 1, 173965,173569,174908,174781,171634
e31e052, 23-04-2016, 1, 133142,137823,132135,131689,131123
66c6f1e, 24-04-2016, 2, 168176,166689,167187,168514,167471
e31e052, 23-04-2016, 2, 128946,124266,113168,110799,111292
66c6f1e, 24-04-2016, 4, 143961,144669,145940,144122,145107
e31e052, 23-04-2016, 4, 98521,98545,98521,99592,99757
66c6f1e, 24-04-2016, 8, 135826,134941,136068,134390,135826
e31e052, 23-04-2016, 8, 94001,95618,93691,98916,100553
66c6f1e, 24-04-2016, 16, 98753,98812,98963,98893,97952
e31e052, 23-04-2016, 16, 79505,81042,84063,87491,87843
66c6f1e, 24-04-2016, 1, 173965,174690,176083,176844,175329
66c6f1e, 24-04-2016, 2, 171669,165537,167154,168311,167404
66c6f1e, 24-04-2016, 4, 144270,144531,144656,144656,145320
66c6f1e, 24-04-2016, 8, 136057,134519,133896,135377,134497
66c6f1e, 24-04-2016, 16, 99273,98331,99250,99215,98533
179fc55, 25-04-2016, 1, 174146,172428,174200,173426,172979
179fc55, 25-04-2016, 2, 166921,164887,167354,165799,166342
179fc55, 25-04-2016, 4, 143973,143739,144072,143346,144072
179fc55, 25-04-2016, 8, 133832,135180,133640,132910,131979
179fc55, 25-04-2016, 16, 97197,99900,99103,97197,96715
a360618, 27-04-2016, 1, 177781,178481,177443,176009,178823
a360618, 27-04-2016, 2, 172961,171423,171301,173265,172445
a360618, 27-04-2016, 4, 149436,149104,149051,148945,149716
a360618, 27-04-2016, 8, 139115,137744,138483,138289,137158
a360618, 27-04-2016, 16, 100073,102833,101257,100867,101896
1f71923, 28-04-2016, 1, 178995,179359,178462,178862,179340
1f71923, 28-04-2016, 2, 173462,172570,173426,175073,172251
1f71923, 28-04-2016, 4, 149078,149118,150280,148932,148300
1f71923, 28-04-2016, 8, 115849,138873,138529,139404,138723
1f71923, 28-04-2016, 16, 103232,101514,101287,103283,101251
1f71923, 29-04-2016, 1, 163107,160164,136168,160363,159434
1f71923, 29-04-2016, 2, 153807,154188,151803,138050,148078
1f71923, 29-04-2016, 4, 134110,136867,134379,130572,119309
1f71923, 29-04-2016, 8, 124989,126325,124119,121293,114450
1f71923, 29-04-2016, 16, 92871,92799,87715,91559,93274
8ac768e, 30-04-2016, 1, 179628,177555,179282,180090,179551
8ac768e, 30-04-2016, 2, 171144,171109,174038,172943,169947
8ac768e, 30-04-2016, 4, 148445,148761,149157,147440,150834
8ac768e, 30-04-2016, 8, 138953,139346,137484,138609,138999
8ac768e, 30-04-2016, 16, 101637,101655,101214,101514,101110
8ac768e, 01-05-2016, 1, 153553,147375,149917,152271,135409
8ac768e, 01-05-2016, 2, 132815,124803,120821,118970,113891
8ac768e, 01-05-2016, 4, 100025,99291,95591,100288,100133
8ac768e, 01-05-2016, 8, 92056,94159,94829,95979,94504
8ac768e, 01-05-2016, 16, 74878,74104,75056,74117,75624
8ac768e, 02-05-2016, 1, 180129,179974,179416,179110,179052
f0bd292, 02-05-2016, 1, 179859,179820,180226,180769,179936
8ac768e, 02-05-2016, 2, 171722,170292,171616,171144,172410
f0bd292, 02-05-2016, 2, 172198,174744,170952,173569,170137
8ac768e, 02-05-2016, 4, 150983,148366,148985,147804,148761
f0bd292, 02-05-2016, 4, 147973,148039,149184,149797,148959
8ac768e, 02-05-2016, 8, 139508,137744,138323,138221,138930
f0bd292, 02-05-2016, 8, 138850,138380,139519,137484,137361
8ac768e, 02-05-2016, 16, 102732,101779,102126,100157,101306
f0bd292, 02-05-2016, 16, 101049,100300,101141,101674,101742
195eabb, 03-05-2016, 1, 179762,180555,178900,179608,180769
195eabb, 03-05-2016, 2, 174128,167487,171144,171669,171249
195eabb, 03-05-2016, 4, 147713,148418,147882,147752,147531
195eabb, 03-05-2016, 8, 136278,139589,137733,138781,139740
195eabb, 03-05-2016, 16, 101502,102070,101952,100728,101263
d3b42ee, 04-05-2016, 1, 105028,108478,103897,103499,104161
d3b42ee, 04-05-2016, 2, 101275,106998,111893,112925,110181
d3b42ee, 04-05-2016, 4, 97366,99639,105677,102966,100897
d3b42ee, 04-05-2016, 8, 94048,95017,91579,92117,96704
d3b42ee, 04-05-2016, 16, 70608,72347,73084,71897,73636
ae974a4, 05-05-2016, 1, 179435,179705,180555,179666,179936
ae974a4, 05-05-2016, 2, 172251,172979,172481,171986,175311
ae974a4, 05-05-2016, 4, 149396,148091,148182,148274,147324
ae974a4, 05-05-2016, 8, 139207,138209,138403,139415,137676
ae974a4, 05-05-2016, 16, 101385,101643,100716,101055,101496
0282595, 06-05-2016, 1, 146156,147713,146795,145699,146436
0282595, 06-05-2016, 2, 139647,141855,138666,138861,140997
0282595, 06-05-2016, 4, 119080,125007,124303,126050,127651
0282595, 06-05-2016, 8, 117842,118668,118149,118316,118928
0282595, 06-05-2016, 16, 88750,88703,88125,88287,88167
2458685, 07-05-2016, 1, 171406,175384,173983,175237,174817
2458685, 07-05-2016, 2, 167974,168361,168955,171388,168683
2458685, 07-05-2016, 4, 143936,144868,145270,143641,146003
2458685, 07-05-2016, 8, 135859,135936,133385,135541,134659
2458685, 07-05-2016, 16, 100055,100438,98579,100216,100498
2458685, 08-05-2016, 1, 174417,174963,175402,173014,174146
2458685, 08-05-2016, 2, 169074,168024,168836,168989,168429
2458685, 08-05-2016, 4, 145610,143961,144060,144694,144270
2458685, 08-05-2016, 8, 134974,134497,135300,134649,134595
2458685, 08-05-2016, 16, 98928,100204,100885,99995,99592
a497393, 09-05-2016, 1, 172712,172854,173605,172872,174454
a497393, 09-05-2016, 2, 166226,167137,167655,168210,169074
a497393, 09-05-2016, 4, 144147,144556,144731,145282,144382
a497393, 09-05-2016, 8, 134314,134595,134573,134649,135793
a497393, 09-05-2016, 16, 101128,99675,98852,100480,100067
fbee2ee, 11-05-2016, 1, 174236,174200,173785,174001,173068
fbee2ee, 11-05-2016, 2, 169827,168075,167638,169501,167772
fbee2ee, 11-05-2016, 4, 144631,144345,144706,144893,144357
fbee2ee, 11-05-2016, 8, 134919,135573,135115,134605,133811
fbee2ee, 11-05-2016, 16, 99485,98655,98800,99168,99350
1c0e89a, 12-05-2016, 1, 153764,153666,151037,155359,153161
a23877b, 13-05-2016, 1, 134952,136179,145497,144134,140067
1c0e89a, 12-05-2016, 2, 148104,149263,149410,152023,147246
a23877b, 13-05-2016, 2, 131113,137925,138312,133907,134487
1c0e89a, 12-05-2016, 4, 131824,131503,132250,128266,130501
a23877b, 13-05-2016, 4, 114928,116298,115609,117414,121266
1c0e89a, 12-05-2016, 8, 121433,120934,120043,123018,120284
a23877b, 13-05-2016, 8, 113077,113759,113490,110022,108073
1c0e89a, 12-05-2016, 16, 90321,90365,91057,90761,89113
a23877b, 13-05-2016, 16, 83311,84058,83878,88867,88143
b60677b, 14-05-2016, 1, 153105,157978,155705,161319,144060
b60677b, 14-05-2016, 2, 152395,151830,146526,154047,155489
b60677b, 14-05-2016, 4, 135628,133630,134025,129804,139126
b60677b, 14-05-2016, 8, 123963,119906,119479,126211,115625
b60677b, 14-05-2016, 16, 88506,91022,91469,88450,91200
9b04306, 14-05-2016, 1, 176342,178519,178197,177706,178197
9b04306, 14-05-2016, 2,
9b04306, 14-05-2016, 4,
9b04306, 14-05-2016, 8,
9b04306, 14-05-2016, 16,
16d9cd8, 16-05-2016, 1, 148222,147739,147609,148734,146590
f790834, 16-05-2016, 1, 148261,150159,149078,146539,147065
f790834, 18-05-2016, 1, 176268,175402,174763,177068,176491
16d9cd8, 16-05-2016, 2, 141628,143788,142615,142144,143089
f790834, 16-05-2016, 2, 138965,141044,142071,138563,142168
f790834, 18-05-2016, 2, 168395,166805,168717,167974,167437
16d9cd8, 16-05-2016, 4, 125851,130521,137687,138426,140701
f790834, 16-05-2016, 4, 124543,124184,124174,120899,124534
f790834, 18-05-2016, 4, 146016,144856,145610,147014,146385
16d9cd8, 16-05-2016, 8, 128837,129594,129304,129135,129744
f790834, 16-05-2016, 8, 116403,116517,114294,115007,114708
f790834, 18-05-2016, 8, 134541,136867,135322,135584,134293
16d9cd8, 16-05-2016, 16, 95635,94381,95060,95023,94482
f790834, 16-05-2016, 16, 85250,85189,83220,81880,80405
f790834, 18-05-2016, 16, 99373,97712,97889,99191,98141
33fe0c1, 19-05-2016, 1, 176938,174472,175347,174799,175091
33fe0c1, 19-05-2016, 2, 168210,165244,167154,167839,168007
33fe0c1, 19-05-2016, 4, 145889,146283,146079,145031,144856
33fe0c1, 19-05-2016, 8, 135169,136511,134605,134811,134811
33fe0c1, 19-05-2016, 16, 98829,98072,99338,98986,97644
33fe0c1, 20-05-2016, 1, 126021,126344,124970,121786,120725
33fe0c1, 20-05-2016, 2, 118374,118642,125578,119718,117859
33fe0c1, 20-05-2016, 4, 105510,107086,109598,105937,105279
33fe0c1, 20-05-2016, 8, 99098,99544,98210,101680,108366
33fe0c1, 20-05-2016, 16, 85424,85835,85272,84371,79487
33fe0c1, 21-05-2016, 1, 173372,174236,173911,173749,174963
33fe0c1, 21-05-2016, 2, 167070,168564,166987,166904,166012
33fe0c1, 21-05-2016, 4, 146092,146168,145661,145673,146385
33fe0c1, 21-05-2016, 8, 133811,134293,135333,134649,134314
33fe0c1, 21-05-2016, 16, 98319,99338,98940,98823,99633
33fe0c1, 22-05-2016, 1, 175733,174327,172039,173767,175311
33fe0c1, 23-05-2016, 1, 174074,176120,174056,175549,175880
7611b5f, 24-05-2016, 1, 177274,177499,176938,177537,176956
77631d8, 26-05-2016, 1, 160302,158037,164273,166589,167070
77631d8, 26-05-2016, 1, 178045,179416,179225,179301,177330
b890054, 27-05-2016, 1,
33fe0c1, 22-05-2016, 2, 166325,167823,165881,166589,166408
33fe0c1, 23-05-2016, 2, 166276,168480,168598,166971,166606
7611b5f, 24-05-2016, 2, 168142,171004,166805,167638,166193
77631d8, 26-05-2016, 2, 154302,145560,144531,144097,147091
77631d8, 26-05-2016, 2, 169965,170379,168853,168904,169467
b890054, 27-05-2016, 2,
33fe0c1, 22-05-2016, 4, 144184,145169,145308,145648,145724
33fe0c1, 23-05-2016, 4, 145648,145610,145358,145157,145648
7611b5f, 24-05-2016, 4, 147804,146539,121927,145863,146168
77631d8, 26-05-2016, 4, 134919,133396,135453,134025,133843
77631d8, 26-05-2016, 4, 147895,146105,146590,147014,146539
b890054, 27-05-2016, 4,
33fe0c1, 22-05-2016, 8, 134952,134057,134952,134789,133587
33fe0c1, 23-05-2016, 8, 136345,134854,135039,136356,134014
7611b5f, 24-05-2016, 8, 136979,136323,135377,136544,135387
77631d8, 26-05-2016, 8, 123899,123808,125175,124803,125484
77631d8, 26-05-2016, 8, 136334,137801,136278,135355,136168
b890054, 27-05-2016, 8,
33fe0c1, 22-05-2016, 16, 98806,97769,99209,99527,98342
33fe0c1, 23-05-2016, 16, 98986,99835,99728,98800,99144
7611b5f, 24-05-2016, 16, 98771,98852,99238,98003,98823
77631d8, 26-05-2016, 16, 95050,93565,93513,75953,75373
77631d8, 26-05-2016, 16, 98597,98887,98707,99781,98707
b890054, 27-05-2016, 16,
add260b, 28-05-2016, 1, 177574,176435,177612,176194,178728
add260b, 28-05-2016, 2, 169245,167387,169006,166705,166722
add260b, 28-05-2016, 4, 145421,145484,145572,146975,147194
add260b, 28-05-2016, 8, 134703,136112,135914,135409,134746
add260b, 28-05-2016, 16, 99954,98719,100288,98969,97237
add260b, 29-05-2016, 1, 177050,176176,176176,178843,176287
add260b, 29-05-2016, 2, 167254,166821,166738,165065,169006
add260b, 29-05-2016, 4, 145940,145434,145889,145825,145144
add260b, 29-05-2016, 8, 136013,135278,135246,135573,135169
add260b, 29-05-2016, 16, 98620,98608,99527,99373,98377
add260b, 29-05-2016, 1, 177293,175880,178140,177068,177312
add260b, 29-05-2016, 2, 167957,167605,168277,170085,165947
add260b, 29-05-2016, 4, 146988,147117,146834,147427,146885
add260b, 29-05-2016, 8, 135453,136367,135126,135837,135082
add260b, 29-05-2016, 16, 98429,99356,98730,99669,100264
add260b, 30-05-2016, 1, 177012,175622,177237,177762,176658
add260b, 30-05-2016, 2, 167621,167087,167906,167991,169142
add260b, 30-05-2016, 4, 146143,145257,146258,145825,146500
add260b, 30-05-2016, 8, 135552,136356,136157,136722,135061
add260b, 30-05-2016, 16, 98852,99823,98124,98021,98690
add260b, 31-05-2016, 1, 177725,177162,176826,176547,178045
add260b, 31-05-2016, 2, 170622,169621,167320,167974,167204
add260b, 31-05-2016, 4, 145623,146270,147001,146054,145851
add260b, 31-05-2016, 8, 135497,136289,135826,135914,136445
add260b, 31-05-2016, 16, 98626,99397,98771,98981,98899
2dc76fa, 01-06-2016, 1, 177574,176882,177687,177180,177499
2dc76fa, 01-06-2016, 2, 168836,168972,168972,167521,168226
2dc76fa, 01-06-2016, 4, 146245,146577,145497,145107,146975
2dc76fa, 01-06-2016, 8, 135398,135300,136046,135749,136068
2dc76fa, 01-06-2016, 16, 99704,97741,98222,98245,99734
8f4c433, 02-06-2016, 1, 181454,182183,182958,181847,181709
8f4c433, 02-06-2016, 2, 173767,173821,171564,174945,171827
8f4c433, 02-06-2016, 4, 148695,148985,148130,148484,149144
8f4c433, 02-06-2016, 8, 138084,136890,138838,137552,136834
8f4c433, 02-06-2016, 16, 100450,102582,99924,102002,100867
8f4c433, 03-06-2016, 1, 126002,130572,130268,126793,125747
8f4c433, 03-06-2016, 2, 123262,123335,126182,124092,122766
8f4c433, 03-06-2016, 4, 111388,110166,109519,112170,112455
8f4c433, 03-06-2016, 8, 105510,105750,105140,106848,107450
8f4c433, 03-06-2016, 16, 83348,82177,84426,82883,74479
8f4c433, 04-06-2016, 1, 181004,180013,178747,179955,179859
8f4c433, 04-06-2016, 2, 171161,169707,172375,172339,171022
8f4c433, 04-06-2016, 4, 148274,149770,148366,148721,148169
8f4c433, 04-06-2016, 8, 136957,137880,136968,136745,137699
8f4c433, 04-06-2016, 16, 98998,101135,99793,100061,100348
8f4c433, 05-06-2016, 1, 179455,180420,179416,180420,180342
8f4c433, 05-06-2016, 2, 172872,172251,172979,172109,170674
8f4c433, 05-06-2016, 4, 147466,149863,147181,149171,148117
8f4c433, 05-06-2016, 8, 138335,138039,137046,138232,137394
8f4c433, 05-06-2016, 16, 100849,100523,100091,99468,101141
f5d8e0b, 06-06-2016, 1, 180284,178728,180497,180284,181670
f5d8e0b, 06-06-2016, 2, 169999,174672,172268,172339,171231
f5d8e0b, 06-06-2016, 4, 150226,148616,148182,148998,148602
f5d8e0b, 06-06-2016, 8, 137699,139265,137654,138517,138130
f5d8e0b, 06-06-2016, 16, 100934,101238,102008,99279,100685
e68ee5c, 08-06-2016, 1, 179455,181808,179917,180867,180478
f5d8e0b, 07-06-2016, 1, 133726,132574,135826,135377,134411
e68ee5c, 08-06-2016, 2, 171476,172765,172587,170431,171757
f5d8e0b, 07-06-2016, 2, 127700,127953,129046,131164,133407
e68ee5c, 08-06-2016, 4, 149396,149756,149583,149436,150333
f5d8e0b, 07-06-2016, 4, 120327,119131,125072,123362,126793
e68ee5c, 08-06-2016, 8, 138403,138426,138907,138620,139357
f5d8e0b, 07-06-2016, 8, 125110,124266,125993,123680,126211
e68ee5c, 08-06-2016, 16, 101520,101606,101569,99924,101489
f5d8e0b, 07-06-2016, 16, 92861,92355,85533,85962,81621
62f94d4, 10-06-2016, 1, 181004,179878,180458,176751,178159
62f94d4, 10-06-2016, 2, 173300,171546,171564,173229,171126
62f94d4, 10-06-2016, 4, 150185,149210,148893,150307,149065
62f94d4, 10-06-2016, 8, 139612,137755,137767,139045,138896
62f94d4, 10-06-2016, 16, 101116,100613,100390,101043,101539
62f94d4, 10-06-2016, 1, 164016,166871,167170,165766,170830
62f94d4, 10-06-2016, 2, 158545,159661,158920,158890,163234
62f94d4, 10-06-2016, 4, 138930,141568,138575,139415,140914
62f94d4, 10-06-2016, 8, 130766,127982,129384,128266,130036
62f94d4, 10-06-2016, 16, 96749,95559,94808,94921,94493
62f94d4, 11-06-2016, 1, 169587,170569,168751,170639,172003
62f94d4, 11-06-2016, 2, 165195,163330,165244,165947,164822
62f94d4, 11-06-2016, 4, 143973,143887,142712,142397,143604
62f94d4, 11-06-2016, 8, 131938,133513,134057,134261,133279
62f94d4, 11-06-2016, 16, 99303,98870,98730,98516,96615
01193c4, 13-06-2016, 1, 177293,176919,180090,177012,175770
62f94d4, 12-06-2016, 1, 180711,179397,179282,179205,178367
01193c4, 13-06-2016, 2, 167923,167856,167621,168058,167220
62f94d4, 12-06-2016, 2, 172552,171827,173211,172694,172676
01193c4, 13-06-2016, 4, 146168,147973,147921,148078,147752
62f94d4, 12-06-2016, 4, 148405,149944,149317,149476,150671
01193c4, 13-06-2016, 8, 138586,137282,137687,137744,137428
62f94d4, 12-06-2016, 8, 137147,139868,138689,139392,138735
01193c4, 13-06-2016, 16, 101631,101416,100571,101025,100456
62f94d4, 12-06-2016, 16, 102219,98406,100300,99906,101135
d523ab3, 14-06-2016, 1, 177574,176919,176677,177012,177913
d523ab3, 14-06-2016, 2, 168277,169364,168666,168649,168836
d523ab3, 14-06-2016, 4, 148537,147362,148616,147674,147869
d523ab3, 14-06-2016, 8, 138953,138357,139138,138164,137699
d523ab3, 14-06-2016, 16, 101489,101834,101539,100873,101489
51f9a57, 16-06-2016, 1, 98354,104642,101810,101871,102525
51f9a57, 16-06-2016, 2, 91849,91042,91524,91111,89032
51f9a57, 16-06-2016, 4, 82797,89317,93518,94921,98331
51f9a57, 16-06-2016, 8, 109000,108520,109241,93041,88985
51f9a57, 16-06-2016, 16, 68370,66887,64612,64021,63485
2db5940, 17-06-2016, 1, 177819,177668,178766,174890,178576
2db5940, 17-06-2016, 2, 168666,168497,168955,169330,170223
2db5940, 17-06-2016, 4, 145636,148182,148287,148366,146003
2db5940, 17-06-2016, 8, 139265,138061,138392,137959,137676
2db5940, 17-06-2016, 16, 102745,101822,101705,101061,101649
00e2783, 17-06-2016, 1, 161366,160271,162397,161521,161381
d21981c, 19-06-2016, 1, 154458,154600,154373,154458,152312
00e2783, 17-06-2016, 2, 157933,158725,156958,154387,153077
d21981c, 19-06-2016, 2, 149104,147869,149957,160471,162177
00e2783, 17-06-2016, 4, 135039,135848,133747,137080,137529
d21981c, 19-06-2016, 4, 133726,129674,131586,129175,130521
00e2783, 17-06-2016, 8, 128986,131082,130654,128463,127787
d21981c, 19-06-2016, 8, 122256,121161,122820,121742,122605
00e2783, 17-06-2016, 16, 95624,96095,96388,96945,97809
d21981c, 19-06-2016, 16, 91534,91514,95266,97804,91499
d4c5ae3, 20-06-2016, 1, 162444,164370,161880,162365,163968
d4c5ae3, 20-06-2016, 2, 156227,153147,154643,157414,155748
d4c5ae3, 20-06-2016, 4, 136923,137192,136522,137891,138655
d4c5ae3, 20-06-2016, 8, 129434,128591,129744,128364,128818
d4c5ae3, 20-06-2016, 16, 95799,95493,95706,95952,96676
ce65452, 21-06-2016, 1, 115801,117925,117143,116258,117553
ce65452, 21-06-2016, 2, 111306,111366,114084,114263,114936
ce65452, 21-06-2016, 4, 102344,104245,103213,102488,100288
ce65452, 21-06-2016, 8, 94254,98469,95461,93979,94583
ce65452, 21-06-2016, 16, 75123,73684,74219,76615,72491
ce65452, 22-06-2016, 1, 74450,74735,72519,75488,82241
ce65452, 22-06-2016, 2, 74831,72169,75039,73504,73097
ce65452, 22-06-2016, 4, 68728,69580,67861,69480,73765
ce65452, 22-06-2016, 8, 65564,58537,56893,56640,67949
ce65452, 22-06-2016, 16, 63704,62975,63857,63394,67647
ce65452, 23-06-2016, 1, 179397,180129,179378,177162,179839
ce65452, 23-06-2016, 2, 173283,171968,172304,171862,172357
ce65452, 23-06-2016, 4, 149770,148945,149144,149503,151146
ce65452, 23-06-2016, 8, 140524,140231,138449,140442,138850
ce65452, 23-06-2016, 16, 102194,104375,103340,102388,103942
059ebb6, 25-06-2016, 1, 173318,173641,175880,176398,174836
2057dde, 29-06-2016, 1,
059ebb6, 25-06-2016, 2, 170172,169844,169262,167070,170051
2057dde, 29-06-2016, 2,
059ebb6, 25-06-2016, 4, 147194,146296,146539,146603,145484
2057dde, 29-06-2016, 4,
059ebb6, 25-06-2016, 8, 137518,138701,137563,137518,137902
2057dde, 29-06-2016, 8,
059ebb6, 25-06-2016, 16, 101226,100342,101404,101074,101074
2057dde, 29-06-2016, 16,
0695d13, 30-06-2016, 1, 147479,152354,153063,153905,154316
0695d13, 30-06-2016, 2, 104648,103187,103219,105272,104635
0695d13, 30-06-2016, 4, 92995,92605,93233,93895,93498
0695d13, 30-06-2016, 8, 83610,83995,86583,86174,87041
0695d13, 30-06-2016, 16, 83138,83823,83685,83473,82016
7f5479d, 02-07-2016, 1, 182302,182659,179724,180769,181788
7f5479d, 02-07-2016, 2, 117029,116460,117020,116508,117282
7f5479d, 02-07-2016, 4, 104544,105345,104271,105312,104648
7f5479d, 02-07-2016, 8, 96382,96167,96156,95722,96321
7f5479d, 02-07-2016, 16, 94626,93119,94530,93618,92861
7f5479d, 03-07-2016, 1, 180789,182064,181847,180964,181043
7f5479d, 03-07-2016, 2, 117315,116963,117143,115657,116097
7f5479d, 03-07-2016, 4, 105325,105332,105081,105690,105365
7f5479d, 03-07-2016, 8, 95455,95662,95958,96332,96316
7f5479d, 03-07-2016, 16, 94493,94482,93869,94138,93686
7f5479d, 03-07-2016, 1, 108289,105977,108872,108408,111923
7f5479d, 03-07-2016, 2, 69162,63456,63509,62787,61208
7f5479d, 03-07-2016, 4, 59267,59212,59296,60642,61487
7f5479d, 03-07-2016, 8, 56716,58890,65870,67208,67555
7f5479d, 03-07-2016, 16, 68225,68064,70775,69267,67171
7f5479d, 05-07-2016, 1, 180886,181572,180187,181434,180925
7f5479d, 05-07-2016, 2, 115793,115985,116565,116170,116331
7f5479d, 05-07-2016, 4, 104622,105351,105101,104642,105537
7f5479d, 05-07-2016, 8, 96693,95853,96360,96078,96117
7f5479d, 05-07-2016, 16, 92913,95336,94334,94011,94536
338665f, 06-07-2016, 1, 181650,175972,182341,181788,181749
338665f, 06-07-2016, 2, 116833,115713,116541,116792,116792
338665f, 06-07-2016, 4, 104963,104727,105002,104388,104006
338665f, 06-07-2016, 8, 95569,96249,96062,95952,95996
338665f, 06-07-2016, 16, 92370,94254,93191,94191,92355
0430db5, 06-07-2016, 1, 183018,181768,180769,181395,182222
0430db5, 06-07-2016, 2, 117233,117045,116355,116606,116331
0430db5, 06-07-2016, 4, 104038,104956,104792,105140,105444
0430db5, 06-07-2016, 8, 96305,95651,95071,96012,96532
0430db5, 06-07-2016, 16, 92938,92162,94032,94180,93518
80e6635, 08-07-2016, 1, 181395,181062,181199,181729,181709
80e6635, 08-07-2016, 2, 117192,117127,117078,116768,116073
80e6635, 08-07-2016, 4, 105305,104668,104930,104759,105173
80e6635, 08-07-2016, 8, 96526,95624,95963,96343,96288
80e6635, 08-07-2016, 16, 93874,94032,93555,93639,94845
8b2feb8, 08-07-2016, 1, 178976,179263,178614,178862,178785
8b2feb8, 08-07-2016, 2, 115609,115681,115761,115849,115323
8b2feb8, 08-07-2016, 4, 105226,103967,104401,104917,104453
8b2feb8, 08-07-2016, 8, 95390,95266,95624,95624,94862
8b2feb8, 08-07-2016, 16, 94074,94169,93264,94138,92335
8b2feb8, 09-07-2016, 1, 161025,157903,160333,157607,159722
8b2feb8, 09-07-2016, 2, 105213,104897,104200,105285,105140
8b2feb8, 09-07-2016, 4, 95678,95711,97344,96443,96150
8b2feb8, 09-07-2016, 8, 89274,88689,88778,88740,89455
8b2feb8, 09-07-2016, 16, 87304,85272,86139,87340,87340
8b2feb8, 11-07-2016, 1, 177932,178976,178367,179589,178519
8b2feb8, 11-07-2016, 2, 114677,114802,115110,116274,114622
8b2feb8, 11-07-2016, 4, 104472,104668,103929,104812,103961
8b2feb8, 11-07-2016, 8, 96399,95553,95352,96332,95821
8b2feb8, 11-07-2016, 16, 94392,92985,93901,94381,92933
ee66493, 12-07-2016, 1, 151542,152243,158335,159101,158141
ee66493, 12-07-2016, 2, 104976,106786,105917,104786,106111
ee66493, 12-07-2016, 4, 94482,95012,95760,96548,95831
ee66493, 12-07-2016, 8, 88886,84405,86929,85060,87555
ee66493, 12-07-2016, 16, 86055,66740,88199,86906,88102
ee66493, 13-07-2016, 1, 125428,131195,133237,123199,127486
ee66493, 13-07-2016, 2, 87277,87010,84563,85181,88618
ee66493, 13-07-2016, 4, 82602,81147,82269,82419,83328
ee66493, 13-07-2016, 8, 80944,82924,83179,83594,84486
ee66493, 13-07-2016, 16, 83819,84798,80063,86686,84189
ee66493, 15-07-2016, 1, 150712,150563,144694,150576,149863
ee66493, 15-07-2016, 2, 98026,96045,97673,96282,96288
ee66493, 15-07-2016, 4, 89070,88651,88895,88581,89032
ee66493, 15-07-2016, 8, 89426,90036,89929,90815,90707
ee66493, 15-07-2016, 16, 90575,93248,92177,91774,92248
ee66493, 16-07-2016, 1, 152951,150915,151803,151981,149823
ee66493, 16-07-2016, 2, 96133,98603,96810,98533,96967
ee66493, 16-07-2016, 4, 89302,89127,89165,89847,89241
ee66493, 16-07-2016, 8, 90365,89775,89545,89493,89084
ee66493, 16-07-2016, 16, 90137,91404,91489,92712,90761
ee66493, 17-07-2016, 1, 148985,149570,147869,149118,148497
ee66493, 17-07-2016, 2, 95837,97963,96238,96866,96844
ee66493, 17-07-2016, 4, 88721,88750,88464,89089,89694
ee66493, 17-07-2016, 8, 89288,89416,90132,89843,88971
ee66493, 17-07-2016, 16, 91484,91489,92949,90600,90108
ee66493, 17-07-2016, 1, 148340,148589,147973,142409,147648
ee66493, 17-07-2016, 2, 95695,97096,95815,96178,96227
ee66493, 17-07-2016, 4, 88881,87949,88162,87862,87825
ee66493, 17-07-2016, 8, 89436,89231,89799,89526,88529
ee66493, 17-07-2016, 16, 92692,91684,91255,90147,91459
ee66493, 18-07-2016, 1, 154032,152645,149837,157888,157473
ee66493, 18-07-2016, 2, 103340,103563,104006,104077,103111
ee66493, 18-07-2016, 4, 94536,93539,94127,55814,92218
ee66493, 18-07-2016, 8, 88408,89742,90137,90084,91166
ee66493, 18-07-2016, 16, 89236,91042,91141,90914,89953
5f33d69, 20-07-2016, 1, 144320,145851,145358,138243,143309
5f33d69, 20-07-2016, 2, 92319,88806,92712,92365,90590
5f33d69, 20-07-2016, 4, 85581,85146,83781,86740,83873
5f33d69, 20-07-2016, 8, 85086,85953,86884,83748,82354
5f33d69, 20-07-2016, 16, 85511,84652,87491,85506,85398
17c203c, 21-07-2016, 1, 185404,184812,184995,184893,185630
17c203c, 21-07-2016, 2, 119021,119479,118760,119030,118869
17c203c, 21-07-2016, 4, 106010,106306,105870,106024,105850
17c203c, 21-07-2016, 8, 96040,97576,96833,97389,97383
17c203c, 21-07-2016, 16, 94201,94286,95455,94180,94642
33f8a46, 25-07-2016, 1, 167974,170778,169228,165914,161958
33f8a46, 25-07-2016, 2, 107989,108457,108943,108212,108527
33f8a46, 25-07-2016, 4, 97531,97661,97604,97941,96282
33f8a46, 25-07-2016, 8, 89188,87710,87719,87463,87186
33f8a46, 25-07-2016, 16, 86726,86570,85502,86002,85585
33f8a46, 26-07-2016, 1, 182738,181965,182998,181317,182183
33f8a46, 26-07-2016, 2, 118895,117176,117851,118291,117958
33f8a46, 26-07-2016, 4, 105279,104427,105471,105094,105022
33f8a46, 26-07-2016, 8, 96365,96532,96393,96978,96604
33f8a46, 26-07-2016, 16, 93083,94302,93103,94722,95417
33f8a46, 27-07-2016, 1, 183338,183880,182798,183338,183157
33f8a46, 27-07-2016, 2, 118861,118374,118349,118050,118517
33f8a46, 27-07-2016, 4, 105570,105351,105312,105285,105180
33f8a46, 27-07-2016, 8, 96660,95618,96933,96498,97051
33f8a46, 27-07-2016, 16, 93592,94169,94185,94138,95012
33f8a46, 28-07-2016, 1, 181926,183759,182579,183338,184122
33f8a46, 28-07-2016, 2, 118617,118668,117628,118617,118752
33f8a46, 28-07-2016, 4, 106084,106165,105391,105797,105790
33f8a46, 28-07-2016, 8, 97045,96504,97001,96872,96421
33f8a46, 28-07-2016, 16, 95591,95303,95195,94862,92907
b8b3256, 29-07-2016, 1, 181238,182321,185507,182143,184082
b8b3256, 29-07-2016, 2, 119038,119224,119013,119360,119283
b8b3256, 29-07-2016, 4, 105890,105564,106145,105750,105544
b8b3256, 29-07-2016, 8, 97062,97068,96777,96089,96460
b8b3256, 29-07-2016, 16, 94111,95646,94631,93508,95700
7d90701, 30-07-2016, 1, 183297,183217,184548,181552,184751
7d90701, 30-07-2016, 2, 119148,119411,119547,119572,118433
7d90701, 30-07-2016, 4, 105252,104714,105657,105570,105970
7d90701, 30-07-2016, 8, 96448,96023,96632,95179,95771
7d90701, 30-07-2016, 16, 94456,94450,94254,94921,93712
10e1bd7, 31-07-2016, 1, 184385,184142,180129,184203,183920
10e1bd7, 31-07-2016, 2, 119419,119411,118408,118299,118383
10e1bd7, 31-07-2016, 4, 105477,105444,105590,104890,105957
10e1bd7, 31-07-2016, 8, 96615,96476,96866,96399,96100
10e1bd7, 31-07-2016, 16, 93165,93722,94334,95837,95401
390c7c6, 01-08-2016, 1,
390c7c6, 01-08-2016, 2,
390c7c6, 01-08-2016, 4,
390c7c6, 01-08-2016, 8,
390c7c6, 01-08-2016, 16,
1df19d5, 02-08-2016, 1, 176361,176176,175678,176102,174236
1df19d5, 03-08-2016, 1, 175311,175201,173318,175329,176417
1df19d5, 02-08-2016, 2, 114450,114889,114669,114302,115474
1df19d5, 03-08-2016, 2, 114146,114834,114685,114991,115371
1df19d5, 02-08-2016, 4, 100234,100673,100934,100855,100001
1df19d5, 03-08-2016, 4, 101275,102064,100934,100679,100348
1df19d5, 02-08-2016, 8, 90707,91220,91091,91669,90084
1df19d5, 03-08-2016, 8, 90521,92137,90321,91439,91022
1df19d5, 02-08-2016, 16, 88721,89847,89622,87866,85980
1df19d5, 03-08-2016, 16, 88394,90215,90331,90512,89250
9fd8f5b, 04-08-2016, 1, 174654,176361,177255,175567,175936
9fd8f5b, 04-08-2016, 2, 115094,115149,114450,115015,115236
9fd8f5b, 04-08-2016, 4, 101196,100282,100982,99847,101220
9fd8f5b, 04-08-2016, 8, 90810,91534,90668,90644,91709
9fd8f5b, 04-08-2016, 16, 88778,90644,90884,89675,89388
4af91c0, 05-08-2016, 1, 176584,176509,176398,175549,178121
4af91c0, 05-08-2016, 2, 115149,114975,115617,115054,114536
4af91c0, 05-08-2016, 4, 101594,101532,100450,100958,101324
4af91c0, 05-08-2016, 8, 90810,90521,89862,90036,91121
4af91c0, 05-08-2016, 16, 91374,90751,88754,88740,89056
1214788, 06-08-2016, 1, 179801,178709,179340,178614,168989
1214788, 06-08-2016, 2, 105193,104303,104537,104727,103974
1214788, 06-08-2016, 4, 89992,89838,89881,89737,89464
1214788, 06-08-2016, 8, 76636,74068,77375,74892,75130
1214788, 06-08-2016, 16, 76787,73597,72808,75658,75546
1214788, 07-08-2016, 1, 177199,179052,179782,178728,176509
1214788, 07-08-2016, 2, 105710,104518,104910,105790,104890
1214788, 07-08-2016, 4, 91359,91389,90181,90756,90845
1214788, 07-08-2016, 8, 77332,75929,77154,75227,76935
1214788, 07-08-2016, 16, 73119,78406,71848,77339,75696
1214788, 07-08-2016, 1, 178976,178045,168751,179782,178197
1214788, 07-08-2016, 2, 104661,104239,105385,104219,104701
1214788, 07-08-2016, 4, 89307,89929,90069,90663,90546
1214788, 07-08-2016, 8, 75522,76368,78223,78307,73856
1214788, 07-08-2016, 16, 77411,76198,76608,77672,76738
1214788, 08-08-2016, 1, 155806,156416,156169,154700,156053
1214788, 08-08-2016, 2, 98800,97781,98371,97901,97090
1214788, 08-08-2016, 4, 84935,83983,84965,85034,85120
1214788, 08-08-2016, 8, 73228,72228,71716,73295,70348
1214788, 08-08-2016, 16, 72616,69236,69465,72434,71195
4950d4d, 09-08-2016, 1, 175146,174617,174872,174908,178823
4950d4d, 09-08-2016, 2, 104349,105087,104310,104466,98262
4950d4d, 09-08-2016, 4, 86753,89944,86249,89799,91225
4950d4d, 09-08-2016, 8, 73607,74486,77396,74805,76018
4950d4d, 09-08-2016, 16, 78285,76559,76125,58179,71906
aa47a24, 12-08-2016, 1, 176509,176602,175899,176975,178008
aa47a24, 12-08-2016, 2, 104440,105923,104956,104375,105120
aa47a24, 12-08-2016, 4, 91389,90786,91654,92132,90919
aa47a24, 12-08-2016, 8, 76647,79325,77108,74582,77572
aa47a24, 12-08-2016, 16, 74592,78037,74992,76364,73704
730b630, 13-08-2016, 1, 158440,153441,171810,170241,172127
730b630, 13-08-2016, 2, 103442,103525,98302,98527,104239
730b630, 13-08-2016, 4, 90526,90860,90978,90526,89771
730b630, 13-08-2016, 8, 77020,75870,73116,78135,78143
730b630, 13-08-2016, 16, 75901,74821,77475,74440,77831
730b630, 13-08-2016, 1, 176417,174763,173229,179014,176324
730b630, 13-08-2016, 2, 104772,104557,104982,104759,104746
730b630, 13-08-2016, 4, 91111,90253,92661,90663,91629
730b630, 13-08-2016, 8, 79487,78001,77881,77137,77733
730b630, 13-08-2016, 16, 74042,75771,78150,75908,77421
730b630, 14-08-2016, 1, 64645,80124,66473,78655,104291
730b630, 14-08-2016, 2, 52071,49797,63738,72403,77443
730b630, 14-08-2016, 4, 65215,63521,62154,62914,59206
730b630, 14-08-2016, 8, 57027,57646,67582,68635,69362
730b630, 14-08-2016, 16, 69734,66988,66911,64887,69276
99b8fc3, 15-08-2016, 1, 176361,176231,176938,175696,176065
99b8fc3, 15-08-2016, 2, 104963,104903,104642,104590,103774
99b8fc3, 15-08-2016, 4, 92172,91749,91037,91769,91136
99b8fc3, 15-08-2016, 8, 73600,76246,76402,76160,76250
99b8fc3, 15-08-2016, 16, 76490,78807,77972,77802,76798
99b8fc3, 17-08-2016, 1, 177368,177237,176826,173086,176565
99b8fc3, 17-08-2016, 2, 103653,104720,104694,104265,105504
99b8fc3, 17-08-2016, 4, 90830,91394,90712,90639,91834
99b8fc3, 17-08-2016, 8, 76510,73895,75123,77247,76963
99b8fc3, 17-08-2016, 16, 78318,79246,76132,75977,77824
8916138, 18-08-2016, 1, 144594,151706,151569,149770,149783
8916138, 18-08-2016, 2, 91111,92625,91464,88614,91027
8916138, 18-08-2016, 4, 80170,79968,81045,83477,81916
8916138, 18-08-2016, 8, 69786,69036,67748,68428,70069
8916138, 18-08-2016, 16, 70342,71111,66587,67806,69053
8916138, 19-08-2016, 1, 180847,180925,179974,179936,181121
8916138, 20-08-2016, 1, 177499,180226,179724,179014,179820
8916138, 19-08-2016, 2, 105160,104799,105650,104661,104596
8916138, 20-08-2016, 2, 105883,104635,105048,104090,104746
8916138, 19-08-2016, 4, 90786,91176,91091,91290,90079
8916138, 20-08-2016, 4, 90815,90161,91459,90938,91250
8916138, 19-08-2016, 8, 73517,75427,76622,76469,73520
8916138, 20-08-2016, 8, 78527,75308,74975,74831,75424
8916138, 19-08-2016, 16, 71229,79600,73814,72821,74555
8916138, 20-08-2016, 16, 72123,73876,76354,74888,70772
8916138, 21-08-2016, 1, 121266,120656,123644,122452,124193
8916138, 22-08-2016, 1, 129314,126144,129115,125437,126287
8916138, 21-08-2016, 2, 82785,80582,79812,80232,74589
8916138, 22-08-2016, 2, 82084,83072,82157,78215,80664
8916138, 21-08-2016, 4, 68613,69273,69016,69716,69783
8916138, 22-08-2016, 4, 71395,70330,71532,70395,70958
8916138, 21-08-2016, 8, 58449,57791,59017,60308,52684
8916138, 22-08-2016, 8, 60758,62053,62728,61776,61108
8916138, 21-08-2016, 16, 50490,53596,64253,63750,67260
8916138, 22-08-2016, 16, 62030,63418,59805,62274,59066
8916138, 23-08-2016, 1, 178995,179282,178919,180245,181140
8916138, 23-08-2016, 2, 104096,106245,104910,104681,105332
8916138, 23-08-2016, 4, 90697,91484,90747,91424,92172
8916138, 23-08-2016, 8, 75468,75805,77006,73752,74212
8916138, 23-08-2016, 16, 74969,74450,72976,72572,74795
8916138, 23-08-2016, 1, 179647,180555,179205,177405,179186
8916138, 23-08-2016, 2, 104995,105418,105114,105041,105299
8916138, 23-08-2016, 4, 90600,90536,90429,92162
8916138, 23-08-2016, 8, 76239,77027,74895,75227,75359
8916138, 23-08-2016, 16, 74572,72853,74374,74765,73889
9570639, 25-08-2016, 1, 179936,181179,180187,178235,179531
9570639, 25-08-2016, 2, 104805,104740,103774,104278,104982
9570639, 25-08-2016, 4, 90894,89703,90978,91067,91032
9570639, 25-08-2016, 8, 76963,76357,77900,74502,79261
9570639, 25-08-2016, 16, 73475,72701,77547,73905,72622
99a7132, 26-08-2016, 1, 179762,178690,180342,180847,180614
99a7132, 26-08-2016, 2, 105544,103922,104427,103948,105193
99a7132, 26-08-2016, 4, 91514,90722,91305,91684,91469
99a7132, 26-08-2016, 8, 73604,78219,74479,78729,74516
99a7132, 26-08-2016, 16, 76615,76967,73497,73196,73173
b0a20fe, 27-08-2016, 1, 179589,177330,179225,178272,179474
b0a20fe, 27-08-2016, 2, 104943,104917,105107,104583,105147
b0a20fe, 27-08-2016, 4, 90988,91111,91584,91086,91359
b0a20fe, 27-08-2016, 8, 75447,76727,72378,74668,77842
b0a20fe, 27-08-2016, 16, 71606,73558,70850,76731,71326
b0a20fe, 28-08-2016, 1, 155922,157208,157237,156987,156489
b0a20fe, 28-08-2016, 2, 96727,95886,96760,95941,96238
b0a20fe, 28-08-2016, 4, 84546,84793,84768,85345,85146
b0a20fe, 28-08-2016, 8, 67249,71150,69322,70865,72008
b0a20fe, 28-08-2016, 16, 66115,71756,68765,73037,70195
c523338, 28-08-2016, 1,
c523338, 28-08-2016, 2,
c523338, 28-08-2016, 4,
c523338, 28-08-2016, 8,
c523338, 28-08-2016, 16,
0e55479, 07-09-2016, 1, 172180,170691,169570,172445,173086
dcda22d, 07-09-2016, 1,
dcda22d, 07-09-2016, 1,
dcda22d, 07-09-2016, 1,
0e55479, 07-09-2016, 2, 104090,103098,104472,104362,103871
dcda22d, 07-09-2016, 2,
dcda22d, 07-09-2016, 2,
dcda22d, 07-09-2016, 2,
0e55479, 07-09-2016, 4, 95211,96001,95668,95401,94872
dcda22d, 07-09-2016, 4,
dcda22d, 07-09-2016, 4,
dcda22d, 07-09-2016, 4,
0e55479, 07-09-2016, 8, 86888,83861,85511,84494,84380
dcda22d, 07-09-2016, 8,
dcda22d, 07-09-2016, 8,
dcda22d, 07-09-2016, 8,
0e55479, 07-09-2016, 16, 83564,84686,83614,84686
dcda22d, 07-09-2016, 16,
dcda22d, 07-09-2016, 16,
dcda22d, 07-09-2016, 16,
0f21c78, 07-09-2016, 1, 170379,171986,169330,171231,168836
0f21c78, 07-09-2016, 2, 104799,103569,104420,104103,103117
0f21c78, 07-09-2016, 4, 95531,95450,94953,94706,94749
0f21c78, 07-09-2016, 8, 85272,86196,86383,85411,85804
0f21c78, 07-09-2016, 16, 84627,85738,83357,83949,85376
0f21c78, 08-09-2016, 1, 174038,171898,171581,172801,172092
0f21c78, 08-09-2016, 2, 104258,103499,105147,103710,103980
0f21c78, 08-09-2016, 4, 95412,95249,95190,94915,95936
0f21c78, 08-09-2016, 8, 85690,85198,85406,85602,85289
0f21c78, 08-09-2016, 16, 84746,84909,83790,84329,83311
0f21c78, 09-09-2016, 1, 122452,121936,120752,122757,123416
0f21c78, 09-09-2016, 2, 82092,81089,81391,81022,80278
0f21c78, 09-09-2016, 4, 71977,71600,74721,75682,73895
0f21c78, 09-09-2016, 8, 67617,67405,68784,69806,66109
0f21c78, 09-09-2016, 16, 62773,60311,61446,61507,63096
0f21c78, 11-09-2016, 1, 141021,150956,146692,155043,147388
0f21c78, 11-09-2016, 2, 94878,96393,92284,95125,89694
0f21c78, 11-09-2016, 4, 84836,85159,86015,86753,87724
0f21c78, 11-09-2016, 8, 78070,79694,80274,79846,79558
0f21c78, 11-09-2016, 16, 79630,78803,80901,78183,79956
2846485, 15-09-2016, 1, 162981,162965,162240,159449,153680
5cabaaa, 16-09-2016, 1, 133694,133768,133079,132219,133110
766d16f, 13-09-2016, 1, 164806,165049,165914,165914,165456
ac3765b, 13-09-2016, 1, 148813,144569,156446,142821,148932
e47e854, 12-09-2016, 1, 164595,165570,163473,166160,166127
2846485, 15-09-2016, 2, 99273,100928,100589,99960,100210
5cabaaa, 16-09-2016, 2, 91900,89555,84952,89920,87422
766d16f, 13-09-2016, 2, 102194,102431,102419,101306,101816
ac3765b, 13-09-2016, 2, 95066,91067,91649,92406,91714
e47e854, 12-09-2016, 2, 101318,101153,101037,101674,100734
2846485, 15-09-2016, 4, 92769,92784,93654,93326,91409
5cabaaa, 16-09-2016, 4, 78413,80582,79048,82855,83295
766d16f, 13-09-2016, 4, 93633,92697,92943,92314,92213
ac3765b, 13-09-2016, 4, 85116,84418,84033,85129,87436
e47e854, 12-09-2016, 4, 92493,92442,92330,92498,92871
2846485, 15-09-2016, 8, 83072,84320,83109,84644,83224
5cabaaa, 16-09-2016, 8, 73488,69824,71934,75052,72666
766d16f, 13-09-2016, 8, 83344,83506,83109,84151,82932
ac3765b, 13-09-2016, 8, 75850,76517,75733,78369,78376
e47e854, 12-09-2016, 8, 82761,83307,84016,85198,83936
2846485, 15-09-2016, 16, 82895,84071,85437,84358,85589
5cabaaa, 16-09-2016, 16, 73804,74569,71383,68453,74272
766d16f, 13-09-2016, 16, 85528,84308,84926,82895,85086
ac3765b, 13-09-2016, 16, 76042,74725,74252,76108,75126
e47e854, 12-09-2016, 16, 83907,83014,84631,84012,83694
8b59627, 21-09-2016, 1,
8b59627, 21-09-2016, 2,
8b59627, 21-09-2016, 4,
8b59627, 21-09-2016, 8,
8b59627, 21-09-2016, 16,
073e752, 23-09-2016, 1, 75427,78398,78877,80574,79679
e75cba7, 22-09-2016, 1,
073e752, 23-09-2016, 2, 58808,58289,58380,58508,59756
e75cba7, 22-09-2016, 2,
073e752, 23-09-2016, 4, 52511,52056,50464,52768,53646
e75cba7, 22-09-2016, 4,
073e752, 23-09-2016, 8, 50093,48585,49512,50496,50446
e75cba7, 22-09-2016, 8,
073e752, 23-09-2016, 16, 46585,46246,47132,47425,46805
e75cba7, 22-09-2016, 16,
4b5e172, 30-09-2016, 1, 167337,168751,166871,168683,168075
a0d73c6, 02-10-2016, 1, 149383,144681,156082,153077,155201
a0d73c6, 02-10-2016, 1, 158605,158590,160763,160578,156053
a0d73c6, 02-10-2016, 1, 166507,168176,169398,169724,168395
cd175c7, 30-09-2016, 1, 168700,156300,166523,168836,167404
4b5e172, 30-09-2016, 2, 102175,102481,102394,102244,102051
a0d73c6, 02-10-2016, 2, 102985,102344,102701,102269,103124
a0d73c6, 02-10-2016, 2, 95152,96721,96626,96626,96476
a0d73c6, 02-10-2016, 2, 99191,100055,98806,99356,99669
cd175c7, 30-09-2016, 2, 101933,101785,101803,102219,101385
4b5e172, 30-09-2016, 4, 82500,83669,83840,82569,83142
a0d73c6, 02-10-2016, 4, 80232,79400,80120,79498,78556
a0d73c6, 02-10-2016, 4, 80660,81183,79952,79566,78472
a0d73c6, 02-10-2016, 4, 83514,83853,83811,83702,83564
cd175c7, 30-09-2016, 4, 83465,82797,83266,83006,82720
4b5e172, 30-09-2016, 8, 74357,74539,75019,74652,75177
a0d73c6, 02-10-2016, 8, 69264,71441,70709,71054,70961
a0d73c6, 02-10-2016, 8, 71691,70133,70608,71471,71060
a0d73c6, 02-10-2016, 8, 74134,75026,74127,74672,75012
cd175c7, 30-09-2016, 8, 74344,74272,74341,74450,74285
4b5e172, 30-09-2016, 16, 68906,68914,69116,68830,68787
a0d73c6, 02-10-2016, 16, 65180,64426,61815,64399,62784
a0d73c6, 02-10-2016, 16, 65839,65803,65713,66232,65618
a0d73c6, 02-10-2016, 16, 69133,68773,68627,68756,68515
cd175c7, 30-09-2016, 16, 68790,68644,68815,68692,62820
a0d73c6, 03-10-2016, 1, 158097,167004,169724,166838,167621
a0d73c6, 04-10-2016, 1, 168717,168429,167638,168092,168870
a0d73c6, 03-10-2016, 2, 103359,102940,103877,102126,101532
a0d73c6, 04-10-2016, 2, 102051,102325,101643,102275,101502
a0d73c6, 03-10-2016, 4, 84025,84130,83477,83598,84113
a0d73c6, 04-10-2016, 4, 82879,82622,82659,82573,83187
a0d73c6, 03-10-2016, 8, 75352,74768,74433,75099,74344
a0d73c6, 04-10-2016, 8, 74075,74486,74131,74938,74805
a0d73c6, 03-10-2016, 16, 68997,68725,69011,69336,68534
a0d73c6, 04-10-2016, 16, 68256,68560,68708,68560,68655
e138dfb, 05-10-2016, 1, 130990,126668,127700,128541,127642
e138dfb, 06-10-2016, 1, 169091,168870,168700,169108,169450
e138dfb, 05-10-2016, 2, 81470,87318,85896,83907,80846
e138dfb, 06-10-2016, 2, 103187,103270,102244,102325,102651
e138dfb, 05-10-2016, 4, 67869,71265,71734,71701,70644
e138dfb, 06-10-2016, 4, 84016,83498,83760,83527,83827
e138dfb, 05-10-2016, 8, 63430,63765,60495,64742,64072
e138dfb, 06-10-2016, 8, 74615,74479,74196,74618,74334
e138dfb, 05-10-2016, 16, 60339,59994,59842,58317,56707
e138dfb, 06-10-2016, 16, 68706,69014,69022,69034,68982
e138dfb, 08-10-2016, 1, 136090,117644,143555,144768,135006
e138dfb, 09-10-2016, 1, 106192,105484,109120,107381,103518
e138dfb, 11-10-2016, 1, 169724,169433,167722,168463,169741
e138dfb, 12-10-2016, 1, 165914,167021,169415,169108,169535
e138dfb, 16-10-2016, 1, 154657,155995,164887,162680,161802
e138dfb, 18-10-2016, 1,
e138dfb, 18-10-2016, 1, 167823,167621,169193,168497,167688
e138dfb, 20-10-2016, 1, 167454,168345,168159,169006,169381
e138dfb, 08-10-2016, 2, 89732,92284,90609,88334,88914
e138dfb, 09-10-2016, 2, 74872,74288,75265,74932,78362
e138dfb, 11-10-2016, 2, 103219,101983,101655,102820,102934
e138dfb, 12-10-2016, 2, 102494,102002,102789,102438,102682
e138dfb, 16-10-2016, 2, 94937,99954,97923,96056,99403
e138dfb, 18-10-2016, 2, 102200,101921,102219,102600,102008
e138dfb, 18-10-2016, 2, 83105,81038,89260,92687,93759
e138dfb, 20-10-2016, 2, 102064,102244,101416,101379,102563
e138dfb, 08-10-2016, 4, 72935,74682,73899,75502,75073
e138dfb, 09-10-2016, 4, 71171,75529,68095,62590,61938
e138dfb, 11-10-2016, 4, 83748,83928,83514,82957,83706
e138dfb, 12-10-2016, 4, 83527,83311,83506,83527,83623
e138dfb, 16-10-2016, 4, 77697,80097,80493,79265,80644
e138dfb, 18-10-2016, 4, 74848,74463,72913,58309,49432
e138dfb, 18-10-2016, 4, 83311,83978,83163,83769,84168
e138dfb, 20-10-2016, 4, 82213,82953,83154,82638,83187
e138dfb, 08-10-2016, 8, 66502,68506,64555,67335,68456
e138dfb, 09-10-2016, 8, 56491,57042,58266,57620,57864
e138dfb, 11-10-2016, 8, 75130,75363,74509,74969,74969
e138dfb, 12-10-2016, 8, 74728,74678,75120,74821,75022
e138dfb, 16-10-2016, 8, 69537,72720,68886,71295,71359
e138dfb, 18-10-2016, 8, 41440,43423,40641,40412,41839
e138dfb, 18-10-2016, 8, 75032,74632,74995,74952,75133
e138dfb, 20-10-2016, 8, 74131,74609,74242,74672,74818
e138dfb, 08-10-2016, 16, 62353,61989,63794,59008,63317
e138dfb, 09-10-2016, 16, 53121,54117,57833,61867,57411
e138dfb, 11-10-2016, 16, 68434,69339,69068,68765,69136
e138dfb, 12-10-2016, 16, 69514,68652,68703,68706,69082
e138dfb, 16-10-2016, 16, 66516,62975,67579,67672,67792
e138dfb, 18-10-2016, 16, 37209,34262,39134,38240,40367
e138dfb, 18-10-2016, 16, 68813,68821,69028,68793,68546
e138dfb, 20-10-2016, 16, 68453,68364,68827,68253,68661
cba86e2, 21-10-2016, 1, 130827,132815,134207,132239,130228
cba86e2, 21-10-2016, 1, 146118,148300,149436,142071,133736
cba86e2, 22-10-2016, 1, 140796,139392,138850,132406,135169
cba86e2, 23-10-2016, 1, 119131,120327,118033,118525,120543
cba86e2, 24-10-2016, 1, 111677,104707,109562,112606,112050
cba86e2, 24-10-2016, 1, 156154,154943,151734,155445,156140
cba86e2, 21-10-2016, 2, 86956,88009,90717,86280,86929
cba86e2, 21-10-2016, 2, 93305,94265,91329,93264,93052
cba86e2, 22-10-2016, 2, 85112,86574,88005,86713,84397
cba86e2, 23-10-2016, 2, 76392,77144,75587,74682,79000
cba86e2, 24-10-2016, 2, 73237,72837,74068,75019,75454
cba86e2, 24-10-2016, 2, 92985,92447,92995,93602,92549
cba86e2, 21-10-2016, 4, 72569,73202,73404,71633,73161
cba86e2, 21-10-2016, 4, 75207,77045,77936,75295,76250
cba86e2, 22-10-2016, 4, 71731,72569,72808,71054,71265
cba86e2, 23-10-2016, 4, 65778,67007,65567,66248,65829
cba86e2, 24-10-2016, 4, 64143,63143,58843,62569,62499
cba86e2, 24-10-2016, 4, 77479,77583,77712,77579,76829
cba86e2, 21-10-2016, 8, 66450,64980,64372,63955,64732
cba86e2, 21-10-2016, 8, 66711,66052,66360,66568,67549
cba86e2, 22-10-2016, 8, 70427,70922,70662,70739,70614
cba86e2, 23-10-2016, 8, 65066,65126,64855,64645,64550
cba86e2, 24-10-2016, 8, 61408,60129,60332,61406,61075
cba86e2, 24-10-2016, 8, 72884,72894,73132,72670,73075
cba86e2, 21-10-2016, 16, 59899,62758,58996,57944,57707
cba86e2, 21-10-2016, 16, 61792,62083,61415,61095,61629
cba86e2, 22-10-2016, 16, 67718,67268,67438,67634,67238
cba86e2, 23-10-2016, 16, 61904,62007,59334,61593,62142
cba86e2, 24-10-2016, 16, 59372,59686,59538,59439,59315
cba86e2, 24-10-2016, 16, 68878,68903,68821,68487,68748
cba86e2, 25-10-2016, 1, 139184,143273,143187,142168,143248
cba86e2, 25-10-2016, 2, 87372,86547,87231,86156,86637
cba86e2, 25-10-2016, 4, 72944,73033,71783,72992,74032
cba86e2, 25-10-2016, 8, 71707,71661,71447,71747,72494
cba86e2, 25-10-2016, 16, 68278,68680,68991,68593,68384
3a0931b, 27-10-2016, 1, 143077,146041,146834,146795,145132
3a0931b, 28-10-2016, 1, 140678,144333,142894,143028,145534
cba86e2, 26-10-2016, 1, 114185,112561,109791,110000,112252
3a0931b, 27-10-2016, 2, 87182,87172,88320,89383,86735
3a0931b, 28-10-2016, 2, 87286,87231,86947,87023,86983
cba86e2, 26-10-2016, 2, 74101,74979,73951,73173,75231
3a0931b, 27-10-2016, 4, 73733,73129,73126,72563,72384
3a0931b, 28-10-2016, 4, 72288,72941,72891,73002,72453
cba86e2, 26-10-2016, 4, 63377,64136,64411,63177,64399
3a0931b, 27-10-2016, 8, 72014,71087,71894,71304,71253
3a0931b, 28-10-2016, 8, 71159,71548,71612,71265,71374
cba86e2, 26-10-2016, 8, 62255,62928,62926,62855,62422
3a0931b, 27-10-2016, 16, 68267,68706,68675,68403,68627
3a0931b, 28-10-2016, 16, 68428,68311,68178,68378,68579
cba86e2, 26-10-2016, 16, 59972,60022,56044,55336,58486
2d63c51, 30-10-2016, 1, 104213,102902,109049,107196,112486
2d63c51, 30-10-2016, 2, 72089,68638,73237,75052,74232
2d63c51, 30-10-2016, 4, 63642,63096,60931,62555,59852
2d63c51, 30-10-2016, 8, 61305,62350,62140,62044,62041
2d63c51, 30-10-2016, 16, 59269,56394,56517,58865,59710
a35894d, 31-10-2016, 1, 139404,141592,139357,140689,140008
a35894d, 31-10-2016, 2, 86383,84448,85883,86325,85629
a35894d, 31-10-2016, 4, 72538,72516,72260,72811,72390
a35894d, 31-10-2016, 8, 71087,71740,71214,71566,71063
a35894d, 31-10-2016, 16, 68604,68389,68389,68425,68560
4b914b4, 01-11-2016, 1, 136433,135881,135760,137699,136422
4b914b4, 01-11-2016, 2, 85624,84622,86436,85155,84312
4b914b4, 01-11-2016, 4, 70427,70315,70410,71256,70262
4b914b4, 01-11-2016, 8, 68596,68551,69113,68762,68562
4b914b4, 01-11-2016, 16, 65819,66188,66094,66143,66073
4b914b4, 02-11-2016, 1, 140395,141151,141175,141234,141903
4b914b4, 02-11-2016, 2, 84537,85341,84991,85533,86552
4b914b4, 02-11-2016, 4, 72216,72241,72145,73059,72216
4b914b4, 02-11-2016, 8, 71624,70988,71177,71438,71183
4b914b4, 02-11-2016, 16, 68506,68909,68753,68439,68375
4b914b4, 03-11-2016, 1, 169381,170483,169484,169844,170223
4b914b4, 03-11-2016, 2, 102363,102475,104180,103137,103518
4b914b4, 03-11-2016, 4, 85146,83827,74147,83585,83452
4b914b4, 03-11-2016, 8, 75086,74898,74895,74698,75120
4b914b4, 03-11-2016, 16, 68875,69264,68864,69199,69136
4b914b4, 04-11-2016, 1, 137170,134057,133492,134336,138095
4b914b4, 04-11-2016, 2, 88858,88269,87577,84308,83744
4b914b4, 04-11-2016, 4, 72163,72269,72666,72291,72600
4b914b4, 04-11-2016, 8, 64357,64767,64453,64605,64637
4b914b4, 04-11-2016, 16, 59708,59428,59814,59439,60157
4b914b4, 05-11-2016, 1, 135628,138896,135344,139670,141258
4b914b4, 05-11-2016, 2, 87747,90229,88844,87268,88642
4b914b4, 05-11-2016, 4, 73282,73282,75238,71621,75173
4b914b4, 05-11-2016, 8, 65680,66748,65914,66650,65827
4b914b4, 05-11-2016, 16, 61124,60482,61776,62504,62511
4b914b4, 06-11-2016, 1, 146705,125587,140325,124756,131442
4b914b4, 06-11-2016, 1, 168480,169776,168921,169262,169193
4b914b4, 06-11-2016, 2, 102288,102033,102076,102619,101159
4b914b4, 06-11-2016, 2, 84418,83469,82744,83815,83303
4b914b4, 06-11-2016, 4, 68487,68484,68484,65946,68098
4b914b4, 06-11-2016, 4, 83527,82957,83635,83890,83142
4b914b4, 06-11-2016, 8, 59659,62367,62726,61050,61448
4b914b4, 06-11-2016, 8, 74878,74761,75126,75096,74147
4b914b4, 06-11-2016, 16, 55500,58520,55753,56506,57336
4b914b4, 06-11-2016, 16, 69065,69042,68593,68345,68753
4b914b4, 07-11-2016, 1, 168480,168345,169347,168615,168598
4b914b4, 07-11-2016, 2, 103232,102569,102169,103111,103137
4b914b4, 07-11-2016, 4, 83827,83844,84004,83740,84151
4b914b4, 07-11-2016, 8, 75130,74982,74242,74818,74255
4b914b4, 07-11-2016, 16, 69250,68934,68821,68974,69093
4b914b4, 08-11-2016, 1, 169965,170223,169006,170552,170708
4b914b4, 08-11-2016, 2, 102002,103467,103276,103627,102669
4b914b4, 08-11-2016, 4, 83945,83723,83945,83907,83266
4b914b4, 08-11-2016, 8, 75099,74628,75539,74645,75089
4b914b4, 08-11-2016, 16, 69090,68988,69250,69167,69253
4b914b4, 09-11-2016, 1, 111462,112125,111034,108422,110770
4b914b4, 09-11-2016, 2, 77780,78310,80101,78652,79250
4b914b4, 09-11-2016, 4, 66221,66725,65337,65462,63899
4b914b4, 09-11-2016, 8, 59367,58977,60862,59820,60231
4b914b4, 09-11-2016, 16, 55933,56663,55887,56605,56396
4b914b4, 10-11-2016, 1, 169638,170483,169827,170708,170396
4b914b4, 10-11-2016, 2, 102363,102550,102607,102588,103537
4b914b4, 10-11-2016, 4, 84524,83245,84286,84215,83740
4b914b4, 10-11-2016, 8, 74948,74268,74529,74675,75083
4b914b4, 10-11-2016, 16, 69313,69242,68787,68546,69508
4b914b4, 11-11-2016, 1, 169262,169518,169638,169245,169810
4b914b4, 11-11-2016, 2, 102663,102676,102506,101723,102475
4b914b4, 11-11-2016, 4, 83196,83320,83756,83689,83340
4b914b4, 11-11-2016, 8, 74865,74529,75066,74384,74499
4b914b4, 11-11-2016, 16, 68677,68841,68934,69011,68677
4b914b4, 12-11-2016, 1, 168887,169638,170517,168378,166937
4b914b4, 12-11-2016, 2, 102406,103506,102456,103086,102802
4b914b4, 12-11-2016, 4, 82834,83270,83237,83295,82859
4b914b4, 12-11-2016, 8, 74808,74672,74715,75106,74895
4b914b4, 12-11-2016, 16, 69425,68751,68926,69322,69068
4b914b4, 13-11-2016, 1, 169913,167605,169057,169125,168480
4b914b4, 13-11-2016, 2, 102707,102582,102940,102757,102225
4b914b4, 13-11-2016, 4, 83093,83773,83694,84511,83610
4b914b4, 13-11-2016, 8, 75234,75066,74672,74460,74925
4b914b4, 13-11-2016, 16, 68378,69008,68906,68672,68912
4b914b4, 14-11-2016, 1, 139288,138976,140196,138335,139253
4b914b4, 14-11-2016, 2, 91404,90909,91875,91146,90551
4b914b4, 14-11-2016, 4, 75471,76305,75380,76070,75792
4b914b4, 14-11-2016, 8, 67669,67985,68211,67710,68414
4b914b4, 14-11-2016, 16, 63389,63032,63037,63013,63420
4b914b4, 15-11-2016, 1, 136801,140196,140961,137835,141056
4b914b4, 15-11-2016, 2, 89699,88543,89598,89742,90365
4b914b4, 15-11-2016, 4, 73756,76333,73481,74075,75177
4b914b4, 15-11-2016, 8, 66719,66589,66494,65721,65829
4b914b4, 15-11-2016, 16, 60884,60397,62506,61075,61222
4b914b4, 16-11-2016, 1, 108908,126116,105431,124000,111255
4b914b4, 16-11-2016, 2, 80683,83589,83786,74808,80555
4b914b4, 16-11-2016, 4, 66650,65345,66983,66088,65662
4b914b4, 16-11-2016, 8, 59248,59380,58437,59714,58537
4b914b4, 16-11-2016, 16, 56691,57270,58200,57727,53161
4b914b4, 17-11-2016, 1, 170275,169040,169690,170934,168904
4b914b4, 17-11-2016, 2, 103206,102020,102463,102406,103403
4b914b4, 17-11-2016, 4, 83220,83377,83577,82875,83477
4b914b4, 17-11-2016, 8, 74354,74104,74565,74682,74765
4b914b4, 17-11-2016, 16, 68602,68708,68835,68431,69034
4b914b4, 18-11-2016, 1, 159146,160471,153161,158171,155676
4b914b4, 18-11-2016, 2, 100450,97135,99168,98423,98089
4b914b4, 18-11-2016, 4, 81128,82064,80189,81277,79880
4b914b4, 18-11-2016, 8, 72528,72176,71796,71639,71265
4b914b4, 18-11-2016, 16, 66489,65850,67634,67200,66996
4b914b4, 19-11-2016, 1, 170189,170674,169827,170189,170154
4b914b4, 19-11-2016, 2, 102757,102132,103117,102707,103302
4b914b4, 19-11-2016, 4, 82916,83448,83953,83765,84248
4b914b4, 19-11-2016, 8, 74685,74758,74725,75153,75039
4b914b4, 19-11-2016, 16, 68599,69428,68832,68997,68906
4b914b4, 20-11-2016, 1, 159813,158261,159935,160256,160917
4b914b4, 20-11-2016, 2, 97463,98464,99356,97935,98846
4b914b4, 20-11-2016, 4, 78940,81689,81096,79952,81183
4b914b4, 20-11-2016, 8, 71737,71484,71274,71177,72169
4b914b4, 20-11-2016, 16, 64764,66764,66479,66094,66983
4b914b4, 21-11-2016, 1, 168260,169159,169262,168870,168904
4b914b4, 21-11-2016, 2, 103023,102802,102802,102619,102890
4b914b4, 21-11-2016, 4, 83344,83878,83332,82969,82887
4b914b4, 21-11-2016, 8, 74582,74682,74755,75167,75093
4b914b4, 21-11-2016, 16, 68456,68378,68807,69085,68889
4b914b4, 22-11-2016, 1, 169245,157061,170743,168887,168243
4b914b4, 22-11-2016, 2, 102814,102902,101779,102871,102701
4b914b4, 22-11-2016, 4, 83490,83167,83878,83307,83101
4b914b4, 22-11-2016, 8, 73948,74658,74502,74562,74456
4b914b4, 22-11-2016, 16, 68886,68717,68694,68515,68661
4b914b4, 23-11-2016, 1, 154686,155129,153427,156271,155691
4b914b4, 23-11-2016, 2, 97006,95903,96365,95706,96062
4b914b4, 23-11-2016, 4, 78726,78274,79721,79067,78981
4b914b4, 23-11-2016, 8, 70576,70778,70859,70333,71006
4b914b4, 23-11-2016, 16, 65157,65464,65041,64332,63577
4b914b4, 24-11-2016, 1, 168058,169433,170569,168547,168514
4b914b4, 24-11-2016, 2, 102431,102776,102419,103181,102051
4b914b4, 24-11-2016, 4, 83415,83311,84021,83307,83523
4b914b4, 24-11-2016, 8, 75103,74795,74209,74888,74305
4b914b4, 24-11-2016, 16, 68937,68692,69390,68722,69125
4b914b4, 25-11-2016, 1, 101902,103397,122229,156125,158830
4b914b4, 25-11-2016, 2, 90487,75015,75785,75587,76368
4b914b4, 25-11-2016, 4, 60058,58830,64072,63765,63435
4b914b4, 25-11-2016, 8, 57511,53315,58305,57370,57017
4b914b4, 25-11-2016, 16, 53040,49809,50886,53291,53283
4b914b4, 26-11-2016, 1, 100222,103826,108226,116988,121768
4b914b4, 26-11-2016, 2, 85350,72865,71244,71262,71520
4b914b4, 26-11-2016, 4, 60860,60487,60853,61233,61856
4b914b4, 26-11-2016, 8, 58750,61220,63589,59852,55409
4b914b4, 26-11-2016, 16, 52256,52137,52352,51716,52476
4b914b4, 27-11-2016, 1, 158365,169245,170137,169776,167856
4b914b4, 27-11-2016, 2, 102200,102688,103378,102419,102344
4b914b4, 27-11-2016, 4, 83121,83589,83560,82928,83928
4b914b4, 27-11-2016, 8, 74417,74855,75093,74768,74529
4b914b4, 27-11-2016, 16, 69216,69119,69439,69099,68906
4b914b4, 28-11-2016, 1, 168819,168853,169296,169433,169108
4b914b4, 28-11-2016, 2, 102238,102169,102701,102070,102928
4b914b4, 28-11-2016, 4, 83485,82732,84367,83257,83485
4b914b4, 28-11-2016, 8, 75505,74905,74695,74516,74972
4b914b4, 28-11-2016, 16, 69034,68425,68886,69051,68666
4b914b4, 29-11-2016, 1, 69505,72331,66373,66988,69917
4b914b4, 29-11-2016, 2, 56098,61231,42697,53673,52121
4b914b4, 29-11-2016, 4, 46194,47770,51990,51281,47641
4b914b4, 29-11-2016, 8, 42611,43370,43594,46740,47041
4b914b4, 29-11-2016, 16, 42548,45435,51689,53207,54251
4b914b4, 30-11-2016, 1, 169074,169210,168075,169074,169296
4b914b4, 30-11-2016, 2, 102144,101361,102244,102456,102256
4b914b4, 30-11-2016, 4, 83756,82671,83477,83257,83987
4b914b4, 30-11-2016, 8, 74882,74549,74678,75214,74410
4b914b4, 30-11-2016, 16, 68832,68484,68481,69233,68880
4b914b4, 01-12-2016, 1, 136002,137271,133163,136957,136278
4b914b4, 01-12-2016, 2, 86951,87400,85993,86516,86440
4b914b4, 01-12-2016, 4, 69768,69267,68844,70151,76921
4b914b4, 01-12-2016, 8, 69096,69008,69105,69725,69170
4b914b4, 01-12-2016, 16, 63986,64113,64145,64443,64251
4b914b4, 02-12-2016, 1, 116971,117143,117826,116049,113945
4b914b4, 02-12-2016, 2, 78877,78256,75894,78395,79865
4b914b4, 02-12-2016, 4, 67552,68219,67354,66563,65772
4b914b4, 02-12-2016, 8, 61842,61030,60099,56655,57159
4b914b4, 02-12-2016, 16, 53644,50899,52588,53996,51288
4b914b4, 03-12-2016, 1, 169347,169621,167320,169006,168581
4b914b4, 03-12-2016, 2, 101416,102607,101810,102915,102250
4b914b4, 03-12-2016, 4, 83869,83869,83635,83769,84227
4b914b4, 03-12-2016, 8, 74969,74272,74555,74212,73778
4b914b4, 03-12-2016, 16, 68641,68897,68560,68914,68768
4b914b4, 04-12-2016, 1, 166788,168768,159935,159692,167454
4b914b4, 04-12-2016, 2, 101983,101847,102188,101606,102625
4b914b4, 04-12-2016, 4, 83039,82634,82728,83698,83101
4b914b4, 04-12-2016, 8, 74235,74176,74745,74117,74502
4b914b4, 04-12-2016, 16, 68700,68869,68515,68703,68895
4b914b4, 05-12-2016, 1, 119572,114810,105477,114661,108275
4b914b4, 05-12-2016, 2, 75163,81006,80987,74157,76822
4b914b4, 05-12-2016, 4, 65116,61195,67090,65147,66013
4b914b4, 05-12-2016, 8, 60415,58135,59307,59265,57198
4b914b4, 05-12-2016, 16, 55863,54854,55644,55956,56508
4b914b4, 06-12-2016, 1, 170051,169655,169930,169570,169621
4b914b4, 06-12-2016, 2, 102294,102431,102556,103550,103060
4b914b4, 06-12-2016, 4, 83903,84409,82965,83031,83840
4b914b4, 06-12-2016, 8, 74423,74841,74469,74821,74665
4b914b4, 06-12-2016, 16, 69070,68717,68847,68832,69133
4b914b4, 07-12-2016, 1, 107857,93874,91096,81593,94143
4b914b4, 07-12-2016, 2, 77708,81542,80726,71081,69164
4b914b4, 07-12-2016, 4, 59481,58177,53699,55701,58839
4b914b4, 07-12-2016, 8, 53582,53242,50116,52132,53010
4b914b4, 07-12-2016, 16, 50403,50245,47102,49290,49407
4b914b4, 08-12-2016, 1, 167957,170639,169965,170448,169467
4b914b4, 08-12-2016, 2, 102966,103130,102890,102896,103004
4b914b4, 08-12-2016, 4, 83756,84635,84075,83581,84456
4b914b4, 08-12-2016, 8, 75464,74625,75295,74865,74645
4b914b4, 08-12-2016, 16, 68999,68635,68940,68985,68849
4b914b4, 09-12-2016, 1, 164466,161459,154132,163776,164048
4b914b4, 09-12-2016, 2, 99527,99250,97057,98823,97344
4b914b4, 09-12-2016, 4, 82610,82464,82181,83224,82076
4b914b4, 09-12-2016, 8, 73678,73856,73778,73507,73675
4b914b4, 09-12-2016, 16, 67971,67798,68219,67817,67844
4b914b4, 10-12-2016, 1, 167287,169879,169776,170103,167605
4b914b4, 10-12-2016, 2, 102550,102288,102045,102915,102463
4b914b4, 10-12-2016, 4, 83084,83494,83340,83481,84219
4b914b4, 10-12-2016, 8, 74423,75086,74825,74778,74599
4b914b4, 10-12-2016, 16, 68957,68703,69019,69059,68864
4b914b4, 11-12-2016, 1, 89593,86942,90899,96626,94674
4b914b4, 11-12-2016, 2, 63483,61676,65169,62775,61260
4b914b4, 11-12-2016, 4, 53402,53582,54248,53281,53057
4b914b4, 11-12-2016, 8, 47683,48251,48618,49895,48713
4b914b4, 11-12-2016, 16, 45313,44793,46251,45577,46192
4b914b4, 12-12-2016, 1, 168836,168700,169040,169057,167504
4b914b4, 13-12-2016, 1, 170189,169210,166987,170431,169776
4b914b4, 12-12-2016, 2, 102051,101391,101159,101828,102175
4b914b4, 13-12-2016, 2, 102978,102789,103327,102394,102569
4b914b4, 12-12-2016, 4, 82476,83315,82801,82659,83456
4b914b4, 13-12-2016, 4, 84253,83585,84503,83469,82986
4b914b4, 12-12-2016, 8, 73597,74311,74249,74055,74081
4b914b4, 13-12-2016, 8, 74738,75066,74354,74688,74433
4b914b4, 12-12-2016, 16, 68946,68739,68064,68526,68551
4b914b4, 13-12-2016, 16, 68880,68728,69353,69244,68832
