f326cd3, 12-07-2015, 1, 95488,95152,96872,96332,96349
f326cd3, 12-07-2015, 2, 96244,96699,96877,96883,96122
f326cd3, 12-07-2015, 4, 95531,96382,97130,96288,97389
f326cd3, 12-07-2015, 8, 97361,96849,96343,95711,95580
f326cd3, 12-07-2015, 16, 96067,95996,96216,96288,96282
a0c3c29, 17-07-2015, 1, 99740,99415,99657,99966,99174
a0c3c29, 17-07-2015, 2, 101037,100486,100934,100976,99906
a0c3c29, 17-07-2015, 4, 96510,97849,97650,97175,96321
a0c3c29, 17-07-2015, 8, 99556,100013,99900,99734,101226
a0c3c29, 17-07-2015, 16, 99168,99197,98597,99450,98916
5173daa, 21-07-2015, 1, 88933,88867,88660,88646,88848
5173daa, 21-07-2015, 2, 86933,87127,86423,87077,86884
5173daa, 21-07-2015, 4, 75754,82598,86839,86187,85962
5173daa, 21-07-2015, 8, 87259,87559,87400,88218,87765
5173daa, 21-07-2015, 16, 86610,86489,87055,86445,87005
e3bf4c1, 28-07-2015, 1, 118861,119462,119309,119089,118819
e3bf4c1, 28-07-2015, 2, 108717,108922,101896,102213,101037
e3bf4c1, 28-07-2015, 4, 118987,119923,118291,116711,119974
e3bf4c1, 28-07-2015, 8, 113806,115458,113344,113983,113590
e3bf4c1, 28-07-2015, 16, 117307,116186,116065,117102,115569
d2fdca2, 02-08-2015, 1, 134336,135366,136578,131959,135508
d2fdca2, 02-08-2015, 2, 129294,125663,124868,124073,126937
d2fdca2, 02-08-2015, 4, 130542,130016,130016,131907,132146
d2fdca2, 02-08-2015, 8, 127651,124793,123616,130369,132417
d2fdca2, 02-08-2015, 16, 125100,124886,126154,127023,132042
f851440, 03-08-2015, 1, 136890,136778,136057,137338,135028
f851440, 03-08-2015, 2, 136678,137024,134057,136278,135991
f851440, 03-08-2015, 4, 133694,135760,136544,136834,135815
f851440, 03-08-2015, 8, 124896,123662,123289,124525,126107
f851440, 03-08-2015, 16, 135694,136645,137002,136567,134551
efad1f4, 04-08-2015, 1, 130786,130837,130359,131226,130258
efad1f4, 04-08-2015, 2, 129234,128012,128178,130633,130684
efad1f4, 04-08-2015, 4, 135497,135727,134100,135705,134941
efad1f4, 04-08-2015, 8, 134584,134541,136068,135333,134963
efad1f4, 04-08-2015, 16, 135661,134530,136090,134271,135837
974a2f4, 06-08-2015, 1, 133758,131700,133057,130329,133322
974a2f4, 06-08-2015, 2, 133079,132271,132396,131979,132931
974a2f4, 06-08-2015, 4, 133492,131052,131824,132459,133587
974a2f4, 06-08-2015, 8, 127283,120112,110719,113321,114598
974a2f4, 06-08-2015, 16, 114606,112080,112117,119700,117992
5b5bed6, 09-08-2015, 1, 121874,124710,124359,125512,125240
5b5bed6, 09-08-2015, 2, 130157,131813,131103,131113,130623
5b5bed6, 09-08-2015, 4, 130116,129384,130949,130339,130816
5b5bed6, 09-08-2015, 8, 132406,130816,131793,131865,131845
5b5bed6, 09-08-2015, 16, 127158,126860,123735,126031,126012
1e1238a, 11-08-2015, 1, 133057,133800,134411,134444,133672
1e1238a, 11-08-2015, 2, 130827,131969,133939,134963,133896
1e1238a, 11-08-2015, 4, 119402,123735,119080,118852,117975
1e1238a, 11-08-2015, 8, 135148,132805,133790,131865,133790
1e1238a, 11-08-2015, 16, 109799,108668,108823,108429,98026
5f94396, 14-08-2015, 1, 103742,105743,107278,108661,108429
5f94396, 14-08-2015, 2, 108352,109312,108844,110246,120405
5f94396, 14-08-2015, 4, 119114,120120,117307,117446,115331
5f94396, 14-08-2015, 8, 118827,113168,115252,114857,113100
5f94396, 14-08-2015, 16, 121363,122596,121039,118166,119368
6261a17, 15-08-2015, 1, 123817,124303,123717,124636,124858
6261a17, 15-08-2015, 2, 126163,126173,126401,126258,125540
6261a17, 15-08-2015, 4, 98957,98620,98545,100722,101299
6261a17, 15-08-2015, 8, 105950,112170,109333,104903,104148
6261a17, 15-08-2015, 16, 85883,98296,88933,91900,108957
081ce4e, 20-08-2015, 1, 118299,108513,109284,109462,109993
081ce4e, 20-08-2015, 2, 119453,122265,123863,120873,121231
081ce4e, 20-08-2015, 4, 125119,126126,124626,124432,126182
081ce4e, 20-08-2015, 8, 119760,122739,123462,122560,122034
081ce4e, 20-08-2015, 16, 125017,125400,125035,125194,125026
f565790, 22-08-2015, 1, 124257,124460,124784,125653,125644
f565790, 22-08-2015, 2, 117826,115673,116403,115110,116931
f565790, 22-08-2015, 4, 118508,118091,117323,118008,116996
f565790, 22-08-2015, 8, 123235,124608,124571,123226,122937
f565790, 22-08-2015, 16, 123835,123890,123271,122578,124571
3cbff1b, 26-08-2015, 1, 124756,124257,124046,123589,124951
3cbff1b, 26-08-2015, 2, 77087,104871,111551,111402,114247
3cbff1b, 26-08-2015, 4, 106936,101342,106644,104786,101281
3cbff1b, 26-08-2015, 8, 88905,87386,95766,99368,84465
3cbff1b, 26-08-2015, 16, 125297,122542,123534,124728,124747
107ed41, 27-08-2015, 1, 123453,123945,122390,121548,121759
107ed41, 27-08-2015, 2, 106448,105140,111975,108345,117389
107ed41, 27-08-2015, 4, 125955,125597,125343,125054,125795
107ed41, 27-08-2015, 8, 125531,126563,124645,125072,124276
107ed41, 27-08-2015, 16, 117118,117225,118033,116557,118283
14bd43a, 23-09-2015, 1, 109227,109205,109184,112486,120189
14bd43a, 23-09-2015, 2, 127023,126287,128256,127739,128689
14bd43a, 23-09-2015, 4, 126496,126994,128502,127361,126898
14bd43a, 23-09-2015, 8, 115474,116703,114053,107941,110536
14bd43a, 23-09-2015, 16, 124914,127622,127535,127564,126525
f77fcee, 24-09-2015, 1, 109691,109526,108759,112546,112765
f77fcee, 24-09-2015, 2, 120665,119572,120778,121839,120917
f77fcee, 24-09-2015, 4, 102319,108282,106943,106916,108675
f77fcee, 24-09-2015, 8, 126707,125026,127535,126220,127168
f77fcee, 24-09-2015, 16, 106923,104805,105984,106468,106400
d58441a, 29-09-2015, 1, 127206,126946,127661,127264,125936
d58441a, 29-09-2015, 2, 120647,112932,112993,115117,114661
d58441a, 29-09-2015, 4, 120095,119139,119846,119004,117414
d58441a, 29-09-2015, 8, 121504,118987,119837,122123,112864
d58441a, 29-09-2015, 16, 127081,126116,125390,126097,126726
1e4521d, 01-10-2015, 1, 125738,125898,127139,125418,127274
1e4521d, 01-10-2015, 2, 127622,124562,127399,126678,124645
1e4521d, 01-10-2015, 4, 116436,117233,117735,115961,117463
1e4521d, 01-10-2015, 8, 127545,126496,126946,126230,126277
1e4521d, 01-10-2015, 16, 118249,107740,108689,108226,108233
a3e9a3f, 02-10-2015, 1, 125381,125044,128413,127361,127177
a3e9a3f, 02-10-2015, 2, 127293,126477,127168,127836,126173
a3e9a3f, 02-10-2015, 4, 127196,127963,128168,127119,126927
a3e9a3f, 02-10-2015, 8, 126994,127014,127023,127158,126040
a3e9a3f, 02-10-2015, 16, 126563,127564,126764,124989,125927
83cc2d8, 16-10-2015, 1, 128070,125823,129224,125965,127225
83cc2d8, 16-10-2015, 2, 121521,121433,122703,121345,122506
83cc2d8, 16-10-2015, 4, 113252,110188,118383,120293,125072
83cc2d8, 16-10-2015, 8, 127168,126985,128828,128080,128739
83cc2d8, 16-10-2015, 16, 129145,128178,127467,128936,128453
6d53791, 19-10-2015, 1, 130217,130766,130268,130827,130096
6d53791, 19-10-2015, 2, 130430,129444,129905,130288,129835
6d53791, 19-10-2015, 4, 129845,129855,130816,130106,130410
6d53791, 19-10-2015, 8, 124738,125184,124682,120535,125035
6d53791, 19-10-2015, 16, 125381,123918,125540,123416,122551
221d5a8, 28-02-2016, 1, 176009,175641,176305,176417,175954
26a67a7, 26-02-2016, 1, 163712,163441,163712,165635,162807
26a67a7, 26-02-2016, 1, 171301,170934,173175,172481,169176
26a67a7, 26-02-2016, 1, 176863,177932,176361,175457,178045
dc7b475, 26-02-2016, 1, 176083,178843,177819,177012,178159
221d5a8, 28-02-2016, 2, 160302,161118,159192,160379,160855
26a67a7, 26-02-2016, 2, 149025,151954,151954,151092,151037
26a67a7, 26-02-2016, 2, 154344,157090,157208,157784,157134
26a67a7, 26-02-2016, 2, 162664,163202,162996,162933,163298
dc7b475, 26-02-2016, 2, 162759,161927,163856,161041,163553
221d5a8, 28-02-2016, 4, 138620,136079,136946,136179,137755
26a67a7, 26-02-2016, 4, 132073,132700,132920,130359,131011
26a67a7, 26-02-2016, 4, 132177,134789,136856,134659,133630
221d5a8, 28-02-2016, 8, 127014,125503,126163,127710,126163
26a67a7, 26-02-2016, 8, 120891,123717,123453,124239,121319
26a67a7, 26-02-2016, 8, 121416,121627,121574,122587,123963
221d5a8, 28-02-2016, 16, 92748,91824,91829,93639,91504
26a67a7, 26-02-2016, 16, 90287,90909,92319,90516,88895
26a67a7, 26-02-2016, 16, 92284,93093,92350,93310,77896
35d6e5d, 28-02-2016, 1, 174726,174544,172357,172499,173983
b3d3254, 29-02-2016, 1, 139868,134347,133311,137812,137406
35d6e5d, 28-02-2016, 2, 158605,160471,159616,157061,160917
b3d3254, 29-02-2016, 2, 136890,134218,129036,128051,127206
35d6e5d, 28-02-2016, 4, 135464,137902,135442,136367,135859
b3d3254, 29-02-2016, 4, 111166,110799,113008,120189,110515
35d6e5d, 28-02-2016, 8, 126277,124923,126659,125550,126135
b3d3254, 29-02-2016, 8, 102538,100589,102219,100861,102425
35d6e5d, 28-02-2016, 16, 92193,91789,90341,92046,92666
b3d3254, 29-02-2016, 16, 79911,77418,78615,78012,77705
1c0b6c5, 03-03-2016, 1, 175991,174599,175751,175237,175237
f80054d, 04-03-2016, 1, 152715,154202,153567,153343,152951
1c0b6c5, 03-03-2016, 2, 159237,158875,159464,160624,162099
f80054d, 04-03-2016, 2, 141807,143813,140442,140137,142530
1c0b6c5, 03-03-2016, 4, 137248,136522,137846,136957,136035
f80054d, 04-03-2016, 4, 122946,124322,118542,120069,122838
1c0b6c5, 03-03-2016, 8, 125870,126898,126889,126306,125212
f80054d, 04-03-2016, 8, 114107,113867,114638,113937,114271
1c0b6c5, 03-03-2016, 16, 92152,92676,92380,92574,93948
f80054d, 04-03-2016, 16, 86597,86081,86561,84308,85359
7c9c5a8, 05-03-2016, 1, 156329,152409,156343,161288,160180
7c9c5a8, 05-03-2016, 2, 145144,145031,144295,143322,146067
7c9c5a8, 05-03-2016, 4, 125955,124747,123881,125166,126937
7c9c5a8, 05-03-2016, 8, 116081,116403,118441,116517,115969
7c9c5a8, 05-03-2016, 16, 87377,83577,85777,85878,86223
9d77b21, 06-03-2016, 1, 121618,87218,145383,145560,144531
9d77b21, 06-03-2016, 2, 148405,143371,129614,131442,130623
9d77b21, 06-03-2016, 4, 108993,105371,104622,101355,128345
9d77b21, 06-03-2016, 8, 114014,112357,111714,113321,120206
9d77b21, 06-03-2016, 16, 88455,88787,88436,88441,88829
22d7896, 07-03-2016, 1, 174544,173947,173965,172979,172676
22d7896, 07-03-2016, 2, 157740,157518,158052,159661
22d7896, 07-03-2016, 4, 135322,136968,136968,138380,136890
22d7896, 07-03-2016, 8, 125974,126296,126649,126296,127787
22d7896, 07-03-2016, 16, 92355,93139,92304,93399,92041
4b8198f, 09-03-2016, 1, 151501,153175,155201,163489,167638
4b8198f, 09-03-2016, 1, 174635,174038,176176,174490,174654
4b8198f, 09-03-2016, 2, 161211,157814,157002,158395,159222
4b8198f, 09-03-2016, 4, 137394,136289,138209,136990,136345
4b8198f, 09-03-2016, 8, 127264,127158,126182,125240,126573
4b8198f, 09-03-2016, 16, 92203,92692,93026,92954,92687
601ac5a, 10-03-2016, 1, 172127,172198,174581,174056,173659
601ac5a, 12-03-2016, 1, 135289,132847,129474,132083,132417
601ac5a, 12-03-2016, 1, 172908,173444,172943,173354,175880
601ac5a, 10-03-2016, 2, 157814,158560,159951,157340,157948
601ac5a, 12-03-2016, 2, 128877,135355,130440,132198,131370
601ac5a, 12-03-2016, 2, 158216,159177,157859,158860,159162
601ac5a, 10-03-2016, 4, 137304,137046,136223,136334,135727
601ac5a, 12-03-2016, 4, 135475,136433,135595,135093,137304
601ac5a, 12-03-2016, 4, 82480,93733,75278,86431,79019
601ac5a, 10-03-2016, 8, 125110,124515,125428,126144,125917
601ac5a, 12-03-2016, 8, 102163,103544,103023,101019,103232
601ac5a, 12-03-2016, 8, 126097,125231,125456,124803,126287
601ac5a, 10-03-2016, 16, 91270,92651,91349,90796,90845
601ac5a, 12-03-2016, 16, 78497,80586,79808,80036,80385
601ac5a, 12-03-2016, 16, 91834,91131,92528,93202,92001
4835edf, 14-03-2016, 1,
4835edf, 15-03-2016, 1,
601ac5a, 13-03-2016, 1, 117545,117644,118116,118241,118249
4835edf, 14-03-2016, 2,
4835edf, 15-03-2016, 2,
601ac5a, 13-03-2016, 2, 110894,111137,110051,110318,110355
4835edf, 14-03-2016, 4,
4835edf, 15-03-2016, 4,
601ac5a, 13-03-2016, 4, 99456,98730,98089,99823,96945
4835edf, 14-03-2016, 8,
4835edf, 15-03-2016, 8,
601ac5a, 13-03-2016, 8, 90998,92081,91419,93326,91027
4835edf, 14-03-2016, 16,
4835edf, 15-03-2016, 16,
601ac5a, 13-03-2016, 16, 72447,71075,71860,71750,72403
4835edf, 17-03-2016, 1,
4835edf, 17-03-2016, 2,
4835edf, 17-03-2016, 4,
4835edf, 17-03-2016, 8,
4835edf, 17-03-2016, 16,
edf5cef, 17-03-2016, 1,
edf5cef, 17-03-2016, 2,
edf5cef, 17-03-2016, 4,
edf5cef, 17-03-2016, 8,
edf5cef, 17-03-2016, 16,
540a515, 18-03-2016, 1,
540a515, 18-03-2016, 2,
540a515, 18-03-2016, 4,
540a515, 18-03-2016, 8,
540a515, 18-03-2016, 16,
751da54, 21-03-2016, 1,
751da54, 21-03-2016, 2,
751da54, 21-03-2016, 4,
751da54, 21-03-2016, 8,
751da54, 21-03-2016, 16,
92ffe69, 23-03-2016, 1,
92ffe69, 23-03-2016, 2,
92ffe69, 23-03-2016, 4,
92ffe69, 23-03-2016, 8,
92ffe69, 23-03-2016, 16,
f675ff8, 24-03-2016, 1,
f675ff8, 24-03-2016, 2,
f675ff8, 24-03-2016, 4,
f675ff8, 24-03-2016, 8,
f675ff8, 24-03-2016, 16,
7c008bd, 24-03-2016, 1,
7c008bd, 24-03-2016, 2,
7c008bd, 24-03-2016, 4,
7c008bd, 24-03-2016, 8,
7c008bd, 24-03-2016, 16,
f9d41a6, 26-03-2016, 1,
f9d41a6, 26-03-2016, 2,
f9d41a6, 26-03-2016, 4,
f9d41a6, 26-03-2016, 8,
f9d41a6, 26-03-2016, 16,
82adbde, 27-03-2016, 1,
82adbde, 28-03-2016, 1,
9a03686, 29-03-2016, 1,
82adbde, 27-03-2016, 2,
82adbde, 28-03-2016, 2,
9a03686, 29-03-2016, 2,
82adbde, 27-03-2016, 4,
82adbde, 28-03-2016, 4,
9a03686, 29-03-2016, 4,
82adbde, 27-03-2016, 8,
82adbde, 28-03-2016, 8,
9a03686, 29-03-2016, 8,
82adbde, 27-03-2016, 16,
82adbde, 28-03-2016, 16,
9a03686, 29-03-2016, 16,
c01e00f, 29-03-2016, 1,
c01e00f, 29-03-2016, 2,
c01e00f, 29-03-2016, 4,
c01e00f, 29-03-2016, 8,
c01e00f, 29-03-2016, 16,
45c5635, 31-03-2016, 1,
45c5635, 31-03-2016, 2,
45c5635, 31-03-2016, 4,
45c5635, 31-03-2016, 8,
45c5635, 31-03-2016, 16,
8f4568f, 01-04-2016, 1, 162397,165456,163840,163936,164595
8f4568f, 31-03-2016, 1, 164305,162365,165930,162807,164370
8f4568f, 01-04-2016, 2, 151610,151720,150915,152784,153063
8f4568f, 31-03-2016, 2, 151528,154287,152368,151871,153849
8f4568f, 01-04-2016, 4, 130501,129835,129264,128630,129404
8f4568f, 31-03-2016, 4, 130766
8f4568f, 01-04-2016, 8, 120232,119803,120943,119326,121179
8f4568f, 01-04-2016, 16, 89009,88801,88357,88646,89397
faca1d0, 02-04-2016, 1, 165652,161211,165276,165130,161849
faca1d0, 02-04-2016, 2, 151010,153077,151871,152909,153680
faca1d0, 02-04-2016, 4, 129855,131876,130572,131380,129075
faca1d0, 02-04-2016, 8, 121821,120578,120138,119224,121389
faca1d0, 02-04-2016, 16, 89326,90186,87991,89155,89302
2fef88c, 05-04-2016, 1, 164547,165065,165766,161927,165898
d0ddc25, 03-04-2016, 1, 122221,121839,116444,115777,114857
2fef88c, 05-04-2016, 2, 150644,153049,151652,151761,155879
d0ddc25, 03-04-2016, 2, 111677,112516,110675,111870,111366
2fef88c, 05-04-2016, 4, 130674,130521,131380,130298,131452
d0ddc25, 03-04-2016, 4, 103621,107457,104485,100264,99350
2fef88c, 05-04-2016, 8, 120284,120908,120621,120422,120232
d0ddc25, 03-04-2016, 8, 90516,89713,90551,92076,93093
2fef88c, 05-04-2016, 16, 88590,89402,89065,89174,90176
d0ddc25, 03-04-2016, 16, 72322,76974,75682,73961,70916
2fef88c, 06-04-2016, 1, 154047,155590,154273,154018,153736
2fef88c, 06-04-2016, 2, 144048,142603,142554,144457,144270
2fef88c, 06-04-2016, 4, 122105,121936,124294,124368,123598
2fef88c, 06-04-2016, 8, 113674,113016,111885,111885,112177
2fef88c, 06-04-2016, 16, 85646,84580,84631,85729,84699
329561a, 07-04-2016, 1, 166622,165652,164483,163489,165081
329561a, 07-04-2016, 2, 153990,154529,152909,154529,152202
329561a, 07-04-2016, 4, 129205,131133,132229,130248,128660
329561a, 07-04-2016, 8, 121398,120500,119453,120163,120865
329561a, 07-04-2016, 16, 88056,89345,88352,87472,89464
4deadba, 21-04-2016, 1, 86263,83311,82965,86218,85747
4deadba, 21-04-2016, 2, 93005,88773,99150,119080,107899
4deadba, 21-04-2016, 4, 96861,106387,95320,71199,71271
4deadba, 21-04-2016, 8, 65759,69207,68076,74397,70416
4deadba, 21-04-2016, 16, 59321,58719,62733,65299,70913
4deadba, 21-04-2016, 1, 163920,164064,163600,163521,163441
4deadba, 21-04-2016, 2, 151720,151857,152216,152009,152895
4deadba, 21-04-2016, 4, 129404,129314,129464,127651,129006
4deadba, 21-04-2016, 8, 119521,120232,118743,119326,119607
4deadba, 21-04-2016, 16, 88848,88329,88515,88218,89051
66c6f1e, 23-04-2016, 1, 160394,160578,161770,159146,159207
e31e052, 22-04-2016, 1, 163425,164273,163012,163187,164064
66c6f1e, 23-04-2016, 2, 150576,151501,151912,149716,151761
e31e052, 22-04-2016, 2, 149810,151364,150159,151105,151255
66c6f1e, 23-04-2016, 4, 128956,130157,129524,130491,129224
e31e052, 22-04-2016, 4, 130278,130704,129354,129835,129925
66c6f1e, 23-04-2016, 8, 120917,119598,120457,119803,117619
e31e052, 22-04-2016, 8, 119250,118920,117381,119266,118208
66c6f1e, 23-04-2016, 16, 88148,87756,87459,87459,88825
e31e052, 22-04-2016, 16, 88844,88731,87477,87614,87591
66c6f1e, 24-04-2016, 1, 157119,161599,159966,161041,162020
66c6f1e, 24-04-2016, 2, 151037,153553,151665,151761,150834
66c6f1e, 24-04-2016, 4, 129016,129454,130908,131000,129095
66c6f1e, 24-04-2016, 8, 120465,119966,118567,118996,119190
66c6f1e, 24-04-2016, 16, 87756,89799,88928,88051,88637
179fc55, 25-04-2016, 1, 161056,160440,162460,160948,161552
179fc55, 25-04-2016, 2, 150657,152092,150441,153203,152576
179fc55, 25-04-2016, 4, 128345,129704,129175,128581,129404
179fc55, 25-04-2016, 8, 118333,119063,118659,119173,119880
179fc55, 25-04-2016, 16, 88194,87431,88994,89094,88139
a360618, 26-04-2016, 1, 142846,132417,116760,144881,118634
a360618, 26-04-2016, 2, 127516,120189,115466,136946,111056
a360618, 26-04-2016, 4, 114458,108929,103353,119983,99221
a360618, 26-04-2016, 8, 111004,92728,114708,110697,113621
a360618, 26-04-2016, 16, 84785,85480,84456,84541,84299
1f71923, 27-04-2016, 1, 165276,166111,167254,166111,165898
1f71923, 27-04-2016, 2, 154344,154557,154986,156548,154957
1f71923, 27-04-2016, 4, 132239,133163,132626,132836,131380
1f71923, 27-04-2016, 8, 122203,122739,121556,121848,123653
1f71923, 27-04-2016, 16, 90429,91072,90031,90761,89978
1f71923, 28-04-2016, 1, 152437,146079,141318,153863,157666
1f71923, 28-04-2016, 2, 133779,131103,136433,134919,136101
1f71923, 28-04-2016, 4, 117818,115418,119275,117553,119283
1f71923, 28-04-2016, 8, 110646,109505,109964,109950,111588
1f71923, 28-04-2016, 16, 82904,83270,83212,82338,83019
8ac768e, 30-04-2016, 1, 166408,166639,166457,167037,166424
8ac768e, 30-04-2016, 2, 156227,156053,157400,154629,154972
8ac768e, 30-04-2016, 4, 132963,133939,133694,134476,132941
8ac768e, 30-04-2016, 8, 123835,123444,122856,123580,121839
8ac768e, 30-04-2016, 16, 90998,90507,89978,90825,90860
8ac768e, 01-05-2016, 1, 150065,149890,149012,147869,151515
8ac768e, 01-05-2016, 2, 142180,142059,140536,139461,141151
8ac768e, 01-05-2016, 4, 122883,122811,118425,122301,122426
8ac768e, 01-05-2016, 8, 114007,114115,113875,114755,113621
8ac768e, 01-05-2016, 16, 85729,85241,86396,86530,86623
8ac768e, 01-05-2016, 1, 167538,165783,165963,166210,166309
f0bd292, 02-05-2016, 1, 166062,167037,167037,166309,166210
8ac768e, 01-05-2016, 2, 155158,158007,155561,154729,155719
f0bd292, 02-05-2016, 2, 155345,155230,155503,155850,155489
8ac768e, 01-05-2016, 4, 133195,133864,132994,133449,133375
f0bd292, 02-05-2016, 4, 132731,132386,133258,133301,132417
8ac768e, 01-05-2016, 8, 123625,122676,123973,123963,123289
f0bd292, 02-05-2016, 8, 121565,121486,122167,123298,123899
8ac768e, 01-05-2016, 16, 88990,91724,90463,89867,91240
f0bd292, 02-05-2016, 16, 90928,89622,90737,90988,89564
195eabb, 03-05-2016, 1, 105424,109964,109892,110145,110522
195eabb, 03-05-2016, 2, 106024,107223,105903,101971,106259
195eabb, 03-05-2016, 4, 96404,95510,96448,97231,95580
195eabb, 03-05-2016, 8, 87236,89886,90171,88548,88609
195eabb, 03-05-2016, 16, 70362,69549,69800,70475,69708
d3b42ee, 04-05-2016, 1, 165619,163808,166722,166177,165586
d3b42ee, 04-05-2016, 2, 155330,155719,156870,154743,155431
d3b42ee, 04-05-2016, 4, 132448,132021,132973,132542,133523
d3b42ee, 04-05-2016, 8, 123027,123226,122739,122667,122973
d3b42ee, 04-05-2016, 16, 88764,90855,90438,89785,91374
ae974a4, 05-05-2016, 1, 152285,151720,152036,151830,150793
ae974a4, 05-05-2016, 2, 145194,144283,143555,143936,140172
ae974a4, 05-05-2016, 4, 115102,99817,96816,97923,91230
ae974a4, 05-05-2016, 8, 90497,92006,91554,93217,92223
ae974a4, 05-05-2016, 16, 71292,72799,74242,74825,77105
0282595, 06-05-2016, 1, 120882,121398,120673,120077,117274
0282595, 06-05-2016, 2, 110872,112117,109269,108156,108668
0282595, 06-05-2016, 4, 97304,96833,96654,99835,97248
0282595, 06-05-2016, 8, 90609,89488,90317,89293,88278
0282595, 06-05-2016, 16, 70315,71051,70359,72610,70877
2458685, 07-05-2016, 1, 140184,143016,141652,139566,139473
2458685, 07-05-2016, 2, 132344,134681,134497,132584,133407
2458685, 07-05-2016, 4, 116315,116363,118492,122766,116598
2458685, 07-05-2016, 8, 107767,107319,108122,109035,111262
2458685, 07-05-2016, 16, 82533,80374,79535,79160,78321
2458685, 08-05-2016, 1, 166490,166078,163840,166375,165228
2458685, 08-05-2016, 2, 154132,155763,155230,154629,155777
2458685, 08-05-2016, 4, 133598,131803,132605,133683,133768
2458685, 08-05-2016, 8, 122991,122614,122327,123717,123489
2458685, 08-05-2016, 16, 90399,89545,90751,90688,89445
a497393, 10-05-2016, 1, 164225,166622,165619,165309,165668
a497393, 10-05-2016, 2, 155115,155517,155561,154543,154358
a497393, 10-05-2016, 4, 132700,133587,132156,133736,132868
a497393, 10-05-2016, 8, 122345,122149,123544,122712,121539
a497393, 10-05-2016, 16, 90031,90815,90161,90487,90040
fbee2ee, 11-05-2016, 1, 166639,163856,165865,167337,167672
fbee2ee, 11-05-2016, 2, 156840,155029,156870,155431,154743
fbee2ee, 11-05-2016, 4, 132963,132292,133131,133534,133036
fbee2ee, 11-05-2016, 8, 122991,124055,120795,122703,121118
fbee2ee, 11-05-2016, 16, 89872,90855,91890,92102,90820
1c0e89a, 12-05-2016, 1, 163888,162428,160455,164644,164064
a23877b, 13-05-2016, 1, 152673,147492,150038,149863,147713
1c0e89a, 12-05-2016, 2, 155489,155417,155719,156285,155072
a23877b, 13-05-2016, 2, 144283,140219,144494,143567,145107
1c0e89a, 12-05-2016, 4, 134025,132763,133640,133343,133811
a23877b, 13-05-2016, 4, 128739,128581,129424,127836,126965
1c0e89a, 12-05-2016, 8, 123036,123744,124202,123298,124858
a23877b, 13-05-2016, 8, 116687,115761,116654,117917,116606
1c0e89a, 12-05-2016, 16, 91215,90321,89958,90123,91096
a23877b, 13-05-2016, 16, 89184,88726,88445,86103,86543
b60677b, 14-05-2016, 1, 162633,163904,161537,162917,163888
b60677b, 14-05-2016, 2, 156053,156694,156533,156358,156796
b60677b, 14-05-2016, 4, 134984,134811,135311,134207,134768
b60677b, 14-05-2016, 8, 124571,124303,122052,122703,123662
b60677b, 14-05-2016, 16, 90472,92733,90924,93000,90604
9b04306, 15-05-2016, 1, 163712,162838,165456,164563,165098
9b04306, 15-05-2016, 2,
9b04306, 15-05-2016, 4,
9b04306, 15-05-2016, 8,
9b04306, 15-05-2016, 16,
16d9cd8, 16-05-2016, 1, 168024,167923,163824,166358,165930
f790834, 17-05-2016, 1, 106245,108597,104032,110807,106306
f790834, 18-05-2016, 1, 133269,135738,134919,135104,134282
16d9cd8, 16-05-2016, 2, 157414,158276,156811,156752,156694
f790834, 17-05-2016, 2, 104355,104407,105213,109892,110202
f790834, 18-05-2016, 2, 126707,128149,128966,129935,129195
16d9cd8, 16-05-2016, 4, 134898,136923,134530,136046,134919
f790834, 17-05-2016, 4, 99232,95455,97707,94862,95303
f790834, 18-05-2016, 4, 114645,114630,113798,112985,115220
16d9cd8, 16-05-2016, 8, 124905,124905,125054,123163,123835
f790834, 17-05-2016, 8, 86628,90502,91494,91404,88867
f790834, 18-05-2016, 8, 105557,107148,107553,107278,106868
16d9cd8, 16-05-2016, 16, 91529,92472,91950,91519,90487
f790834, 17-05-2016, 16, 70653,71214,70811,72453,70811
f790834, 18-05-2016, 16, 82024,80370,80563,81932,81673
33fe0c1, 19-05-2016, 1, 165293,165293,164919,164709,164903
33fe0c1, 19-05-2016, 2, 157075,154103,152965,155143,156271
33fe0c1, 19-05-2016, 4, 134562,134196,135191,135104,134057
33fe0c1, 19-05-2016, 8, 124636,123280,123872,124073,124840
33fe0c1, 19-05-2016, 16, 92228,92513,92661,91280,90273
33fe0c1, 20-05-2016, 1, 164338,164725,165439,165717,166358
33fe0c1, 20-05-2016, 2, 155792,155517,157355,156242,155129
33fe0c1, 20-05-2016, 4, 134541,133258,135311,135639,134282
33fe0c1, 20-05-2016, 8, 125353,124046,124046,122515,123235
33fe0c1, 20-05-2016, 16, 91829,91007,92208,91699,92666
33fe0c1, 21-05-2016, 1, 165898,164515,163282,165980,165146
33fe0c1, 21-05-2016, 2, 155864,155922,155922,154714,153666
33fe0c1, 21-05-2016, 4, 134003,135104,135639,134153,134757
33fe0c1, 21-05-2016, 8, 124303,123781,124138,124515,123762
33fe0c1, 21-05-2016, 16, 91250,91895,90619,91819,91704
33fe0c1, 22-05-2016, 1, 72840,84948,74059,75730,82157
33fe0c1, 24-05-2016, 1, 164338,166705
7611b5f, 24-05-2016, 1, 166012,165374,164386,165374,164483
77631d8, 26-05-2016, 1, 165000,165000,164741,164676,164725
77631d8, 27-05-2016, 1, 159951,161072,159737,161802,163202
b890054, 27-05-2016, 1,
33fe0c1, 22-05-2016, 2, 75441,73253,70277,83894,71910
33fe0c1, 24-05-2016, 2,
7611b5f, 24-05-2016, 2, 157562,152603,155431,155373,154757
77631d8, 26-05-2016, 2, 153680,156271,155431,155734,155215
77631d8, 27-05-2016, 2, 152147,151761,151228,151351,151037
b890054, 27-05-2016, 2,
33fe0c1, 22-05-2016, 4, 67260,68200,69867,66000,69969
33fe0c1, 24-05-2016, 4,
7611b5f, 24-05-2016, 4, 136068,134508,135300,133301,134681
77631d8, 26-05-2016, 4, 135936,133918,135104,134003,135115
77631d8, 27-05-2016, 4, 132271,132021,132292,131267,131072
b890054, 27-05-2016, 4,
33fe0c1, 22-05-2016, 8, 71211,69920,65245,66154,62186
33fe0c1, 24-05-2016, 8,
7611b5f, 24-05-2016, 8, 125138,123872,123425,124414,123698
77631d8, 26-05-2016, 8, 124285,124423,124923,124691,124313
77631d8, 27-05-2016, 8, 122748,121750,121972,121857,122919
b890054, 27-05-2016, 8,
33fe0c1, 22-05-2016, 16, 54426,54122,55431,55203,55965
33fe0c1, 24-05-2016, 16,
7611b5f, 24-05-2016, 16, 91975,92319,82165,91704,81562
77631d8, 26-05-2016, 16, 91479,92041,92213,92861,92544
77631d8, 27-05-2016, 16, 89608,90394,90055,91012,91300
b890054, 27-05-2016, 16,
add260b, 28-05-2016, 1, 163792,163012,163298,163505,160425
add260b, 28-05-2016, 2, 153934,152756,154986,154444,154843
add260b, 28-05-2016, 4, 134541,135355,133640,134497,134078
add260b, 28-05-2016, 8, 124147,122865,123735,124349,122730
add260b, 28-05-2016, 16, 92006,91504,91579,91859,90998
add260b, 29-05-2016, 1, 164822,164225,165586,162036,164209
add260b, 29-05-2016, 2, 154472,153329,154358,154957,152742
add260b, 29-05-2016, 4, 135409,134411,134941,135947,134261
add260b, 29-05-2016, 8, 123753,123534,124395,125250,124193
add260b, 29-05-2016, 16, 90889,89785,91339,90551,90433
add260b, 30-05-2016, 1, 163425,162240,162870,163728,165228
add260b, 30-05-2016, 2, 155115,154358,154330,152479,152576
add260b, 30-05-2016, 4, 132553,134089,134175,134196,132616
add260b, 30-05-2016, 8, 123544,123625,124386,124525,123480
add260b, 30-05-2016, 16, 91052,92137,92360,92289,91439
add260b, 31-05-2016, 1, 105957,107278,135958,138403,137925
add260b, 31-05-2016, 2, 128149,127934,129095,129115,130066
add260b, 31-05-2016, 4, 114193,114834,115817,116323,115434
add260b, 31-05-2016, 8, 106759,107388,106657,106091,106118
add260b, 31-05-2016, 16, 80143,81384,81100,82153,82129
add260b, 01-06-2016, 1, 126012,124840,125597,126889,124673
add260b, 01-06-2016, 2, 120284,123689,121266,120952,121821
add260b, 01-06-2016, 4, 112727,112773,112644,111774,114380
add260b, 01-06-2016, 8, 106299,106427,105557,105823,107698
add260b, 01-06-2016, 16, 79280,81206,80328,79441,79641
2dc76fa, 02-06-2016, 1, 123918,124018,128768,132700,134963
2dc76fa, 02-06-2016, 2, 121963,122748,119949,121354,126831
2dc76fa, 02-06-2016, 4, 109220,110799,108338,107285,109398
2dc76fa, 02-06-2016, 8, 100752,101471,103525,101841,99010
2dc76fa, 02-06-2016, 16, 75241,77507,78948,78052,78190
8f4c433, 03-06-2016, 1, 146296,143297,141139,138335,137518
8f4c433, 03-06-2016, 2, 135017,135300,136823,138517,135859
8f4c433, 03-06-2016, 4, 119004,120917,123108,122542,120120
8f4c433, 03-06-2016, 8, 113436,111781,109870,110960,110391
8f4c433, 03-06-2016, 16, 84435,85887,86011,86236,84948
8f4c433, 04-06-2016, 1, 164563,163984,163728,162303,163584
8f4c433, 04-06-2016, 2, 153821,154686,154929,152603,153962
8f4c433, 04-06-2016, 4, 134218,134014,130816,132763,134003
8f4c433, 04-06-2016, 8, 122919,121936,123580,122025,121495
8f4c433, 04-06-2016, 16, 90678,91579,90697,91349,91749
8f4c433, 05-06-2016, 1, 162208,162491,163409,164386,162099
8f4c433, 05-06-2016, 2, 154572,154415,154302,155575,154458
8f4c433, 05-06-2016, 4, 133290,134239,133322,134261,133864
8f4c433, 05-06-2016, 8, 124479,122838,122515,124018,124101
8f4c433, 05-06-2016, 16, 92279,91409,91250,90988,90429
8f4c433, 06-06-2016, 1, 96084,86086,97366,101189,101551
8f4c433, 06-06-2016, 2, 101964,102175,98533,98009,95363
8f4c433, 06-06-2016, 4, 87213,85690,88056,85817,86717
8f4c433, 06-06-2016, 8, 83373,81143,83966,80667,87359
8f4c433, 06-06-2016, 16, 67844,65370,66392,63630,63649
f5d8e0b, 07-06-2016, 1, 164418,165065,164515,163840,162791
f5d8e0b, 07-06-2016, 2, 154486,155301,155517,155503,153595
f5d8e0b, 07-06-2016, 4, 133800,134757,133216,135235,135158
f5d8e0b, 07-06-2016, 8, 124488,123326,125231,124147,125475
f5d8e0b, 07-06-2016, 16, 90820,91529,91305,91654,90600
e68ee5c, 09-06-2016, 1, 164048,164838,163091,164096,164984
f5d8e0b, 08-06-2016, 1, 135508,133322,138198,136157,134876
e68ee5c, 09-06-2016, 2, 156738,154316,157193,156140,156183
f5d8e0b, 08-06-2016, 2, 130643,128374,125804,127409,129614
e68ee5c, 09-06-2016, 4, 135180,135071,133993,134746,134476
f5d8e0b, 08-06-2016, 4, 110850,116420,116089,113275,112493
e68ee5c, 09-06-2016, 8, 124784,124092,122640,124608,123553
f5d8e0b, 08-06-2016, 8, 107871,105843,107975,105843,107237
e68ee5c, 09-06-2016, 16, 92056,92172,91664,92462,91037
f5d8e0b, 08-06-2016, 16, 81384,83291,85550,86174,84926
62f94d4, 10-06-2016, 1, 161724,162130,161817,162177,163139
62f94d4, 10-06-2016, 2, 153891,156198,156111,153147,153934
62f94d4, 10-06-2016, 4, 134196,134984,134778,134014,134616
62f94d4, 10-06-2016, 8, 122301,123081,124230,124165,124239
62f94d4, 10-06-2016, 16, 90943,92969,92959,91769,91905
62f94d4, 11-06-2016, 1, 162917,164757,163505,163888,162365
62f94d4, 11-06-2016, 2, 154302,155014,155043,153638,155460
62f94d4, 11-06-2016, 4, 133715,134833,134465,132889,133918
62f94d4, 11-06-2016, 8, 123525,123525,122712,123253,122488
62f94d4, 11-06-2016, 16, 91905,92127,91629,91599,92692
62f94d4, 12-06-2016, 1, 162036,161989,161537,160594,160763
62f94d4, 12-06-2016, 2, 154657,153807,154643,155143,154986
62f94d4, 12-06-2016, 4, 133438,134833,134616,133047,134497
62f94d4, 12-06-2016, 8, 123326,124147,123845,122856,124028
62f94d4, 12-06-2016, 16, 91429,92162,91729,92102,90224
01193c4, 14-06-2016, 1, 166971,165098,167021,165652,166177
62f94d4, 13-06-2016, 1, 160902,163282,162538,162775,163298
01193c4, 14-06-2016, 2, 158725,158126,157710,157105,158890
62f94d4, 13-06-2016, 2, 154800,153189,157134,154671,155000
01193c4, 14-06-2016, 4, 137914,136789,136367,136756,136533
62f94d4, 13-06-2016, 4, 133961,135267,135126,134530,133811
01193c4, 14-06-2016, 8, 126211,125616,125823,124914,126869
62f94d4, 13-06-2016, 8, 123544,123589,123353,122506,123909
01193c4, 14-06-2016, 16, 92107,93300,92031,91935,92615
62f94d4, 13-06-2016, 16, 92810,92508,92846,91514,92436
d523ab3, 15-06-2016, 1, 167487,166276,167806,167120,166755
d523ab3, 15-06-2016, 2, 159086,159026,159207,157814,159222
d523ab3, 15-06-2016, 4, 136990,138517,137868,136678,137271
d523ab3, 15-06-2016, 8, 125879,125569,127052,124719,125965
d523ab3, 15-06-2016, 16, 93581,93482,92330,91995,92274
51f9a57, 16-06-2016, 1, 166540,166490,166342,166062,167170
51f9a57, 16-06-2016, 2, 158291,156548,157149,158620,160118
51f9a57, 16-06-2016, 4, 137349,137812,136689,136734,138107
51f9a57, 16-06-2016, 8, 125409,127071,126917,127525,127885
51f9a57, 16-06-2016, 16, 94653,93010,93300,92774,92615
2db5940, 17-06-2016, 1, 164563,165996,165000,164773,166325
2db5940, 17-06-2016, 2, 157134,158875,158440,158815,157695
2db5940, 17-06-2016, 4, 136633,136157,136912,136245,138107
2db5940, 17-06-2016, 8, 126325,124552,126468,127081,125644
2db5940, 17-06-2016, 16, 92289,93321,93233,93801,93534
d4c5ae3, 20-06-2016, 1, 164515,166078,165734,165865,165456
d4c5ae3, 20-06-2016, 2, 159737,156796,155748,158620,158590
d4c5ae3, 20-06-2016, 4, 137563,137586,138095,138655,137529
d4c5ae3, 20-06-2016, 8, 126163,126296,127846,127885,127710
d4c5ae3, 20-06-2016, 16, 92360,93016,92518,92620,92990
ce65452, 21-06-2016, 1, 101736,101773,96805,92314,94824
ce65452, 21-06-2016, 2, 93801,99039,99004,100867,96460
ce65452, 21-06-2016, 4, 88153,93529,86597,84939,90619
ce65452, 21-06-2016, 8, 80278,81510,81720,82720,81900
ce65452, 21-06-2016, 16, 65233,54138,48490,49534,71590
ce65452, 22-06-2016, 1, 136433,167404,166358,166193,166095
ce65452, 22-06-2016, 2, 159162,158156,129714,156358,157164
ce65452, 22-06-2016, 4, 138039,137948,137473,137744,136656
ce65452, 22-06-2016, 8, 126889,127014,129095,126468,127380
ce65452, 22-06-2016, 16, 95298,95211,93790,95228,93321
ce65452, 23-06-2016, 1, 167991,166210,166045,166144,167521
ce65452, 23-06-2016, 2, 160840,160149,158605,160379,159177
ce65452, 23-06-2016, 4, 136567,137971,138061,137575,137237
ce65452, 23-06-2016, 8, 126850,128051,125606,127062,125700
ce65452, 23-06-2016, 16, 93362,93738,92938,95147,94536
059ebb6, 25-06-2016, 1, 169604,168328,168125,165652,166738
2057dde, 29-06-2016, 1,
059ebb6, 25-06-2016, 2, 160902,159479,160164,160563,159981
2057dde, 29-06-2016, 2,
059ebb6, 25-06-2016, 4, 138175,137462,138449,138198,138701
2057dde, 29-06-2016, 4,
059ebb6, 25-06-2016, 8, 126544,128758,128404,127004,125128
2057dde, 29-06-2016, 8,
059ebb6, 25-06-2016, 16, 94006,94883,91764,94286,94456
2057dde, 29-06-2016, 16,
0695d13, 30-06-2016, 1, 170362,170795,169655,170830,169415
0695d13, 30-06-2016, 2, 107698,107059,107251,108031,107837
0695d13, 30-06-2016, 4, 97570,97593,97429,97678,97707
0695d13, 30-06-2016, 8, 88848,89910,89718,89455,89987
0695d13, 30-06-2016, 16, 87848,88900,88966,89660,88562
0b8f766, 30-06-2016, 1, 170604,169690,170708,169587,170068
0b8f766, 30-06-2016, 2, 105564,106854,106780,106590,106508
0b8f766, 30-06-2016, 4, 96321,96194,97525,97616,96799
0b8f766, 30-06-2016, 8, 89198,89207,89891,89910,89065
0b8f766, 30-06-2016, 16, 87431,87240,87500,87050,88352
7f5479d, 02-07-2016, 1, 140772,141664,138632,120422,141163
7f5479d, 02-07-2016, 2, 94027,93539,87390,92203,92472
7f5479d, 02-07-2016, 4, 83324,79785,85181,84358,80055
7f5479d, 02-07-2016, 8, 78578,78201,75727,79937,79532
7f5479d, 02-07-2016, 16, 71777,73327,74029,72550,75062
7f5479d, 03-07-2016, 1, 130755,134239,122658,134035,132973
7f5479d, 03-07-2016, 2, 91339,92112,86992,90742,91379
7f5479d, 03-07-2016, 4, 80796,75740,82387,82707,81285
7f5479d, 03-07-2016, 8, 72169,76829,76118,76580,71664
7f5479d, 03-07-2016, 16, 74049,74499,72758,70430,74808
7f5479d, 03-07-2016, 1, 74127,83987,84016,84380,86713
7f5479d, 03-07-2016, 2, 61968,50340,47264,47211,46599
7f5479d, 03-07-2016, 4, 44937,44705,47953,45731,47277
7f5479d, 03-07-2016, 8, 51929,52877,52878,55341,56500
7f5479d, 03-07-2016, 16, 53346,54357,54679,53948,52963
7f5479d, 05-07-2016, 1, 171459,171529,171845,172233,171687
7f5479d, 05-07-2016, 2, 107989,108394,108170,107774,107664
7f5479d, 05-07-2016, 4, 97491,97724,97775,98360,97327
7f5479d, 05-07-2016, 8, 89958,90113,90098,89944,90830
7f5479d, 05-07-2016, 16, 89493,89488,89150,89742,89450
338665f, 05-07-2016, 1, 133971,135256,131813,133726,133640
338665f, 05-07-2016, 2, 88811,88990,89051,88867,85747
338665f, 05-07-2016, 4, 78143,79074,84537,84088,83606
338665f, 05-07-2016, 8, 77282,76734,75628,74502,72872
338665f, 05-07-2016, 16, 71329,72666,74456,72770,75062
0430db5, 06-07-2016, 1, 169518,170795,169965,170743,169587
0430db5, 06-07-2016, 2, 106712,107608,107354,107141,106998
0430db5, 06-07-2016, 4, 97497,97062,97316,97079,96838
0430db5, 06-07-2016, 8, 90292,89804,89293,89302,90031
0430db5, 06-07-2016, 16, 87889,87532,88153,88985,88390
80e6635, 08-07-2016, 1, 170987,171546,172463,171249,172251
80e6635, 08-07-2016, 2, 108738,108094,108282,106998,108289
80e6635, 08-07-2016, 4, 97923,98141,97952,97895,97969
80e6635, 08-07-2016, 8, 90781,90108,90258,90653,89407
80e6635, 08-07-2016, 16, 89388,88130,88250,89198,88572
8b2feb8, 08-07-2016, 1, 171004,169450,170275,170500,170865
8b2feb8, 08-07-2016, 2, 108101,107011,107264,107155,107532
8b2feb8, 08-07-2016, 4, 97981,97299,97474,97135,97333
8b2feb8, 08-07-2016, 8, 90688,89742,90239,90497,90152
8b2feb8, 08-07-2016, 16, 88171,88782,88881,88820,88980
8b2feb8, 09-07-2016, 1, 171039,170830,170795,171581,170500
8b2feb8, 09-07-2016, 2, 107636,107360,107837,107934,108177
8b2feb8, 09-07-2016, 4, 97491,97826,97389,98262,97798
8b2feb8, 09-07-2016, 8, 91062,89958,91106,89809,90390
8b2feb8, 09-07-2016, 16, 88754,90317,88278,88236,89474
8b2feb8, 11-07-2016, 1, 154643,155201,155431,151405,155691
8b2feb8, 11-07-2016, 2, 99592,101165,100800,102225,103289
8b2feb8, 11-07-2016, 4, 93843,94626,91739,88506,74417
8b2feb8, 11-07-2016, 8, 62613,58596,62909,68095,65131
8b2feb8, 11-07-2016, 16, 65111,63509,64707,66308,65765
ee66493, 11-07-2016, 1, 150590,151940,152188,152312,141508
ee66493, 11-07-2016, 2, 90943,92001,84858,82699,81705
ee66493, 11-07-2016, 4, 73062,74575,79153,76139,75254
ee66493, 11-07-2016, 8, 72073,71402,71144,68289,70092
ee66493, 11-07-2016, 16, 74835,82789,80780,82217,83819
ee66493, 13-07-2016, 1, 122533,134422,133822,125823,127535
ee66493, 13-07-2016, 2, 87309,86614,83220,85760,83398
ee66493, 13-07-2016, 4, 79736,75468,76472,77730,77712
ee66493, 13-07-2016, 8, 74426,77020,77002,79041,76476
ee66493, 13-07-2016, 16, 81002,81034,82520,79302,82141
ee66493, 15-07-2016, 1, 111514,110398,101189,107422,103608
ee66493, 15-07-2016, 2, 73765,70066,71704,75744,71286
ee66493, 15-07-2016, 4, 68247,69789,65754,69618,69908
ee66493, 15-07-2016, 8, 65322,69133,69572,65798,67063
ee66493, 15-07-2016, 16, 69365,66560,68275,68470,69347
ee66493, 16-07-2016, 1, 143887,140032,144694,146757,145661
ee66493, 16-07-2016, 2, 91624,91799,92122,91200,90497
ee66493, 16-07-2016, 4, 84635,84172,83440,84401,84286
ee66493, 16-07-2016, 8, 84763,84198,84563,84134,84554
ee66493, 16-07-2016, 16, 87504,88194,85637,86289,86196
ee66493, 17-07-2016, 1, 107477,101841,104720,101263,105055
ee66493, 17-07-2016, 2, 72989,74281,72228,72200,73170
ee66493, 17-07-2016, 4, 66762,69595,69210,68459,68125
ee66493, 17-07-2016, 8, 65020,66073,65693,66141,66198
ee66493, 17-07-2016, 16, 69230,65992,66310,64915,65439
ee66493, 17-07-2016, 1, 147401,147220,148287,148576,148104
ee66493, 17-07-2016, 2, 93639,93922,91469,94642,92416
ee66493, 17-07-2016, 4, 85285,84939,84639,85324,84708
ee66493, 17-07-2016, 8, 85821,85633,84325,83974,84358
ee66493, 17-07-2016, 16, 87345,87377,86570,87797,88338
ee66493, 18-07-2016, 1, 146500,145876,147169,146885,145673
ee66493, 18-07-2016, 2, 92335,90287,91764,91096,92046
ee66493, 18-07-2016, 4, 82435,82261,57440,81601,81932
ee66493, 18-07-2016, 8, 82274,83773,83970,83386,82818
ee66493, 18-07-2016, 16, 86121,86147,85393,85177,85354
5f33d69, 20-07-2016, 1, 80640,107299,111071,109755,111707
5f33d69, 20-07-2016, 2, 75200,74935,72714,74718,72998
5f33d69, 20-07-2016, 4, 69494,68957,67165,46902,66373
5f33d69, 20-07-2016, 8, 66946,67034,66924,65899,55576
5f33d69, 20-07-2016, 16, 57509,71688,70928,73193,70490
590e753, 20-07-2016, 1, 140595,142300,141104,142748,142809
590e753, 20-07-2016, 2, 88876,88895,88726,89795,89953
590e753, 20-07-2016, 4, 82549,82068,81980,83142,82488
590e753, 20-07-2016, 8, 83361,83962,83229,83477,83915
590e753, 20-07-2016, 16, 87692,86947,85445,86391,86915
33f8a46, 23-07-2016, 1, 169006,164644,168700,167521,163872
33f8a46, 23-07-2016, 2, 103807,102814,102688,103340,103563
33f8a46, 23-07-2016, 4, 95287,95919,96833,83415,77618
33f8a46, 23-07-2016, 8, 85769,87118,87381,87445,88553
33f8a46, 23-07-2016, 16, 87459,87168,88872,87532,88352
33f8a46, 23-07-2016, 1, 154344,153750,151446,148012,148209
33f8a46, 23-07-2016, 2, 97929,100151,97604,96799,97242
33f8a46, 23-07-2016, 4, 88839,88886,88787,87195,87209
33f8a46, 23-07-2016, 8, 75083,76239,76420,76696,76187
33f8a46, 23-07-2016, 16, 75474,75029,77701,74838,75668
33f8a46, 25-07-2016, 1, 173354,171459,173175,173875,173444
33f8a46, 25-07-2016, 2, 106657,106984,107333,106984,106610
33f8a46, 25-07-2016, 4, 98498,98371,98412,97872,98753
33f8a46, 25-07-2016, 8, 89963,91379,90697,91057,90176
33f8a46, 25-07-2016, 16, 89131,89560,89958,90385,89723
33f8a46, 26-07-2016, 1, 174654,174526,174799,172641,175347
33f8a46, 26-07-2016, 2, 108548,107230,107196,107512,108149
33f8a46, 26-07-2016, 4, 98412,98504,98227,98227,98325
33f8a46, 26-07-2016, 8, 90619,90629,90998,91409,91409
33f8a46, 26-07-2016, 16, 90249,90346,90360,90919,90360
33f8a46, 27-07-2016, 1, 110435,113891,101477,97062,97203
33f8a46, 27-07-2016, 2, 71033,69844,69184,70333,72253
33f8a46, 27-07-2016, 4, 68784,70531,71301,68991,71740
33f8a46, 27-07-2016, 8, 66363,66060,64170,66592,66297
33f8a46, 27-07-2016, 16, 65187,65073,63845,62850,65212
33f8a46, 27-07-2016, 1, 171968,173300,173462,173749,172694
33f8a46, 27-07-2016, 2, 107691,107512,107251,107367,107319
33f8a46, 27-07-2016, 4, 98222,98061,98423,98187,98510
33f8a46, 27-07-2016, 8, 91444,90312,90156,90840,91077
33f8a46, 27-07-2016, 16, 90195,90021,89631,89307,90346
7d90701, 30-07-2016, 1, 175146,175036,175622,177255,176751
7d90701, 30-07-2016, 2, 108142,108108,107753,108373,108101
7d90701, 30-07-2016, 4, 97998,98147,97752,98498,97895
7d90701, 30-07-2016, 8, 90766,91599,90424,91141,91042
7d90701, 30-07-2016, 16, 90879,87674,91032,90394,90079
10e1bd7, 31-07-2016, 1, 176250,176083,175549,176695,174836
10e1bd7, 31-07-2016, 2, 106970,107134,106820,107567,107278
10e1bd7, 31-07-2016, 4, 97998,97570,97180,97781,97661
10e1bd7, 31-07-2016, 8, 91082,91514,90458,89819,89939
10e1bd7, 31-07-2016, 16, 90069,89416,89718,90771,88250
390c7c6, 01-08-2016, 1,
390c7c6, 01-08-2016, 2,
390c7c6, 01-08-2016, 4,
390c7c6, 01-08-2016, 8,
390c7c6, 01-08-2016, 16,
1df19d5, 02-08-2016, 1, 118802,117340,122417,122721,119683
1df19d5, 03-08-2016, 1, 107760,109319,110101,105910,107285
1df19d5, 02-08-2016, 2, 83594,82044,83723,85125,85185
1df19d5, 03-08-2016, 2, 73889,72783,72369,75420,76111
1df19d5, 02-08-2016, 4, 78252,76437,78110,77048,75987
1df19d5, 03-08-2016, 4, 74791,70910,70060,71423,67566
1df19d5, 02-08-2016, 8, 70573,70192,70033,69439,70805
1df19d5, 03-08-2016, 8, 62592,62693,62485,63167,62763
1df19d5, 02-08-2016, 16, 70374,71033,70386,70853,71389
1df19d5, 03-08-2016, 16, 62362,60019,59863,59854,60581
9fd8f5b, 04-08-2016, 1, 168547,166062,167120,166854,166309
9fd8f5b, 04-08-2016, 2, 104051,104329,104531,103800,103794
9fd8f5b, 04-08-2016, 4, 92769,92728,92738,93145,93357
9fd8f5b, 04-08-2016, 8, 84084,83995,85572,84240,85624
9fd8f5b, 04-08-2016, 16, 82241,84405,82879,84181,82773
1214788, 06-08-2016, 1, 171898,170137,169913,171722,168836
1214788, 06-08-2016, 2, 95417,96338,96543,96145,96838
1214788, 06-08-2016, 4, 84944,85345,85120,84601,84811
1214788, 06-08-2016, 8, 71280,70623,73974,71805,72755
1214788, 06-08-2016, 16, 74811,72906,71475,70286,71645
1214788, 07-08-2016, 1, 171616,171196,170917,171231,170691
1214788, 07-08-2016, 2, 96321,97186,96754,96917,97638
1214788, 07-08-2016, 4, 86334,85958,86099,85931,86086
1214788, 07-08-2016, 8, 74085,71450,72269,71186,73129
1214788, 07-08-2016, 16, 71606,72651,71765,72228,72856
1214788, 07-08-2016, 1, 169433,171862,170500,170778,170466
1214788, 07-08-2016, 2, 97180,96861,96382,97485,96365
1214788, 07-08-2016, 4, 84223,84909,85380,85450,84871
1214788, 07-08-2016, 8, 71289,71365,72676,71090,72986
1214788, 07-08-2016, 16, 71171,70392,71165,71891,69592
1214788, 08-08-2016, 1, 170882,170431,170969,169228,171126
1214788, 08-08-2016, 2, 95782,96067,96167,96282,95804
1214788, 08-08-2016, 4, 85177,85703,84729,84631,84665
1214788, 08-08-2016, 8, 73324,70931,73430,72160,70832
1214788, 08-08-2016, 16, 71392,72853,72459,73135,70739
4950d4d, 09-08-2016, 1, 171406,172092,171161,171109,170587
4950d4d, 09-08-2016, 2, 96621,96973,96682,97225,96560
4950d4d, 09-08-2016, 4, 85402,85524,85826,86351,85069
4950d4d, 09-08-2016, 8, 72216,73934,72563,72538,72588
4950d4d, 09-08-2016, 16, 72244,71931,69370,71548,71247
aa47a24, 10-08-2016, 1, 172676,168497,170987,170813,171986
aa47a24, 10-08-2016, 2, 99092,100145,99966,99150,100637
aa47a24, 10-08-2016, 4, 86294,85905,86099,86240,86396
aa47a24, 10-08-2016, 8, 72881,71658,72191,73247,72654
aa47a24, 10-08-2016, 16, 71505,73452,72913,67268,66363
aa47a24, 12-08-2016, 1, 171968,171581,171231,171004,170934
aa47a24, 12-08-2016, 2, 99509,99882,99645,100788,99468
aa47a24, 12-08-2016, 4, 86303,86722,87010,86002,86552
aa47a24, 12-08-2016, 8, 72714,73075,72185,72083,70638
aa47a24, 12-08-2016, 16, 72509,71423,68835,68370,71015
730b630, 13-08-2016, 1, 170466,170726,170517,169330,166062
730b630, 13-08-2016, 2, 100324,100162,99686,98730,99544
730b630, 13-08-2016, 4, 86861,85120,86888,85480,86174
730b630, 13-08-2016, 8, 72089,72789,72491,70274,72613
730b630, 13-08-2016, 16, 69313,73446,71836,71679,70859
730b630, 13-08-2016, 1, 170206,172481,170103,170691,169552
730b630, 13-08-2016, 2, 99139,100264,100649,100079,100758
730b630, 13-08-2016, 4, 85646,86227,86374,86033,86579
730b630, 13-08-2016, 8, 72979,75437,71940,74199,74127
730b630, 13-08-2016, 16, 71866,72830,70763,70838,73617
730b630, 14-08-2016, 1, 142264,130603,131185,138781,130157
730b630, 14-08-2016, 2, 82492,84751,84176,84729,86077
730b630, 14-08-2016, 4, 77154,78212,78933,79067,79596
730b630, 14-08-2016, 8, 66141,68145,67300,63986,63227
730b630, 14-08-2016, 16, 63933,63598,64461,62641,66674
99b8fc3, 15-08-2016, 1, 106691,106970,107039,111012,117463
99b8fc3, 15-08-2016, 2, 70089,67268,68015,66946,68239
99b8fc3, 15-08-2016, 4, 62944,62695,63589,63077,58147
99b8fc3, 15-08-2016, 8, 51377,51508,50494,50453,50665
99b8fc3, 15-08-2016, 16, 51609,51603,49236,50427,50188
8916138, 18-08-2016, 1, 53082,55319,56006,54842,56883
8916138, 18-08-2016, 2, 45306,45021,44626,45716,44159
8916138, 18-08-2016, 4, 46302,52745,51753,52060,52517
8916138, 18-08-2016, 8, 44125,47841,60161,39076,37439
8916138, 18-08-2016, 16, 36912,36401,37168,37130,38244
8916138, 21-08-2016, 1, 115276,116194,115031,115593,116274
8916138, 22-08-2016, 1, 174309,170379,172836,173516,174908
8916138, 21-08-2016, 2, 73613,75566,72938,75271,72913
8916138, 22-08-2016, 2, 99734,100336,99977,98753,100210
8916138, 21-08-2016, 4, 65207,65889,65439,63456,64558
8916138, 22-08-2016, 4, 86614,86303,86794,86276,85185
8916138, 21-08-2016, 8, 56301,55215,56409,53813,47216
8916138, 22-08-2016, 8, 73814,72742,73500,72024,72632
8916138, 21-08-2016, 16, 46272,48537,68159,68892,68509
8916138, 22-08-2016, 16, 73996,68784,67740,69629,69990
8916138, 23-08-2016, 1, 156314,156899,157134,159177,161304
8916138, 23-08-2016, 2, 96448,97006,97832,96660,96626
8916138, 23-08-2016, 4, 84198,83806,83702,83589,84533
8916138, 23-08-2016, 8, 73212,70145,69673,70602,68980
8916138, 23-08-2016, 16, 68114,70754,71542,69792,70321
8916138, 23-08-2016, 1, 172215,173659,173803,173104,171476
8916138, 23-08-2016, 2, 99858,100607,100336,100679,99858
8916138, 23-08-2016, 4, 86767,86400,85839,86655,86431
8916138, 23-08-2016, 8, 72534,71126,72736,72481,73928
8916138, 23-08-2016, 16, 70745,69647,69661,74393,73011
9570639, 25-08-2016, 1, 172818,173983,172268,172854,173104
9570639, 25-08-2016, 2, 100037,100716,100300,100891,99841
9570639, 25-08-2016, 4, 87290,86418,85865,86740,86068
9570639, 25-08-2016, 8, 72512,73465,71928,71747,73895
9570639, 25-08-2016, 16, 70733,66468,67468,70519,73526
99a7132, 26-08-2016, 1, 174381,172534,173785,174472,171441
99a7132, 26-08-2016, 2, 100559,100103,100740,99900,100891
99a7132, 26-08-2016, 4, 86628,86762,86798,86834,86108
99a7132, 26-08-2016, 8, 72607,70218,73289,71808,72944
99a7132, 26-08-2016, 16, 69345,70593,73639,73961,74108
b0a20fe, 27-08-2016, 1, 172729,172676,173929,171004,173929
b0a20fe, 27-08-2016, 2, 100157,99888,99829,100891,99580
b0a20fe, 27-08-2016, 4, 87195,87752,86776,87309,86722
b0a20fe, 27-08-2016, 8, 73882,75386,73617,73749,73260
b0a20fe, 27-08-2016, 16, 70395,71750,73161,73639,73617
b0a20fe, 28-08-2016, 1, 143813,143138,143211,143702,140784
b0a20fe, 28-08-2016, 2, 89326,88296,88858,88455,88853
b0a20fe, 28-08-2016, 4, 76559,77806,78461,77254,77597
b0a20fe, 28-08-2016, 8, 66605,64719,65972,65192,58416
b0a20fe, 28-08-2016, 16, 63903,66392,65721,63322,64364
c523338, 28-08-2016, 1,
c523338, 28-08-2016, 2,
c523338, 28-08-2016, 4,
c523338, 28-08-2016, 8,
c523338, 28-08-2016, 16,
0e55479, 07-09-2016, 1, 126975,129115,132312,129534,127661
dcda22d, 07-09-2016, 1,
dcda22d, 07-09-2016, 1,
dcda22d, 07-09-2016, 1,
dcda22d, 07-09-2016, 1,
0e55479, 07-09-2016, 2, 82818,80482,81948,84448,81120
dcda22d, 07-09-2016, 2,
dcda22d, 07-09-2016, 2,
dcda22d, 07-09-2016, 2,
dcda22d, 07-09-2016, 2,
0e55479, 07-09-2016, 4, 75265,76573,77486,76528
dcda22d, 07-09-2016, 4,
dcda22d, 07-09-2016, 4,
dcda22d, 07-09-2016, 4,
dcda22d, 07-09-2016, 4,
0e55479, 07-09-2016, 8, 68635,69184,68134,68773,69653
dcda22d, 07-09-2016, 8,
dcda22d, 07-09-2016, 8,
dcda22d, 07-09-2016, 8,
dcda22d, 07-09-2016, 8,
0e55479, 07-09-2016, 16, 68345,70736,69319,68844,68883
dcda22d, 07-09-2016, 16,
dcda22d, 07-09-2016, 16,
dcda22d, 07-09-2016, 16,
dcda22d, 07-09-2016, 16,
0f21c78, 08-09-2016, 1, 143150,146168,141175,144594,144270
0f21c78, 08-09-2016, 2, 87908,88684,87793,88023,84708
0f21c78, 08-09-2016, 4, 78929,79634,80532,80995,80408
0f21c78, 08-09-2016, 8, 72644,72641,70330,70348,72600
0f21c78, 08-09-2016, 16, 70579,72095,72281,71919,72951
0f21c78, 09-09-2016, 1, 172641,171283,170622,172694,170674
0f21c78, 09-09-2016, 2, 100133,100571,102082,100849,100710
0f21c78, 09-09-2016, 4, 90404,91042,90113,90973,90639
0f21c78, 09-09-2016, 8, 81637,79607,81459,80733,81242
0f21c78, 09-09-2016, 16, 80216,81309,81246,80827,80870
0f21c78, 10-09-2016, 1, 170865,169552,172676,172357,171371
0f21c78, 10-09-2016, 2, 100806,100444,100746,101612,101068
0f21c78, 10-09-2016, 4, 90536,90492,90137,90118,90429
0f21c78, 10-09-2016, 8, 79351,80159,81673,80354,81104
0f21c78, 10-09-2016, 16, 81042,80501,79205,80664,81010
2846485, 15-09-2016, 1, 166689,167021,167571,168007,164547
5cabaaa, 16-09-2016, 1, 157859,163123,162523,160794,162507
766d16f, 13-09-2016, 1, 168615,167588,167772,167070,169398
8b59627, 21-09-2016, 1,
ac3765b, 13-09-2016, 1, 154160,152382,153990,145572,151119
e47e854, 12-09-2016, 1, 166490,165701,168075,168193,165439
2846485, 15-09-2016, 2, 98498,97878,97906,98417,98319
5cabaaa, 16-09-2016, 2, 97366,97287,86103,97271,98302
766d16f, 13-09-2016, 2, 98603,97981,98829,98881,99010
8b59627, 21-09-2016, 2,
ac3765b, 13-09-2016, 2, 90580,89312,92026,91674,90205
e47e854, 12-09-2016, 2, 98504,98620,82818,98916,97849
2846485, 15-09-2016, 4, 89193,89042,88637,89636,88352
5cabaaa, 16-09-2016, 4, 88525,88362,88273,88139,87577
766d16f, 13-09-2016, 4, 89084,89450,89369,89550,89117
8b59627, 21-09-2016, 4,
ac3765b, 13-09-2016, 4, 81573,82346,81728,81928,81293
e47e854, 12-09-2016, 4, 89440,88797,89455,89165,89217
2846485, 15-09-2016, 8, 77615,79509,76514,81226,79596
5cabaaa, 16-09-2016, 8, 78722,79483,78501,78777,79030
766d16f, 13-09-2016, 8, 79827,81234,79415,78296,80170
8b59627, 21-09-2016, 8,
ac3765b, 13-09-2016, 8, 73723,72244,74552,70504,71557
e47e854, 12-09-2016, 8, 80493,79539,80412,79257,79751
2846485, 15-09-2016, 16, 79261,80036,76657,80097,80660
5cabaaa, 16-09-2016, 16, 77464,76598,77950,78863,77773
766d16f, 13-09-2016, 16, 80524,78256,78881,78851,79880
8b59627, 21-09-2016, 16,
ac3765b, 13-09-2016, 16, 71959,72244,73401,72516,72528
e47e854, 12-09-2016, 16, 78715,78074,78740,78307,80013
073e752, 23-09-2016, 1, 88106,77914,82683,89207,88914
e75cba7, 22-09-2016, 1,
073e752, 23-09-2016, 2, 66871,63809,62399,61575,61790
e75cba7, 22-09-2016, 2,
073e752, 23-09-2016, 4, 53965,54447,54669,54905,54731
e75cba7, 22-09-2016, 4,
073e752, 23-09-2016, 8, 51673,50968,52213,50650,51322
e75cba7, 22-09-2016, 8,
073e752, 23-09-2016, 16, 49381,48367,48761,47875,49463
e75cba7, 22-09-2016, 16,
4b5e172, 30-09-2016, 1, 129814,137203,131174,134110,129784
a0d73c6, 02-10-2016, 1, 130308,139427,136068,98579,101135
a0d73c6, 02-10-2016, 1, 138118,135859,145610,142894,147414
a0d73c6, 02-10-2016, 1, 159162,162271,161087,161273,161257
a0d73c6, 03-10-2016, 1, 159646,159737,160594,159661,158935
cd175c7, 30-09-2016, 1, 160348,158755,160747,160486,159874
4b5e172, 30-09-2016, 2, 84622,84168,82508,84414,84482
a0d73c6, 02-10-2016, 2, 73775,72284,73158,68153,64960
a0d73c6, 02-10-2016, 2, 86015,88534,89089,88670,89747
a0d73c6, 02-10-2016, 2, 94605,95336,95821,94680,94985
a0d73c6, 03-10-2016, 2, 94964,93560,95548,95114,95444
cd175c7, 30-09-2016, 2, 94074,95066,94180,94883,94101
4b5e172, 30-09-2016, 4, 71496,70895,69786,68807,68512
a0d73c6, 02-10-2016, 4, 56567,55475,54433,60265,58637
a0d73c6, 02-10-2016, 4, 73081,73317,72372,72089,70677
a0d73c6, 02-10-2016, 4, 77590,77597,76907,76423,77777
a0d73c6, 03-10-2016, 4, 77770,77925,78135,76640,78464
cd175c7, 30-09-2016, 4, 76615,76455,76479,76956,76406
4b5e172, 30-09-2016, 8, 61879,62869,63874,62385,61706
a0d73c6, 02-10-2016, 8, 51163,52554,53285,51350,51738
a0d73c6, 02-10-2016, 8, 64384,64892,65347,65832,65099
a0d73c6, 02-10-2016, 8, 69282,70016,68980,69416,69127
a0d73c6, 03-10-2016, 8, 69517,69928,69230,69399,68963
cd175c7, 30-09-2016, 8, 69008,68943,69676,69379,69336
4b5e172, 30-09-2016, 16, 58208,59239,59585,59508,58820
a0d73c6, 02-10-2016, 16, 48929,53823,48016,51021,48835
a0d73c6, 02-10-2016, 16, 60774,61182,61608,61318,60378
a0d73c6, 02-10-2016, 16, 65126,64822,64809,64580,64942
a0d73c6, 03-10-2016, 16, 64850,65078,65195,64563,64819
cd175c7, 30-09-2016, 16, 64742,64620,64352,64729,64699
a0d73c6, 04-10-2016, 1, 160548,158605,160563,160578,161103
a0d73c6, 04-10-2016, 2, 95766,95472,94701,94509,94749
a0d73c6, 04-10-2016, 4, 77936,77633,78190,77561,77575
a0d73c6, 04-10-2016, 8, 69667,69534,69742,69603,69693
a0d73c6, 04-10-2016, 16, 65682,64832,64935,65076,64772
e138dfb, 05-10-2016, 1, 161708,159328,161103,159616,160195
e138dfb, 06-10-2016, 1, 160195,162005,159631,160210,160333
e138dfb, 07-10-2016, 1, 124220,125681,116817,133005,125054
e138dfb, 05-10-2016, 2, 94674,94578,94201,94685,93764
e138dfb, 06-10-2016, 2, 96227,94797,94599,96393,95629
e138dfb, 07-10-2016, 2, 81502,82306,80228,74539,75970
e138dfb, 05-10-2016, 4, 77464,77393,76493,76879,77137
e138dfb, 06-10-2016, 4, 76872,77357,77229,77968,77856
e138dfb, 07-10-2016, 4, 67281,67514,69093,68835,65613
e138dfb, 05-10-2016, 8, 68807,69273,69339,69359,68980
e138dfb, 06-10-2016, 8, 69635,69687,69978,69365,69754
e138dfb, 07-10-2016, 8, 63651,63615,63601,62177,64290
e138dfb, 05-10-2016, 16, 64732,64875,64505,64842,64652
e138dfb, 06-10-2016, 16, 64787,65106,64867,64682,64890
e138dfb, 07-10-2016, 16, 58015,57683,54888,54815,54265
cba86e2, 21-10-2016, 1, 161304,161849,162917,162696,160917
cba86e2, 21-10-2016, 1, 161381,162633,160149,160948,160563
e138dfb, 09-10-2016, 1, 132219,135355,143555,142228,136112
e138dfb, 11-10-2016, 1, 152216,150428,151720,148182,150482
e138dfb, 12-10-2016, 1, 160256,154259,159071,160794,159026
e138dfb, 14-10-2016, 1, 159101,160012,160363,160180,161521
e138dfb, 16-10-2016, 1, 107409,112200,107039,110398,106875
e138dfb, 18-10-2016, 1, 159829,160963,160809,160118,160563
e138dfb, 18-10-2016, 1, 161288,160778,160287,161164,161911
e138dfb, 20-10-2016, 1, 82012,81589,81506,79037,80761
cba86e2, 21-10-2016, 2, 94434,94969,93974,94201,94610
cba86e2, 21-10-2016, 2, 94685,94631,95255,95331,94228
e138dfb, 09-10-2016, 2, 86280,85870,92656,92457,91895
e138dfb, 11-10-2016, 2, 89862,91156,92132,91379,91804
e138dfb, 12-10-2016, 2, 94387,95569,94904,95358,95744
e138dfb, 14-10-2016, 2, 94381,94589,96183,95287,95531
e138dfb, 16-10-2016, 2, 69856,68156,65850,63488,68037
e138dfb, 18-10-2016, 2, 95379,95842,94808,94738,94551
e138dfb, 18-10-2016, 2, 96095,95930,95211,95499,94749
e138dfb, 20-10-2016, 2, 56315,57912,58202,57007,58799
cba86e2, 21-10-2016, 4, 76573,77339,77332,77069,77910
cba86e2, 21-10-2016, 4, 77651,77236,77820,78402,77464
e138dfb, 09-10-2016, 4, 73081,72692,75833,74718,75583
e138dfb, 11-10-2016, 4, 74685,74945,75641,75658,76149
e138dfb, 12-10-2016, 4, 77382,77593,76988,77147,77482
e138dfb, 14-10-2016, 4, 76354,77636,76991,76942,76552
e138dfb, 16-10-2016, 4, 57161,58625,57503,57419,55638
e138dfb, 18-10-2016, 4, 77265,76886,77806,78387,76766
e138dfb, 18-10-2016, 4, 77286,77878,77069,77557,77690
e138dfb, 20-10-2016, 4, 49492,48181,47793,48919,47764
cba86e2, 21-10-2016, 8, 69560,69557,69552,69763,69187
cba86e2, 21-10-2016, 8, 69566,68971,68943,69517,69543
e138dfb, 09-10-2016, 8, 68322,66263,65842,68361,67582
e138dfb, 11-10-2016, 8, 68067,67973,67968,67479,67484
e138dfb, 12-10-2016, 8, 69468,69396,69603,68988,69763
e138dfb, 14-10-2016, 8, 69099,69500,69028,69595,69176
e138dfb, 16-10-2016, 8, 52241,52768,53412,52593,52780
e138dfb, 18-10-2016, 8, 69302,69546,69273,69786,69873
e138dfb, 18-10-2016, 8, 70245,69459,69618,69462,69540
e138dfb, 20-10-2016, 8, 45228,44492,44783,41413,42509
cba86e2, 21-10-2016, 16, 64769,64804,64587,64675,65164
cba86e2, 21-10-2016, 16, 64910,65048,64777,65096,65266
e138dfb, 09-10-2016, 16, 63685,63574,64074,64271,63801
e138dfb, 11-10-2016, 16, 63401,62829,63514,63241,63289
e138dfb, 12-10-2016, 16, 64862,65169,65101,64732,64667
e138dfb, 14-10-2016, 16, 65094,64635,64729,64799,64657
e138dfb, 16-10-2016, 16, 47250,47212,49010,49518,50322
e138dfb, 18-10-2016, 16, 64978,64742,64535,64945,64895
e138dfb, 18-10-2016, 16, 65421,64520,64963,64737,65256
e138dfb, 20-10-2016, 16, 42231,42001,43884,44785,42033
cba86e2, 22-10-2016, 1, 162460,162491,161506,159859,161739
cba86e2, 23-10-2016, 1, 126985,125587,126325,123653,125936
cba86e2, 24-10-2016, 1, 134401,137282,136112,136633,137282
cba86e2, 24-10-2016, 1, 139554,139392,141210,140184,141699
cba86e2, 22-10-2016, 2, 94514,94845,94953,95082,95684
cba86e2, 23-10-2016, 2, 76111,77679,77457,76004,76427
cba86e2, 24-10-2016, 2, 82642,81305,79865,80358,80151
cba86e2, 24-10-2016, 2, 83158,83627,84751,84588,83002
cba86e2, 22-10-2016, 4, 77658,78044,77400,77429,77690
cba86e2, 23-10-2016, 4, 64406,64065,63521,63502,63313
cba86e2, 24-10-2016, 4, 66402,66442,67146,68264,67656
cba86e2, 24-10-2016, 4, 69693,69350,70490,70934,70614
cba86e2, 22-10-2016, 8, 69629,69187,69876,69984,70033
cba86e2, 23-10-2016, 8, 63516,63148,63124,62686,63334
cba86e2, 24-10-2016, 8, 65995,66534,66352,66169,66026
cba86e2, 24-10-2016, 8, 66964,66550,66473,66172,66026
cba86e2, 22-10-2016, 16, 64824,65051,64727,64968,65202
cba86e2, 23-10-2016, 16, 61061,61157,61164,61627,61148
cba86e2, 24-10-2016, 16, 63139,63139,63115,62817,62911
cba86e2, 24-10-2016, 16, 64079,64367,64409,64587,64285
cba86e2, 25-10-2016, 1, 136867,138758,136223,136522,136212
cba86e2, 26-10-2016, 1, 124037,129454,124515,127554,127778
cba86e2, 25-10-2016, 2, 81494,79037,80017,79968,80166
cba86e2, 26-10-2016, 2, 77954,78175,75651,75356,76886
cba86e2, 25-10-2016, 4, 67549,68386,68087,67776,66732
cba86e2, 26-10-2016, 4, 64650,64555,64732,64335,64229
cba86e2, 25-10-2016, 8, 66487,66091,66558,66592,66762
cba86e2, 26-10-2016, 8, 63435,63615,63065,63801,62737
cba86e2, 25-10-2016, 16, 64207,64251,64592,64396,64104
cba86e2, 26-10-2016, 16, 60884,62009,61392,60060,61482
3a0931b, 27-10-2016, 1, 137676,138039,136979,138861,138678
3a0931b, 28-10-2016, 1, 136157,135760,135387,135464,133950
3a0931b, 27-10-2016, 2, 79581,78766,79332,81297,81804
3a0931b, 28-10-2016, 2, 78354,79168,79937,78885,79622
3a0931b, 27-10-2016, 4, 68106,68175,68020,67144,68292
3a0931b, 28-10-2016, 4, 67907,67664,67806,68968,66852
3a0931b, 27-10-2016, 8, 66743,66447,66650,66690,66413
3a0931b, 28-10-2016, 8, 66026,65858,66786,66229,66452
3a0931b, 27-10-2016, 16, 64767,64722,64752,65089,64276
3a0931b, 28-10-2016, 16, 64357,64109,64308,64498,64374
15e2650, 29-10-2016, 1, 132847,133449,135235,129464,133523
15e2650, 29-10-2016, 2, 81463,80451,79310,78362,79404
15e2650, 29-10-2016, 4, 66039,66363,66545,66956,66994
15e2650, 29-10-2016, 8, 65961,65721,65559,65531,66000
15e2650, 29-10-2016, 16, 63608,63569,63772,63514,63726
2d63c51, 30-10-2016, 1, 125700,119530,126821,129925,129105
2d63c51, 30-10-2016, 2, 76773,75936,78161,78110,77098
2d63c51, 30-10-2016, 4, 65556,65855,65837,64392,66300
2d63c51, 30-10-2016, 8, 62744,65205,64702,65005,64660
2d63c51, 30-10-2016, 16, 62534,62655,60745,60703,62182
a35894d, 31-10-2016, 1, 132146,133301,132742,128581,132323
a35894d, 31-10-2016, 2, 79547,79702,79186,79438,80258
a35894d, 31-10-2016, 4, 67373,67002,66584,67103,66932
a35894d, 31-10-2016, 8, 66826,66305,66788,66560,66796
a35894d, 31-10-2016, 16, 64448,64832,64138,64453,64895
4b914b4, 01-11-2016, 1, 134379,135958,135519,138392,136935
4b914b4, 01-11-2016, 2, 80501,80017,80792,82679,80197
4b914b4, 01-11-2016, 4, 66640,67552,68203,68040,66413
4b914b4, 01-11-2016, 8, 66518,66148,66094,66303,65772
4b914b4, 01-11-2016, 16, 64337,63989,64389,64567,64253
4b914b4, 02-11-2016, 1, 138896,137002,137721,138232,135093
4b914b4, 02-11-2016, 2, 80401,82004,80613,79460,80397
4b914b4, 02-11-2016, 4, 68087,68406,69347,69022,68214
4b914b4, 02-11-2016, 8, 66508,66542,66892,66347,66550
4b914b4, 02-11-2016, 16, 64625,64672,64525,64234,65058
4b914b4, 03-11-2016, 1, 150685,150793,147466,149012,148405
4b914b4, 03-11-2016, 2, 88675,86271,92259,91315,91136
4b914b4, 03-11-2016, 4, 74420,75099,70295,74989,74959
4b914b4, 03-11-2016, 8, 61437,67566,66624,64045,67642
4b914b4, 03-11-2016, 16, 62857,63394,62401,60955,62803
4b914b4, 04-11-2016, 1, 153722,160471,161661,161506,160149
4b914b4, 04-11-2016, 2, 95673,94032,95060,94312,95055
4b914b4, 04-11-2016, 4, 78023,77723,77020,77240,77575
4b914b4, 04-11-2016, 8, 69682,69296,69176,69870,69710
4b914b4, 04-11-2016, 16, 65010,65104,65276,65289,65159
4b914b4, 05-11-2016, 1, 161521,162036,159313,161755,159252
4b914b4, 05-11-2016, 2, 95368,94477,93964,95071,96260
4b914b4, 05-11-2016, 4, 77547,77027,77197,77105,77640
4b914b4, 05-11-2016, 8, 69290,69679,69431,69847,69609
4b914b4, 05-11-2016, 16, 64885,64682,64947,65101,64687
4b914b4, 06-11-2016, 1, 160271,161226,160532,160195,161118
4b914b4, 06-11-2016, 1, 162570,161428,161072,159677,161677
4b914b4, 06-11-2016, 2, 95298,95060,95952,95363,95336
4b914b4, 06-11-2016, 2, 95613,95228,95093,95662,95482
4b914b4, 06-11-2016, 4, 77421,76594,77590,78670,77425
4b914b4, 06-11-2016, 4, 77575,77925,77788,76815,78103
4b914b4, 06-11-2016, 8, 69589,69783,69543,69737,69763
4b914b4, 06-11-2016, 8, 69609,70124,70427,69824,69856
4b914b4, 06-11-2016, 16, 65159,64907,64855,65109,64824
4b914b4, 06-11-2016, 16, 65531,65111,65390,65162,65365
4b914b4, 07-11-2016, 1, 161755,160486,160455,160363,161288
4b914b4, 07-11-2016, 2, 95352,94867,95936,94770,94122
4b914b4, 07-11-2016, 4, 77073,77137,77254,77726,77500
4b914b4, 07-11-2016, 8, 69324,69537,69664,69110,69365
4b914b4, 07-11-2016, 16, 64960,64429,64717,64932,64704
4b914b4, 08-11-2016, 1, 161584,161521,161133,160948,159646
4b914b4, 08-11-2016, 2, 95331,94642,94712,94915,94637
4b914b4, 08-11-2016, 4, 76703,76675,78172,77215,76302
4b914b4, 08-11-2016, 8, 69624,69093,69388,69130,69621
4b914b4, 08-11-2016, 16, 65243,64747,64101,64983,64862
4b914b4, 09-11-2016, 1, 158037,160103,161661,160778,161226
4b914b4, 09-11-2016, 2, 94910,95168,94878,94069,95668
4b914b4, 09-11-2016, 4, 77297,77268,76542,78095,77543
4b914b4, 09-11-2016, 8, 69885,69757,69572,69563,70004
4b914b4, 09-11-2016, 16, 65291,65205,64983,65355,64927
4b914b4, 10-11-2016, 1, 120069,122078,120241,120865,120009
4b914b4, 10-11-2016, 2, 76741,75641,85997,78052,77311
4b914b4, 10-11-2016, 4, 56122,54049,51590,66634,75285
4b914b4, 10-11-2016, 8, 68142,67864,68821,68692,68208
4b914b4, 10-11-2016, 16, 63184,63370,63286,63406,63253
4b914b4, 11-11-2016, 1, 123036,120804,123991,122811,121451
4b914b4, 11-11-2016, 2, 78296,75329,77091,76084,78472
4b914b4, 11-11-2016, 4, 64244,62380,62623,63959,63279
4b914b4, 11-11-2016, 8, 57515,57994,57329,57500,57254
4b914b4, 11-11-2016, 16, 53056,54701,54546,54141,54353
4b914b4, 12-11-2016, 1, 161366,159981,158755,158097,159646
4b914b4, 12-11-2016, 2, 93995,93769,94883,94969,94765
4b914b4, 12-11-2016, 4, 78008,77023,77048,76787,76801
4b914b4, 12-11-2016, 8, 69345,69803,69861,69534,69445
4b914b4, 12-11-2016, 16, 64660,64942,64957,64528,64714
4b914b4, 13-11-2016, 1, 159616,161584,161833,160394,160948
4b914b4, 13-11-2016, 2, 96040,94808,95298,94631,94851
4b914b4, 13-11-2016, 4, 76650,77737,77233,76988,77257
4b914b4, 13-11-2016, 8, 69981,69150,69891,69468,69224
4b914b4, 13-11-2016, 16, 64709,65215,64458,64555,64812
4b914b4, 14-11-2016, 1, 152285,151940,153049,152715,152756
4b914b4, 14-11-2016, 2, 91950,92386,91709,91764,91504
4b914b4, 14-11-2016, 4, 75103,74892,74685,75126,75478
4b914b4, 14-11-2016, 8, 67653,67825,67675,68026,67460
4b914b4, 14-11-2016, 16, 63483,63634,63478,63661,63298
4b914b4, 15-11-2016, 1, 160532,160210,161444,161413,161911
4b914b4, 15-11-2016, 2, 94996,96034,96018,94872,94787
4b914b4, 15-11-2016, 4, 77368,76784,77325,76791,77896
4b914b4, 15-11-2016, 8, 69514,69413,69373,69586,69422
4b914b4, 15-11-2016, 16, 65162,64985,64563,64680,65169
4b914b4, 16-11-2016, 1, 160532,159661,160763,160825,162005
4b914b4, 16-11-2016, 2, 96760,95744,96205,95526,95390
4b914b4, 16-11-2016, 4, 77183,78722,77863,77647,77119
4b914b4, 16-11-2016, 8, 69528,69664,70192,69739,68818
4b914b4, 16-11-2016, 16, 65431,65523,65076,65207,65322
4b914b4, 17-11-2016, 1, 160195,159207,160933,157725,160012
4b914b4, 17-11-2016, 2, 95602,94760,94964,94851,94958
4b914b4, 17-11-2016, 4, 78005,76354,77414,77644,77016
4b914b4, 17-11-2016, 8, 69196,69222,69062,69302,69105
4b914b4, 17-11-2016, 16, 64892,65018,65000,65273,64443
4b914b4, 18-11-2016, 1, 148458,149490,149756,150509,150239
4b914b4, 18-11-2016, 2, 90317,91679,93057,90766,92046
4b914b4, 18-11-2016, 4, 75407,74512,75315,75410,75393
4b914b4, 18-11-2016, 8, 67243,66698,66964,67095,67411
4b914b4, 18-11-2016, 16, 62704,62775,62808,61774,62982
4b914b4, 19-11-2016, 1, 161335,160624,157503,161133,161350
4b914b4, 19-11-2016, 2, 95925,95379,95034,94069,94365
4b914b4, 19-11-2016, 4, 78223,77744,77197,78288,77400
4b914b4, 19-11-2016, 8, 69500,69569,69835,69543,69563
4b914b4, 19-11-2016, 16, 65162,65317,65215,64993,64970
4b914b4, 20-11-2016, 1, 159434,152548,161273,161149,153469
4b914b4, 20-11-2016, 2, 94450,95320,95152,94696,94653
4b914b4, 20-11-2016, 4, 77332,78044,76720,77265,77683
4b914b4, 20-11-2016, 8, 69615,69690,69549,69150,69653
4b914b4, 20-11-2016, 16, 64900,65051,65129,64940,64697
4b914b4, 21-11-2016, 1, 159540,160902,160409,157666,160241
4b914b4, 21-11-2016, 2, 94776,94514,95163,96145,97023
4b914b4, 21-11-2016, 4, 77350,76850,77250,77073,77640
4b914b4, 21-11-2016, 8, 69981,69428,69500,70039,70168
4b914b4, 21-11-2016, 16, 64910,64875,64804,65299,65005
4b914b4, 22-11-2016, 1, 160840,159981,159996,160701,161087
4b914b4, 22-11-2016, 2, 94835,95859,95109,94525,95640
4b914b4, 22-11-2016, 4, 77806,76626,77583,76857,77393
4b914b4, 22-11-2016, 8, 69763,69537,69870,69025,69448
4b914b4, 22-11-2016, 16, 64912,65041,64802,65253,64784
4b914b4, 23-11-2016, 1, 161646,162287,161770,160902,161304
4b914b4, 23-11-2016, 2, 95417,95314,96189,94599,94355
4b914b4, 23-11-2016, 4, 78439,77389,77950,77604,77957
4b914b4, 23-11-2016, 8, 69795,69359,69494,69748,70013
4b914b4, 23-11-2016, 16, 65139,65018,64892,65477,65083
4b914b4, 24-11-2016, 1, 159996,161537,159677,159585,159388
4b914b4, 24-11-2016, 2, 95190,94953,96233,94323,94027
4b914b4, 24-11-2016, 4, 77243,77629,77972,77676,78008
4b914b4, 24-11-2016, 8, 69829,69815,69693,69818,69451
4b914b4, 24-11-2016, 16, 65081,65111,64822,64677,65487
4b914b4, 25-11-2016, 1, 162052,162381,161118,161025,159570
4b914b4, 25-11-2016, 2, 95969,95488,96426,95034,94701
4b914b4, 25-11-2016, 4, 77507,77037,77133,76699,77454
4b914b4, 25-11-2016, 8, 69537,69673,69861,69673,69583
4b914b4, 25-11-2016, 16, 65041,64719,65187,64797,65299
4b914b4, 26-11-2016, 1, 161413,159252,162177,161072,160471
4b914b4, 26-11-2016, 2, 95482,95412,95651,95455,93906
4b914b4, 26-11-2016, 4, 77446,77325,78622,77676,77565
4b914b4, 26-11-2016, 8, 69693,69621,69829,69667,69202
4b914b4, 26-11-2016, 16, 64585,64988,65324,65172,65408
4b914b4, 27-11-2016, 1, 158875,160963,161459,161257,160825
4b914b4, 27-11-2016, 2, 94573,95799,94456,95195,94738
4b914b4, 27-11-2016, 4, 76706,77583,77715,77500,77626
4b914b4, 27-11-2016, 8, 69783,69523,69699,69905,69684
4b914b4, 27-11-2016, 16, 65131,64709,64975,65286,65023
4b914b4, 28-11-2016, 1, 162193,161693,161677,158981,160103
4b914b4, 28-11-2016, 2, 95744,95228,95870,94355,95141
4b914b4, 28-11-2016, 4, 77651,77611,77626,77723,78270
4b914b4, 28-11-2016, 8, 69684,69345,69336,69176,69943
4b914b4, 28-11-2016, 16, 65025,65129,65169,65464,65329
4b914b4, 29-11-2016, 1, 161490,160517,159677,160348,161444
4b914b4, 29-11-2016, 2, 94878,94690,95428,95244,94196
4b914b4, 29-11-2016, 4, 76570,77144,77122,76931,69193
4b914b4, 29-11-2016, 8, 69273,69065,69307,69589,68900
4b914b4, 29-11-2016, 16, 64794,64774,65061,64389,64827
4b914b4, 30-11-2016, 1, 161087,162193,161444,161072,161506
4b914b4, 30-11-2016, 2, 94504,95028,95125,95287,95815
4b914b4, 30-11-2016, 4, 77600,77272,77282,77907,77407
4b914b4, 30-11-2016, 8, 69059,69465,70019,69972,69911
4b914b4, 30-11-2016, 16, 65355,64772,65185,65099,65066
4b914b4, 01-12-2016, 1, 160840,161880,159313,160302,160655
4b914b4, 01-12-2016, 2, 95760,95374,93811,95309,96051
4b914b4, 01-12-2016, 4, 77633,76191,77550,77856,77396
4b914b4, 01-12-2016, 8, 70239,69658,69592,69333,69456
4b914b4, 01-12-2016, 16, 65162,65159,65144,64837,64779
4b914b4, 02-12-2016, 1, 157918,161755,159829,160809,159677
4b914b4, 02-12-2016, 2, 94637,95109,94856,94349,94365
4b914b4, 02-12-2016, 4, 76861,77161,77289,76974,77119
4b914b4, 02-12-2016, 8, 69482,69127,69327,69517,68980
4b914b4, 02-12-2016, 16, 64822,65253,64565,64734,64704
4b914b4, 03-12-2016, 1, 161413,160963,160902,161708,162193
4b914b4, 03-12-2016, 2, 95586,94265,94296,95007,94413
4b914b4, 03-12-2016, 4, 77436,76392,77268,77257,77806
4b914b4, 03-12-2016, 8, 69549,69477,69716,69888,69827
4b914b4, 03-12-2016, 16, 64627,64727,65063,64727,64665
4b914b4, 04-12-2016, 1, 161025,158291,158365,161927,160686
4b914b4, 04-12-2016, 2, 95952,95646,94754,93712,96100
4b914b4, 04-12-2016, 4, 77496,76598,77518,77824,77755
4b914b4, 04-12-2016, 8, 69592,69402,69520,69210,69575
4b914b4, 04-12-2016, 16, 65253,64832,65187,64451,64925
4b914b4, 05-12-2016, 1, 160917,153553,160655,161537,161397
4b914b4, 05-12-2016, 2, 95314,94222,94776,95831,93958
4b914b4, 05-12-2016, 4, 77404,77597,77169,77618,77586
4b914b4, 05-12-2016, 8, 69345,69687,69827,69682,69615
4b914b4, 05-12-2016, 16, 65111,65162,64910,65256,65177
4b914b4, 06-12-2016, 1, 158530,160855,158935,162036,161025
4b914b4, 06-12-2016, 2, 93838,94206,94770,95958,96100
4b914b4, 06-12-2016, 4, 77404,77529,77332,77098,77547
4b914b4, 06-12-2016, 8, 69995,69399,69382,69031,69442
4b914b4, 06-12-2016, 16, 65147,65010,65036,64917,64970
4b914b4, 07-12-2016, 1, 161025,159510,161880,161646,159449
4b914b4, 07-12-2016, 2, 94551,96227,94824,95629,95379
4b914b4, 07-12-2016, 4, 77493,76605,77565,78556,77802
4b914b4, 07-12-2016, 8, 69690,69503,68869,69531,69870
4b914b4, 07-12-2016, 16, 65030,65360,64752,64947,65452
4b914b4, 08-12-2016, 1, 161304,161164,158860,161974,159041
4b914b4, 08-12-2016, 2, 95892,94990,95303,95266,95034
4b914b4, 08-12-2016, 4, 77532,77407,77268,77482,76999
4b914b4, 08-12-2016, 8, 69896,70245,69993,69621,69336
4b914b4, 08-12-2016, 16, 65157,65319,64973,65033,65159
4b914b4, 09-12-2016, 1, 161350,159419,159192,158440,160655
4b914b4, 09-12-2016, 2, 94578,95668,95385,93916,94964
4b914b4, 09-12-2016, 4, 77479,77626,77140,77275,77874
4b914b4, 09-12-2016, 8, 69899,69757,69500,69832,69867
4b914b4, 09-12-2016, 16, 64852,65291,64837,65367,65230
4b914b4, 10-12-2016, 1, 127992,128149,127632,126668,119496
4b914b4, 10-12-2016, 2, 77336,70180,70371,76049,65870
4b914b4, 10-12-2016, 4, 54269,55563,54052,58963,59589
4b914b4, 10-12-2016, 8, 54801,55635,59104,61041,61566
4b914b4, 10-12-2016, 16, 57670,57833,57235,57073,55458
4b914b4, 11-12-2016, 1, 158156,157400,156723,156053,157119
4b914b4, 11-12-2016, 2, 93394,94514,92748,93446,93623
4b914b4, 11-12-2016, 4, 76323,75908,76563,76528,77073
4b914b4, 11-12-2016, 8, 69273,68532,69031,68974,68960
4b914b4, 11-12-2016, 16, 64340,64089,64160,64486,64431
4b914b4, 12-12-2016, 1, 160963,159890,161381,161319,161599
4b914b4, 13-12-2016, 1, 119572,117743,101446,100121,102200
4b914b4, 12-12-2016, 2, 94180,93990,96487,95320,95396
4b914b4, 13-12-2016, 2, 69966,78270,79713,86852,81081
4b914b4, 12-12-2016, 4, 77133,77307,76633,76465,76580
4b914b4, 13-12-2016, 4, 62265,61298,66423,65850,65505
4b914b4, 12-12-2016, 8, 69127,69290,69327,69655,69528
4b914b4, 13-12-2016, 8, 59714,59302,58884,57419,57565
4b914b4, 12-12-2016, 16, 64680,64712,65025,64496,64657
4b914b4, 13-12-2016, 16, 54553,55489,55829,55094,54216
4b914b4, 14-12-2016, 1, 120232,121848,118333,119598,103621
4b914b4, 14-12-2016, 2, 72777,71922,72422,72353,66156
4b914b4, 14-12-2016, 4, 63449,64488,64111,63632,64782
4b914b4, 14-12-2016, 8, 56820,59718,59420,59275,57713
4b914b4, 14-12-2016, 16, 54316,51195,52385,49086,48668
4b914b4, 15-12-2016, 1, 159237,160118,160226,161428,160886
4b914b4, 15-12-2016, 2, 95222,94728,95206,93948,94770
4b914b4, 15-12-2016, 4, 76503,77514,77626,76643,75709
4b914b4, 15-12-2016, 8, 69803,69477,69304,69428,69236
4b914b4, 15-12-2016, 16, 64844,64797,64550,65101,64960
4b914b4, 16-12-2016, 1, 142397,140878,138335,141999,144981
4b914b4, 17-12-2016, 1, 131990,151351,152409,153497,150657
4b914b4, 16-12-2016, 2, 87277,87559,88576,84405,86884
4b914b4, 17-12-2016, 2, 91156,92107,92661,92697,93592
4b914b4, 16-12-2016, 4, 71402,72723,72244,71725,72213
4b914b4, 17-12-2016, 4, 75130,75032,74972,74638,74668
4b914b4, 16-12-2016, 8, 65003,64862,64116,65073,65086
4b914b4, 17-12-2016, 8, 66810,67284,67522,67018,67495
4b914b4, 16-12-2016, 16, 60893,59494,60754,60855,60798
4b914b4, 17-12-2016, 16, 62805,62378,62693,62864,62956
4b914b4, 19-12-2016, 1, 160195,161180,161568,160073,161475
4b914b4, 19-12-2016, 1, 160256,161459,161755,161444,160578
4b914b4, 19-12-2016, 2, 95093,96167,95244,95190,95190
4b914b4, 19-12-2016, 2, 95689,96249,95201,96548,94658
4b914b4, 19-12-2016, 4, 77016,77504,77511,78468,77816
4b914b4, 19-12-2016, 4, 77122,77023,77651,77208,77770
4b914b4, 19-12-2016, 8, 69911,70171,69606,69549,69653
4b914b4, 19-12-2016, 8, 70174,69390,70107,70145,69873
4b914b4, 19-12-2016, 16, 65089,65152,65503,64867,65470
4b914b4, 19-12-2016, 16, 65142,65306,65159,65228,65258
4b914b4, 20-12-2016, 1, 146283,144694,145661,145610,143101
4b914b4, 20-12-2016, 2, 88000,89526,90487,88371,90683
4b914b4, 20-12-2016, 4, 73407,72566
4b914b4, 20-12-2016, 8,
4b914b4, 20-12-2016, 16,
4b914b4, 21-12-2016, 1, 161459,160180,159525,161817,159479
4b914b4, 21-12-2016, 2, 95136,95842,95848,94813,95341
4b914b4, 21-12-2016, 4, 78512,78336,77027,77557,77457
4b914b4, 21-12-2016, 8, 69751,70042,69745,69873,69528
4b914b4, 21-12-2016, 16, 64975,65051,65096,65152,64777
4b914b4, 22-12-2016, 1, 132647,133248,130471,123845,132031
4b914b4, 22-12-2016, 2, 84138,83627,84836,84021,83790
4b914b4, 22-12-2016, 4, 69537,69236,70203,67224,68384
4b914b4, 22-12-2016, 8, 62106,64832,62288,60966,61989
4b914b4, 22-12-2016, 16, 57660,58339,58571,58882,59470
4b914b4, 24-12-2016, 1, 83861,83373,84193,83340,83274
4b914b4, 25-12-2016, 1, 137338,138335,136957,136500,141044
4b914b4, 24-12-2016, 2, 60880,61070,60319,60717,59699
4b914b4, 25-12-2016, 2, 83569,84931,84063,85764,83819
4b914b4, 24-12-2016, 4, 52516,50805,52560,52226,52563
4b914b4, 25-12-2016, 4, 70457,71698,69873,69934,69873
4b914b4, 24-12-2016, 8, 48071,48555,48562,48277,52808
4b914b4, 25-12-2016, 8, 63860,63356,64675,64777,63077
4b914b4, 24-12-2016, 16, 55099,54923,54828,54146,54863
4b914b4, 25-12-2016, 16, 59458,59829,59046,59369,59225
4b914b4, 26-12-2016, 1, 145940,143825,138769,147362,145800
4b914b4, 26-12-2016, 2, 85406,91082,85051,89920,85742
4b914b4, 26-12-2016, 4, 72995,69757,72556,70895,72378
4b914b4, 26-12-2016, 8, 64180,65687,64253,66211,64221
4b914b4, 26-12-2016, 16, 61534,60189,61050,61475,60248
4b914b4, 28-12-2016, 1, 160717,160271,160317,161211,159996
4b914b4, 28-12-2016, 2, 95141,94424,95104,93853,94921
4b914b4, 28-12-2016, 4, 76361,77126,77726,76988,76734
4b914b4, 28-12-2016, 8, 70203,69754,70007,69955,69236
4b914b4, 28-12-2016, 16, 65056,64640,64945,64689,64607
4b914b4, 29-12-2016, 1, 160532,161118,160686,160994,159358
4b914b4, 29-12-2016, 2, 95385,95477,94749,95287,95093
4b914b4, 29-12-2016, 4, 77240,77907,77240,77881,77604
4b914b4, 29-12-2016, 8, 69809,69350,69664,69408,69667
4b914b4, 29-12-2016, 16, 65218,64978,65046,64902,65083
4b914b4, 30-12-2016, 1, 159434,160794,161599,161646,160747
4b914b4, 30-12-2016, 2, 95287,95396,95499,93848,94781
4b914b4, 30-12-2016, 4, 77816,77461,76713,77950,76191
4b914b4, 30-12-2016, 8, 69299,69125,69313,69583,68948
4b914b4, 30-12-2016, 16, 64777,64855,64930,64742,64915
4b914b4, 31-12-2016, 1, 159525,160226,161335,159813,161103
4b914b4, 31-12-2016, 2, 94851,94440,95195,95390,95082
4b914b4, 31-12-2016, 4, 77225,77791,76914,77393,77780
4b914b4, 31-12-2016, 8, 69264,69580,69972,69296,69572
4b914b4, 31-12-2016, 16, 65309,65251,65048,64937,65317
