8b4137f, 10-06-2015, 1, 4.48
8b4137f, 10-06-2015, 2, 4.46
8b4137f, 10-06-2015, 4, 4.91
8b4137f, 10-06-2015, 8, 4.42
8b4137f, 10-06-2015, 16, 4.82
8b4137f, 10-06-2015, 32, 4.66
8b4137f, 10-06-2015, 64, 4.66
8b4137f, 10-06-2015, 128, 4.47
8b4137f, 10-06-2015, 256, 4.87
8b4137f, 10-06-2015, 512, 4.66
8b4137f, 10-06-2015, 1024, 4.61
8b4137f, 10-06-2015, 2048, 5.07
8b4137f, 10-06-2015, 4096, 5.43
8b4137f, 10-06-2015, 8192, 6.54
8b4137f, 10-06-2015, 16384, 9.16
8b4137f, 10-06-2015, 32768, 14.22
8b4137f, 10-06-2015, 65536, 24.26
8b4137f, 10-06-2015, 131072, 43.95
8b4137f, 10-06-2015, 262144, 84.90
8b4137f, 10-06-2015, 524288, 163.27
8b4137f, 10-06-2015, 1048576, 321.79
8b4137f, 10-06-2015, 2097152, 636.65
8b4137f, 10-06-2015, 4194304, 1243.34
0c0e07e, 11-06-2015, 1, 4.45
0c0e07e, 11-06-2015, 2, 4.43
0c0e07e, 11-06-2015, 4, 4.92
0c0e07e, 11-06-2015, 8, 4.41
0c0e07e, 11-06-2015, 16, 4.79
0c0e07e, 11-06-2015, 32, 4.64
0c0e07e, 11-06-2015, 64, 4.63
0c0e07e, 11-06-2015, 128, 4.46
0c0e07e, 11-06-2015, 256, 4.82
0c0e07e, 11-06-2015, 512, 4.66
0c0e07e, 11-06-2015, 1024, 4.56
0c0e07e, 11-06-2015, 2048, 5.03
0c0e07e, 11-06-2015, 4096, 5.39
0c0e07e, 11-06-2015, 8192, 6.54
0c0e07e, 11-06-2015, 16384, 8.92
0c0e07e, 11-06-2015, 32768, 14.40
0c0e07e, 11-06-2015, 65536, 23.78
0c0e07e, 11-06-2015, 131072, 44.11
0c0e07e, 11-06-2015, 262144, 85.18
0c0e07e, 11-06-2015, 524288, 164.21
0c0e07e, 11-06-2015, 1048576, 323.43
0c0e07e, 11-06-2015, 2097152, 640.80
0c0e07e, 11-06-2015, 4194304, 1258.93
c1ee24b, 13-06-2015, 1, 3.84
c1ee24b, 13-06-2015, 2, 3.94
c1ee24b, 13-06-2015, 4, 3.96
c1ee24b, 13-06-2015, 8, 3.85
c1ee24b, 13-06-2015, 16, 3.88
c1ee24b, 13-06-2015, 32, 3.83
c1ee24b, 13-06-2015, 64, 3.75
c1ee24b, 13-06-2015, 128, 3.74
c1ee24b, 13-06-2015, 256, 3.80
c1ee24b, 13-06-2015, 512, 3.82
c1ee24b, 13-06-2015, 1024, 3.87
c1ee24b, 13-06-2015, 2048, 4.10
c1ee24b, 13-06-2015, 4096, 4.54
c1ee24b, 13-06-2015, 8192, 5.65
c1ee24b, 13-06-2015, 16384, 8.04
c1ee24b, 13-06-2015, 32768, 12.95
c1ee24b, 13-06-2015, 65536, 22.69
c1ee24b, 13-06-2015, 131072, 41.99
c1ee24b, 13-06-2015, 262144, 82.07
c1ee24b, 13-06-2015, 524288, 159.03
c1ee24b, 13-06-2015, 1048576, 313.37
c1ee24b, 13-06-2015, 2097152, 621.82
c1ee24b, 13-06-2015, 4194304, 1221.16
2bab77b, 17-06-2015, 1, 3.76
2bab77b, 17-06-2015, 2, 3.83
2bab77b, 17-06-2015, 4, 3.88
2bab77b, 17-06-2015, 8, 3.78
2bab77b, 17-06-2015, 16, 3.85
2bab77b, 17-06-2015, 32, 3.85
2bab77b, 17-06-2015, 64, 3.78
2bab77b, 17-06-2015, 128, 3.77
2bab77b, 17-06-2015, 256, 3.88
2bab77b, 17-06-2015, 512, 3.89
2bab77b, 17-06-2015, 1024, 3.95
2bab77b, 17-06-2015, 2048, 4.16
2bab77b, 17-06-2015, 4096, 4.62
2bab77b, 17-06-2015, 8192, 5.74
2bab77b, 17-06-2015, 16384, 8.09
2bab77b, 17-06-2015, 32768, 13.13
2bab77b, 17-06-2015, 65536, 22.99
2bab77b, 17-06-2015, 131072, 42.64
2bab77b, 17-06-2015, 262144, 82.78
2bab77b, 17-06-2015, 524288, 160.23
2bab77b, 17-06-2015, 1048576, 316.53
2bab77b, 17-06-2015, 2097152, 626.22
2bab77b, 17-06-2015, 4194304, 1231.23
9cc4db7, 18-06-2015, 1, 3.82
9cc4db7, 18-06-2015, 2, 3.91
9cc4db7, 18-06-2015, 4, 4.01
9cc4db7, 18-06-2015, 8, 3.91
9cc4db7, 18-06-2015, 16, 3.93
9cc4db7, 18-06-2015, 32, 3.93
9cc4db7, 18-06-2015, 64, 3.82
9cc4db7, 18-06-2015, 128, 3.83
9cc4db7, 18-06-2015, 256, 3.90
9cc4db7, 18-06-2015, 512, 3.89
9cc4db7, 18-06-2015, 1024, 4.02
9cc4db7, 18-06-2015, 2048, 4.25
9cc4db7, 18-06-2015, 4096, 4.77
9cc4db7, 18-06-2015, 8192, 5.80
9cc4db7, 18-06-2015, 16384, 8.10
9cc4db7, 18-06-2015, 32768, 13.07
9cc4db7, 18-06-2015, 65536, 22.99
9cc4db7, 18-06-2015, 131072, 42.34
9cc4db7, 18-06-2015, 262144, 82.13
9cc4db7, 18-06-2015, 524288, 159.08
9cc4db7, 18-06-2015, 1048576, 314.43
9cc4db7, 18-06-2015, 2097152, 621.11
9cc4db7, 18-06-2015, 4194304, 1220.51
1890d48, 24-06-2015, 1, 3.89
1890d48, 24-06-2015, 2, 3.95
1890d48, 24-06-2015, 4, 4.02
1890d48, 24-06-2015, 8, 3.91
1890d48, 24-06-2015, 16, 3.93
1890d48, 24-06-2015, 32, 3.94
1890d48, 24-06-2015, 64, 3.85
1890d48, 24-06-2015, 128, 3.85
1890d48, 24-06-2015, 256, 3.95
1890d48, 24-06-2015, 512, 3.95
1890d48, 24-06-2015, 1024, 4.03
1890d48, 24-06-2015, 2048, 4.24
1890d48, 24-06-2015, 4096, 4.70
1890d48, 24-06-2015, 8192, 5.79
1890d48, 24-06-2015, 16384, 8.12
1890d48, 24-06-2015, 32768, 13.13
1890d48, 24-06-2015, 65536, 22.82
1890d48, 24-06-2015, 131072, 43.15
1890d48, 24-06-2015, 262144, 82.04
1890d48, 24-06-2015, 524288, 159.62
1890d48, 24-06-2015, 1048576, 313.64
1890d48, 24-06-2015, 2097152, 620.99
1890d48, 24-06-2015, 4194304, 1226.02
0ee19ff, 26-06-2015, 1, 3.91
0ee19ff, 26-06-2015, 2, 3.96
0ee19ff, 26-06-2015, 4, 4.02
0ee19ff, 26-06-2015, 8, 3.95
0ee19ff, 26-06-2015, 16, 3.99
0ee19ff, 26-06-2015, 32, 4.01
0ee19ff, 26-06-2015, 64, 3.91
0ee19ff, 26-06-2015, 128, 3.92
0ee19ff, 26-06-2015, 256, 4.02
0ee19ff, 26-06-2015, 512, 4.03
0ee19ff, 26-06-2015, 1024, 4.08
0ee19ff, 26-06-2015, 2048, 4.30
0ee19ff, 26-06-2015, 4096, 4.78
0ee19ff, 26-06-2015, 8192, 5.91
0ee19ff, 26-06-2015, 16384, 8.28
0ee19ff, 26-06-2015, 32768, 13.40
0ee19ff, 26-06-2015, 65536, 23.40
0ee19ff, 26-06-2015, 131072, 43.68
0ee19ff, 26-06-2015, 262144, 84.77
0ee19ff, 26-06-2015, 524288, 164.20
0ee19ff, 26-06-2015, 1048576, 342.63
0ee19ff, 26-06-2015, 2097152, 651.20
0ee19ff, 26-06-2015, 4194304, 1291.51
365ebe3, 30-06-2015, 1, 3.84
365ebe3, 30-06-2015, 2, 3.83
365ebe3, 30-06-2015, 4, 3.87
365ebe3, 30-06-2015, 8, 3.79
365ebe3, 30-06-2015, 16, 3.83
365ebe3, 30-06-2015, 32, 3.83
365ebe3, 30-06-2015, 64, 3.69
365ebe3, 30-06-2015, 128, 3.67
365ebe3, 30-06-2015, 256, 3.79
365ebe3, 30-06-2015, 512, 3.83
365ebe3, 30-06-2015, 1024, 3.89
365ebe3, 30-06-2015, 2048, 4.13
365ebe3, 30-06-2015, 4096, 4.57
365ebe3, 30-06-2015, 8192, 5.69
365ebe3, 30-06-2015, 16384, 8.37
365ebe3, 30-06-2015, 32768, 13.05
365ebe3, 30-06-2015, 65536, 22.76
365ebe3, 30-06-2015, 131072, 42.09
365ebe3, 30-06-2015, 262144, 82.12
365ebe3, 30-06-2015, 524288, 159.79
365ebe3, 30-06-2015, 1048576, 313.39
365ebe3, 30-06-2015, 2097152, 621.14
365ebe3, 30-06-2015, 4194304, 1222.45
00ae069, 01-07-2015, 1, 3.68
00ae069, 01-07-2015, 2, 3.75
00ae069, 01-07-2015, 4, 3.80
00ae069, 01-07-2015, 8, 3.70
00ae069, 01-07-2015, 16, 3.74
00ae069, 01-07-2015, 32, 3.74
00ae069, 01-07-2015, 64, 3.66
00ae069, 01-07-2015, 128, 3.66
00ae069, 01-07-2015, 256, 3.77
00ae069, 01-07-2015, 512, 3.79
00ae069, 01-07-2015, 1024, 3.85
00ae069, 01-07-2015, 2048, 4.05
00ae069, 01-07-2015, 4096, 4.48
00ae069, 01-07-2015, 8192, 5.60
00ae069, 01-07-2015, 16384, 8.01
00ae069, 01-07-2015, 32768, 13.02
00ae069, 01-07-2015, 65536, 22.87
00ae069, 01-07-2015, 131072, 41.91
00ae069, 01-07-2015, 262144, 81.86
00ae069, 01-07-2015, 524288, 159.25
00ae069, 01-07-2015, 1048576, 314.01
00ae069, 01-07-2015, 2097152, 620.53
00ae069, 01-07-2015, 4194304, 1219.69
d3511be, 02-07-2015, 1, 3.71
d3511be, 02-07-2015, 2, 3.79
d3511be, 02-07-2015, 4, 3.85
d3511be, 02-07-2015, 8, 3.76
d3511be, 02-07-2015, 16, 3.80
d3511be, 02-07-2015, 32, 3.81
d3511be, 02-07-2015, 64, 3.72
d3511be, 02-07-2015, 128, 3.72
d3511be, 02-07-2015, 256, 3.83
d3511be, 02-07-2015, 512, 3.85
d3511be, 02-07-2015, 1024, 3.91
d3511be, 02-07-2015, 2048, 4.13
d3511be, 02-07-2015, 4096, 4.59
d3511be, 02-07-2015, 8192, 5.72
d3511be, 02-07-2015, 16384, 8.60
d3511be, 02-07-2015, 32768, 13.59
d3511be, 02-07-2015, 65536, 23.17
d3511be, 02-07-2015, 131072, 42.85
d3511be, 02-07-2015, 262144, 83.32
d3511be, 02-07-2015, 524288, 161.49
d3511be, 02-07-2015, 1048576, 319.12
d3511be, 02-07-2015, 2097152, 629.83
d3511be, 02-07-2015, 4194304, 1233.12
6874bfe, 03-07-2015, 1, 3.74
6874bfe, 03-07-2015, 2, 3.81
6874bfe, 03-07-2015, 4, 3.83
6874bfe, 03-07-2015, 8, 3.74
6874bfe, 03-07-2015, 16, 3.81
6874bfe, 03-07-2015, 32, 3.82
6874bfe, 03-07-2015, 64, 3.71
6874bfe, 03-07-2015, 128, 3.73
6874bfe, 03-07-2015, 256, 3.80
6874bfe, 03-07-2015, 512, 3.81
6874bfe, 03-07-2015, 1024, 3.87
6874bfe, 03-07-2015, 2048, 4.08
6874bfe, 03-07-2015, 4096, 4.55
6874bfe, 03-07-2015, 8192, 5.70
6874bfe, 03-07-2015, 16384, 8.13
6874bfe, 03-07-2015, 32768, 13.42
6874bfe, 03-07-2015, 65536, 23.26
6874bfe, 03-07-2015, 131072, 43.31
6874bfe, 03-07-2015, 262144, 84.60
6874bfe, 03-07-2015, 524288, 163.60
6874bfe, 03-07-2015, 1048576, 322.77
6874bfe, 03-07-2015, 2097152, 639.92
6874bfe, 03-07-2015, 4194304, 1260.04
315c167, 04-07-2015, 1, 3.91
315c167, 04-07-2015, 2, 3.92
315c167, 04-07-2015, 4, 3.95
315c167, 04-07-2015, 8, 3.91
315c167, 04-07-2015, 16, 4.01
315c167, 04-07-2015, 32, 3.93
315c167, 04-07-2015, 64, 3.82
315c167, 04-07-2015, 128, 3.82
315c167, 04-07-2015, 256, 3.92
315c167, 04-07-2015, 512, 3.95
315c167, 04-07-2015, 1024, 4.02
315c167, 04-07-2015, 2048, 4.27
315c167, 04-07-2015, 4096, 4.71
315c167, 04-07-2015, 8192, 6.00
315c167, 04-07-2015, 16384, 8.63
315c167, 04-07-2015, 32768, 13.39
315c167, 04-07-2015, 65536, 22.73
315c167, 04-07-2015, 131072, 42.94
315c167, 04-07-2015, 262144, 82.38
315c167, 04-07-2015, 524288, 164.07
315c167, 04-07-2015, 1048576, 328.24
315c167, 04-07-2015, 2097152, 652.73
315c167, 04-07-2015, 4194304, 1255.28
acd14d1, 12-07-2015, 1, 4.06
acd14d1, 12-07-2015, 2, 4.05
acd14d1, 12-07-2015, 4, 4.16
acd14d1, 12-07-2015, 8, 4.10
acd14d1, 12-07-2015, 16, 4.10
acd14d1, 12-07-2015, 32, 4.17
acd14d1, 12-07-2015, 64, 4.08
acd14d1, 12-07-2015, 128, 4.07
acd14d1, 12-07-2015, 256, 4.18
acd14d1, 12-07-2015, 512, 4.09
acd14d1, 12-07-2015, 1024, 4.17
acd14d1, 12-07-2015, 2048, 4.52
acd14d1, 12-07-2015, 4096, 4.59
acd14d1, 12-07-2015, 8192, 5.70
acd14d1, 12-07-2015, 16384, 8.33
acd14d1, 12-07-2015, 32768, 12.94
acd14d1, 12-07-2015, 65536, 23.05
acd14d1, 12-07-2015, 131072, 41.86
acd14d1, 12-07-2015, 262144, 81.65
acd14d1, 12-07-2015, 524288, 158.22
acd14d1, 12-07-2015, 1048576, 311.86
acd14d1, 12-07-2015, 2097152, 622.51
acd14d1, 12-07-2015, 4194304, 1209.30
0e081a9, 14-07-2015, 1, 4.09
0e081a9, 14-07-2015, 2, 4.02
0e081a9, 14-07-2015, 4, 4.11
0e081a9, 14-07-2015, 8, 3.99
0e081a9, 14-07-2015, 16, 3.95
0e081a9, 14-07-2015, 32, 4.05
0e081a9, 14-07-2015, 64, 3.96
0e081a9, 14-07-2015, 128, 3.95
0e081a9, 14-07-2015, 256, 4.06
0e081a9, 14-07-2015, 512, 3.98
0e081a9, 14-07-2015, 1024, 4.07
0e081a9, 14-07-2015, 2048, 4.44
0e081a9, 14-07-2015, 4096, 4.50
0e081a9, 14-07-2015, 8192, 5.60
0e081a9, 14-07-2015, 16384, 7.94
0e081a9, 14-07-2015, 32768, 12.90
0e081a9, 14-07-2015, 65536, 22.43
0e081a9, 14-07-2015, 131072, 41.52
0e081a9, 14-07-2015, 262144, 80.47
0e081a9, 14-07-2015, 524288, 155.62
0e081a9, 14-07-2015, 1048576, 306.34
0e081a9, 14-07-2015, 2097152, 614.29
0e081a9, 14-07-2015, 4194304, 1197.48
99df208, 15-07-2015, 1, 3.97
99df208, 15-07-2015, 2, 3.96
99df208, 15-07-2015, 4, 4.06
99df208, 15-07-2015, 8, 3.96
99df208, 15-07-2015, 16, 3.99
99df208, 15-07-2015, 32, 4.06
99df208, 15-07-2015, 64, 3.97
99df208, 15-07-2015, 128, 3.98
99df208, 15-07-2015, 256, 4.09
99df208, 15-07-2015, 512, 4.03
99df208, 15-07-2015, 1024, 4.11
99df208, 15-07-2015, 2048, 4.46
99df208, 15-07-2015, 4096, 4.51
99df208, 15-07-2015, 8192, 5.62
99df208, 15-07-2015, 16384, 7.93
99df208, 15-07-2015, 32768, 12.99
99df208, 15-07-2015, 65536, 22.46
99df208, 15-07-2015, 131072, 41.66
99df208, 15-07-2015, 262144, 81.49
99df208, 15-07-2015, 524288, 158.27
99df208, 15-07-2015, 1048576, 309.09
99df208, 15-07-2015, 2097152, 620.04
99df208, 15-07-2015, 4194304, 1207.94
a0c3c29, 17-07-2015, 1, 4.64
a0c3c29, 17-07-2015, 2, 4.65
a0c3c29, 17-07-2015, 4, 4.74
a0c3c29, 17-07-2015, 8, 4.64
a0c3c29, 17-07-2015, 16, 4.64
a0c3c29, 17-07-2015, 32, 4.74
a0c3c29, 17-07-2015, 64, 4.61
a0c3c29, 17-07-2015, 128, 4.62
a0c3c29, 17-07-2015, 256, 4.75
a0c3c29, 17-07-2015, 512, 4.67
a0c3c29, 17-07-2015, 1024, 4.76
a0c3c29, 17-07-2015, 2048, 5.14
a0c3c29, 17-07-2015, 4096, 5.26
a0c3c29, 17-07-2015, 8192, 11.16
a0c3c29, 17-07-2015, 16384, 15.12
a0c3c29, 17-07-2015, 32768, 25.95
a0c3c29, 17-07-2015, 65536, 47.60
a0c3c29, 17-07-2015, 131072, 67.68
a0c3c29, 17-07-2015, 262144, 121.08
a0c3c29, 17-07-2015, 524288, 381.65
a0c3c29, 17-07-2015, 1048576, 882.78
a0c3c29, 17-07-2015, 2097152, 677.69
a0c3c29, 17-07-2015, 4194304, 1356.38
9dedc51, 19-07-2015, 1, 4.57
9dedc51, 19-07-2015, 2, 4.57
9dedc51, 19-07-2015, 4, 4.67
9dedc51, 19-07-2015, 8, 4.54
9dedc51, 19-07-2015, 16, 4.58
9dedc51, 19-07-2015, 32, 4.66
9dedc51, 19-07-2015, 64, 4.53
9dedc51, 19-07-2015, 128, 4.54
9dedc51, 19-07-2015, 256, 4.66
9dedc51, 19-07-2015, 512, 4.58
9dedc51, 19-07-2015, 1024, 4.69
9dedc51, 19-07-2015, 2048, 5.07
9dedc51, 19-07-2015, 4096, 5.16
9dedc51, 19-07-2015, 8192, 6.38
9dedc51, 19-07-2015, 16384, 9.23
9dedc51, 19-07-2015, 32768, 13.60
9dedc51, 19-07-2015, 65536, 26.32
9dedc51, 19-07-2015, 131072, 47.58
9dedc51, 19-07-2015, 262144, 90.04
9dedc51, 19-07-2015, 524288, 176.72
9dedc51, 19-07-2015, 1048576, 346.81
9dedc51, 19-07-2015, 2097152, 681.09
9dedc51, 19-07-2015, 4194304, 1344.97
a88dfe1, 20-07-2015, 1, 4.57
a88dfe1, 20-07-2015, 2, 4.54
a88dfe1, 20-07-2015, 4, 4.63
a88dfe1, 20-07-2015, 8, 4.51
a88dfe1, 20-07-2015, 16, 4.55
a88dfe1, 20-07-2015, 32, 4.62
a88dfe1, 20-07-2015, 64, 4.53
a88dfe1, 20-07-2015, 128, 4.54
a88dfe1, 20-07-2015, 256, 4.73
a88dfe1, 20-07-2015, 512, 4.76
a88dfe1, 20-07-2015, 1024, 5.05
a88dfe1, 20-07-2015, 2048, 5.53
a88dfe1, 20-07-2015, 4096, 6.07
a88dfe1, 20-07-2015, 8192, 7.42
a88dfe1, 20-07-2015, 16384, 10.43
a88dfe1, 20-07-2015, 32768, 16.05
a88dfe1, 20-07-2015, 65536, 27.17
a88dfe1, 20-07-2015, 131072, 49.62
a88dfe1, 20-07-2015, 262144, 96.41
a88dfe1, 20-07-2015, 524288, 183.78
a88dfe1, 20-07-2015, 1048576, 428.83
a88dfe1, 20-07-2015, 2097152, 1108.66
a88dfe1, 20-07-2015, 4194304, 1679.26
2a5eaf3, 21-07-2015, 1, 3.54
2a5eaf3, 21-07-2015, 2, 3.54
2a5eaf3, 21-07-2015, 4, 3.53
2a5eaf3, 21-07-2015, 8, 3.51
2a5eaf3, 21-07-2015, 16, 3.53
2a5eaf3, 21-07-2015, 32, 3.54
2a5eaf3, 21-07-2015, 64, 3.52
2a5eaf3, 21-07-2015, 128, 3.52
2a5eaf3, 21-07-2015, 256, 3.56
2a5eaf3, 21-07-2015, 512, 3.55
2a5eaf3, 21-07-2015, 1024, 3.66
2a5eaf3, 21-07-2015, 2048, 3.96
2a5eaf3, 21-07-2015, 4096, 4.32
2a5eaf3, 21-07-2015, 8192, 5.55
2a5eaf3, 21-07-2015, 16384, 7.32
2a5eaf3, 21-07-2015, 32768, 14.53
2a5eaf3, 21-07-2015, 65536, 22.99
2a5eaf3, 21-07-2015, 131072, 46.37
2a5eaf3, 21-07-2015, 262144, 87.84
2a5eaf3, 21-07-2015, 524288, 171.76
2a5eaf3, 21-07-2015, 1048576, 338.11
2a5eaf3, 21-07-2015, 2097152, 665.00
2a5eaf3, 21-07-2015, 4194304, 1314.87
c6fb82b, 23-07-2015, 1, 3.30
c6fb82b, 23-07-2015, 2, 3.30
c6fb82b, 23-07-2015, 4, 3.28
c6fb82b, 23-07-2015, 8, 3.28
c6fb82b, 23-07-2015, 16, 3.27
c6fb82b, 23-07-2015, 32, 3.28
c6fb82b, 23-07-2015, 64, 3.27
c6fb82b, 23-07-2015, 128, 3.27
c6fb82b, 23-07-2015, 256, 3.27
c6fb82b, 23-07-2015, 512, 3.31
c6fb82b, 23-07-2015, 1024, 3.39
c6fb82b, 23-07-2015, 2048, 3.72
c6fb82b, 23-07-2015, 4096, 4.10
c6fb82b, 23-07-2015, 8192, 5.29
c6fb82b, 23-07-2015, 16384, 9.04
c6fb82b, 23-07-2015, 32768, 12.52
c6fb82b, 23-07-2015, 65536, 25.24
c6fb82b, 23-07-2015, 131072, 44.89
c6fb82b, 23-07-2015, 262144, 88.08
c6fb82b, 23-07-2015, 524288, 170.23
c6fb82b, 23-07-2015, 1048576, 333.50
c6fb82b, 23-07-2015, 2097152, 670.53
c6fb82b, 23-07-2015, 4194304, 1309.36
beaa50c, 24-07-2015, 1, 3.63
beaa50c, 24-07-2015, 2, 3.62
beaa50c, 24-07-2015, 4, 3.62
beaa50c, 24-07-2015, 8, 3.64
beaa50c, 24-07-2015, 16, 3.63
beaa50c, 24-07-2015, 32, 3.63
beaa50c, 24-07-2015, 64, 3.63
beaa50c, 24-07-2015, 128, 3.62
beaa50c, 24-07-2015, 256, 3.64
beaa50c, 24-07-2015, 512, 3.66
beaa50c, 24-07-2015, 1024, 3.76
beaa50c, 24-07-2015, 2048, 4.04
beaa50c, 24-07-2015, 4096, 4.42
beaa50c, 24-07-2015, 8192, 5.67
beaa50c, 24-07-2015, 16384, 8.53
beaa50c, 24-07-2015, 32768, 12.35
beaa50c, 24-07-2015, 65536, 25.53
beaa50c, 24-07-2015, 131072, 45.14
beaa50c, 24-07-2015, 262144, 87.87
beaa50c, 24-07-2015, 524288, 170.54
beaa50c, 24-07-2015, 1048576, 336.68
beaa50c, 24-07-2015, 2097152, 674.39
beaa50c, 24-07-2015, 4194304, 1319.67
23a6022, 26-07-2015, 1, 3.28
23a6022, 26-07-2015, 2, 3.28
23a6022, 26-07-2015, 4, 3.27
23a6022, 26-07-2015, 8, 3.27
23a6022, 26-07-2015, 16, 3.26
23a6022, 26-07-2015, 32, 3.26
23a6022, 26-07-2015, 64, 3.28
23a6022, 26-07-2015, 128, 3.29
23a6022, 26-07-2015, 256, 3.31
23a6022, 26-07-2015, 512, 3.36
23a6022, 26-07-2015, 1024, 3.42
23a6022, 26-07-2015, 2048, 3.72
23a6022, 26-07-2015, 4096, 4.14
23a6022, 26-07-2015, 8192, 5.32
23a6022, 26-07-2015, 16384, 8.74
23a6022, 26-07-2015, 32768, 13.16
23a6022, 26-07-2015, 65536, 24.69
23a6022, 26-07-2015, 131072, 44.86
23a6022, 26-07-2015, 262144, 87.85
23a6022, 26-07-2015, 524288, 170.61
23a6022, 26-07-2015, 1048576, 332.64
23a6022, 26-07-2015, 2097152, 670.71
23a6022, 26-07-2015, 4194304, 1310.64
e3bf4c1, 28-07-2015, 1, 3.31
e3bf4c1, 28-07-2015, 2, 3.40
e3bf4c1, 28-07-2015, 4, 3.49
e3bf4c1, 28-07-2015, 8, 3.50
e3bf4c1, 28-07-2015, 16, 3.37
e3bf4c1, 28-07-2015, 32, 3.31
e3bf4c1, 28-07-2015, 64, 3.34
e3bf4c1, 28-07-2015, 128, 3.35
e3bf4c1, 28-07-2015, 256, 3.34
e3bf4c1, 28-07-2015, 512, 3.37
e3bf4c1, 28-07-2015, 1024, 3.48
e3bf4c1, 28-07-2015, 2048, 3.74
e3bf4c1, 28-07-2015, 4096, 4.15
e3bf4c1, 28-07-2015, 8192, 5.38
e3bf4c1, 28-07-2015, 16384, 8.94
e3bf4c1, 28-07-2015, 32768, 13.70
e3bf4c1, 28-07-2015, 65536, 24.88
e3bf4c1, 28-07-2015, 131072, 45.66
e3bf4c1, 28-07-2015, 262144, 90.01
e3bf4c1, 28-07-2015, 524288, 173.47
e3bf4c1, 28-07-2015, 1048576, 341.02
e3bf4c1, 28-07-2015, 2097152, 684.76
e3bf4c1, 28-07-2015, 4194304, 1335.02
bc0d832, 31-07-2015, 1, 2.59
bc0d832, 31-07-2015, 2, 2.58
bc0d832, 31-07-2015, 4, 2.57
bc0d832, 31-07-2015, 8, 2.75
bc0d832, 31-07-2015, 16, 2.78
bc0d832, 31-07-2015, 32, 2.61
bc0d832, 31-07-2015, 64, 2.62
bc0d832, 31-07-2015, 128, 2.99
bc0d832, 31-07-2015, 256, 3.12
bc0d832, 31-07-2015, 512, 3.16
bc0d832, 31-07-2015, 1024, 3.13
bc0d832, 31-07-2015, 2048, 3.45
bc0d832, 31-07-2015, 4096, 3.92
bc0d832, 31-07-2015, 8192, 5.15
bc0d832, 31-07-2015, 16384, 7.54
bc0d832, 31-07-2015, 32768, 12.54
bc0d832, 31-07-2015, 65536, 22.44
bc0d832, 31-07-2015, 131072, 41.99
bc0d832, 31-07-2015, 262144, 81.64
bc0d832, 31-07-2015, 524288, 159.66
bc0d832, 31-07-2015, 1048576, 313.83
bc0d832, 31-07-2015, 2097152, 632.47
bc0d832, 31-07-2015, 4194304, 1235.95
5b3580d, 01-08-2015, 1, 2.58
5b3580d, 01-08-2015, 2, 2.56
5b3580d, 01-08-2015, 4, 2.55
5b3580d, 01-08-2015, 8, 2.55
5b3580d, 01-08-2015, 16, 2.56
5b3580d, 01-08-2015, 32, 2.58
5b3580d, 01-08-2015, 64, 2.59
5b3580d, 01-08-2015, 128, 2.64
5b3580d, 01-08-2015, 256, 3.02
5b3580d, 01-08-2015, 512, 3.04
5b3580d, 01-08-2015, 1024, 3.12
5b3580d, 01-08-2015, 2048, 3.40
5b3580d, 01-08-2015, 4096, 3.95
5b3580d, 01-08-2015, 8192, 5.04
5b3580d, 01-08-2015, 16384, 7.53
5b3580d, 01-08-2015, 32768, 12.82
5b3580d, 01-08-2015, 65536, 21.83
5b3580d, 01-08-2015, 131072, 41.78
5b3580d, 01-08-2015, 262144, 80.82
5b3580d, 01-08-2015, 524288, 165.36
5b3580d, 01-08-2015, 1048576, 311.35
5b3580d, 01-08-2015, 2097152, 639.79
5b3580d, 01-08-2015, 4194304, 1254.38
d2fdca2, 02-08-2015, 1, 2.75
d2fdca2, 02-08-2015, 2, 2.66
d2fdca2, 02-08-2015, 4, 2.63
d2fdca2, 02-08-2015, 8, 2.63
d2fdca2, 02-08-2015, 16, 2.61
d2fdca2, 02-08-2015, 32, 2.83
d2fdca2, 02-08-2015, 64, 2.74
d2fdca2, 02-08-2015, 128, 2.65
d2fdca2, 02-08-2015, 256, 3.08
d2fdca2, 02-08-2015, 512, 3.11
d2fdca2, 02-08-2015, 1024, 3.34
d2fdca2, 02-08-2015, 2048, 3.64
d2fdca2, 02-08-2015, 4096, 4.06
d2fdca2, 02-08-2015, 8192, 5.48
d2fdca2, 02-08-2015, 16384, 7.62
d2fdca2, 02-08-2015, 32768, 16.17
d2fdca2, 02-08-2015, 65536, 25.48
d2fdca2, 02-08-2015, 131072, 51.55
d2fdca2, 02-08-2015, 262144, 90.65
d2fdca2, 02-08-2015, 524288, 186.88
d2fdca2, 02-08-2015, 1048576, 330.53
d2fdca2, 02-08-2015, 2097152, 706.59
d2fdca2, 02-08-2015, 4194304, 1326.51
f851440, 03-08-2015, 1, 2.50
f851440, 03-08-2015, 2, 2.52
f851440, 03-08-2015, 4, 2.50
f851440, 03-08-2015, 8, 2.50
f851440, 03-08-2015, 16, 2.51
f851440, 03-08-2015, 32, 2.54
f851440, 03-08-2015, 64, 2.57
f851440, 03-08-2015, 128, 2.58
f851440, 03-08-2015, 256, 2.96
f851440, 03-08-2015, 512, 2.98
f851440, 03-08-2015, 1024, 3.05
f851440, 03-08-2015, 2048, 3.34
f851440, 03-08-2015, 4096, 3.89
f851440, 03-08-2015, 8192, 5.00
f851440, 03-08-2015, 16384, 7.48
f851440, 03-08-2015, 32768, 12.45
f851440, 03-08-2015, 65536, 22.01
f851440, 03-08-2015, 131072, 41.74
f851440, 03-08-2015, 262144, 80.89
f851440, 03-08-2015, 524288, 157.98
f851440, 03-08-2015, 1048576, 322.60
f851440, 03-08-2015, 2097152, 630.79
f851440, 03-08-2015, 4194304, 1219.25
ff0e3c7, 04-08-2015, 1, 2.73
ff0e3c7, 04-08-2015, 2, 2.73
ff0e3c7, 04-08-2015, 4, 2.73
ff0e3c7, 04-08-2015, 8, 2.71
ff0e3c7, 04-08-2015, 16, 2.71
ff0e3c7, 04-08-2015, 32, 2.71
ff0e3c7, 04-08-2015, 64, 2.72
ff0e3c7, 04-08-2015, 128, 2.74
ff0e3c7, 04-08-2015, 256, 3.22
ff0e3c7, 04-08-2015, 512, 3.20
ff0e3c7, 04-08-2015, 1024, 3.27
ff0e3c7, 04-08-2015, 2048, 3.57
ff0e3c7, 04-08-2015, 4096, 3.46
ff0e3c7, 04-08-2015, 8192, 3.87
ff0e3c7, 04-08-2015, 16384, 4.88
ff0e3c7, 04-08-2015, 32768, 6.41
ff0e3c7, 04-08-2015, 65536, 9.69
ff0e3c7, 04-08-2015, 131072, 16.18
ff0e3c7, 04-08-2015, 262144, 29.49
ff0e3c7, 04-08-2015, 524288, 55.98
ff0e3c7, 04-08-2015, 1048576, 109.22
ff0e3c7, 04-08-2015, 2097152, 214.79
ff0e3c7, 04-08-2015, 4194304, 425.56
63b98a0, 06-08-2015, 1, 2.93
63b98a0, 06-08-2015, 2, 2.93
63b98a0, 06-08-2015, 4, 2.92
63b98a0, 06-08-2015, 8, 2.92
63b98a0, 06-08-2015, 16, 2.92
63b98a0, 06-08-2015, 32, 2.92
63b98a0, 06-08-2015, 64, 2.93
63b98a0, 06-08-2015, 128, 2.96
63b98a0, 06-08-2015, 256, 3.39
63b98a0, 06-08-2015, 512, 3.46
63b98a0, 06-08-2015, 1024, 3.61
63b98a0, 06-08-2015, 2048, 3.92
63b98a0, 06-08-2015, 4096, 5.11
63b98a0, 06-08-2015, 8192, 6.34
63b98a0, 06-08-2015, 16384, 5.69
63b98a0, 06-08-2015, 32768, 7.81
63b98a0, 06-08-2015, 65536, 10.84
63b98a0, 06-08-2015, 131072, 17.12
63b98a0, 06-08-2015, 262144, 33.07
63b98a0, 06-08-2015, 524288, 61.60
63b98a0, 06-08-2015, 1048576, 139.95
63b98a0, 06-08-2015, 2097152, 218.22
63b98a0, 06-08-2015, 4194304, 466.89
a1e43e8, 07-08-2015, 1, 2.78
a1e43e8, 07-08-2015, 2, 2.79
a1e43e8, 07-08-2015, 4, 2.78
a1e43e8, 07-08-2015, 8, 2.79
a1e43e8, 07-08-2015, 16, 2.80
a1e43e8, 07-08-2015, 32, 2.81
a1e43e8, 07-08-2015, 64, 2.82
a1e43e8, 07-08-2015, 128, 2.83
a1e43e8, 07-08-2015, 256, 3.29
a1e43e8, 07-08-2015, 512, 3.35
a1e43e8, 07-08-2015, 1024, 3.43
a1e43e8, 07-08-2015, 2048, 3.72
a1e43e8, 07-08-2015, 4096, 3.55
a1e43e8, 07-08-2015, 8192, 3.97
a1e43e8, 07-08-2015, 16384, 4.92
a1e43e8, 07-08-2015, 32768, 6.47
a1e43e8, 07-08-2015, 65536, 9.75
a1e43e8, 07-08-2015, 131072, 16.23
a1e43e8, 07-08-2015, 262144, 29.53
a1e43e8, 07-08-2015, 524288, 56.06
a1e43e8, 07-08-2015, 1048576, 109.26
a1e43e8, 07-08-2015, 2097152, 215.33
a1e43e8, 07-08-2015, 4194304, 425.95
34c9f42, 08-08-2015, 1, 2.82
34c9f42, 08-08-2015, 2, 2.82
34c9f42, 08-08-2015, 4, 2.81
34c9f42, 08-08-2015, 8, 2.80
34c9f42, 08-08-2015, 16, 2.80
34c9f42, 08-08-2015, 32, 2.79
34c9f42, 08-08-2015, 64, 2.78
34c9f42, 08-08-2015, 128, 2.82
34c9f42, 08-08-2015, 256, 3.26
34c9f42, 08-08-2015, 512, 3.30
34c9f42, 08-08-2015, 1024, 3.40
34c9f42, 08-08-2015, 2048, 3.69
34c9f42, 08-08-2015, 4096, 3.55
34c9f42, 08-08-2015, 8192, 3.96
34c9f42, 08-08-2015, 16384, 5.05
34c9f42, 08-08-2015, 32768, 6.57
34c9f42, 08-08-2015, 65536, 9.71
34c9f42, 08-08-2015, 131072, 16.51
34c9f42, 08-08-2015, 262144, 29.50
34c9f42, 08-08-2015, 524288, 56.19
34c9f42, 08-08-2015, 1048576, 109.69
34c9f42, 08-08-2015, 2097152, 215.90
34c9f42, 08-08-2015, 4194304, 428.68
5b5bed6, 09-08-2015, 1, 3.15
5b5bed6, 09-08-2015, 2, 3.14
5b5bed6, 09-08-2015, 4, 3.25
5b5bed6, 09-08-2015, 8, 3.33
5b5bed6, 09-08-2015, 16, 3.28
5b5bed6, 09-08-2015, 32, 3.27
5b5bed6, 09-08-2015, 64, 3.24
5b5bed6, 09-08-2015, 128, 3.29
5b5bed6, 09-08-2015, 256, 3.75
5b5bed6, 09-08-2015, 512, 3.84
5b5bed6, 09-08-2015, 1024, 3.89
5b5bed6, 09-08-2015, 2048, 4.23
5b5bed6, 09-08-2015, 4096, 4.29
5b5bed6, 09-08-2015, 8192, 4.52
5b5bed6, 09-08-2015, 16384, 5.78
5b5bed6, 09-08-2015, 32768, 7.29
5b5bed6, 09-08-2015, 65536, 10.21
5b5bed6, 09-08-2015, 131072, 17.82
5b5bed6, 09-08-2015, 262144, 30.00
5b5bed6, 09-08-2015, 524288, 56.56
5b5bed6, 09-08-2015, 1048576, 113.44
5b5bed6, 09-08-2015, 2097152, 215.50
5b5bed6, 09-08-2015, 4194304, 426.52
1e1238a, 11-08-2015, 1, 2.82
1e1238a, 11-08-2015, 2, 2.82
1e1238a, 11-08-2015, 4, 2.79
1e1238a, 11-08-2015, 8, 2.78
1e1238a, 11-08-2015, 16, 2.79
1e1238a, 11-08-2015, 32, 2.80
1e1238a, 11-08-2015, 64, 2.81
1e1238a, 11-08-2015, 128, 2.83
1e1238a, 11-08-2015, 256, 3.28
1e1238a, 11-08-2015, 512, 3.34
1e1238a, 11-08-2015, 1024, 3.43
1e1238a, 11-08-2015, 2048, 3.72
1e1238a, 11-08-2015, 4096, 3.58
1e1238a, 11-08-2015, 8192, 4.00
1e1238a, 11-08-2015, 16384, 4.78
1e1238a, 11-08-2015, 32768, 6.37
1e1238a, 11-08-2015, 65536, 9.67
1e1238a, 11-08-2015, 131072, 16.32
1e1238a, 11-08-2015, 262144, 29.46
1e1238a, 11-08-2015, 524288, 55.84
1e1238a, 11-08-2015, 1048576, 108.52
1e1238a, 11-08-2015, 2097152, 213.91
1e1238a, 11-08-2015, 4194304, 424.67
2e640e3, 12-08-2015, 1, 4.66
2e640e3, 12-08-2015, 2, 4.24
2e640e3, 12-08-2015, 4, 4.89
2e640e3, 12-08-2015, 8, 3.98
2e640e3, 12-08-2015, 16, 3.93
2e640e3, 12-08-2015, 32, 5.14
2e640e3, 12-08-2015, 64, 3.87
2e640e3, 12-08-2015, 128, 3.15
2e640e3, 12-08-2015, 256, 3.73
2e640e3, 12-08-2015, 512, 4.44
2e640e3, 12-08-2015, 1024, 4.09
2e640e3, 12-08-2015, 2048, 4.37
2e640e3, 12-08-2015, 4096, 4.54
2e640e3, 12-08-2015, 8192, 5.44
2e640e3, 12-08-2015, 16384, 5.65
2e640e3, 12-08-2015, 32768, 7.17
2e640e3, 12-08-2015, 65536, 10.86
2e640e3, 12-08-2015, 131072, 18.04
2e640e3, 12-08-2015, 262144, 30.57
2e640e3, 12-08-2015, 524288, 58.42
2e640e3, 12-08-2015, 1048576, 118.33
2e640e3, 12-08-2015, 2097152, 263.90
2e640e3, 12-08-2015, 4194304, 432.86
5f94396, 14-08-2015, 1, 4.03
5f94396, 14-08-2015, 2, 4.03
5f94396, 14-08-2015, 4, 3.99
5f94396, 14-08-2015, 8, 4.00
5f94396, 14-08-2015, 16, 3.97
5f94396, 14-08-2015, 32, 4.21
5f94396, 14-08-2015, 64, 3.95
5f94396, 14-08-2015, 128, 4.09
5f94396, 14-08-2015, 256, 4.39
5f94396, 14-08-2015, 512, 4.60
5f94396, 14-08-2015, 1024, 4.77
5f94396, 14-08-2015, 2048, 5.37
5f94396, 14-08-2015, 4096, 16.29
5f94396, 14-08-2015, 8192, 11.26
5f94396, 14-08-2015, 16384, 9.10
5f94396, 14-08-2015, 32768, 13.77
5f94396, 14-08-2015, 65536, 24.53
5f94396, 14-08-2015, 131072, 32.30
5f94396, 14-08-2015, 262144, 67.97
5f94396, 14-08-2015, 524288, 96.64
5f94396, 14-08-2015, 1048576, 171.23
5f94396, 14-08-2015, 2097152, 281.36
5f94396, 14-08-2015, 4194304, 503.28
6261a17, 15-08-2015, 1, 2.94
6261a17, 15-08-2015, 2, 3.02
6261a17, 15-08-2015, 4, 2.92
6261a17, 15-08-2015, 8, 2.93
6261a17, 15-08-2015, 16, 3.26
6261a17, 15-08-2015, 32, 2.95
6261a17, 15-08-2015, 64, 2.96
6261a17, 15-08-2015, 128, 3.05
6261a17, 15-08-2015, 256, 3.51
6261a17, 15-08-2015, 512, 3.59
6261a17, 15-08-2015, 1024, 3.68
6261a17, 15-08-2015, 2048, 3.97
6261a17, 15-08-2015, 4096, 3.79
6261a17, 15-08-2015, 8192, 4.12
6261a17, 15-08-2015, 16384, 5.10
6261a17, 15-08-2015, 32768, 6.67
6261a17, 15-08-2015, 65536, 10.50
6261a17, 15-08-2015, 131072, 16.36
6261a17, 15-08-2015, 262144, 29.81
6261a17, 15-08-2015, 524288, 56.15
6261a17, 15-08-2015, 1048576, 109.21
6261a17, 15-08-2015, 2097152, 215.17
6261a17, 15-08-2015, 4194304, 426.48
081ce4e, 18-08-2015, 1, 3.06
081ce4e, 18-08-2015, 2, 3.06
081ce4e, 18-08-2015, 4, 3.06
081ce4e, 18-08-2015, 8, 3.09
081ce4e, 18-08-2015, 16, 3.09
081ce4e, 18-08-2015, 32, 3.11
081ce4e, 18-08-2015, 64, 3.09
081ce4e, 18-08-2015, 128, 3.16
081ce4e, 18-08-2015, 256, 3.63
081ce4e, 18-08-2015, 512, 3.71
081ce4e, 18-08-2015, 1024, 3.85
081ce4e, 18-08-2015, 2048, 4.17
081ce4e, 18-08-2015, 4096, 4.39
081ce4e, 18-08-2015, 8192, 4.63
081ce4e, 18-08-2015, 16384, 5.38
081ce4e, 18-08-2015, 32768, 7.58
081ce4e, 18-08-2015, 65536, 10.74
081ce4e, 18-08-2015, 131072, 17.10
081ce4e, 18-08-2015, 262144, 30.52
081ce4e, 18-08-2015, 524288, 57.70
081ce4e, 18-08-2015, 1048576, 110.28
081ce4e, 18-08-2015, 2097152, 216.69
081ce4e, 18-08-2015, 4194304, 427.65
358d028, 19-08-2015, 1, 4.13
358d028, 19-08-2015, 2, 3.95
358d028, 19-08-2015, 4, 4.08
358d028, 19-08-2015, 8, 3.91
358d028, 19-08-2015, 16, 4.04
358d028, 19-08-2015, 32, 4.06
358d028, 19-08-2015, 64, 4.12
358d028, 19-08-2015, 128, 4.13
358d028, 19-08-2015, 256, 4.77
358d028, 19-08-2015, 512, 4.76
358d028, 19-08-2015, 1024, 4.91
358d028, 19-08-2015, 2048, 5.35
358d028, 19-08-2015, 4096, 27.88
358d028, 19-08-2015, 8192, 42.47
358d028, 19-08-2015, 16384, 20.98
358d028, 19-08-2015, 32768, 159.49
358d028, 19-08-2015, 65536, 135.73
358d028, 19-08-2015, 131072, 113.90
358d028, 19-08-2015, 262144, 187.18
358d028, 19-08-2015, 524288, 356.09
358d028, 19-08-2015, 1048576, 207.12
358d028, 19-08-2015, 2097152, 495.16
358d028, 19-08-2015, 4194304, 669.26
f565790, 22-08-2015, 1, 3.82
f565790, 22-08-2015, 2, 3.87
f565790, 22-08-2015, 4, 3.86
f565790, 22-08-2015, 8, 3.85
f565790, 22-08-2015, 16, 3.83
f565790, 22-08-2015, 32, 3.89
f565790, 22-08-2015, 64, 3.83
f565790, 22-08-2015, 128, 3.83
f565790, 22-08-2015, 256, 4.35
f565790, 22-08-2015, 512, 4.57
f565790, 22-08-2015, 1024, 4.69
f565790, 22-08-2015, 2048, 5.02
f565790, 22-08-2015, 4096, 16.44
f565790, 22-08-2015, 8192, 20.54
f565790, 22-08-2015, 16384, 71.45
f565790, 22-08-2015, 32768, 133.19
f565790, 22-08-2015, 65536, 106.38
f565790, 22-08-2015, 131072, 45.27
f565790, 22-08-2015, 262144, 70.78
f565790, 22-08-2015, 524288, 85.59
f565790, 22-08-2015, 1048576, 155.97
f565790, 22-08-2015, 2097152, 317.00
f565790, 22-08-2015, 4194304, 4525.43
3cbff1b, 26-08-2015, 1, 2.96
3cbff1b, 26-08-2015, 2, 2.96
3cbff1b, 26-08-2015, 4, 2.95
3cbff1b, 26-08-2015, 8, 2.93
3cbff1b, 26-08-2015, 16, 2.94
3cbff1b, 26-08-2015, 32, 2.94
3cbff1b, 26-08-2015, 64, 3.06
3cbff1b, 26-08-2015, 128, 2.98
3cbff1b, 26-08-2015, 256, 3.53
3cbff1b, 26-08-2015, 512, 3.59
3cbff1b, 26-08-2015, 1024, 3.72
3cbff1b, 26-08-2015, 2048, 3.99
3cbff1b, 26-08-2015, 4096, 3.81
3cbff1b, 26-08-2015, 8192, 4.17
3cbff1b, 26-08-2015, 16384, 5.31
3cbff1b, 26-08-2015, 32768, 6.67
3cbff1b, 26-08-2015, 65536, 9.98
3cbff1b, 26-08-2015, 131072, 16.77
3cbff1b, 26-08-2015, 262144, 29.88
3cbff1b, 26-08-2015, 524288, 56.29
3cbff1b, 26-08-2015, 1048576, 109.43
3cbff1b, 26-08-2015, 2097152, 215.28
3cbff1b, 26-08-2015, 4194304, 426.36
107ed41, 27-08-2015, 1, 2.99
107ed41, 27-08-2015, 2, 2.98
107ed41, 27-08-2015, 4, 2.98
107ed41, 27-08-2015, 8, 2.98
107ed41, 27-08-2015, 16, 3.00
107ed41, 27-08-2015, 32, 3.00
107ed41, 27-08-2015, 64, 3.03
107ed41, 27-08-2015, 128, 3.04
107ed41, 27-08-2015, 256, 3.59
107ed41, 27-08-2015, 512, 3.62
107ed41, 27-08-2015, 1024, 3.76
107ed41, 27-08-2015, 2048, 4.02
107ed41, 27-08-2015, 4096, 3.85
107ed41, 27-08-2015, 8192, 4.16
107ed41, 27-08-2015, 16384, 5.15
107ed41, 27-08-2015, 32768, 6.68
107ed41, 27-08-2015, 65536, 10.01
107ed41, 27-08-2015, 131072, 16.56
107ed41, 27-08-2015, 262144, 29.86
107ed41, 27-08-2015, 524288, 56.47
107ed41, 27-08-2015, 1048576, 109.14
107ed41, 27-08-2015, 2097152, 215.43
107ed41, 27-08-2015, 4194304, 426.33
4967366, 28-08-2015, 1, 3.28
4967366, 28-08-2015, 2, 3.27
4967366, 28-08-2015, 4, 3.27
4967366, 28-08-2015, 8, 3.29
4967366, 28-08-2015, 16, 3.29
4967366, 28-08-2015, 32, 3.31
4967366, 28-08-2015, 64, 3.33
4967366, 28-08-2015, 128, 3.33
4967366, 28-08-2015, 256, 3.86
4967366, 28-08-2015, 512, 3.92
4967366, 28-08-2015, 1024, 4.03
4967366, 28-08-2015, 2048, 4.35
4967366, 28-08-2015, 4096, 4.17
4967366, 28-08-2015, 8192, 6.11
4967366, 28-08-2015, 16384, 5.41
4967366, 28-08-2015, 32768, 6.96
4967366, 28-08-2015, 65536, 10.35
4967366, 28-08-2015, 131072, 16.90
4967366, 28-08-2015, 262144, 30.16
4967366, 28-08-2015, 524288, 56.43
4967366, 28-08-2015, 1048576, 109.11
4967366, 28-08-2015, 2097152, 214.54
4967366, 28-08-2015, 4194304, 487.34
58c47dc, 29-08-2015, 1, 3.02
58c47dc, 29-08-2015, 2, 2.99
58c47dc, 29-08-2015, 4, 2.97
58c47dc, 29-08-2015, 8, 2.97
58c47dc, 29-08-2015, 16, 2.97
58c47dc, 29-08-2015, 32, 3.00
58c47dc, 29-08-2015, 64, 2.99
58c47dc, 29-08-2015, 128, 3.01
58c47dc, 29-08-2015, 256, 3.56
58c47dc, 29-08-2015, 512, 3.62
58c47dc, 29-08-2015, 1024, 3.75
58c47dc, 29-08-2015, 2048, 4.00
58c47dc, 29-08-2015, 4096, 3.85
58c47dc, 29-08-2015, 8192, 4.17
58c47dc, 29-08-2015, 16384, 5.17
58c47dc, 29-08-2015, 32768, 6.69
58c47dc, 29-08-2015, 65536, 9.96
58c47dc, 29-08-2015, 131072, 16.62
58c47dc, 29-08-2015, 262144, 29.84
58c47dc, 29-08-2015, 524288, 56.45
58c47dc, 29-08-2015, 1048576, 109.03
58c47dc, 29-08-2015, 2097152, 215.30
58c47dc, 29-08-2015, 4194304, 426.18
e079875, 30-08-2015, 1, 3.16
e079875, 30-08-2015, 2, 3.23
e079875, 30-08-2015, 4, 3.41
e079875, 30-08-2015, 8, 3.20
e079875, 30-08-2015, 16, 3.20
e079875, 30-08-2015, 32, 3.33
e079875, 30-08-2015, 64, 3.17
e079875, 30-08-2015, 128, 3.20
e079875, 30-08-2015, 256, 3.73
e079875, 30-08-2015, 512, 4.74
e079875, 30-08-2015, 1024, 3.96
e079875, 30-08-2015, 2048, 4.29
e079875, 30-08-2015, 4096, 6.98
e079875, 30-08-2015, 8192, 8.34
e079875, 30-08-2015, 16384, 10.46
e079875, 30-08-2015, 32768, 11.61
e079875, 30-08-2015, 65536, 12.42
e079875, 30-08-2015, 131072, 23.52
e079875, 30-08-2015, 262144, 39.33
e079875, 30-08-2015, 524288, 69.47
e079875, 30-08-2015, 1048576, 147.21
e079875, 30-08-2015, 2097152, 273.94
e079875, 30-08-2015, 4194304, 455.03
05093d1, 31-08-2015, 1, 3.11
05093d1, 31-08-2015, 2, 3.19
05093d1, 31-08-2015, 4, 3.09
05093d1, 31-08-2015, 8, 3.06
05093d1, 31-08-2015, 16, 3.09
05093d1, 31-08-2015, 32, 3.06
05093d1, 31-08-2015, 64, 3.07
05093d1, 31-08-2015, 128, 3.17
05093d1, 31-08-2015, 256, 3.61
05093d1, 31-08-2015, 512, 3.71
05093d1, 31-08-2015, 1024, 3.81
05093d1, 31-08-2015, 2048, 4.13
05093d1, 31-08-2015, 4096, 3.93
05093d1, 31-08-2015, 8192, 4.23
05093d1, 31-08-2015, 16384, 7.55
05093d1, 31-08-2015, 32768, 6.53
05093d1, 31-08-2015, 65536, 9.88
05093d1, 31-08-2015, 131072, 17.24
05093d1, 31-08-2015, 262144, 29.60
05093d1, 31-08-2015, 524288, 60.98
05093d1, 31-08-2015, 1048576, 118.28
05093d1, 31-08-2015, 2097152, 216.21
05093d1, 31-08-2015, 4194304, 435.42
e880c93, 09-09-2015, 1, 2.92
e880c93, 09-09-2015, 2, 2.92
e880c93, 09-09-2015, 4, 2.93
e880c93, 09-09-2015, 8, 2.92
e880c93, 09-09-2015, 16, 2.94
e880c93, 09-09-2015, 32, 2.91
e880c93, 09-09-2015, 64, 2.94
e880c93, 09-09-2015, 128, 3.01
e880c93, 09-09-2015, 256, 3.51
e880c93, 09-09-2015, 512, 3.58
e880c93, 09-09-2015, 1024, 3.76
e880c93, 09-09-2015, 2048, 3.97
e880c93, 09-09-2015, 4096, 3.84
e880c93, 09-09-2015, 8192, 4.20
e880c93, 09-09-2015, 16384, 5.14
e880c93, 09-09-2015, 32768, 6.71
e880c93, 09-09-2015, 65536, 9.90
e880c93, 09-09-2015, 131072, 16.46
e880c93, 09-09-2015, 262144, 30.10
e880c93, 09-09-2015, 524288, 56.18
e880c93, 09-09-2015, 1048576, 108.83
e880c93, 09-09-2015, 2097152, 220.88
e880c93, 09-09-2015, 4194304, 436.42
7f873e2, 10-09-2015, 1, 3.13
7f873e2, 10-09-2015, 2, 3.11
7f873e2, 10-09-2015, 4, 3.11
7f873e2, 10-09-2015, 8, 3.11
7f873e2, 10-09-2015, 16, 3.08
7f873e2, 10-09-2015, 32, 3.08
7f873e2, 10-09-2015, 64, 3.09
7f873e2, 10-09-2015, 128, 3.13
7f873e2, 10-09-2015, 256, 3.69
7f873e2, 10-09-2015, 512, 3.77
7f873e2, 10-09-2015, 1024, 3.92
7f873e2, 10-09-2015, 2048, 4.28
7f873e2, 10-09-2015, 4096, 5.71
7f873e2, 10-09-2015, 8192, 5.82
7f873e2, 10-09-2015, 16384, 5.99
7f873e2, 10-09-2015, 32768, 11.57
7f873e2, 10-09-2015, 65536, 15.54
7f873e2, 10-09-2015, 131072, 21.98
7f873e2, 10-09-2015, 262144, 31.98
7f873e2, 10-09-2015, 524288, 60.38
7f873e2, 10-09-2015, 1048576, 114.75
7f873e2, 10-09-2015, 2097152, 224.48
7f873e2, 10-09-2015, 4194304, 438.21
83ae6e1, 13-09-2015, 1, 3.00
83ae6e1, 13-09-2015, 2, 3.00
83ae6e1, 13-09-2015, 4, 3.01
83ae6e1, 13-09-2015, 8, 3.00
83ae6e1, 13-09-2015, 16, 3.00
83ae6e1, 13-09-2015, 32, 3.01
83ae6e1, 13-09-2015, 64, 3.01
83ae6e1, 13-09-2015, 128, 3.03
83ae6e1, 13-09-2015, 256, 3.58
83ae6e1, 13-09-2015, 512, 3.64
83ae6e1, 13-09-2015, 1024, 3.77
83ae6e1, 13-09-2015, 2048, 4.01
83ae6e1, 13-09-2015, 4096, 3.95
83ae6e1, 13-09-2015, 8192, 4.22
83ae6e1, 13-09-2015, 16384, 5.18
83ae6e1, 13-09-2015, 32768, 6.97
83ae6e1, 13-09-2015, 65536, 10.05
83ae6e1, 13-09-2015, 131072, 16.43
83ae6e1, 13-09-2015, 262144, 29.70
83ae6e1, 13-09-2015, 524288, 56.28
83ae6e1, 13-09-2015, 1048576, 109.43
83ae6e1, 13-09-2015, 2097152, 215.36
83ae6e1, 13-09-2015, 4194304, 426.12
cb4ea59, 19-09-2015, 1, 2.92
cb4ea59, 19-09-2015, 2, 2.92
cb4ea59, 19-09-2015, 4, 2.93
cb4ea59, 19-09-2015, 8, 2.94
cb4ea59, 19-09-2015, 16, 2.93
cb4ea59, 19-09-2015, 32, 2.93
cb4ea59, 19-09-2015, 64, 2.94
cb4ea59, 19-09-2015, 128, 2.94
cb4ea59, 19-09-2015, 256, 3.47
cb4ea59, 19-09-2015, 512, 3.54
cb4ea59, 19-09-2015, 1024, 3.70
cb4ea59, 19-09-2015, 2048, 3.94
cb4ea59, 19-09-2015, 4096, 3.85
cb4ea59, 19-09-2015, 8192, 4.18
cb4ea59, 19-09-2015, 16384, 5.03
cb4ea59, 19-09-2015, 32768, 6.63
cb4ea59, 19-09-2015, 65536, 9.93
cb4ea59, 19-09-2015, 131072, 16.58
cb4ea59, 19-09-2015, 262144, 29.76
cb4ea59, 19-09-2015, 524288, 56.20
cb4ea59, 19-09-2015, 1048576, 108.74
cb4ea59, 19-09-2015, 2097152, 214.28
cb4ea59, 19-09-2015, 4194304, 427.85
4e631e5, 20-09-2015, 1, 2.92
4e631e5, 20-09-2015, 2, 2.92
4e631e5, 20-09-2015, 4, 2.92
4e631e5, 20-09-2015, 8, 2.91
4e631e5, 20-09-2015, 16, 2.92
4e631e5, 20-09-2015, 32, 2.92
4e631e5, 20-09-2015, 64, 2.93
4e631e5, 20-09-2015, 128, 2.95
4e631e5, 20-09-2015, 256, 3.49
4e631e5, 20-09-2015, 512, 3.56
4e631e5, 20-09-2015, 1024, 3.69
4e631e5, 20-09-2015, 2048, 3.93
4e631e5, 20-09-2015, 4096, 3.84
4e631e5, 20-09-2015, 8192, 4.16
4e631e5, 20-09-2015, 16384, 5.16
4e631e5, 20-09-2015, 32768, 6.69
4e631e5, 20-09-2015, 65536, 9.92
4e631e5, 20-09-2015, 131072, 16.40
4e631e5, 20-09-2015, 262144, 29.80
4e631e5, 20-09-2015, 524288, 56.43
4e631e5, 20-09-2015, 1048576, 109.07
4e631e5, 20-09-2015, 2097152, 215.32
4e631e5, 20-09-2015, 4194304, 426.06
14bd43a, 23-09-2015, 1, 4.37
14bd43a, 23-09-2015, 2, 4.58
14bd43a, 23-09-2015, 4, 4.57
14bd43a, 23-09-2015, 8, 4.60
14bd43a, 23-09-2015, 16, 4.53
14bd43a, 23-09-2015, 32, 4.38
14bd43a, 23-09-2015, 64, 4.57
14bd43a, 23-09-2015, 128, 4.48
14bd43a, 23-09-2015, 256, 5.21
14bd43a, 23-09-2015, 512, 5.45
14bd43a, 23-09-2015, 1024, 5.30
14bd43a, 23-09-2015, 2048, 6.40
14bd43a, 23-09-2015, 4096, 34.17
14bd43a, 23-09-2015, 8192, 53.39
14bd43a, 23-09-2015, 16384, 79.29
14bd43a, 23-09-2015, 32768, 88.03
14bd43a, 23-09-2015, 65536, 128.79
14bd43a, 23-09-2015, 131072, 145.85
14bd43a, 23-09-2015, 262144, 167.98
14bd43a, 23-09-2015, 524288, 175.95
14bd43a, 23-09-2015, 1048576, 265.93
14bd43a, 23-09-2015, 2097152, 372.91
14bd43a, 23-09-2015, 4194304, 660.40
f77fcee, 24-09-2015, 1, 2.88
f77fcee, 24-09-2015, 2, 2.88
f77fcee, 24-09-2015, 4, 3.19
f77fcee, 24-09-2015, 8, 2.88
f77fcee, 24-09-2015, 16, 2.87
f77fcee, 24-09-2015, 32, 2.87
f77fcee, 24-09-2015, 64, 2.89
f77fcee, 24-09-2015, 128, 2.92
f77fcee, 24-09-2015, 256, 3.47
f77fcee, 24-09-2015, 512, 3.53
f77fcee, 24-09-2015, 1024, 3.68
f77fcee, 24-09-2015, 2048, 3.93
f77fcee, 24-09-2015, 4096, 3.77
f77fcee, 24-09-2015, 8192, 4.13
f77fcee, 24-09-2015, 16384, 5.02
f77fcee, 24-09-2015, 32768, 6.67
f77fcee, 24-09-2015, 65536, 9.97
f77fcee, 24-09-2015, 131072, 16.61
f77fcee, 24-09-2015, 262144, 29.88
f77fcee, 24-09-2015, 524288, 56.12
f77fcee, 24-09-2015, 1048576, 109.28
f77fcee, 24-09-2015, 2097152, 215.42
f77fcee, 24-09-2015, 4194304, 425.67
d58441a, 29-09-2015, 1, 3.07
d58441a, 29-09-2015, 2, 3.07
d58441a, 29-09-2015, 4, 3.07
d58441a, 29-09-2015, 8, 3.06
d58441a, 29-09-2015, 16, 3.07
d58441a, 29-09-2015, 32, 3.09
d58441a, 29-09-2015, 64, 3.08
d58441a, 29-09-2015, 128, 3.10
d58441a, 29-09-2015, 256, 3.63
d58441a, 29-09-2015, 512, 3.71
d58441a, 29-09-2015, 1024, 3.83
d58441a, 29-09-2015, 2048, 4.14
d58441a, 29-09-2015, 4096, 4.30
d58441a, 29-09-2015, 8192, 4.99
d58441a, 29-09-2015, 16384, 5.57
d58441a, 29-09-2015, 32768, 6.92
d58441a, 29-09-2015, 65536, 11.10
d58441a, 29-09-2015, 131072, 17.49
d58441a, 29-09-2015, 262144, 30.75
d58441a, 29-09-2015, 524288, 57.71
d58441a, 29-09-2015, 1048576, 109.44
d58441a, 29-09-2015, 2097152, 215.08
d58441a, 29-09-2015, 4194304, 439.17
1e4521d, 30-09-2015, 1, 2.96
1e4521d, 30-09-2015, 2, 2.98
1e4521d, 30-09-2015, 4, 2.97
1e4521d, 30-09-2015, 8, 2.98
1e4521d, 30-09-2015, 16, 2.99
1e4521d, 30-09-2015, 32, 2.98
1e4521d, 30-09-2015, 64, 2.95
1e4521d, 30-09-2015, 128, 2.97
1e4521d, 30-09-2015, 256, 3.49
1e4521d, 30-09-2015, 512, 3.56
1e4521d, 30-09-2015, 1024, 3.69
1e4521d, 30-09-2015, 2048, 3.94
1e4521d, 30-09-2015, 4096, 3.78
1e4521d, 30-09-2015, 8192, 4.13
1e4521d, 30-09-2015, 16384, 4.97
1e4521d, 30-09-2015, 32768, 6.61
1e4521d, 30-09-2015, 65536, 10.01
1e4521d, 30-09-2015, 131072, 16.48
1e4521d, 30-09-2015, 262144, 29.71
1e4521d, 30-09-2015, 524288, 56.20
1e4521d, 30-09-2015, 1048576, 108.89
1e4521d, 30-09-2015, 2097152, 214.77
1e4521d, 30-09-2015, 4194304, 427.99
a3e9a3f, 02-10-2015, 1, 3.14
a3e9a3f, 02-10-2015, 2, 3.12
a3e9a3f, 02-10-2015, 4, 3.11
a3e9a3f, 02-10-2015, 8, 3.10
a3e9a3f, 02-10-2015, 16, 3.11
a3e9a3f, 02-10-2015, 32, 3.12
a3e9a3f, 02-10-2015, 64, 3.11
a3e9a3f, 02-10-2015, 128, 3.14
a3e9a3f, 02-10-2015, 256, 3.68
a3e9a3f, 02-10-2015, 512, 3.74
a3e9a3f, 02-10-2015, 1024, 3.87
a3e9a3f, 02-10-2015, 2048, 4.19
a3e9a3f, 02-10-2015, 4096, 4.13
a3e9a3f, 02-10-2015, 8192, 4.59
a3e9a3f, 02-10-2015, 16384, 5.50
a3e9a3f, 02-10-2015, 32768, 7.13
a3e9a3f, 02-10-2015, 65536, 10.28
a3e9a3f, 02-10-2015, 131072, 16.89
a3e9a3f, 02-10-2015, 262144, 30.49
a3e9a3f, 02-10-2015, 524288, 59.50
a3e9a3f, 02-10-2015, 1048576, 111.03
a3e9a3f, 02-10-2015, 2097152, 217.69
a3e9a3f, 02-10-2015, 4194304, 428.43
83cc2d8, 16-10-2015, 1, 2.92
83cc2d8, 16-10-2015, 2, 2.92
83cc2d8, 16-10-2015, 4, 2.91
83cc2d8, 16-10-2015, 8, 2.91
83cc2d8, 16-10-2015, 16, 2.91
83cc2d8, 16-10-2015, 32, 2.91
83cc2d8, 16-10-2015, 64, 2.95
83cc2d8, 16-10-2015, 128, 2.95
83cc2d8, 16-10-2015, 256, 3.52
83cc2d8, 16-10-2015, 512, 3.55
83cc2d8, 16-10-2015, 1024, 3.67
83cc2d8, 16-10-2015, 2048, 3.97
83cc2d8, 16-10-2015, 4096, 3.80
83cc2d8, 16-10-2015, 8192, 4.14
83cc2d8, 16-10-2015, 16384, 5.05
83cc2d8, 16-10-2015, 32768, 6.64
83cc2d8, 16-10-2015, 65536, 9.87
83cc2d8, 16-10-2015, 131072, 16.52
83cc2d8, 16-10-2015, 262144, 29.61
83cc2d8, 16-10-2015, 524288, 56.09
83cc2d8, 16-10-2015, 1048576, 108.76
83cc2d8, 16-10-2015, 2097152, 214.44
83cc2d8, 16-10-2015, 4194304, 428.25
dc20125, 24-10-2015, 1, 3.31
dc20125, 24-10-2015, 2, 3.30
dc20125, 24-10-2015, 4, 3.31
dc20125, 24-10-2015, 8, 3.29
dc20125, 24-10-2015, 16, 3.29
dc20125, 24-10-2015, 32, 3.30
dc20125, 24-10-2015, 64, 3.32
dc20125, 24-10-2015, 128, 3.36
dc20125, 24-10-2015, 256, 4.01
dc20125, 24-10-2015, 512, 4.08
dc20125, 24-10-2015, 1024, 4.19
dc20125, 24-10-2015, 2048, 4.52
dc20125, 24-10-2015, 4096, 4.37
dc20125, 24-10-2015, 8192, 4.72
dc20125, 24-10-2015, 16384, 5.60
dc20125, 24-10-2015, 32768, 6.87
dc20125, 24-10-2015, 65536, 11.09
dc20125, 24-10-2015, 131072, 17.64
dc20125, 24-10-2015, 262144, 32.34
dc20125, 24-10-2015, 524288, 60.29
dc20125, 24-10-2015, 1048576, 117.24
dc20125, 24-10-2015, 2097152, 231.62
dc20125, 24-10-2015, 4194304, 456.41
18b1738, 29-10-2015, 1, 2.93
18b1738, 29-10-2015, 2, 2.95
18b1738, 29-10-2015, 4, 2.95
18b1738, 29-10-2015, 8, 2.96
18b1738, 29-10-2015, 16, 2.96
18b1738, 29-10-2015, 32, 2.96
18b1738, 29-10-2015, 64, 2.95
18b1738, 29-10-2015, 128, 2.95
18b1738, 29-10-2015, 256, 3.47
18b1738, 29-10-2015, 512, 3.51
18b1738, 29-10-2015, 1024, 3.61
18b1738, 29-10-2015, 2048, 3.94
18b1738, 29-10-2015, 4096, 3.75
18b1738, 29-10-2015, 8192, 4.18
18b1738, 29-10-2015, 16384, 4.81
18b1738, 29-10-2015, 32768, 7.03
18b1738, 29-10-2015, 65536, 10.61
18b1738, 29-10-2015, 131072, 16.24
18b1738, 29-10-2015, 262144, 30.30
18b1738, 29-10-2015, 524288, 57.27
18b1738, 29-10-2015, 1048576, 112.29
18b1738, 29-10-2015, 2097152, 220.68
18b1738, 29-10-2015, 4194304, 439.77
3fdffa2, 30-10-2015, 1, 2.79
3fdffa2, 30-10-2015, 2, 2.79
3fdffa2, 30-10-2015, 4, 2.80
3fdffa2, 30-10-2015, 8, 2.79
3fdffa2, 30-10-2015, 16, 2.81
3fdffa2, 30-10-2015, 32, 2.82
3fdffa2, 30-10-2015, 64, 2.82
3fdffa2, 30-10-2015, 128, 2.85
3fdffa2, 30-10-2015, 256, 3.33
3fdffa2, 30-10-2015, 512, 3.34
3fdffa2, 30-10-2015, 1024, 3.43
3fdffa2, 30-10-2015, 2048, 3.74
3fdffa2, 30-10-2015, 4096, 3.56
3fdffa2, 30-10-2015, 8192, 4.01
3fdffa2, 30-10-2015, 16384, 4.84
3fdffa2, 30-10-2015, 32768, 6.56
3fdffa2, 30-10-2015, 65536, 9.77
3fdffa2, 30-10-2015, 131072, 16.28
3fdffa2, 30-10-2015, 262144, 29.60
3fdffa2, 30-10-2015, 524288, 55.89
3fdffa2, 30-10-2015, 1048576, 108.97
3fdffa2, 30-10-2015, 2097152, 213.90
3fdffa2, 30-10-2015, 4194304, 428.70
a76056d, 02-11-2015, 1, 2.82
a76056d, 02-11-2015, 2, 2.82
a76056d, 02-11-2015, 4, 2.81
a76056d, 02-11-2015, 8, 2.80
a76056d, 02-11-2015, 16, 2.79
a76056d, 02-11-2015, 32, 2.78
a76056d, 02-11-2015, 64, 2.79
a76056d, 02-11-2015, 128, 2.82
a76056d, 02-11-2015, 256, 3.28
a76056d, 02-11-2015, 512, 3.30
a76056d, 02-11-2015, 1024, 3.40
a76056d, 02-11-2015, 2048, 3.67
a76056d, 02-11-2015, 4096, 3.54
a76056d, 02-11-2015, 8192, 3.98
a76056d, 02-11-2015, 16384, 4.94
a76056d, 02-11-2015, 32768, 6.43
a76056d, 02-11-2015, 65536, 9.66
a76056d, 02-11-2015, 131072, 16.41
a76056d, 02-11-2015, 262144, 29.43
a76056d, 02-11-2015, 524288, 56.23
a76056d, 02-11-2015, 1048576, 108.45
a76056d, 02-11-2015, 2097152, 214.11
a76056d, 02-11-2015, 4194304, 428.94
45354cf, 04-11-2015, 1, 2.91
45354cf, 04-11-2015, 2, 2.92
45354cf, 04-11-2015, 4, 2.93
45354cf, 04-11-2015, 8, 2.93
45354cf, 04-11-2015, 16, 2.93
45354cf, 04-11-2015, 32, 2.93
45354cf, 04-11-2015, 64, 2.95
45354cf, 04-11-2015, 128, 2.95
45354cf, 04-11-2015, 256, 3.44
45354cf, 04-11-2015, 512, 3.49
45354cf, 04-11-2015, 1024, 3.59
45354cf, 04-11-2015, 2048, 3.89
45354cf, 04-11-2015, 4096, 3.76
45354cf, 04-11-2015, 8192, 4.17
45354cf, 04-11-2015, 16384, 4.84
45354cf, 04-11-2015, 32768, 6.93
45354cf, 04-11-2015, 65536, 10.57
45354cf, 04-11-2015, 131072, 16.22
45354cf, 04-11-2015, 262144, 30.12
45354cf, 04-11-2015, 524288, 57.44
45354cf, 04-11-2015, 1048576, 112.53
45354cf, 04-11-2015, 2097152, 220.66
45354cf, 04-11-2015, 4194304, 441.83
26a67a7, 28-02-2016, 1, 2.44
26a67a7, 28-02-2016, 2, 2.44
26a67a7, 28-02-2016, 4, 2.42
26a67a7, 28-02-2016, 8, 2.43
26a67a7, 28-02-2016, 16, 2.42
26a67a7, 28-02-2016, 32, 2.43
26a67a7, 28-02-2016, 64, 2.43
26a67a7, 28-02-2016, 128, 2.45
26a67a7, 28-02-2016, 256, 2.81
26a67a7, 28-02-2016, 512, 2.86
26a67a7, 28-02-2016, 1024, 2.87
26a67a7, 28-02-2016, 2048, 3.13
26a67a7, 28-02-2016, 4096, 3.12
26a67a7, 28-02-2016, 8192, 3.64
26a67a7, 28-02-2016, 16384, 4.57
26a67a7, 28-02-2016, 32768, 6.21
26a67a7, 28-02-2016, 65536, 9.81
26a67a7, 28-02-2016, 131072, 15.95
26a67a7, 28-02-2016, 262144, 29.38
26a67a7, 28-02-2016, 524288, 55.68
26a67a7, 28-02-2016, 1048576, 108.62
26a67a7, 28-02-2016, 2097152, 214.50
26a67a7, 28-02-2016, 4194304, 425.26
9f670f4, 28-02-2016, 1, 3.45
9f670f4, 28-02-2016, 2, 3.92
9f670f4, 28-02-2016, 4, 3.13
9f670f4, 28-02-2016, 8, 3.60
9f670f4, 28-02-2016, 16, 3.37
9f670f4, 28-02-2016, 32, 4.03
9f670f4, 28-02-2016, 64, 4.54
9f670f4, 28-02-2016, 128, 3.71
9f670f4, 28-02-2016, 256, 3.81
9f670f4, 28-02-2016, 512, 4.14
9f670f4, 28-02-2016, 1024, 4.31
9f670f4, 28-02-2016, 2048, 4.45
9f670f4, 28-02-2016, 4096, 24.45
9f670f4, 28-02-2016, 8192, 36.68
9f670f4, 28-02-2016, 16384, 28.69
9f670f4, 28-02-2016, 32768, 29.63
9f670f4, 28-02-2016, 65536, 80.74
9f670f4, 28-02-2016, 131072, 139.16
9f670f4, 28-02-2016, 262144, 67.20
9f670f4, 28-02-2016, 524288, 193.37
9f670f4, 28-02-2016, 1048576, 140.54
9f670f4, 28-02-2016, 2097152, 322.76
9f670f4, 28-02-2016, 4194304, 526.34
35d6e5d, 29-02-2016, 1, 2.51
35d6e5d, 29-02-2016, 2, 2.47
35d6e5d, 29-02-2016, 4, 2.47
35d6e5d, 29-02-2016, 8, 2.48
35d6e5d, 29-02-2016, 16, 2.47
35d6e5d, 29-02-2016, 32, 2.49
35d6e5d, 29-02-2016, 64, 2.50
35d6e5d, 29-02-2016, 128, 2.52
35d6e5d, 29-02-2016, 256, 2.82
35d6e5d, 29-02-2016, 512, 2.84
35d6e5d, 29-02-2016, 1024, 2.88
35d6e5d, 29-02-2016, 2048, 3.15
35d6e5d, 29-02-2016, 4096, 3.14
35d6e5d, 29-02-2016, 8192, 3.61
35d6e5d, 29-02-2016, 16384, 4.63
35d6e5d, 29-02-2016, 32768, 6.22
35d6e5d, 29-02-2016, 65536, 9.59
35d6e5d, 29-02-2016, 131072, 16.09
35d6e5d, 29-02-2016, 262144, 29.55
35d6e5d, 29-02-2016, 524288, 56.35
35d6e5d, 29-02-2016, 1048576, 108.06
35d6e5d, 29-02-2016, 2097152, 213.35
35d6e5d, 29-02-2016, 4194304, 424.27
b3d3254, 01-03-2016, 1, 2.47
b3d3254, 01-03-2016, 2, 2.46
b3d3254, 01-03-2016, 4, 2.43
b3d3254, 01-03-2016, 8, 2.44
b3d3254, 01-03-2016, 16, 2.44
b3d3254, 01-03-2016, 32, 2.45
b3d3254, 01-03-2016, 64, 2.46
b3d3254, 01-03-2016, 128, 2.47
b3d3254, 01-03-2016, 256, 2.79
b3d3254, 01-03-2016, 512, 2.80
b3d3254, 01-03-2016, 1024, 2.84
b3d3254, 01-03-2016, 2048, 3.13
b3d3254, 01-03-2016, 4096, 3.13
b3d3254, 01-03-2016, 8192, 3.61
b3d3254, 01-03-2016, 16384, 4.68
b3d3254, 01-03-2016, 32768, 6.21
b3d3254, 01-03-2016, 65536, 9.65
b3d3254, 01-03-2016, 131072, 16.08
b3d3254, 01-03-2016, 262144, 29.41
b3d3254, 01-03-2016, 524288, 55.65
b3d3254, 01-03-2016, 1048576, 108.97
b3d3254, 01-03-2016, 2097152, 214.17
b3d3254, 01-03-2016, 4194304, 423.97
efeeafd, 02-03-2016, 1, 2.58
efeeafd, 02-03-2016, 2, 2.54
efeeafd, 02-03-2016, 4, 2.54
efeeafd, 02-03-2016, 8, 2.54
efeeafd, 02-03-2016, 16, 2.81
efeeafd, 02-03-2016, 32, 2.56
efeeafd, 02-03-2016, 64, 2.57
efeeafd, 02-03-2016, 128, 2.60
efeeafd, 02-03-2016, 256, 2.94
efeeafd, 02-03-2016, 512, 2.95
efeeafd, 02-03-2016, 1024, 3.02
efeeafd, 02-03-2016, 2048, 3.31
efeeafd, 02-03-2016, 4096, 3.48
efeeafd, 02-03-2016, 8192, 3.94
efeeafd, 02-03-2016, 16384, 5.04
efeeafd, 02-03-2016, 32768, 6.71
efeeafd, 02-03-2016, 65536, 9.85
efeeafd, 02-03-2016, 131072, 16.54
efeeafd, 02-03-2016, 262144, 29.72
efeeafd, 02-03-2016, 524288, 56.12
efeeafd, 02-03-2016, 1048576, 108.63
efeeafd, 02-03-2016, 2097152, 213.75
efeeafd, 02-03-2016, 4194304, 426.00
1c0b6c5, 04-03-2016, 1, 2.44
1c0b6c5, 04-03-2016, 2, 2.42
1c0b6c5, 04-03-2016, 4, 2.40
1c0b6c5, 04-03-2016, 8, 2.41
1c0b6c5, 04-03-2016, 16, 2.40
1c0b6c5, 04-03-2016, 32, 2.43
1c0b6c5, 04-03-2016, 64, 2.42
1c0b6c5, 04-03-2016, 128, 2.45
1c0b6c5, 04-03-2016, 256, 2.79
1c0b6c5, 04-03-2016, 512, 2.78
1c0b6c5, 04-03-2016, 1024, 2.83
1c0b6c5, 04-03-2016, 2048, 3.12
1c0b6c5, 04-03-2016, 4096, 3.12
1c0b6c5, 04-03-2016, 8192, 3.56
1c0b6c5, 04-03-2016, 16384, 4.62
1c0b6c5, 04-03-2016, 32768, 6.23
1c0b6c5, 04-03-2016, 65536, 9.47
1c0b6c5, 04-03-2016, 131072, 16.32
1c0b6c5, 04-03-2016, 262144, 29.56
1c0b6c5, 04-03-2016, 524288, 56.20
1c0b6c5, 04-03-2016, 1048576, 108.03
1c0b6c5, 04-03-2016, 2097152, 213.36
1c0b6c5, 04-03-2016, 4194304, 423.93
f80054d, 05-03-2016, 1, 2.44
f80054d, 05-03-2016, 2, 2.42
f80054d, 05-03-2016, 4, 2.41
f80054d, 05-03-2016, 8, 2.42
f80054d, 05-03-2016, 16, 2.41
f80054d, 05-03-2016, 32, 2.42
f80054d, 05-03-2016, 64, 2.45
f80054d, 05-03-2016, 128, 2.44
f80054d, 05-03-2016, 256, 2.80
f80054d, 05-03-2016, 512, 2.81
f80054d, 05-03-2016, 1024, 2.84
f80054d, 05-03-2016, 2048, 3.13
f80054d, 05-03-2016, 4096, 3.10
f80054d, 05-03-2016, 8192, 3.57
f80054d, 05-03-2016, 16384, 4.60
f80054d, 05-03-2016, 32768, 6.13
f80054d, 05-03-2016, 65536, 9.49
f80054d, 05-03-2016, 131072, 15.95
f80054d, 05-03-2016, 262144, 29.33
f80054d, 05-03-2016, 524288, 55.67
f80054d, 05-03-2016, 1048576, 108.11
f80054d, 05-03-2016, 2097152, 213.47
f80054d, 05-03-2016, 4194304, 424.10
7c9c5a8, 06-03-2016, 1, 2.71
7c9c5a8, 06-03-2016, 2, 2.67
7c9c5a8, 06-03-2016, 4, 2.68
7c9c5a8, 06-03-2016, 8, 2.67
7c9c5a8, 06-03-2016, 16, 2.68
7c9c5a8, 06-03-2016, 32, 2.67
7c9c5a8, 06-03-2016, 64, 2.68
7c9c5a8, 06-03-2016, 128, 2.70
7c9c5a8, 06-03-2016, 256, 3.10
7c9c5a8, 06-03-2016, 512, 3.12
7c9c5a8, 06-03-2016, 1024, 3.17
7c9c5a8, 06-03-2016, 2048, 3.50
7c9c5a8, 06-03-2016, 4096, 3.74
7c9c5a8, 06-03-2016, 8192, 4.18
7c9c5a8, 06-03-2016, 16384, 5.06
7c9c5a8, 06-03-2016, 32768, 6.63
7c9c5a8, 06-03-2016, 65536, 10.11
7c9c5a8, 06-03-2016, 131072, 16.92
7c9c5a8, 06-03-2016, 262144, 30.73
7c9c5a8, 06-03-2016, 524288, 59.72
7c9c5a8, 06-03-2016, 1048576, 110.03
7c9c5a8, 06-03-2016, 2097152, 217.79
7c9c5a8, 06-03-2016, 4194304, 432.34
9d77b21, 07-03-2016, 1, 2.45
9d77b21, 07-03-2016, 2, 2.41
9d77b21, 07-03-2016, 4, 2.42
9d77b21, 07-03-2016, 8, 2.63
9d77b21, 07-03-2016, 16, 2.51
9d77b21, 07-03-2016, 32, 2.40
9d77b21, 07-03-2016, 64, 2.41
9d77b21, 07-03-2016, 128, 2.45
9d77b21, 07-03-2016, 256, 2.82
9d77b21, 07-03-2016, 512, 2.79
9d77b21, 07-03-2016, 1024, 2.83
9d77b21, 07-03-2016, 2048, 3.12
9d77b21, 07-03-2016, 4096, 3.21
9d77b21, 07-03-2016, 8192, 3.59
9d77b21, 07-03-2016, 16384, 4.66
9d77b21, 07-03-2016, 32768, 6.20
9d77b21, 07-03-2016, 65536, 9.47
9d77b21, 07-03-2016, 131072, 16.10
9d77b21, 07-03-2016, 262144, 29.37
9d77b21, 07-03-2016, 524288, 55.66
9d77b21, 07-03-2016, 1048576, 108.13
9d77b21, 07-03-2016, 2097152, 213.55
9d77b21, 07-03-2016, 4194304, 424.60
22d7896, 08-03-2016, 1, 2.44
22d7896, 08-03-2016, 2, 2.41
22d7896, 08-03-2016, 4, 2.40
22d7896, 08-03-2016, 8, 2.41
22d7896, 08-03-2016, 16, 2.42
22d7896, 08-03-2016, 32, 2.42
22d7896, 08-03-2016, 64, 2.42
22d7896, 08-03-2016, 128, 2.44
22d7896, 08-03-2016, 256, 2.80
22d7896, 08-03-2016, 512, 2.79
22d7896, 08-03-2016, 1024, 2.84
22d7896, 08-03-2016, 2048, 3.13
22d7896, 08-03-2016, 4096, 3.12
22d7896, 08-03-2016, 8192, 3.61
22d7896, 08-03-2016, 16384, 4.51
22d7896, 08-03-2016, 32768, 6.22
22d7896, 08-03-2016, 65536, 9.47
22d7896, 08-03-2016, 131072, 16.08
22d7896, 08-03-2016, 262144, 29.25
22d7896, 08-03-2016, 524288, 55.70
22d7896, 08-03-2016, 1048576, 108.25
22d7896, 08-03-2016, 2097152, 213.76
22d7896, 08-03-2016, 4194304, 425.24
601ac5a, 11-03-2016, 1, 2.88
601ac5a, 11-03-2016, 2, 2.97
601ac5a, 11-03-2016, 4, 2.95
601ac5a, 11-03-2016, 8, 2.91
601ac5a, 11-03-2016, 16, 2.67
601ac5a, 11-03-2016, 32, 2.65
601ac5a, 11-03-2016, 64, 2.68
601ac5a, 11-03-2016, 128, 2.67
601ac5a, 11-03-2016, 256, 3.07
601ac5a, 11-03-2016, 512, 3.08
601ac5a, 11-03-2016, 1024, 3.15
601ac5a, 11-03-2016, 2048, 3.45
601ac5a, 11-03-2016, 4096, 4.12
601ac5a, 11-03-2016, 8192, 5.22
601ac5a, 11-03-2016, 16384, 9.84
601ac5a, 11-03-2016, 32768, 10.89
601ac5a, 11-03-2016, 65536, 11.36
601ac5a, 11-03-2016, 131072, 18.82
601ac5a, 11-03-2016, 262144, 49.00
601ac5a, 11-03-2016, 524288, 66.71
601ac5a, 11-03-2016, 1048576, 125.94
601ac5a, 11-03-2016, 2097152, 227.16
601ac5a, 11-03-2016, 4194304, 482.19
601ac5a, 12-03-2016, 1, 2.52
601ac5a, 12-03-2016, 2, 2.48
601ac5a, 12-03-2016, 4, 2.48
601ac5a, 12-03-2016, 8, 2.50
601ac5a, 12-03-2016, 16, 2.48
601ac5a, 12-03-2016, 32, 2.49
601ac5a, 12-03-2016, 64, 2.49
601ac5a, 12-03-2016, 128, 2.52
601ac5a, 12-03-2016, 256, 2.93
601ac5a, 12-03-2016, 512, 2.93
601ac5a, 12-03-2016, 1024, 3.00
601ac5a, 12-03-2016, 2048, 3.29
601ac5a, 12-03-2016, 4096, 4.63
601ac5a, 12-03-2016, 8192, 5.79
601ac5a, 12-03-2016, 16384, 4.95
601ac5a, 12-03-2016, 32768, 6.52
601ac5a, 12-03-2016, 65536, 19.32
601ac5a, 12-03-2016, 131072, 17.52
601ac5a, 12-03-2016, 262144, 38.30
601ac5a, 12-03-2016, 524288, 57.44
601ac5a, 12-03-2016, 1048576, 109.42
601ac5a, 12-03-2016, 2097152, 217.78
601ac5a, 12-03-2016, 4194304, 427.83
601ac5a, 14-03-2016, 1, 2.43
601ac5a, 14-03-2016, 2, 2.40
601ac5a, 14-03-2016, 4, 2.40
601ac5a, 14-03-2016, 8, 2.41
601ac5a, 14-03-2016, 16, 2.41
601ac5a, 14-03-2016, 32, 2.41
601ac5a, 14-03-2016, 64, 2.42
601ac5a, 14-03-2016, 128, 2.44
601ac5a, 14-03-2016, 256, 2.78
601ac5a, 14-03-2016, 512, 2.79
601ac5a, 14-03-2016, 1024, 2.83
601ac5a, 14-03-2016, 2048, 3.11
601ac5a, 14-03-2016, 4096, 3.13
601ac5a, 14-03-2016, 8192, 3.57
601ac5a, 14-03-2016, 16384, 4.53
601ac5a, 14-03-2016, 32768, 6.26
601ac5a, 14-03-2016, 65536, 9.46
601ac5a, 14-03-2016, 131072, 16.18
601ac5a, 14-03-2016, 262144, 29.21
601ac5a, 14-03-2016, 524288, 55.71
601ac5a, 14-03-2016, 1048576, 108.15
601ac5a, 14-03-2016, 2097152, 213.63
601ac5a, 14-03-2016, 4194304, 424.73
4835edf, 15-03-2016, 1, 2.49
4835edf, 15-03-2016, 2, 2.45
4835edf, 15-03-2016, 4, 2.45
4835edf, 15-03-2016, 8, 2.46
4835edf, 15-03-2016, 16, 2.45
4835edf, 15-03-2016, 32, 2.46
4835edf, 15-03-2016, 64, 2.46
4835edf, 15-03-2016, 128, 2.47
4835edf, 15-03-2016, 256, 2.79
4835edf, 15-03-2016, 512, 2.79
4835edf, 15-03-2016, 1024, 2.84
4835edf, 15-03-2016, 2048, 3.13
4835edf, 15-03-2016, 4096, 3.11
4835edf, 15-03-2016, 8192, 3.58
4835edf, 15-03-2016, 16384, 4.51
4835edf, 15-03-2016, 32768, 6.24
4835edf, 15-03-2016, 65536, 9.50
4835edf, 15-03-2016, 131072, 16.20
4835edf, 15-03-2016, 262144, 29.84
4835edf, 15-03-2016, 524288, 55.90
4835edf, 15-03-2016, 1048576, 108.13
4835edf, 15-03-2016, 2097152, 213.50
4835edf, 15-03-2016, 4194304, 424.21
4835edf, 16-03-2016, 1, 2.47
4835edf, 16-03-2016, 2, 2.46
4835edf, 16-03-2016, 4, 2.45
4835edf, 16-03-2016, 8, 2.47
4835edf, 16-03-2016, 16, 2.45
4835edf, 16-03-2016, 32, 2.46
4835edf, 16-03-2016, 64, 2.47
4835edf, 16-03-2016, 128, 2.49
4835edf, 16-03-2016, 256, 2.81
4835edf, 16-03-2016, 512, 2.81
4835edf, 16-03-2016, 1024, 2.85
4835edf, 16-03-2016, 2048, 3.13
4835edf, 16-03-2016, 4096, 3.11
4835edf, 16-03-2016, 8192, 3.58
4835edf, 16-03-2016, 16384, 4.60
4835edf, 16-03-2016, 32768, 6.22
4835edf, 16-03-2016, 65536, 9.48
4835edf, 16-03-2016, 131072, 15.98
4835edf, 16-03-2016, 262144, 29.10
4835edf, 16-03-2016, 524288, 55.95
4835edf, 16-03-2016, 1048576, 108.13
4835edf, 16-03-2016, 2097152, 213.61
4835edf, 16-03-2016, 4194304, 424.28
4835edf, 17-03-2016, 1, 2.44
4835edf, 17-03-2016, 2, 2.45
4835edf, 17-03-2016, 4, 2.44
4835edf, 17-03-2016, 8, 2.44
4835edf, 17-03-2016, 16, 2.44
4835edf, 17-03-2016, 32, 2.44
4835edf, 17-03-2016, 64, 2.45
4835edf, 17-03-2016, 128, 2.45
4835edf, 17-03-2016, 256, 2.79
4835edf, 17-03-2016, 512, 2.79
4835edf, 17-03-2016, 1024, 2.85
4835edf, 17-03-2016, 2048, 3.16
4835edf, 17-03-2016, 4096, 3.11
4835edf, 17-03-2016, 8192, 3.56
4835edf, 17-03-2016, 16384, 4.53
4835edf, 17-03-2016, 32768, 6.16
4835edf, 17-03-2016, 65536, 9.44
4835edf, 17-03-2016, 131072, 15.93
4835edf, 17-03-2016, 262144, 29.06
4835edf, 17-03-2016, 524288, 55.68
4835edf, 17-03-2016, 1048576, 108.38
4835edf, 17-03-2016, 2097152, 214.71
4835edf, 17-03-2016, 4194304, 425.53
29f9338, 18-03-2016, 1, 2.45
29f9338, 18-03-2016, 2, 2.42
29f9338, 18-03-2016, 4, 2.41
29f9338, 18-03-2016, 8, 2.42
29f9338, 18-03-2016, 16, 2.42
29f9338, 18-03-2016, 32, 2.42
29f9338, 18-03-2016, 64, 2.43
29f9338, 18-03-2016, 128, 2.45
29f9338, 18-03-2016, 256, 2.79
29f9338, 18-03-2016, 512, 2.78
29f9338, 18-03-2016, 1024, 2.84
29f9338, 18-03-2016, 2048, 3.13
29f9338, 18-03-2016, 4096, 3.10
29f9338, 18-03-2016, 8192, 3.56
29f9338, 18-03-2016, 16384, 4.55
29f9338, 18-03-2016, 32768, 6.24
29f9338, 18-03-2016, 65536, 9.46
29f9338, 18-03-2016, 131072, 16.27
29f9338, 18-03-2016, 262144, 29.42
29f9338, 18-03-2016, 524288, 56.23
29f9338, 18-03-2016, 1048576, 108.05
29f9338, 18-03-2016, 2097152, 213.36
29f9338, 18-03-2016, 4194304, 423.91
