acd14d1, 12-07-2015, 1, 21.91
acd14d1, 12-07-2015, 2, 24.59
acd14d1, 12-07-2015, 4, 28.88
acd14d1, 12-07-2015, 8, 23.00
acd14d1, 12-07-2015, 16, 21.22
acd14d1, 12-07-2015, 32, 20.88
acd14d1, 12-07-2015, 64, 27.10
acd14d1, 12-07-2015, 128, 33.24
acd14d1, 12-07-2015, 256, 32.27
acd14d1, 12-07-2015, 512, 28.94
acd14d1, 12-07-2015, 1024, 88.82
acd14d1, 12-07-2015, 2048, 46.62
acd14d1, 12-07-2015, 4096, 58.33
acd14d1, 12-07-2015, 8192, 65.99
acd14d1, 12-07-2015, 16384, 125.47
acd14d1, 12-07-2015, 32768, 400.14
acd14d1, 12-07-2015, 65536, 184.92
acd14d1, 12-07-2015, 131072, 109.48
acd14d1, 12-07-2015, 262144, 136.94
acd14d1, 12-07-2015, 524288, 354.20
acd14d1, 12-07-2015, 1048576, 1402.89
acd14d1, 12-07-2015, 2097152, 2105.76
acd14d1, 12-07-2015, 4194304, 3212.07
0e081a9, 14-07-2015, 1, 10.91
0e081a9, 14-07-2015, 2, 10.79
0e081a9, 14-07-2015, 4, 10.58
0e081a9, 14-07-2015, 8, 10.68
0e081a9, 14-07-2015, 16, 10.52
0e081a9, 14-07-2015, 32, 10.59
0e081a9, 14-07-2015, 64, 10.79
0e081a9, 14-07-2015, 128, 10.56
0e081a9, 14-07-2015, 256, 10.81
0e081a9, 14-07-2015, 512, 10.71
0e081a9, 14-07-2015, 1024, 10.89
0e081a9, 14-07-2015, 2048, 11.50
0e081a9, 14-07-2015, 4096, 12.51
0e081a9, 14-07-2015, 8192, 17.67
0e081a9, 14-07-2015, 16384, 19.86
0e081a9, 14-07-2015, 32768, 25.08
0e081a9, 14-07-2015, 65536, 34.10
0e081a9, 14-07-2015, 131072, 61.60
0e081a9, 14-07-2015, 262144, 90.06
0e081a9, 14-07-2015, 524288, 180.67
0e081a9, 14-07-2015, 1048576, 528.25
0e081a9, 14-07-2015, 2097152, 1280.96
0e081a9, 14-07-2015, 4194304, 2716.30
99df208, 15-07-2015, 1, 10.56
99df208, 15-07-2015, 2, 10.38
99df208, 15-07-2015, 4, 10.58
99df208, 15-07-2015, 8, 10.19
99df208, 15-07-2015, 16, 10.80
99df208, 15-07-2015, 32, 10.96
99df208, 15-07-2015, 64, 10.86
99df208, 15-07-2015, 128, 11.51
99df208, 15-07-2015, 256, 10.61
99df208, 15-07-2015, 512, 13.50
99df208, 15-07-2015, 1024, 15.24
99df208, 15-07-2015, 2048, 11.54
99df208, 15-07-2015, 4096, 13.81
99df208, 15-07-2015, 8192, 17.58
99df208, 15-07-2015, 16384, 19.80
99df208, 15-07-2015, 32768, 24.59
99df208, 15-07-2015, 65536, 33.26
99df208, 15-07-2015, 131072, 62.10
99df208, 15-07-2015, 262144, 89.77
99df208, 15-07-2015, 524288, 163.14
99df208, 15-07-2015, 1048576, 533.97
99df208, 15-07-2015, 2097152, 1275.02
99df208, 15-07-2015, 4194304, 2718.41
a0c3c29, 17-07-2015, 1, 13.08
a0c3c29, 17-07-2015, 2, 14.30
a0c3c29, 17-07-2015, 4, 12.29
a0c3c29, 17-07-2015, 8, 12.01
a0c3c29, 17-07-2015, 16, 12.03
a0c3c29, 17-07-2015, 32, 13.63
a0c3c29, 17-07-2015, 64, 12.87
a0c3c29, 17-07-2015, 128, 13.15
a0c3c29, 17-07-2015, 256, 13.33
a0c3c29, 17-07-2015, 512, 12.38
a0c3c29, 17-07-2015, 1024, 13.10
a0c3c29, 17-07-2015, 2048, 14.22
a0c3c29, 17-07-2015, 4096, 17.48
a0c3c29, 17-07-2015, 8192, 30.62
a0c3c29, 17-07-2015, 16384, 27.74
a0c3c29, 17-07-2015, 32768, 32.53
a0c3c29, 17-07-2015, 65536, 46.85
a0c3c29, 17-07-2015, 131072, 75.67
a0c3c29, 17-07-2015, 262144, 111.06
a0c3c29, 17-07-2015, 524288, 191.26
a0c3c29, 17-07-2015, 1048576, 606.05
a0c3c29, 17-07-2015, 2097152, 1421.02
a0c3c29, 17-07-2015, 4194304, 3044.29
9dedc51, 19-07-2015, 1, 11.15
9dedc51, 19-07-2015, 2, 11.12
9dedc51, 19-07-2015, 4, 11.17
9dedc51, 19-07-2015, 8, 11.16
9dedc51, 19-07-2015, 16, 11.14
9dedc51, 19-07-2015, 32, 11.17
9dedc51, 19-07-2015, 64, 11.23
9dedc51, 19-07-2015, 128, 11.20
9dedc51, 19-07-2015, 256, 11.23
9dedc51, 19-07-2015, 512, 11.31
9dedc51, 19-07-2015, 1024, 11.79
9dedc51, 19-07-2015, 2048, 12.19
9dedc51, 19-07-2015, 4096, 13.35
9dedc51, 19-07-2015, 8192, 18.40
9dedc51, 19-07-2015, 16384, 21.36
9dedc51, 19-07-2015, 32768, 25.95
9dedc51, 19-07-2015, 65536, 36.85
9dedc51, 19-07-2015, 131072, 66.65
9dedc51, 19-07-2015, 262144, 98.26
9dedc51, 19-07-2015, 524288, 179.47
9dedc51, 19-07-2015, 1048576, 563.96
9dedc51, 19-07-2015, 2097152, 1380.50
9dedc51, 19-07-2015, 4194304, 3041.41
a88dfe1, 20-07-2015, 1, 10.95
a88dfe1, 20-07-2015, 2, 10.96
a88dfe1, 20-07-2015, 4, 10.99
a88dfe1, 20-07-2015, 8, 10.94
a88dfe1, 20-07-2015, 16, 10.93
a88dfe1, 20-07-2015, 32, 10.95
a88dfe1, 20-07-2015, 64, 10.97
a88dfe1, 20-07-2015, 128, 11.03
a88dfe1, 20-07-2015, 256, 11.11
a88dfe1, 20-07-2015, 512, 11.13
a88dfe1, 20-07-2015, 1024, 11.55
a88dfe1, 20-07-2015, 2048, 12.18
a88dfe1, 20-07-2015, 4096, 13.23
a88dfe1, 20-07-2015, 8192, 18.37
a88dfe1, 20-07-2015, 16384, 19.76
a88dfe1, 20-07-2015, 32768, 24.93
a88dfe1, 20-07-2015, 65536, 35.31
a88dfe1, 20-07-2015, 131072, 67.20
a88dfe1, 20-07-2015, 262144, 98.66
a88dfe1, 20-07-2015, 524288, 177.94
a88dfe1, 20-07-2015, 1048576, 572.38
a88dfe1, 20-07-2015, 2097152, 1374.59
a88dfe1, 20-07-2015, 4194304, 3003.14
c6fb82b, 23-07-2015, 1, 11.82
c6fb82b, 23-07-2015, 2, 11.84
c6fb82b, 23-07-2015, 4, 11.81
c6fb82b, 23-07-2015, 8, 12.32
c6fb82b, 23-07-2015, 16, 11.81
c6fb82b, 23-07-2015, 32, 11.70
c6fb82b, 23-07-2015, 64, 11.81
c6fb82b, 23-07-2015, 128, 11.83
c6fb82b, 23-07-2015, 256, 12.04
c6fb82b, 23-07-2015, 512, 12.08
c6fb82b, 23-07-2015, 1024, 12.54
c6fb82b, 23-07-2015, 2048, 14.15
c6fb82b, 23-07-2015, 4096, 16.45
c6fb82b, 23-07-2015, 8192, 20.99
c6fb82b, 23-07-2015, 16384, 22.94
c6fb82b, 23-07-2015, 32768, 28.53
c6fb82b, 23-07-2015, 65536, 39.17
c6fb82b, 23-07-2015, 131072, 60.51
c6fb82b, 23-07-2015, 262144, 100.39
c6fb82b, 23-07-2015, 524288, 189.13
c6fb82b, 23-07-2015, 1048576, 588.62
c6fb82b, 23-07-2015, 2097152, 1387.90
c6fb82b, 23-07-2015, 4194304, 2999.62
beaa50c, 24-07-2015, 1, 11.02
beaa50c, 24-07-2015, 2, 10.98
beaa50c, 24-07-2015, 4, 11.04
beaa50c, 24-07-2015, 8, 11.02
beaa50c, 24-07-2015, 16, 10.99
beaa50c, 24-07-2015, 32, 11.00
beaa50c, 24-07-2015, 64, 11.07
beaa50c, 24-07-2015, 128, 11.06
beaa50c, 24-07-2015, 256, 11.10
beaa50c, 24-07-2015, 512, 11.18
beaa50c, 24-07-2015, 1024, 11.67
beaa50c, 24-07-2015, 2048, 12.16
beaa50c, 24-07-2015, 4096, 13.25
beaa50c, 24-07-2015, 8192, 18.35
beaa50c, 24-07-2015, 16384, 20.92
beaa50c, 24-07-2015, 32768, 23.72
beaa50c, 24-07-2015, 65536, 35.15
beaa50c, 24-07-2015, 131072, 60.09
beaa50c, 24-07-2015, 262144, 99.42
beaa50c, 24-07-2015, 524288, 178.10
beaa50c, 24-07-2015, 1048576, 570.66
beaa50c, 24-07-2015, 2097152, 1347.85
beaa50c, 24-07-2015, 4194304, 2973.97
23a6022, 26-07-2015, 1, 11.18
23a6022, 26-07-2015, 2, 11.14
23a6022, 26-07-2015, 4, 11.14
23a6022, 26-07-2015, 8, 11.12
23a6022, 26-07-2015, 16, 11.15
23a6022, 26-07-2015, 32, 11.11
23a6022, 26-07-2015, 64, 11.14
23a6022, 26-07-2015, 128, 11.18
23a6022, 26-07-2015, 256, 11.26
23a6022, 26-07-2015, 512, 11.30
23a6022, 26-07-2015, 1024, 11.71
23a6022, 26-07-2015, 2048, 12.21
23a6022, 26-07-2015, 4096, 13.24
23a6022, 26-07-2015, 8192, 18.66
23a6022, 26-07-2015, 16384, 20.06
23a6022, 26-07-2015, 32768, 26.75
23a6022, 26-07-2015, 65536, 36.95
23a6022, 26-07-2015, 131072, 59.23
23a6022, 26-07-2015, 262144, 97.38
23a6022, 26-07-2015, 524288, 176.36
23a6022, 26-07-2015, 1048576, 572.32
23a6022, 26-07-2015, 2097152, 1384.62
23a6022, 26-07-2015, 4194304, 3040.55
e3bf4c1, 28-07-2015, 1, 13.35
e3bf4c1, 28-07-2015, 2, 13.03
e3bf4c1, 28-07-2015, 4, 13.38
e3bf4c1, 28-07-2015, 8, 13.60
e3bf4c1, 28-07-2015, 16, 14.69
e3bf4c1, 28-07-2015, 32, 13.01
e3bf4c1, 28-07-2015, 64, 13.45
e3bf4c1, 28-07-2015, 128, 12.90
e3bf4c1, 28-07-2015, 256, 12.52
e3bf4c1, 28-07-2015, 512, 12.99
e3bf4c1, 28-07-2015, 1024, 16.30
e3bf4c1, 28-07-2015, 2048, 14.59
e3bf4c1, 28-07-2015, 4096, 17.21
e3bf4c1, 28-07-2015, 8192, 25.70
e3bf4c1, 28-07-2015, 16384, 28.37
e3bf4c1, 28-07-2015, 32768, 34.98
e3bf4c1, 28-07-2015, 65536, 44.76
e3bf4c1, 28-07-2015, 131072, 70.85
e3bf4c1, 28-07-2015, 262144, 118.87
e3bf4c1, 28-07-2015, 524288, 195.92
e3bf4c1, 28-07-2015, 1048576, 587.13
e3bf4c1, 28-07-2015, 2097152, 1414.58
e3bf4c1, 28-07-2015, 4194304, 3067.59
bc0d832, 31-07-2015, 1, 11.64
bc0d832, 31-07-2015, 2, 12.11
bc0d832, 31-07-2015, 4, 11.33
bc0d832, 31-07-2015, 8, 11.67
bc0d832, 31-07-2015, 16, 18.88
bc0d832, 31-07-2015, 32, 12.99
bc0d832, 31-07-2015, 64, 21.96
bc0d832, 31-07-2015, 128, 11.14
bc0d832, 31-07-2015, 256, 11.85
bc0d832, 31-07-2015, 512, 13.17
bc0d832, 31-07-2015, 1024, 22.04
bc0d832, 31-07-2015, 2048, 13.82
bc0d832, 31-07-2015, 4096, 24.95
bc0d832, 31-07-2015, 8192, 19.93
bc0d832, 31-07-2015, 16384, 22.07
bc0d832, 31-07-2015, 32768, 30.60
bc0d832, 31-07-2015, 65536, 38.12
bc0d832, 31-07-2015, 131072, 59.49
bc0d832, 31-07-2015, 262144, 93.58
bc0d832, 31-07-2015, 524288, 171.35
bc0d832, 31-07-2015, 1048576, 534.36
bc0d832, 31-07-2015, 2097152, 1299.01
bc0d832, 31-07-2015, 4194304, 3105.00
5b3580d, 01-08-2015, 1, 10.08
5b3580d, 01-08-2015, 2, 9.96
5b3580d, 01-08-2015, 4, 9.95
5b3580d, 01-08-2015, 8, 10.36
5b3580d, 01-08-2015, 16, 10.38
5b3580d, 01-08-2015, 32, 10.29
5b3580d, 01-08-2015, 64, 10.32
5b3580d, 01-08-2015, 128, 10.31
5b3580d, 01-08-2015, 256, 10.32
5b3580d, 01-08-2015, 512, 10.18
5b3580d, 01-08-2015, 1024, 10.60
5b3580d, 01-08-2015, 2048, 10.95
5b3580d, 01-08-2015, 4096, 11.61
5b3580d, 01-08-2015, 8192, 16.34
5b3580d, 01-08-2015, 16384, 19.00
5b3580d, 01-08-2015, 32768, 23.10
5b3580d, 01-08-2015, 65536, 32.02
5b3580d, 01-08-2015, 131072, 54.29
5b3580d, 01-08-2015, 262144, 89.19
5b3580d, 01-08-2015, 524288, 161.60
5b3580d, 01-08-2015, 1048576, 511.49
5b3580d, 01-08-2015, 2097152, 1234.29
5b3580d, 01-08-2015, 4194304, 2682.44
d2fdca2, 02-08-2015, 1, 10.21
d2fdca2, 02-08-2015, 2, 10.10
d2fdca2, 02-08-2015, 4, 10.00
d2fdca2, 02-08-2015, 8, 9.90
d2fdca2, 02-08-2015, 16, 9.86
d2fdca2, 02-08-2015, 32, 9.86
d2fdca2, 02-08-2015, 64, 9.89
d2fdca2, 02-08-2015, 128, 9.90
d2fdca2, 02-08-2015, 256, 9.90
d2fdca2, 02-08-2015, 512, 9.98
d2fdca2, 02-08-2015, 1024, 10.46
d2fdca2, 02-08-2015, 2048, 10.97
d2fdca2, 02-08-2015, 4096, 11.93
d2fdca2, 02-08-2015, 8192, 16.65
d2fdca2, 02-08-2015, 16384, 19.11
d2fdca2, 02-08-2015, 32768, 23.52
d2fdca2, 02-08-2015, 65536, 32.60
d2fdca2, 02-08-2015, 131072, 54.72
d2fdca2, 02-08-2015, 262144, 89.95
d2fdca2, 02-08-2015, 524288, 162.29
d2fdca2, 02-08-2015, 1048576, 513.11
d2fdca2, 02-08-2015, 2097152, 1239.10
d2fdca2, 02-08-2015, 4194304, 2683.27
f851440, 03-08-2015, 1, 9.90
f851440, 03-08-2015, 2, 9.74
f851440, 03-08-2015, 4, 9.63
f851440, 03-08-2015, 8, 9.44
f851440, 03-08-2015, 16, 9.49
f851440, 03-08-2015, 32, 9.56
f851440, 03-08-2015, 64, 9.51
f851440, 03-08-2015, 128, 9.52
f851440, 03-08-2015, 256, 9.56
f851440, 03-08-2015, 512, 9.61
f851440, 03-08-2015, 1024, 10.04
f851440, 03-08-2015, 2048, 10.50
f851440, 03-08-2015, 4096, 11.46
f851440, 03-08-2015, 8192, 15.92
f851440, 03-08-2015, 16384, 18.60
f851440, 03-08-2015, 32768, 23.43
f851440, 03-08-2015, 65536, 32.34
f851440, 03-08-2015, 131072, 54.27
f851440, 03-08-2015, 262144, 89.80
f851440, 03-08-2015, 524288, 161.38
f851440, 03-08-2015, 1048576, 517.13
f851440, 03-08-2015, 2097152, 1249.62
f851440, 03-08-2015, 4194304, 2717.68
ff0e3c7, 04-08-2015, 1, 9.64
ff0e3c7, 04-08-2015, 2, 9.42
ff0e3c7, 04-08-2015, 4, 9.31
ff0e3c7, 04-08-2015, 8, 9.30
ff0e3c7, 04-08-2015, 16, 9.34
ff0e3c7, 04-08-2015, 32, 9.36
ff0e3c7, 04-08-2015, 64, 9.33
ff0e3c7, 04-08-2015, 128, 9.30
ff0e3c7, 04-08-2015, 256, 9.36
ff0e3c7, 04-08-2015, 512, 9.40
ff0e3c7, 04-08-2015, 1024, 9.80
ff0e3c7, 04-08-2015, 2048, 10.26
ff0e3c7, 04-08-2015, 4096, 11.16
ff0e3c7, 04-08-2015, 8192, 15.77
ff0e3c7, 04-08-2015, 16384, 18.60
ff0e3c7, 04-08-2015, 32768, 22.69
ff0e3c7, 04-08-2015, 65536, 31.42
ff0e3c7, 04-08-2015, 131072, 53.57
ff0e3c7, 04-08-2015, 262144, 88.58
ff0e3c7, 04-08-2015, 524288, 161.25
ff0e3c7, 04-08-2015, 1048576, 512.68
ff0e3c7, 04-08-2015, 2097152, 1234.35
ff0e3c7, 04-08-2015, 4194304, 2681.92
63b98a0, 06-08-2015, 1, 12.81
63b98a0, 06-08-2015, 2, 12.64
63b98a0, 06-08-2015, 4, 12.59
63b98a0, 06-08-2015, 8, 12.89
63b98a0, 06-08-2015, 16, 11.14
63b98a0, 06-08-2015, 32, 12.41
63b98a0, 06-08-2015, 64, 13.87
63b98a0, 06-08-2015, 128, 12.96
63b98a0, 06-08-2015, 256, 13.85
63b98a0, 06-08-2015, 512, 13.55
63b98a0, 06-08-2015, 1024, 14.84
63b98a0, 06-08-2015, 2048, 12.96
63b98a0, 06-08-2015, 4096, 17.26
63b98a0, 06-08-2015, 8192, 22.94
63b98a0, 06-08-2015, 16384, 33.62
63b98a0, 06-08-2015, 32768, 30.24
63b98a0, 06-08-2015, 65536, 36.44
63b98a0, 06-08-2015, 131072, 60.28
63b98a0, 06-08-2015, 262144, 97.56
63b98a0, 06-08-2015, 524288, 185.14
63b98a0, 06-08-2015, 1048576, 548.12
63b98a0, 06-08-2015, 2097152, 1294.19
63b98a0, 06-08-2015, 4194304, 2729.85
a1e43e8, 07-08-2015, 1, 15.16
a1e43e8, 07-08-2015, 2, 18.22
a1e43e8, 07-08-2015, 4, 16.77
a1e43e8, 07-08-2015, 8, 15.96
a1e43e8, 07-08-2015, 16, 19.30
a1e43e8, 07-08-2015, 32, 18.19
a1e43e8, 07-08-2015, 64, 18.75
a1e43e8, 07-08-2015, 128, 17.97
a1e43e8, 07-08-2015, 256, 16.55
a1e43e8, 07-08-2015, 512, 21.07
a1e43e8, 07-08-2015, 1024, 21.46
a1e43e8, 07-08-2015, 2048, 26.48
a1e43e8, 07-08-2015, 4096, 28.68
a1e43e8, 07-08-2015, 8192, 55.06
a1e43e8, 07-08-2015, 16384, 24.61
a1e43e8, 07-08-2015, 32768, 76.55
a1e43e8, 07-08-2015, 65536, 63.96
a1e43e8, 07-08-2015, 131072, 135.40
a1e43e8, 07-08-2015, 262144, 129.64
a1e43e8, 07-08-2015, 524288, 227.28
a1e43e8, 07-08-2015, 1048576, 648.27
a1e43e8, 07-08-2015, 2097152, 1414.60
a1e43e8, 07-08-2015, 4194304, 2899.81
34c9f42, 08-08-2015, 1, 10.14
34c9f42, 08-08-2015, 2, 9.88
34c9f42, 08-08-2015, 4, 9.81
34c9f42, 08-08-2015, 8, 9.75
34c9f42, 08-08-2015, 16, 9.79
34c9f42, 08-08-2015, 32, 9.83
34c9f42, 08-08-2015, 64, 9.72
34c9f42, 08-08-2015, 128, 9.79
34c9f42, 08-08-2015, 256, 9.85
34c9f42, 08-08-2015, 512, 9.87
34c9f42, 08-08-2015, 1024, 10.32
34c9f42, 08-08-2015, 2048, 10.85
34c9f42, 08-08-2015, 4096, 11.70
34c9f42, 08-08-2015, 8192, 16.53
34c9f42, 08-08-2015, 16384, 19.54
34c9f42, 08-08-2015, 32768, 23.79
34c9f42, 08-08-2015, 65536, 32.53
34c9f42, 08-08-2015, 131072, 53.67
34c9f42, 08-08-2015, 262144, 89.29
34c9f42, 08-08-2015, 524288, 161.94
34c9f42, 08-08-2015, 1048576, 515.45
34c9f42, 08-08-2015, 2097152, 1248.01
34c9f42, 08-08-2015, 4194304, 2712.05
5b5bed6, 09-08-2015, 1, 10.90
5b5bed6, 09-08-2015, 2, 11.54
5b5bed6, 09-08-2015, 4, 11.79
5b5bed6, 09-08-2015, 8, 11.88
5b5bed6, 09-08-2015, 16, 11.57
5b5bed6, 09-08-2015, 32, 11.53
5b5bed6, 09-08-2015, 64, 12.08
5b5bed6, 09-08-2015, 128, 11.92
5b5bed6, 09-08-2015, 256, 10.36
5b5bed6, 09-08-2015, 512, 11.54
5b5bed6, 09-08-2015, 1024, 12.72
5b5bed6, 09-08-2015, 2048, 13.11
5b5bed6, 09-08-2015, 4096, 13.95
5b5bed6, 09-08-2015, 8192, 20.35
5b5bed6, 09-08-2015, 16384, 20.42
5b5bed6, 09-08-2015, 32768, 25.28
5b5bed6, 09-08-2015, 65536, 43.82
5b5bed6, 09-08-2015, 131072, 66.19
5b5bed6, 09-08-2015, 262144, 90.53
5b5bed6, 09-08-2015, 524288, 164.12
5b5bed6, 09-08-2015, 1048576, 524.89
5b5bed6, 09-08-2015, 2097152, 1248.41
5b5bed6, 09-08-2015, 4194304, 2712.59
1e1238a, 11-08-2015, 1, 10.25
1e1238a, 11-08-2015, 2, 10.06
1e1238a, 11-08-2015, 4, 9.94
1e1238a, 11-08-2015, 8, 9.94
1e1238a, 11-08-2015, 16, 9.94
1e1238a, 11-08-2015, 32, 9.95
1e1238a, 11-08-2015, 64, 10.04
1e1238a, 11-08-2015, 128, 9.92
1e1238a, 11-08-2015, 256, 10.10
1e1238a, 11-08-2015, 512, 10.17
1e1238a, 11-08-2015, 1024, 10.63
1e1238a, 11-08-2015, 2048, 11.05
1e1238a, 11-08-2015, 4096, 12.00
1e1238a, 11-08-2015, 8192, 16.94
1e1238a, 11-08-2015, 16384, 19.65
1e1238a, 11-08-2015, 32768, 23.40
1e1238a, 11-08-2015, 65536, 32.21
1e1238a, 11-08-2015, 131072, 56.04
1e1238a, 11-08-2015, 262144, 91.27
1e1238a, 11-08-2015, 524288, 165.16
1e1238a, 11-08-2015, 1048576, 523.33
1e1238a, 11-08-2015, 2097152, 1258.05
1e1238a, 11-08-2015, 4194304, 2730.49
2e640e3, 12-08-2015, 1, 11.20
2e640e3, 12-08-2015, 2, 11.04
2e640e3, 12-08-2015, 4, 10.99
2e640e3, 12-08-2015, 8, 11.01
2e640e3, 12-08-2015, 16, 11.09
2e640e3, 12-08-2015, 32, 10.97
2e640e3, 12-08-2015, 64, 10.98
2e640e3, 12-08-2015, 128, 10.96
2e640e3, 12-08-2015, 256, 11.06
2e640e3, 12-08-2015, 512, 11.16
2e640e3, 12-08-2015, 1024, 11.57
2e640e3, 12-08-2015, 2048, 12.04
2e640e3, 12-08-2015, 4096, 13.08
2e640e3, 12-08-2015, 8192, 17.48
2e640e3, 12-08-2015, 16384, 20.35
2e640e3, 12-08-2015, 32768, 25.42
2e640e3, 12-08-2015, 65536, 34.04
2e640e3, 12-08-2015, 131072, 54.62
2e640e3, 12-08-2015, 262144, 91.02
2e640e3, 12-08-2015, 524288, 163.27
2e640e3, 12-08-2015, 1048576, 515.26
2e640e3, 12-08-2015, 2097152, 1242.76
2e640e3, 12-08-2015, 4194304, 2695.03
5f94396, 14-08-2015, 1, 11.35
5f94396, 14-08-2015, 2, 11.20
5f94396, 14-08-2015, 4, 11.12
5f94396, 14-08-2015, 8, 11.00
5f94396, 14-08-2015, 16, 10.92
5f94396, 14-08-2015, 32, 11.13
5f94396, 14-08-2015, 64, 11.42
5f94396, 14-08-2015, 128, 11.42
5f94396, 14-08-2015, 256, 11.51
5f94396, 14-08-2015, 512, 11.61
5f94396, 14-08-2015, 1024, 12.03
5f94396, 14-08-2015, 2048, 12.59
5f94396, 14-08-2015, 4096, 13.19
5f94396, 14-08-2015, 8192, 17.13
5f94396, 14-08-2015, 16384, 20.05
5f94396, 14-08-2015, 32768, 24.89
5f94396, 14-08-2015, 65536, 33.70
5f94396, 14-08-2015, 131072, 56.41
5f94396, 14-08-2015, 262144, 90.79
5f94396, 14-08-2015, 524288, 163.13
5f94396, 14-08-2015, 1048576, 515.07
5f94396, 14-08-2015, 2097152, 1242.83
5f94396, 14-08-2015, 4194304, 2700.49
6261a17, 15-08-2015, 1, 12.80
6261a17, 15-08-2015, 2, 12.31
6261a17, 15-08-2015, 4, 12.08
6261a17, 15-08-2015, 8, 12.22
6261a17, 15-08-2015, 16, 12.35
6261a17, 15-08-2015, 32, 12.10
6261a17, 15-08-2015, 64, 12.06
6261a17, 15-08-2015, 128, 12.48
6261a17, 15-08-2015, 256, 12.55
6261a17, 15-08-2015, 512, 12.30
6261a17, 15-08-2015, 1024, 12.91
6261a17, 15-08-2015, 2048, 13.65
6261a17, 15-08-2015, 4096, 14.65
6261a17, 15-08-2015, 8192, 20.90
6261a17, 15-08-2015, 16384, 22.38
6261a17, 15-08-2015, 32768, 33.88
6261a17, 15-08-2015, 65536, 35.93
6261a17, 15-08-2015, 131072, 57.60
6261a17, 15-08-2015, 262144, 92.43
6261a17, 15-08-2015, 524288, 170.97
6261a17, 15-08-2015, 1048576, 531.84
6261a17, 15-08-2015, 2097152, 1257.52
6261a17, 15-08-2015, 4194304, 2709.25
081ce4e, 18-08-2015, 1, 12.60
081ce4e, 18-08-2015, 2, 12.65
081ce4e, 18-08-2015, 4, 12.64
081ce4e, 18-08-2015, 8, 12.52
081ce4e, 18-08-2015, 16, 12.23
081ce4e, 18-08-2015, 32, 12.77
081ce4e, 18-08-2015, 64, 12.70
081ce4e, 18-08-2015, 128, 12.70
081ce4e, 18-08-2015, 256, 12.97
081ce4e, 18-08-2015, 512, 12.91
081ce4e, 18-08-2015, 1024, 13.11
081ce4e, 18-08-2015, 2048, 13.31
081ce4e, 18-08-2015, 4096, 14.24
081ce4e, 18-08-2015, 8192, 19.56
081ce4e, 18-08-2015, 16384, 22.11
081ce4e, 18-08-2015, 32768, 27.21
081ce4e, 18-08-2015, 65536, 35.60
081ce4e, 18-08-2015, 131072, 61.13
081ce4e, 18-08-2015, 262144, 97.92
081ce4e, 18-08-2015, 524288, 167.07
081ce4e, 18-08-2015, 1048576, 521.47
081ce4e, 18-08-2015, 2097152, 1251.59
081ce4e, 18-08-2015, 4194304, 2696.19
358d028, 19-08-2015, 1, 16.48
358d028, 19-08-2015, 2, 13.24
358d028, 19-08-2015, 4, 13.18
358d028, 19-08-2015, 8, 13.56
358d028, 19-08-2015, 16, 12.59
358d028, 19-08-2015, 32, 12.56
358d028, 19-08-2015, 64, 13.03
358d028, 19-08-2015, 128, 13.15
358d028, 19-08-2015, 256, 13.34
358d028, 19-08-2015, 512, 13.53
358d028, 19-08-2015, 1024, 14.44
358d028, 19-08-2015, 2048, 15.73
358d028, 19-08-2015, 4096, 16.64
358d028, 19-08-2015, 8192, 27.52
358d028, 19-08-2015, 16384, 25.62
358d028, 19-08-2015, 32768, 49.42
358d028, 19-08-2015, 65536, 51.65
358d028, 19-08-2015, 131072, 95.73
358d028, 19-08-2015, 262144, 95.02
358d028, 19-08-2015, 524288, 205.35
358d028, 19-08-2015, 1048576, 571.24
358d028, 19-08-2015, 2097152, 1357.03
358d028, 19-08-2015, 4194304, 2782.96
f565790, 22-08-2015, 1, 11.60
f565790, 22-08-2015, 2, 11.44
f565790, 22-08-2015, 4, 11.22
f565790, 22-08-2015, 8, 11.13
f565790, 22-08-2015, 16, 11.17
f565790, 22-08-2015, 32, 11.08
f565790, 22-08-2015, 64, 11.15
f565790, 22-08-2015, 128, 11.10
f565790, 22-08-2015, 256, 11.19
f565790, 22-08-2015, 512, 11.33
f565790, 22-08-2015, 1024, 11.82
f565790, 22-08-2015, 2048, 12.27
f565790, 22-08-2015, 4096, 13.16
f565790, 22-08-2015, 8192, 18.06
f565790, 22-08-2015, 16384, 20.89
f565790, 22-08-2015, 32768, 25.81
f565790, 22-08-2015, 65536, 34.63
f565790, 22-08-2015, 131072, 56.50
f565790, 22-08-2015, 262144, 92.02
f565790, 22-08-2015, 524288, 165.54
f565790, 22-08-2015, 1048576, 519.17
f565790, 22-08-2015, 2097152, 1247.81
f565790, 22-08-2015, 4194304, 2709.99
3cbff1b, 26-08-2015, 1, 25.31
3cbff1b, 26-08-2015, 2, 36.15
3cbff1b, 26-08-2015, 4, 29.01
3cbff1b, 26-08-2015, 8, 25.18
3cbff1b, 26-08-2015, 16, 19.62
3cbff1b, 26-08-2015, 32, 19.77
3cbff1b, 26-08-2015, 64, 21.02
3cbff1b, 26-08-2015, 128, 21.99
3cbff1b, 26-08-2015, 256, 22.01
3cbff1b, 26-08-2015, 512, 30.76
3cbff1b, 26-08-2015, 1024, 46.18
3cbff1b, 26-08-2015, 2048, 47.63
3cbff1b, 26-08-2015, 4096, 43.47
3cbff1b, 26-08-2015, 8192, 75.27
3cbff1b, 26-08-2015, 16384, 109.42
3cbff1b, 26-08-2015, 32768, 105.01
3cbff1b, 26-08-2015, 65536, 220.58
3cbff1b, 26-08-2015, 131072, 166.46
3cbff1b, 26-08-2015, 262144, 274.00
3cbff1b, 26-08-2015, 524288, 279.57
3cbff1b, 26-08-2015, 1048576, 705.72
3cbff1b, 26-08-2015, 2097152, 1481.18
3cbff1b, 26-08-2015, 4194304, 3617.16
107ed41, 27-08-2015, 1, 13.50
107ed41, 27-08-2015, 2, 12.96
107ed41, 27-08-2015, 4, 13.16
107ed41, 27-08-2015, 8, 12.98
107ed41, 27-08-2015, 16, 12.29
107ed41, 27-08-2015, 32, 12.20
107ed41, 27-08-2015, 64, 12.07
107ed41, 27-08-2015, 128, 12.20
107ed41, 27-08-2015, 256, 12.37
107ed41, 27-08-2015, 512, 12.53
107ed41, 27-08-2015, 1024, 13.22
107ed41, 27-08-2015, 2048, 13.76
107ed41, 27-08-2015, 4096, 15.05
107ed41, 27-08-2015, 8192, 20.82
107ed41, 27-08-2015, 16384, 22.09
107ed41, 27-08-2015, 32768, 29.08
107ed41, 27-08-2015, 65536, 42.95
107ed41, 27-08-2015, 131072, 56.20
107ed41, 27-08-2015, 262144, 92.06
107ed41, 27-08-2015, 524288, 165.62
107ed41, 27-08-2015, 1048576, 522.40
107ed41, 27-08-2015, 2097152, 1261.93
107ed41, 27-08-2015, 4194304, 2717.83
4967366, 28-08-2015, 1, 12.49
4967366, 28-08-2015, 2, 12.54
4967366, 28-08-2015, 4, 11.91
4967366, 28-08-2015, 8, 11.93
4967366, 28-08-2015, 16, 12.76
4967366, 28-08-2015, 32, 11.98
4967366, 28-08-2015, 64, 12.16
4967366, 28-08-2015, 128, 12.59
4967366, 28-08-2015, 256, 12.41
4967366, 28-08-2015, 512, 14.03
4967366, 28-08-2015, 1024, 13.39
4967366, 28-08-2015, 2048, 14.07
4967366, 28-08-2015, 4096, 15.22
4967366, 28-08-2015, 8192, 23.14
4967366, 28-08-2015, 16384, 21.44
4967366, 28-08-2015, 32768, 27.16
4967366, 28-08-2015, 65536, 35.43
4967366, 28-08-2015, 131072, 56.43
4967366, 28-08-2015, 262144, 91.54
4967366, 28-08-2015, 524288, 164.46
4967366, 28-08-2015, 1048576, 521.80
4967366, 28-08-2015, 2097152, 1279.16
4967366, 28-08-2015, 4194304, 2743.15
e079875, 30-08-2015, 1, 11.79
e079875, 30-08-2015, 2, 11.57
e079875, 30-08-2015, 4, 11.36
e079875, 30-08-2015, 8, 11.41
e079875, 30-08-2015, 16, 11.32
e079875, 30-08-2015, 32, 11.29
e079875, 30-08-2015, 64, 11.33
e079875, 30-08-2015, 128, 11.33
e079875, 30-08-2015, 256, 11.40
e079875, 30-08-2015, 512, 11.51
e079875, 30-08-2015, 1024, 12.12
e079875, 30-08-2015, 2048, 12.48
e079875, 30-08-2015, 4096, 13.30
e079875, 30-08-2015, 8192, 18.03
e079875, 30-08-2015, 16384, 20.89
e079875, 30-08-2015, 32768, 25.51
e079875, 30-08-2015, 65536, 34.88
e079875, 30-08-2015, 131072, 56.36
e079875, 30-08-2015, 262144, 91.92
e079875, 30-08-2015, 524288, 164.02
e079875, 30-08-2015, 1048576, 518.34
e079875, 30-08-2015, 2097152, 1248.76
e079875, 30-08-2015, 4194304, 2716.62
05093d1, 31-08-2015, 1, 16.27
05093d1, 31-08-2015, 2, 14.18
05093d1, 31-08-2015, 4, 16.05
05093d1, 31-08-2015, 8, 13.23
05093d1, 31-08-2015, 16, 16.02
05093d1, 31-08-2015, 32, 14.80
05093d1, 31-08-2015, 64, 15.30
05093d1, 31-08-2015, 128, 15.45
05093d1, 31-08-2015, 256, 17.59
05093d1, 31-08-2015, 512, 14.14
05093d1, 31-08-2015, 1024, 19.22
05093d1, 31-08-2015, 2048, 16.93
05093d1, 31-08-2015, 4096, 17.83
05093d1, 31-08-2015, 8192, 25.58
05093d1, 31-08-2015, 16384, 37.93
05093d1, 31-08-2015, 32768, 27.00
05093d1, 31-08-2015, 65536, 37.48
05093d1, 31-08-2015, 131072, 57.92
05093d1, 31-08-2015, 262144, 101.25
05093d1, 31-08-2015, 524288, 316.06
05093d1, 31-08-2015, 1048576, 542.53
05093d1, 31-08-2015, 2097152, 1310.35
05093d1, 31-08-2015, 4194304, 2727.97
83ae6e1, 18-09-2015, 1, 12.18
83ae6e1, 18-09-2015, 2, 11.84
83ae6e1, 18-09-2015, 4, 12.88
83ae6e1, 18-09-2015, 8, 11.94
83ae6e1, 18-09-2015, 16, 11.59
83ae6e1, 18-09-2015, 32, 11.67
83ae6e1, 18-09-2015, 64, 11.78
83ae6e1, 18-09-2015, 128, 12.87
83ae6e1, 18-09-2015, 256, 11.71
83ae6e1, 18-09-2015, 512, 12.02
83ae6e1, 18-09-2015, 1024, 14.20
83ae6e1, 18-09-2015, 2048, 12.80
83ae6e1, 18-09-2015, 4096, 14.05
83ae6e1, 18-09-2015, 8192, 20.33
83ae6e1, 18-09-2015, 16384, 25.80
83ae6e1, 18-09-2015, 32768, 27.69
83ae6e1, 18-09-2015, 65536, 36.05
83ae6e1, 18-09-2015, 131072, 61.33
83ae6e1, 18-09-2015, 262144, 102.79
83ae6e1, 18-09-2015, 524288, 166.04
83ae6e1, 18-09-2015, 1048576, 536.27
83ae6e1, 18-09-2015, 2097152, 1276.52
83ae6e1, 18-09-2015, 4194304, 2935.14
cb4ea59, 19-09-2015, 1, 11.30
cb4ea59, 19-09-2015, 2, 11.17
cb4ea59, 19-09-2015, 4, 11.06
cb4ea59, 19-09-2015, 8, 11.05
cb4ea59, 19-09-2015, 16, 11.03
cb4ea59, 19-09-2015, 32, 11.05
cb4ea59, 19-09-2015, 64, 11.03
cb4ea59, 19-09-2015, 128, 11.04
cb4ea59, 19-09-2015, 256, 11.07
cb4ea59, 19-09-2015, 512, 11.14
cb4ea59, 19-09-2015, 1024, 11.53
cb4ea59, 19-09-2015, 2048, 12.05
cb4ea59, 19-09-2015, 4096, 12.89
cb4ea59, 19-09-2015, 8192, 17.94
cb4ea59, 19-09-2015, 16384, 20.41
cb4ea59, 19-09-2015, 32768, 25.23
cb4ea59, 19-09-2015, 65536, 34.46
cb4ea59, 19-09-2015, 131072, 55.67
cb4ea59, 19-09-2015, 262144, 91.17
cb4ea59, 19-09-2015, 524288, 164.51
cb4ea59, 19-09-2015, 1048576, 515.59
cb4ea59, 19-09-2015, 2097152, 1247.52
cb4ea59, 19-09-2015, 4194304, 2700.58
4e631e5, 20-09-2015, 1, 11.51
4e631e5, 20-09-2015, 2, 11.86
4e631e5, 20-09-2015, 4, 11.92
4e631e5, 20-09-2015, 8, 11.97
4e631e5, 20-09-2015, 16, 11.85
4e631e5, 20-09-2015, 32, 11.48
4e631e5, 20-09-2015, 64, 11.51
4e631e5, 20-09-2015, 128, 11.55
4e631e5, 20-09-2015, 256, 11.41
4e631e5, 20-09-2015, 512, 11.50
4e631e5, 20-09-2015, 1024, 11.88
4e631e5, 20-09-2015, 2048, 12.29
4e631e5, 20-09-2015, 4096, 13.30
4e631e5, 20-09-2015, 8192, 18.07
4e631e5, 20-09-2015, 16384, 20.49
4e631e5, 20-09-2015, 32768, 25.57
4e631e5, 20-09-2015, 65536, 35.64
4e631e5, 20-09-2015, 131072, 53.93
4e631e5, 20-09-2015, 262144, 91.06
4e631e5, 20-09-2015, 524288, 163.59
4e631e5, 20-09-2015, 1048576, 516.21
4e631e5, 20-09-2015, 2097152, 1243.93
4e631e5, 20-09-2015, 4194304, 2686.86
14bd43a, 23-09-2015, 1, 11.58
14bd43a, 23-09-2015, 2, 11.37
14bd43a, 23-09-2015, 4, 11.26
14bd43a, 23-09-2015, 8, 11.31
14bd43a, 23-09-2015, 16, 11.23
14bd43a, 23-09-2015, 32, 11.18
14bd43a, 23-09-2015, 64, 11.27
14bd43a, 23-09-2015, 128, 11.30
14bd43a, 23-09-2015, 256, 11.36
14bd43a, 23-09-2015, 512, 11.48
14bd43a, 23-09-2015, 1024, 11.86
14bd43a, 23-09-2015, 2048, 12.33
14bd43a, 23-09-2015, 4096, 13.28
14bd43a, 23-09-2015, 8192, 18.42
14bd43a, 23-09-2015, 16384, 21.46
14bd43a, 23-09-2015, 32768, 25.51
14bd43a, 23-09-2015, 65536, 34.42
14bd43a, 23-09-2015, 131072, 55.84
14bd43a, 23-09-2015, 262144, 91.55
14bd43a, 23-09-2015, 524288, 163.71
14bd43a, 23-09-2015, 1048576, 515.38
14bd43a, 23-09-2015, 2097152, 1241.05
14bd43a, 23-09-2015, 4194304, 2698.80
d58441a, 29-09-2015, 1, 12.82
d58441a, 29-09-2015, 2, 12.67
d58441a, 29-09-2015, 4, 12.71
d58441a, 29-09-2015, 8, 12.62
d58441a, 29-09-2015, 16, 12.70
d58441a, 29-09-2015, 32, 12.55
d58441a, 29-09-2015, 64, 12.77
d58441a, 29-09-2015, 128, 12.44
d58441a, 29-09-2015, 256, 12.73
d58441a, 29-09-2015, 512, 12.83
d58441a, 29-09-2015, 1024, 13.33
d58441a, 29-09-2015, 2048, 13.86
d58441a, 29-09-2015, 4096, 14.66
d58441a, 29-09-2015, 8192, 21.02
d58441a, 29-09-2015, 16384, 23.82
d58441a, 29-09-2015, 32768, 38.51
d58441a, 29-09-2015, 65536, 35.18
d58441a, 29-09-2015, 131072, 72.67
d58441a, 29-09-2015, 262144, 92.84
d58441a, 29-09-2015, 524288, 163.92
d58441a, 29-09-2015, 1048576, 563.49
d58441a, 29-09-2015, 2097152, 1326.15
d58441a, 29-09-2015, 4194304, 2776.29
1e4521d, 30-09-2015, 1, 14.76
1e4521d, 30-09-2015, 2, 14.59
1e4521d, 30-09-2015, 4, 16.20
1e4521d, 30-09-2015, 8, 14.60
1e4521d, 30-09-2015, 16, 14.22
1e4521d, 30-09-2015, 32, 14.31
1e4521d, 30-09-2015, 64, 17.25
1e4521d, 30-09-2015, 128, 14.53
1e4521d, 30-09-2015, 256, 15.10
1e4521d, 30-09-2015, 512, 13.01
1e4521d, 30-09-2015, 1024, 16.57
1e4521d, 30-09-2015, 2048, 17.39
1e4521d, 30-09-2015, 4096, 19.24
1e4521d, 30-09-2015, 8192, 29.49
1e4521d, 30-09-2015, 16384, 33.83
1e4521d, 30-09-2015, 32768, 27.58
1e4521d, 30-09-2015, 65536, 67.48
1e4521d, 30-09-2015, 131072, 59.55
1e4521d, 30-09-2015, 262144, 109.64
1e4521d, 30-09-2015, 524288, 174.88
1e4521d, 30-09-2015, 1048576, 596.71
1e4521d, 30-09-2015, 2097152, 1329.33
1e4521d, 30-09-2015, 4194304, 2902.49
a3e9a3f, 02-10-2015, 1, 12.67
a3e9a3f, 02-10-2015, 2, 12.09
a3e9a3f, 02-10-2015, 4, 14.86
a3e9a3f, 02-10-2015, 8, 14.18
a3e9a3f, 02-10-2015, 16, 12.74
a3e9a3f, 02-10-2015, 32, 12.19
a3e9a3f, 02-10-2015, 64, 12.23
a3e9a3f, 02-10-2015, 128, 11.88
a3e9a3f, 02-10-2015, 256, 12.72
a3e9a3f, 02-10-2015, 512, 12.30
a3e9a3f, 02-10-2015, 1024, 12.69
a3e9a3f, 02-10-2015, 2048, 13.44
a3e9a3f, 02-10-2015, 4096, 14.27
a3e9a3f, 02-10-2015, 8192, 29.44
a3e9a3f, 02-10-2015, 16384, 22.18
a3e9a3f, 02-10-2015, 32768, 26.81
a3e9a3f, 02-10-2015, 65536, 37.07
a3e9a3f, 02-10-2015, 131072, 58.27
a3e9a3f, 02-10-2015, 262144, 93.28
a3e9a3f, 02-10-2015, 524288, 164.93
a3e9a3f, 02-10-2015, 1048576, 531.75
a3e9a3f, 02-10-2015, 2097152, 1271.89
a3e9a3f, 02-10-2015, 4194304, 2752.10
83cc2d8, 16-10-2015, 1, 12.47
83cc2d8, 16-10-2015, 2, 12.66
83cc2d8, 16-10-2015, 4, 12.46
83cc2d8, 16-10-2015, 8, 12.69
83cc2d8, 16-10-2015, 16, 13.08
83cc2d8, 16-10-2015, 32, 12.27
83cc2d8, 16-10-2015, 64, 12.34
83cc2d8, 16-10-2015, 128, 13.09
83cc2d8, 16-10-2015, 256, 12.77
83cc2d8, 16-10-2015, 512, 13.45
83cc2d8, 16-10-2015, 1024, 13.45
83cc2d8, 16-10-2015, 2048, 14.00
83cc2d8, 16-10-2015, 4096, 14.51
83cc2d8, 16-10-2015, 8192, 21.78
83cc2d8, 16-10-2015, 16384, 21.83
83cc2d8, 16-10-2015, 32768, 26.18
83cc2d8, 16-10-2015, 65536, 36.13
83cc2d8, 16-10-2015, 131072, 56.67
83cc2d8, 16-10-2015, 262144, 93.41
83cc2d8, 16-10-2015, 524288, 164.78
83cc2d8, 16-10-2015, 1048576, 577.67
83cc2d8, 16-10-2015, 2097152, 1280.27
83cc2d8, 16-10-2015, 4194304, 2721.95
6d53791, 19-10-2015, 1, 12.05
6d53791, 19-10-2015, 2, 11.90
6d53791, 19-10-2015, 4, 11.84
6d53791, 19-10-2015, 8, 11.98
6d53791, 19-10-2015, 16, 11.92
6d53791, 19-10-2015, 32, 11.83
6d53791, 19-10-2015, 64, 11.87
6d53791, 19-10-2015, 128, 11.94
6d53791, 19-10-2015, 256, 12.04
6d53791, 19-10-2015, 512, 12.06
6d53791, 19-10-2015, 1024, 12.47
6d53791, 19-10-2015, 2048, 12.93
6d53791, 19-10-2015, 4096, 13.74
6d53791, 19-10-2015, 8192, 18.67
6d53791, 19-10-2015, 16384, 21.39
6d53791, 19-10-2015, 32768, 25.98
6d53791, 19-10-2015, 65536, 36.28
6d53791, 19-10-2015, 131072, 56.07
6d53791, 19-10-2015, 262144, 90.03
6d53791, 19-10-2015, 524288, 163.67
6d53791, 19-10-2015, 1048576, 516.38
6d53791, 19-10-2015, 2097152, 1250.12
6d53791, 19-10-2015, 4194304, 2720.36
dc20125, 24-10-2015, 1, 15.96
dc20125, 24-10-2015, 2, 15.50
dc20125, 24-10-2015, 4, 15.06
dc20125, 24-10-2015, 8, 14.54
dc20125, 24-10-2015, 16, 14.16
dc20125, 24-10-2015, 32, 13.78
dc20125, 24-10-2015, 64, 13.98
dc20125, 24-10-2015, 128, 13.89
dc20125, 24-10-2015, 256, 14.08
dc20125, 24-10-2015, 512, 14.26
dc20125, 24-10-2015, 1024, 26.41
dc20125, 24-10-2015, 2048, 29.15
dc20125, 24-10-2015, 4096, 16.42
dc20125, 24-10-2015, 8192, 22.75
dc20125, 24-10-2015, 16384, 24.43
dc20125, 24-10-2015, 32768, 27.67
dc20125, 24-10-2015, 65536, 41.00
dc20125, 24-10-2015, 131072, 65.02
dc20125, 24-10-2015, 262144, 100.69
dc20125, 24-10-2015, 524288, 183.31
dc20125, 24-10-2015, 1048576, 557.11
dc20125, 24-10-2015, 2097152, 1337.68
dc20125, 24-10-2015, 4194304, 2900.14
3fdffa2, 30-10-2015, 1, 11.61
3fdffa2, 30-10-2015, 2, 11.55
3fdffa2, 30-10-2015, 4, 11.55
3fdffa2, 30-10-2015, 8, 11.54
3fdffa2, 30-10-2015, 16, 11.60
3fdffa2, 30-10-2015, 32, 11.58
3fdffa2, 30-10-2015, 64, 11.52
3fdffa2, 30-10-2015, 128, 11.59
3fdffa2, 30-10-2015, 256, 11.66
3fdffa2, 30-10-2015, 512, 11.75
3fdffa2, 30-10-2015, 1024, 12.17
3fdffa2, 30-10-2015, 2048, 12.69
3fdffa2, 30-10-2015, 4096, 13.70
3fdffa2, 30-10-2015, 8192, 19.29
3fdffa2, 30-10-2015, 16384, 22.18
3fdffa2, 30-10-2015, 32768, 28.94
3fdffa2, 30-10-2015, 65536, 37.29
3fdffa2, 30-10-2015, 131072, 57.89
3fdffa2, 30-10-2015, 262144, 97.02
3fdffa2, 30-10-2015, 524288, 175.08
3fdffa2, 30-10-2015, 1048576, 568.64
3fdffa2, 30-10-2015, 2097152, 1358.20
3fdffa2, 30-10-2015, 4194304, 2985.11
a76056d, 02-11-2015, 1, 11.50
a76056d, 02-11-2015, 2, 11.41
a76056d, 02-11-2015, 4, 11.53
a76056d, 02-11-2015, 8, 11.48
a76056d, 02-11-2015, 16, 11.51
a76056d, 02-11-2015, 32, 11.46
a76056d, 02-11-2015, 64, 11.50
a76056d, 02-11-2015, 128, 11.57
a76056d, 02-11-2015, 256, 11.70
a76056d, 02-11-2015, 512, 11.72
a76056d, 02-11-2015, 1024, 12.26
a76056d, 02-11-2015, 2048, 12.71
a76056d, 02-11-2015, 4096, 13.60
a76056d, 02-11-2015, 8192, 19.26
a76056d, 02-11-2015, 16384, 22.45
a76056d, 02-11-2015, 32768, 28.16
a76056d, 02-11-2015, 65536, 37.30
a76056d, 02-11-2015, 131072, 59.84
a76056d, 02-11-2015, 262144, 98.18
a76056d, 02-11-2015, 524288, 176.07
a76056d, 02-11-2015, 1048576, 571.06
a76056d, 02-11-2015, 2097152, 1377.89
a76056d, 02-11-2015, 4194304, 3004.52
26a67a7, 28-02-2016, 1, 7.89
26a67a7, 28-02-2016, 2, 7.67
26a67a7, 28-02-2016, 4, 7.98
26a67a7, 28-02-2016, 8, 8.09
26a67a7, 28-02-2016, 16, 8.11
26a67a7, 28-02-2016, 32, 8.12
26a67a7, 28-02-2016, 64, 8.12
26a67a7, 28-02-2016, 128, 8.00
26a67a7, 28-02-2016, 256, 7.99
26a67a7, 28-02-2016, 512, 8.00
26a67a7, 28-02-2016, 1024, 8.36
26a67a7, 28-02-2016, 2048, 8.65
26a67a7, 28-02-2016, 4096, 9.48
26a67a7, 28-02-2016, 8192, 13.99
26a67a7, 28-02-2016, 16384, 16.51
26a67a7, 28-02-2016, 32768, 21.24
26a67a7, 28-02-2016, 65536, 30.74
26a67a7, 28-02-2016, 131072, 57.88
26a67a7, 28-02-2016, 262144, 85.46
26a67a7, 28-02-2016, 524288, 152.59
26a67a7, 28-02-2016, 1048576, 455.89
26a67a7, 28-02-2016, 2097152, 1167.51
26a67a7, 28-02-2016, 4194304, 2625.00
9f670f4, 28-02-2016, 1, 7.95
9f670f4, 28-02-2016, 2, 7.66
9f670f4, 28-02-2016, 4, 7.60
9f670f4, 28-02-2016, 8, 7.60
9f670f4, 28-02-2016, 16, 7.57
9f670f4, 28-02-2016, 32, 7.58
9f670f4, 28-02-2016, 64, 7.59
9f670f4, 28-02-2016, 128, 7.62
9f670f4, 28-02-2016, 256, 7.67
9f670f4, 28-02-2016, 512, 7.74
9f670f4, 28-02-2016, 1024, 8.13
9f670f4, 28-02-2016, 2048, 8.58
9f670f4, 28-02-2016, 4096, 9.44
9f670f4, 28-02-2016, 8192, 14.00
9f670f4, 28-02-2016, 16384, 16.59
9f670f4, 28-02-2016, 32768, 21.14
9f670f4, 28-02-2016, 65536, 30.41
9f670f4, 28-02-2016, 131072, 57.76
9f670f4, 28-02-2016, 262144, 85.66
9f670f4, 28-02-2016, 524288, 152.88
9f670f4, 28-02-2016, 1048576, 456.20
9f670f4, 28-02-2016, 2097152, 1167.11
9f670f4, 28-02-2016, 4194304, 2624.04
35d6e5d, 29-02-2016, 1, 7.96
35d6e5d, 29-02-2016, 2, 7.71
35d6e5d, 29-02-2016, 4, 7.70
35d6e5d, 29-02-2016, 8, 7.68
35d6e5d, 29-02-2016, 16, 7.64
35d6e5d, 29-02-2016, 32, 7.63
35d6e5d, 29-02-2016, 64, 7.64
35d6e5d, 29-02-2016, 128, 7.65
35d6e5d, 29-02-2016, 256, 7.70
35d6e5d, 29-02-2016, 512, 7.79
35d6e5d, 29-02-2016, 1024, 8.17
35d6e5d, 29-02-2016, 2048, 8.59
35d6e5d, 29-02-2016, 4096, 9.56
35d6e5d, 29-02-2016, 8192, 14.11
35d6e5d, 29-02-2016, 16384, 16.94
35d6e5d, 29-02-2016, 32768, 21.66
35d6e5d, 29-02-2016, 65536, 31.23
35d6e5d, 29-02-2016, 131072, 58.11
35d6e5d, 29-02-2016, 262144, 85.98
35d6e5d, 29-02-2016, 524288, 152.85
35d6e5d, 29-02-2016, 1048576, 456.69
35d6e5d, 29-02-2016, 2097152, 1170.05
35d6e5d, 29-02-2016, 4194304, 2647.58
b3d3254, 01-03-2016, 1, 8.05
b3d3254, 01-03-2016, 2, 7.78
b3d3254, 01-03-2016, 4, 7.74
b3d3254, 01-03-2016, 8, 7.69
b3d3254, 01-03-2016, 16, 7.68
b3d3254, 01-03-2016, 32, 7.68
b3d3254, 01-03-2016, 64, 7.72
b3d3254, 01-03-2016, 128, 7.74
b3d3254, 01-03-2016, 256, 7.78
b3d3254, 01-03-2016, 512, 7.84
b3d3254, 01-03-2016, 1024, 8.24
b3d3254, 01-03-2016, 2048, 8.65
b3d3254, 01-03-2016, 4096, 9.67
b3d3254, 01-03-2016, 8192, 13.98
b3d3254, 01-03-2016, 16384, 16.54
b3d3254, 01-03-2016, 32768, 21.37
b3d3254, 01-03-2016, 65536, 30.79
b3d3254, 01-03-2016, 131072, 57.79
b3d3254, 01-03-2016, 262144, 85.47
b3d3254, 01-03-2016, 524288, 152.90
b3d3254, 01-03-2016, 1048576, 455.14
b3d3254, 01-03-2016, 2097152, 1165.87
b3d3254, 01-03-2016, 4194304, 2625.57
efeeafd, 02-03-2016, 1, 7.87
efeeafd, 02-03-2016, 2, 7.72
efeeafd, 02-03-2016, 4, 7.68
efeeafd, 02-03-2016, 8, 7.64
efeeafd, 02-03-2016, 16, 7.62
efeeafd, 02-03-2016, 32, 7.63
efeeafd, 02-03-2016, 64, 7.64
efeeafd, 02-03-2016, 128, 7.66
efeeafd, 02-03-2016, 256, 7.73
efeeafd, 02-03-2016, 512, 7.84
efeeafd, 02-03-2016, 1024, 8.26
efeeafd, 02-03-2016, 2048, 8.61
efeeafd, 02-03-2016, 4096, 9.61
efeeafd, 02-03-2016, 8192, 14.20
efeeafd, 02-03-2016, 16384, 16.59
efeeafd, 02-03-2016, 32768, 22.16
efeeafd, 02-03-2016, 65536, 31.60
efeeafd, 02-03-2016, 131072, 56.87
efeeafd, 02-03-2016, 262144, 85.99
efeeafd, 02-03-2016, 524288, 153.14
efeeafd, 02-03-2016, 1048576, 456.64
efeeafd, 02-03-2016, 2097152, 1169.04
efeeafd, 02-03-2016, 4194304, 2626.18
1c0b6c5, 04-03-2016, 1, 9.30
1c0b6c5, 04-03-2016, 2, 9.10
1c0b6c5, 04-03-2016, 4, 10.15
1c0b6c5, 04-03-2016, 8, 20.93
1c0b6c5, 04-03-2016, 16, 12.50
1c0b6c5, 04-03-2016, 32, 10.36
1c0b6c5, 04-03-2016, 64, 11.43
1c0b6c5, 04-03-2016, 128, 10.32
1c0b6c5, 04-03-2016, 256, 9.72
1c0b6c5, 04-03-2016, 512, 9.04
1c0b6c5, 04-03-2016, 1024, 9.97
1c0b6c5, 04-03-2016, 2048, 10.39
1c0b6c5, 04-03-2016, 4096, 14.12
1c0b6c5, 04-03-2016, 8192, 15.89
1c0b6c5, 04-03-2016, 16384, 20.82
1c0b6c5, 04-03-2016, 32768, 23.27
1c0b6c5, 04-03-2016, 65536, 38.37
1c0b6c5, 04-03-2016, 131072, 72.09
1c0b6c5, 04-03-2016, 262144, 98.42
1c0b6c5, 04-03-2016, 524288, 167.36
1c0b6c5, 04-03-2016, 1048576, 483.05
1c0b6c5, 04-03-2016, 2097152, 1200.39
1c0b6c5, 04-03-2016, 4194304, 2661.38
f80054d, 05-03-2016, 1, 9.23
f80054d, 05-03-2016, 2, 9.01
f80054d, 05-03-2016, 4, 8.38
f80054d, 05-03-2016, 8, 8.29
f80054d, 05-03-2016, 16, 8.96
f80054d, 05-03-2016, 32, 8.92
f80054d, 05-03-2016, 64, 8.97
f80054d, 05-03-2016, 128, 8.89
f80054d, 05-03-2016, 256, 9.14
f80054d, 05-03-2016, 512, 9.31
f80054d, 05-03-2016, 1024, 12.93
f80054d, 05-03-2016, 2048, 9.61
f80054d, 05-03-2016, 4096, 11.59
f80054d, 05-03-2016, 8192, 18.67
f80054d, 05-03-2016, 16384, 17.48
f80054d, 05-03-2016, 32768, 22.36
f80054d, 05-03-2016, 65536, 31.72
f80054d, 05-03-2016, 131072, 59.50
f80054d, 05-03-2016, 262144, 95.47
f80054d, 05-03-2016, 524288, 155.34
f80054d, 05-03-2016, 1048576, 471.78
f80054d, 05-03-2016, 2097152, 1190.42
f80054d, 05-03-2016, 4194304, 2652.31
7c9c5a8, 06-03-2016, 1, 8.01
7c9c5a8, 06-03-2016, 2, 7.72
7c9c5a8, 06-03-2016, 4, 7.66
7c9c5a8, 06-03-2016, 8, 7.62
7c9c5a8, 06-03-2016, 16, 7.58
7c9c5a8, 06-03-2016, 32, 7.64
7c9c5a8, 06-03-2016, 64, 7.66
7c9c5a8, 06-03-2016, 128, 7.67
7c9c5a8, 06-03-2016, 256, 7.75
7c9c5a8, 06-03-2016, 512, 7.82
7c9c5a8, 06-03-2016, 1024, 8.21
7c9c5a8, 06-03-2016, 2048, 8.65
7c9c5a8, 06-03-2016, 4096, 9.50
7c9c5a8, 06-03-2016, 8192, 13.94
7c9c5a8, 06-03-2016, 16384, 16.51
7c9c5a8, 06-03-2016, 32768, 21.22
7c9c5a8, 06-03-2016, 65536, 31.38
7c9c5a8, 06-03-2016, 131072, 56.99
7c9c5a8, 06-03-2016, 262144, 85.63
7c9c5a8, 06-03-2016, 524288, 152.63
7c9c5a8, 06-03-2016, 1048576, 456.13
7c9c5a8, 06-03-2016, 2097152, 1167.67
7c9c5a8, 06-03-2016, 4194304, 2625.58
601ac5a, 11-03-2016, 1, 8.02
601ac5a, 11-03-2016, 2, 7.79
601ac5a, 11-03-2016, 4, 7.72
601ac5a, 11-03-2016, 8, 7.74
601ac5a, 11-03-2016, 16, 7.74
601ac5a, 11-03-2016, 32, 7.72
601ac5a, 11-03-2016, 64, 7.78
601ac5a, 11-03-2016, 128, 7.72
601ac5a, 11-03-2016, 256, 7.81
601ac5a, 11-03-2016, 512, 7.89
601ac5a, 11-03-2016, 1024, 8.28
601ac5a, 11-03-2016, 2048, 8.72
601ac5a, 11-03-2016, 4096, 9.81
601ac5a, 11-03-2016, 8192, 14.06
601ac5a, 11-03-2016, 16384, 17.12
601ac5a, 11-03-2016, 32768, 21.32
601ac5a, 11-03-2016, 65536, 30.68
601ac5a, 11-03-2016, 131072, 57.19
601ac5a, 11-03-2016, 262144, 85.99
601ac5a, 11-03-2016, 524288, 153.20
601ac5a, 11-03-2016, 1048576, 456.81
601ac5a, 11-03-2016, 2097152, 1167.79
601ac5a, 11-03-2016, 4194304, 2618.36
601ac5a, 12-03-2016, 1, 8.63
601ac5a, 12-03-2016, 2, 8.36
601ac5a, 12-03-2016, 4, 8.15
601ac5a, 12-03-2016, 8, 8.30
601ac5a, 12-03-2016, 16, 8.94
601ac5a, 12-03-2016, 32, 8.33
601ac5a, 12-03-2016, 64, 8.44
601ac5a, 12-03-2016, 128, 9.11
601ac5a, 12-03-2016, 256, 8.64
601ac5a, 12-03-2016, 512, 8.60
601ac5a, 12-03-2016, 1024, 8.95
601ac5a, 12-03-2016, 2048, 9.49
601ac5a, 12-03-2016, 4096, 10.40
601ac5a, 12-03-2016, 8192, 15.22
601ac5a, 12-03-2016, 16384, 18.57
601ac5a, 12-03-2016, 32768, 22.21
601ac5a, 12-03-2016, 65536, 32.32
601ac5a, 12-03-2016, 131072, 60.45
601ac5a, 12-03-2016, 262144, 87.97
601ac5a, 12-03-2016, 524288, 155.29
601ac5a, 12-03-2016, 1048576, 460.29
601ac5a, 12-03-2016, 2097152, 1176.88
601ac5a, 12-03-2016, 4194304, 2644.32
601ac5a, 14-03-2016, 1, 9.82
601ac5a, 14-03-2016, 2, 9.64
601ac5a, 14-03-2016, 4, 9.71
601ac5a, 14-03-2016, 8, 9.65
601ac5a, 14-03-2016, 16, 9.59
601ac5a, 14-03-2016, 32, 9.50
601ac5a, 14-03-2016, 64, 9.86
601ac5a, 14-03-2016, 128, 9.86
601ac5a, 14-03-2016, 256, 9.80
601ac5a, 14-03-2016, 512, 10.18
601ac5a, 14-03-2016, 1024, 10.65
601ac5a, 14-03-2016, 2048, 10.87
601ac5a, 14-03-2016, 4096, 11.89
601ac5a, 14-03-2016, 8192, 19.31
601ac5a, 14-03-2016, 16384, 19.66
601ac5a, 14-03-2016, 32768, 39.41
601ac5a, 14-03-2016, 65536, 42.99
601ac5a, 14-03-2016, 131072, 64.44
601ac5a, 14-03-2016, 262144, 115.41
601ac5a, 14-03-2016, 524288, 184.12
601ac5a, 14-03-2016, 1048576, 507.36
601ac5a, 14-03-2016, 2097152, 1302.33
601ac5a, 14-03-2016, 4194304, 2784.07
4835edf, 15-03-2016, 1, 8.01
4835edf, 15-03-2016, 2, 7.84
4835edf, 15-03-2016, 4, 7.79
4835edf, 15-03-2016, 8, 7.77
4835edf, 15-03-2016, 16, 7.76
4835edf, 15-03-2016, 32, 7.77
4835edf, 15-03-2016, 64, 7.78
4835edf, 15-03-2016, 128, 7.81
4835edf, 15-03-2016, 256, 7.84
4835edf, 15-03-2016, 512, 7.92
4835edf, 15-03-2016, 1024, 8.35
4835edf, 15-03-2016, 2048, 8.79
4835edf, 15-03-2016, 4096, 9.76
4835edf, 15-03-2016, 8192, 14.23
4835edf, 15-03-2016, 16384, 17.15
4835edf, 15-03-2016, 32768, 21.41
4835edf, 15-03-2016, 65536, 30.67
4835edf, 15-03-2016, 131072, 56.04
4835edf, 15-03-2016, 262144, 85.86
4835edf, 15-03-2016, 524288, 152.99
4835edf, 15-03-2016, 1048576, 456.55
4835edf, 15-03-2016, 2097152, 1170.71
4835edf, 15-03-2016, 4194304, 2626.57
4835edf, 16-03-2016, 1, 8.14
4835edf, 16-03-2016, 2, 7.82
4835edf, 16-03-2016, 4, 7.77
4835edf, 16-03-2016, 8, 7.77
4835edf, 16-03-2016, 16, 7.80
4835edf, 16-03-2016, 32, 7.79
4835edf, 16-03-2016, 64, 7.81
4835edf, 16-03-2016, 128, 7.80
4835edf, 16-03-2016, 256, 7.83
4835edf, 16-03-2016, 512, 7.92
4835edf, 16-03-2016, 1024, 8.35
4835edf, 16-03-2016, 2048, 8.75
4835edf, 16-03-2016, 4096, 9.69
4835edf, 16-03-2016, 8192, 14.29
4835edf, 16-03-2016, 16384, 16.75
4835edf, 16-03-2016, 32768, 21.43
4835edf, 16-03-2016, 65536, 31.02
4835edf, 16-03-2016, 131072, 57.43
4835edf, 16-03-2016, 262144, 86.01
4835edf, 16-03-2016, 524288, 153.74
4835edf, 16-03-2016, 1048576, 456.99
4835edf, 16-03-2016, 2097152, 1170.10
4835edf, 16-03-2016, 4194304, 2625.09
4835edf, 17-03-2016, 1, 8.01
4835edf, 17-03-2016, 2, 7.78
4835edf, 17-03-2016, 4, 7.77
4835edf, 17-03-2016, 8, 7.75
4835edf, 17-03-2016, 16, 8.24
4835edf, 17-03-2016, 32, 8.14
4835edf, 17-03-2016, 64, 7.95
4835edf, 17-03-2016, 128, 7.96
4835edf, 17-03-2016, 256, 8.02
4835edf, 17-03-2016, 512, 8.12
4835edf, 17-03-2016, 1024, 8.53
4835edf, 17-03-2016, 2048, 8.80
4835edf, 17-03-2016, 4096, 9.63
4835edf, 17-03-2016, 8192, 14.35
4835edf, 17-03-2016, 16384, 18.61
4835edf, 17-03-2016, 32768, 21.78
4835edf, 17-03-2016, 65536, 31.44
4835edf, 17-03-2016, 131072, 61.25
4835edf, 17-03-2016, 262144, 90.70
4835edf, 17-03-2016, 524288, 159.93
4835edf, 17-03-2016, 1048576, 476.88
4835edf, 17-03-2016, 2097152, 1213.94
4835edf, 17-03-2016, 4194304, 2659.15
540a515, 19-03-2016, 1, 8.16
540a515, 19-03-2016, 2, 7.87
540a515, 19-03-2016, 4, 7.88
540a515, 19-03-2016, 8, 7.82
540a515, 19-03-2016, 16, 7.82
540a515, 19-03-2016, 32, 7.83
540a515, 19-03-2016, 64, 7.87
540a515, 19-03-2016, 128, 7.88
540a515, 19-03-2016, 256, 7.96
540a515, 19-03-2016, 512, 8.06
540a515, 19-03-2016, 1024, 8.43
540a515, 19-03-2016, 2048, 8.85
540a515, 19-03-2016, 4096, 9.75
540a515, 19-03-2016, 8192, 14.34
540a515, 19-03-2016, 16384, 17.59
540a515, 19-03-2016, 32768, 21.68
540a515, 19-03-2016, 65536, 30.89
540a515, 19-03-2016, 131072, 58.46
540a515, 19-03-2016, 262144, 86.03
540a515, 19-03-2016, 524288, 153.32
540a515, 19-03-2016, 1048576, 456.94
540a515, 19-03-2016, 2097152, 1169.71
540a515, 19-03-2016, 4194304, 2630.10
92ffe69, 23-03-2016, 1, 10.20
92ffe69, 23-03-2016, 2, 10.24
92ffe69, 23-03-2016, 4, 18.55
92ffe69, 23-03-2016, 8, 10.19
92ffe69, 23-03-2016, 16, 9.05
92ffe69, 23-03-2016, 32, 9.80
92ffe69, 23-03-2016, 64, 14.14
92ffe69, 23-03-2016, 128, 11.12
92ffe69, 23-03-2016, 256, 10.53
92ffe69, 23-03-2016, 512, 10.79
92ffe69, 23-03-2016, 1024, 10.83
92ffe69, 23-03-2016, 2048, 12.01
92ffe69, 23-03-2016, 4096, 14.63
92ffe69, 23-03-2016, 8192, 25.13
92ffe69, 23-03-2016, 16384, 17.69
92ffe69, 23-03-2016, 32768, 22.67
92ffe69, 23-03-2016, 65536, 37.93
92ffe69, 23-03-2016, 131072, 78.00
92ffe69, 23-03-2016, 262144, 87.66
92ffe69, 23-03-2016, 524288, 171.84
92ffe69, 23-03-2016, 1048576, 472.57
92ffe69, 23-03-2016, 2097152, 1212.22
92ffe69, 23-03-2016, 4194304, 2697.09
f675ff8, 24-03-2016, 1, 8.39
f675ff8, 24-03-2016, 2, 8.11
f675ff8, 24-03-2016, 4, 8.03
f675ff8, 24-03-2016, 8, 8.04
f675ff8, 24-03-2016, 16, 8.00
f675ff8, 24-03-2016, 32, 8.03
f675ff8, 24-03-2016, 64, 8.03
f675ff8, 24-03-2016, 128, 8.05
f675ff8, 24-03-2016, 256, 8.09
f675ff8, 24-03-2016, 512, 8.12
f675ff8, 24-03-2016, 1024, 8.56
f675ff8, 24-03-2016, 2048, 8.92
f675ff8, 24-03-2016, 4096, 9.88
f675ff8, 24-03-2016, 8192, 14.15
f675ff8, 24-03-2016, 16384, 16.56
f675ff8, 24-03-2016, 32768, 21.15
f675ff8, 24-03-2016, 65536, 30.72
f675ff8, 24-03-2016, 131072, 57.92
f675ff8, 24-03-2016, 262144, 86.13
f675ff8, 24-03-2016, 524288, 153.61
f675ff8, 24-03-2016, 1048576, 460.33
f675ff8, 24-03-2016, 2097152, 1179.45
f675ff8, 24-03-2016, 4194304, 2651.00
7c008bd, 25-03-2016, 1, 9.44
7c008bd, 25-03-2016, 2, 10.42
7c008bd, 25-03-2016, 4, 9.34
7c008bd, 25-03-2016, 8, 9.48
7c008bd, 25-03-2016, 16, 9.35
7c008bd, 25-03-2016, 32, 9.74
7c008bd, 25-03-2016, 64, 9.56
7c008bd, 25-03-2016, 128, 8.73
7c008bd, 25-03-2016, 256, 9.64
7c008bd, 25-03-2016, 512, 10.25
7c008bd, 25-03-2016, 1024, 10.48
7c008bd, 25-03-2016, 2048, 11.69
7c008bd, 25-03-2016, 4096, 14.28
7c008bd, 25-03-2016, 8192, 18.40
7c008bd, 25-03-2016, 16384, 22.26
7c008bd, 25-03-2016, 32768, 42.99
7c008bd, 25-03-2016, 65536, 41.84
7c008bd, 25-03-2016, 131072, 79.99
7c008bd, 25-03-2016, 262144, 102.64
7c008bd, 25-03-2016, 524288, 179.97
7c008bd, 25-03-2016, 1048576, 519.00
7c008bd, 25-03-2016, 2097152, 1253.83
7c008bd, 25-03-2016, 4194304, 2776.91
f9d41a6, 26-03-2016, 1, 8.03
f9d41a6, 26-03-2016, 2, 7.74
f9d41a6, 26-03-2016, 4, 7.72
f9d41a6, 26-03-2016, 8, 7.77
f9d41a6, 26-03-2016, 16, 7.73
f9d41a6, 26-03-2016, 32, 7.75
f9d41a6, 26-03-2016, 64, 7.74
f9d41a6, 26-03-2016, 128, 7.78
f9d41a6, 26-03-2016, 256, 7.82
f9d41a6, 26-03-2016, 512, 7.90
f9d41a6, 26-03-2016, 1024, 8.23
f9d41a6, 26-03-2016, 2048, 8.66
f9d41a6, 26-03-2016, 4096, 9.55
f9d41a6, 26-03-2016, 8192, 14.10
f9d41a6, 26-03-2016, 16384, 16.51
f9d41a6, 26-03-2016, 32768, 20.93
f9d41a6, 26-03-2016, 65536, 31.23
f9d41a6, 26-03-2016, 131072, 57.62
f9d41a6, 26-03-2016, 262144, 85.73
f9d41a6, 26-03-2016, 524288, 152.96
f9d41a6, 26-03-2016, 1048576, 456.93
f9d41a6, 26-03-2016, 2097152, 1168.84
f9d41a6, 26-03-2016, 4194304, 2625.69
82adbde, 27-03-2016, 1, 8.45
82adbde, 27-03-2016, 2, 8.10
82adbde, 27-03-2016, 4, 7.77
82adbde, 27-03-2016, 8, 8.14
82adbde, 27-03-2016, 16, 7.97
82adbde, 27-03-2016, 32, 7.72
82adbde, 27-03-2016, 64, 8.32
82adbde, 27-03-2016, 128, 7.94
82adbde, 27-03-2016, 256, 7.84
82adbde, 27-03-2016, 512, 8.49
82adbde, 27-03-2016, 1024, 8.24
82adbde, 27-03-2016, 2048, 8.96
82adbde, 27-03-2016, 4096, 9.88
82adbde, 27-03-2016, 8192, 15.06
82adbde, 27-03-2016, 16384, 16.87
82adbde, 27-03-2016, 32768, 21.12
82adbde, 27-03-2016, 65536, 30.35
82adbde, 27-03-2016, 131072, 67.45
82adbde, 27-03-2016, 262144, 104.51
82adbde, 27-03-2016, 524288, 177.73
82adbde, 27-03-2016, 1048576, 459.24
82adbde, 27-03-2016, 2097152, 1237.12
82adbde, 27-03-2016, 4194304, 2715.25
82adbde, 28-03-2016, 1, 8.53
82adbde, 28-03-2016, 2, 8.20
82adbde, 28-03-2016, 4, 13.58
82adbde, 28-03-2016, 8, 8.12
82adbde, 28-03-2016, 16, 8.14
82adbde, 28-03-2016, 32, 8.15
82adbde, 28-03-2016, 64, 8.21
82adbde, 28-03-2016, 128, 8.25
82adbde, 28-03-2016, 256, 8.36
82adbde, 28-03-2016, 512, 8.43
82adbde, 28-03-2016, 1024, 8.86
82adbde, 28-03-2016, 2048, 10.73
82adbde, 28-03-2016, 4096, 12.38
82adbde, 28-03-2016, 8192, 36.95
82adbde, 28-03-2016, 16384, 17.62
82adbde, 28-03-2016, 32768, 21.70
82adbde, 28-03-2016, 65536, 34.82
82adbde, 28-03-2016, 131072, 62.66
82adbde, 28-03-2016, 262144, 86.84
82adbde, 28-03-2016, 524288, 154.58
82adbde, 28-03-2016, 1048576, 463.19
82adbde, 28-03-2016, 2097152, 1274.25
82adbde, 28-03-2016, 4194304, 2630.40
9a03686, 29-03-2016, 1, 8.11
9a03686, 29-03-2016, 2, 7.89
9a03686, 29-03-2016, 4, 7.80
9a03686, 29-03-2016, 8, 7.82
9a03686, 29-03-2016, 16, 7.81
9a03686, 29-03-2016, 32, 7.84
9a03686, 29-03-2016, 64, 7.82
9a03686, 29-03-2016, 128, 7.87
9a03686, 29-03-2016, 256, 7.89
9a03686, 29-03-2016, 512, 7.95
9a03686, 29-03-2016, 1024, 8.29
9a03686, 29-03-2016, 2048, 8.71
9a03686, 29-03-2016, 4096, 9.62
9a03686, 29-03-2016, 8192, 14.25
9a03686, 29-03-2016, 16384, 16.87
9a03686, 29-03-2016, 32768, 21.54
9a03686, 29-03-2016, 65536, 31.02
9a03686, 29-03-2016, 131072, 56.98
9a03686, 29-03-2016, 262144, 85.86
9a03686, 29-03-2016, 524288, 153.25
9a03686, 29-03-2016, 1048576, 459.12
9a03686, 29-03-2016, 2097152, 1179.10
9a03686, 29-03-2016, 4194304, 2648.46
45c5635, 31-03-2016, 1, 8.90
45c5635, 31-03-2016, 2, 14.26
45c5635, 31-03-2016, 4, 9.85
45c5635, 31-03-2016, 8, 8.97
45c5635, 31-03-2016, 16, 9.47
45c5635, 31-03-2016, 32, 12.13
45c5635, 31-03-2016, 64, 15.46
45c5635, 31-03-2016, 128, 10.19
45c5635, 31-03-2016, 256, 8.65
45c5635, 31-03-2016, 512, 10.61
45c5635, 31-03-2016, 1024, 17.44
45c5635, 31-03-2016, 2048, 12.10
45c5635, 31-03-2016, 4096, 13.36
45c5635, 31-03-2016, 8192, 16.55
45c5635, 31-03-2016, 16384, 19.00
45c5635, 31-03-2016, 32768, 23.25
45c5635, 31-03-2016, 65536, 37.05
45c5635, 31-03-2016, 131072, 71.92
45c5635, 31-03-2016, 262144, 98.48
45c5635, 31-03-2016, 524288, 171.20
45c5635, 31-03-2016, 1048576, 542.98
45c5635, 31-03-2016, 2097152, 1187.24
45c5635, 31-03-2016, 4194304, 2761.63
8f4568f, 01-04-2016, 1, 8.42
8f4568f, 01-04-2016, 2, 7.89
8f4568f, 01-04-2016, 4, 7.77
8f4568f, 01-04-2016, 8, 7.90
8f4568f, 01-04-2016, 16, 8.10
8f4568f, 01-04-2016, 32, 7.82
8f4568f, 01-04-2016, 64, 7.81
8f4568f, 01-04-2016, 128, 7.82
8f4568f, 01-04-2016, 256, 8.05
8f4568f, 01-04-2016, 512, 8.26
8f4568f, 01-04-2016, 1024, 8.41
8f4568f, 01-04-2016, 2048, 9.34
8f4568f, 01-04-2016, 4096, 10.45
8f4568f, 01-04-2016, 8192, 14.86
8f4568f, 01-04-2016, 16384, 17.19
8f4568f, 01-04-2016, 32768, 21.33
8f4568f, 01-04-2016, 65536, 31.94
8f4568f, 01-04-2016, 131072, 58.53
8f4568f, 01-04-2016, 262144, 86.67
8f4568f, 01-04-2016, 524288, 161.33
8f4568f, 01-04-2016, 1048576, 483.81
8f4568f, 01-04-2016, 2097152, 1177.93
8f4568f, 01-04-2016, 4194304, 2628.06
8f4568f, 02-04-2016, 1, 9.80
8f4568f, 02-04-2016, 2, 9.37
8f4568f, 02-04-2016, 4, 8.40
8f4568f, 02-04-2016, 8, 8.19
8f4568f, 02-04-2016, 16, 9.55
8f4568f, 02-04-2016, 32, 9.52
8f4568f, 02-04-2016, 64, 8.78
8f4568f, 02-04-2016, 128, 9.05
8f4568f, 02-04-2016, 256, 10.02
8f4568f, 02-04-2016, 512, 8.76
8f4568f, 02-04-2016, 1024, 10.11
8f4568f, 02-04-2016, 2048, 10.09
8f4568f, 02-04-2016, 4096, 10.83
8f4568f, 02-04-2016, 8192, 16.10
8f4568f, 02-04-2016, 16384, 17.78
8f4568f, 02-04-2016, 32768, 22.55
8f4568f, 02-04-2016, 65536, 31.92
8f4568f, 02-04-2016, 131072, 57.77
8f4568f, 02-04-2016, 262144, 90.53
8f4568f, 02-04-2016, 524288, 154.23
8f4568f, 02-04-2016, 1048576, 473.55
8f4568f, 02-04-2016, 2097152, 1197.25
8f4568f, 02-04-2016, 4194304, 2651.49
faca1d0, 03-04-2016, 1, 8.51
faca1d0, 03-04-2016, 2, 8.33
faca1d0, 03-04-2016, 4, 8.30
faca1d0, 03-04-2016, 8, 8.21
faca1d0, 03-04-2016, 16, 8.17
faca1d0, 03-04-2016, 32, 8.52
faca1d0, 03-04-2016, 64, 8.20
faca1d0, 03-04-2016, 128, 8.21
faca1d0, 03-04-2016, 256, 8.37
faca1d0, 03-04-2016, 512, 8.48
faca1d0, 03-04-2016, 1024, 8.71
faca1d0, 03-04-2016, 2048, 9.91
faca1d0, 03-04-2016, 4096, 10.10
faca1d0, 03-04-2016, 8192, 15.44
faca1d0, 03-04-2016, 16384, 17.73
faca1d0, 03-04-2016, 32768, 26.74
faca1d0, 03-04-2016, 65536, 31.78
faca1d0, 03-04-2016, 131072, 57.63
faca1d0, 03-04-2016, 262144, 102.80
faca1d0, 03-04-2016, 524288, 154.14
faca1d0, 03-04-2016, 1048576, 460.53
faca1d0, 03-04-2016, 2097152, 1183.11
faca1d0, 03-04-2016, 4194304, 2633.40
d0ddc25, 04-04-2016, 1, 8.18
d0ddc25, 04-04-2016, 2, 7.92
d0ddc25, 04-04-2016, 4, 7.85
d0ddc25, 04-04-2016, 8, 7.84
d0ddc25, 04-04-2016, 16, 7.84
d0ddc25, 04-04-2016, 32, 7.86
d0ddc25, 04-04-2016, 64, 7.87
d0ddc25, 04-04-2016, 128, 7.90
d0ddc25, 04-04-2016, 256, 7.99
d0ddc25, 04-04-2016, 512, 8.06
d0ddc25, 04-04-2016, 1024, 8.43
d0ddc25, 04-04-2016, 2048, 8.83
d0ddc25, 04-04-2016, 4096, 9.73
d0ddc25, 04-04-2016, 8192, 14.31
d0ddc25, 04-04-2016, 16384, 16.84
d0ddc25, 04-04-2016, 32768, 22.78
d0ddc25, 04-04-2016, 65536, 31.55
d0ddc25, 04-04-2016, 131072, 57.57
d0ddc25, 04-04-2016, 262144, 86.30
d0ddc25, 04-04-2016, 524288, 154.53
d0ddc25, 04-04-2016, 1048576, 461.86
d0ddc25, 04-04-2016, 2097152, 1183.94
d0ddc25, 04-04-2016, 4194304, 2655.43
2fef88c, 05-04-2016, 1, 8.54
2fef88c, 05-04-2016, 2, 8.36
2fef88c, 05-04-2016, 4, 8.31
2fef88c, 05-04-2016, 8, 8.24
2fef88c, 05-04-2016, 16, 8.22
2fef88c, 05-04-2016, 32, 8.30
2fef88c, 05-04-2016, 64, 8.38
2fef88c, 05-04-2016, 128, 8.31
2fef88c, 05-04-2016, 256, 8.37
2fef88c, 05-04-2016, 512, 8.61
2fef88c, 05-04-2016, 1024, 8.87
2fef88c, 05-04-2016, 2048, 9.32
2fef88c, 05-04-2016, 4096, 10.30
2fef88c, 05-04-2016, 8192, 15.46
2fef88c, 05-04-2016, 16384, 18.12
2fef88c, 05-04-2016, 32768, 22.77
2fef88c, 05-04-2016, 65536, 32.24
2fef88c, 05-04-2016, 131072, 58.32
2fef88c, 05-04-2016, 262144, 87.42
2fef88c, 05-04-2016, 524288, 154.63
2fef88c, 05-04-2016, 1048576, 463.22
2fef88c, 05-04-2016, 2097152, 1189.01
2fef88c, 05-04-2016, 4194304, 2648.69
2fef88c, 06-04-2016, 1, 8.06
2fef88c, 06-04-2016, 2, 7.82
2fef88c, 06-04-2016, 4, 7.73
2fef88c, 06-04-2016, 8, 7.73
2fef88c, 06-04-2016, 16, 7.72
2fef88c, 06-04-2016, 32, 7.74
2fef88c, 06-04-2016, 64, 7.75
2fef88c, 06-04-2016, 128, 7.76
2fef88c, 06-04-2016, 256, 7.85
2fef88c, 06-04-2016, 512, 7.91
2fef88c, 06-04-2016, 1024, 8.24
2fef88c, 06-04-2016, 2048, 8.89
2fef88c, 06-04-2016, 4096, 9.59
2fef88c, 06-04-2016, 8192, 14.11
2fef88c, 06-04-2016, 16384, 16.81
2fef88c, 06-04-2016, 32768, 21.63
2fef88c, 06-04-2016, 65536, 31.26
2fef88c, 06-04-2016, 131072, 56.68
2fef88c, 06-04-2016, 262144, 85.74
2fef88c, 06-04-2016, 524288, 153.17
2fef88c, 06-04-2016, 1048576, 456.98
2fef88c, 06-04-2016, 2097152, 1169.90
2fef88c, 06-04-2016, 4194304, 2631.41
329561a, 07-04-2016, 1, 8.03
329561a, 07-04-2016, 2, 7.77
329561a, 07-04-2016, 4, 7.73
329561a, 07-04-2016, 8, 7.75
329561a, 07-04-2016, 16, 7.77
329561a, 07-04-2016, 32, 7.79
329561a, 07-04-2016, 64, 7.80
329561a, 07-04-2016, 128, 7.80
329561a, 07-04-2016, 256, 7.87
329561a, 07-04-2016, 512, 7.94
329561a, 07-04-2016, 1024, 8.27
329561a, 07-04-2016, 2048, 8.70
329561a, 07-04-2016, 4096, 9.60
329561a, 07-04-2016, 8192, 14.11
329561a, 07-04-2016, 16384, 16.68
329561a, 07-04-2016, 32768, 21.54
329561a, 07-04-2016, 65536, 31.16
329561a, 07-04-2016, 131072, 56.27
329561a, 07-04-2016, 262144, 85.96
329561a, 07-04-2016, 524288, 153.17
329561a, 07-04-2016, 1048576, 458.58
329561a, 07-04-2016, 2097152, 1171.34
329561a, 07-04-2016, 4194304, 2627.73
187bd93, 08-04-2016, 1, 8.80
187bd93, 08-04-2016, 2, 9.32
187bd93, 08-04-2016, 4, 9.22
187bd93, 08-04-2016, 8, 8.18
187bd93, 08-04-2016, 16, 8.37
187bd93, 08-04-2016, 32, 11.53
187bd93, 08-04-2016, 64, 9.17
187bd93, 08-04-2016, 128, 9.42
187bd93, 08-04-2016, 256, 8.64
187bd93, 08-04-2016, 512, 8.39
187bd93, 08-04-2016, 1024, 8.76
187bd93, 08-04-2016, 2048, 10.95
187bd93, 08-04-2016, 4096, 16.13
187bd93, 08-04-2016, 8192, 21.89
187bd93, 08-04-2016, 16384, 22.76
187bd93, 08-04-2016, 32768, 25.91
187bd93, 08-04-2016, 65536, 31.75
187bd93, 08-04-2016, 131072, 56.65
187bd93, 08-04-2016, 262144, 86.24
187bd93, 08-04-2016, 524288, 154.53
187bd93, 08-04-2016, 1048576, 460.75
187bd93, 08-04-2016, 2097152, 1185.60
187bd93, 08-04-2016, 4194304, 2656.26
187bd93, 09-04-2016, 1, 8.06
187bd93, 09-04-2016, 2, 7.84
187bd93, 09-04-2016, 4, 7.81
187bd93, 09-04-2016, 8, 7.79
187bd93, 09-04-2016, 16, 8.05
187bd93, 09-04-2016, 32, 8.29
187bd93, 09-04-2016, 64, 8.28
187bd93, 09-04-2016, 128, 8.30
187bd93, 09-04-2016, 256, 8.39
187bd93, 09-04-2016, 512, 8.46
187bd93, 09-04-2016, 1024, 8.70
187bd93, 09-04-2016, 2048, 9.02
187bd93, 09-04-2016, 4096, 9.95
187bd93, 09-04-2016, 8192, 14.28
187bd93, 09-04-2016, 16384, 16.62
187bd93, 09-04-2016, 32768, 21.76
187bd93, 09-04-2016, 65536, 31.13
187bd93, 09-04-2016, 131072, 56.70
187bd93, 09-04-2016, 262144, 85.83
187bd93, 09-04-2016, 524288, 154.14
187bd93, 09-04-2016, 1048576, 457.13
187bd93, 09-04-2016, 2097152, 1170.18
187bd93, 09-04-2016, 4194304, 2630.08
347caf0, 11-04-2016, 1, 9.85
347caf0, 11-04-2016, 2, 9.20
347caf0, 11-04-2016, 4, 9.35
347caf0, 11-04-2016, 8, 9.19
347caf0, 11-04-2016, 16, 10.45
347caf0, 11-04-2016, 32, 9.41
347caf0, 11-04-2016, 64, 9.08
347caf0, 11-04-2016, 128, 9.73
347caf0, 11-04-2016, 256, 9.60
347caf0, 11-04-2016, 512, 8.72
347caf0, 11-04-2016, 1024, 9.93
347caf0, 11-04-2016, 2048, 9.82
347caf0, 11-04-2016, 4096, 11.34
347caf0, 11-04-2016, 8192, 16.39
347caf0, 11-04-2016, 16384, 18.29
347caf0, 11-04-2016, 32768, 22.59
347caf0, 11-04-2016, 65536, 32.69
347caf0, 11-04-2016, 131072, 61.78
347caf0, 11-04-2016, 262144, 87.55
347caf0, 11-04-2016, 524288, 165.19
347caf0, 11-04-2016, 1048576, 488.58
347caf0, 11-04-2016, 2097152, 1202.23
347caf0, 11-04-2016, 4194304, 2699.91
347caf0, 12-04-2016, 1, 8.01
347caf0, 12-04-2016, 2, 7.82
347caf0, 12-04-2016, 4, 7.75
347caf0, 12-04-2016, 8, 7.79
347caf0, 12-04-2016, 16, 7.75
347caf0, 12-04-2016, 32, 7.78
347caf0, 12-04-2016, 64, 7.77
347caf0, 12-04-2016, 128, 7.76
347caf0, 12-04-2016, 256, 7.85
347caf0, 12-04-2016, 512, 7.93
347caf0, 12-04-2016, 1024, 8.27
347caf0, 12-04-2016, 2048, 8.68
347caf0, 12-04-2016, 4096, 9.65
347caf0, 12-04-2016, 8192, 14.34
347caf0, 12-04-2016, 16384, 17.16
347caf0, 12-04-2016, 32768, 22.01
347caf0, 12-04-2016, 65536, 31.27
347caf0, 12-04-2016, 131072, 56.42
347caf0, 12-04-2016, 262144, 85.96
347caf0, 12-04-2016, 524288, 153.92
347caf0, 12-04-2016, 1048576, 457.28
347caf0, 12-04-2016, 2097152, 1170.76
347caf0, 12-04-2016, 4194304, 2625.47
347caf0, 13-04-2016, 1, 8.05
347caf0, 13-04-2016, 2, 7.78
347caf0, 13-04-2016, 4, 7.78
347caf0, 13-04-2016, 8, 7.77
347caf0, 13-04-2016, 16, 7.74
347caf0, 13-04-2016, 32, 7.78
347caf0, 13-04-2016, 64, 7.79
347caf0, 13-04-2016, 128, 7.79
347caf0, 13-04-2016, 256, 7.85
347caf0, 13-04-2016, 512, 7.92
347caf0, 13-04-2016, 1024, 8.31
347caf0, 13-04-2016, 2048, 8.72
347caf0, 13-04-2016, 4096, 9.61
347caf0, 13-04-2016, 8192, 14.12
347caf0, 13-04-2016, 16384, 16.72
347caf0, 13-04-2016, 32768, 21.50
347caf0, 13-04-2016, 65536, 31.49
347caf0, 13-04-2016, 131072, 57.19
347caf0, 13-04-2016, 262144, 85.99
347caf0, 13-04-2016, 524288, 153.92
347caf0, 13-04-2016, 1048576, 457.61
347caf0, 13-04-2016, 2097152, 1171.39
347caf0, 13-04-2016, 4194304, 2630.52
347caf0, 13-04-2016, 1, 8.08
347caf0, 13-04-2016, 2, 7.80
347caf0, 13-04-2016, 4, 7.73
347caf0, 13-04-2016, 8, 7.71
347caf0, 13-04-2016, 16, 7.73
347caf0, 13-04-2016, 32, 7.75
347caf0, 13-04-2016, 64, 7.77
347caf0, 13-04-2016, 128, 7.76
347caf0, 13-04-2016, 256, 7.82
347caf0, 13-04-2016, 512, 7.90
347caf0, 13-04-2016, 1024, 8.25
347caf0, 13-04-2016, 2048, 8.67
347caf0, 13-04-2016, 4096, 9.64
347caf0, 13-04-2016, 8192, 14.27
347caf0, 13-04-2016, 16384, 16.67
347caf0, 13-04-2016, 32768, 21.95
347caf0, 13-04-2016, 65536, 31.05
347caf0, 13-04-2016, 131072, 57.34
347caf0, 13-04-2016, 262144, 85.85
347caf0, 13-04-2016, 524288, 153.22
347caf0, 13-04-2016, 1048576, 457.11
347caf0, 13-04-2016, 2097152, 1170.71
347caf0, 13-04-2016, 4194304, 2627.47
83e1769, 14-04-2016, 1, 8.11
83e1769, 14-04-2016, 2, 7.80
83e1769, 14-04-2016, 4, 7.73
83e1769, 14-04-2016, 8, 7.77
83e1769, 14-04-2016, 16, 7.77
83e1769, 14-04-2016, 32, 7.77
83e1769, 14-04-2016, 64, 7.77
83e1769, 14-04-2016, 128, 7.78
83e1769, 14-04-2016, 256, 7.84
83e1769, 14-04-2016, 512, 7.92
83e1769, 14-04-2016, 1024, 8.25
83e1769, 14-04-2016, 2048, 8.67
83e1769, 14-04-2016, 4096, 9.62
83e1769, 14-04-2016, 8192, 14.19
83e1769, 14-04-2016, 16384, 16.70
83e1769, 14-04-2016, 32768, 21.46
83e1769, 14-04-2016, 65536, 30.18
83e1769, 14-04-2016, 131072, 57.78
83e1769, 14-04-2016, 262144, 85.84
83e1769, 14-04-2016, 524288, 153.37
83e1769, 14-04-2016, 1048576, 459.99
83e1769, 14-04-2016, 2097152, 1184.02
83e1769, 14-04-2016, 4194304, 2656.16
4deadba, 21-04-2016, 1, 7.77
4deadba, 21-04-2016, 2, 7.68
4deadba, 21-04-2016, 4, 7.68
4deadba, 21-04-2016, 8, 7.68
4deadba, 21-04-2016, 16, 7.69
4deadba, 21-04-2016, 32, 7.68
4deadba, 21-04-2016, 64, 7.71
4deadba, 21-04-2016, 128, 7.79
4deadba, 21-04-2016, 256, 7.79
4deadba, 21-04-2016, 512, 7.89
4deadba, 21-04-2016, 1024, 8.37
4deadba, 21-04-2016, 2048, 8.75
4deadba, 21-04-2016, 4096, 9.63
4deadba, 21-04-2016, 8192, 14.04
4deadba, 21-04-2016, 16384, 16.52
4deadba, 21-04-2016, 32768, 21.26
4deadba, 21-04-2016, 65536, 30.89
4deadba, 21-04-2016, 131072, 57.52
4deadba, 21-04-2016, 262144, 85.66
4deadba, 21-04-2016, 524288, 153.46
4deadba, 21-04-2016, 1048576, 458.55
4deadba, 21-04-2016, 2097152, 1177.46
4deadba, 21-04-2016, 4194304, 2653.34
e31e052, 23-04-2016, 1, 7.77
e31e052, 23-04-2016, 2, 7.74
e31e052, 23-04-2016, 4, 7.73
e31e052, 23-04-2016, 8, 7.72
e31e052, 23-04-2016, 16, 7.74
e31e052, 23-04-2016, 32, 7.75
e31e052, 23-04-2016, 64, 7.77
e31e052, 23-04-2016, 128, 7.80
e31e052, 23-04-2016, 256, 7.83
e31e052, 23-04-2016, 512, 7.95
e31e052, 23-04-2016, 1024, 8.41
e31e052, 23-04-2016, 2048, 8.82
e31e052, 23-04-2016, 4096, 9.67
e31e052, 23-04-2016, 8192, 14.12
e31e052, 23-04-2016, 16384, 16.96
e31e052, 23-04-2016, 32768, 21.41
e31e052, 23-04-2016, 65536, 30.67
e31e052, 23-04-2016, 131072, 56.71
e31e052, 23-04-2016, 262144, 85.47
e31e052, 23-04-2016, 524288, 153.06
e31e052, 23-04-2016, 1048576, 459.95
e31e052, 23-04-2016, 2097152, 1182.60
e31e052, 23-04-2016, 4194304, 2658.04
66c6f1e, 24-04-2016, 1, 7.76
66c6f1e, 24-04-2016, 2, 7.66
66c6f1e, 24-04-2016, 4, 7.68
66c6f1e, 24-04-2016, 8, 7.67
66c6f1e, 24-04-2016, 16, 7.66
66c6f1e, 24-04-2016, 32, 7.69
66c6f1e, 24-04-2016, 64, 7.68
66c6f1e, 24-04-2016, 128, 7.74
66c6f1e, 24-04-2016, 256, 7.77
66c6f1e, 24-04-2016, 512, 7.81
66c6f1e, 24-04-2016, 1024, 8.19
66c6f1e, 24-04-2016, 2048, 8.62
66c6f1e, 24-04-2016, 4096, 9.57
66c6f1e, 24-04-2016, 8192, 14.03
66c6f1e, 24-04-2016, 16384, 16.72
66c6f1e, 24-04-2016, 32768, 21.17
66c6f1e, 24-04-2016, 65536, 30.26
66c6f1e, 24-04-2016, 131072, 57.43
66c6f1e, 24-04-2016, 262144, 85.68
66c6f1e, 24-04-2016, 524288, 153.72
66c6f1e, 24-04-2016, 1048576, 458.44
66c6f1e, 24-04-2016, 2097152, 1172.61
66c6f1e, 24-04-2016, 4194304, 2635.22
66c6f1e, 25-04-2016, 1, 8.44
66c6f1e, 25-04-2016, 2, 8.44
66c6f1e, 25-04-2016, 4, 8.32
66c6f1e, 25-04-2016, 8, 8.34
66c6f1e, 25-04-2016, 16, 8.45
66c6f1e, 25-04-2016, 32, 8.58
66c6f1e, 25-04-2016, 64, 8.51
66c6f1e, 25-04-2016, 128, 8.71
66c6f1e, 25-04-2016, 256, 8.61
66c6f1e, 25-04-2016, 512, 8.81
66c6f1e, 25-04-2016, 1024, 9.12
66c6f1e, 25-04-2016, 2048, 9.78
66c6f1e, 25-04-2016, 4096, 10.72
66c6f1e, 25-04-2016, 8192, 15.55
66c6f1e, 25-04-2016, 16384, 18.79
66c6f1e, 25-04-2016, 32768, 25.74
66c6f1e, 25-04-2016, 65536, 31.86
66c6f1e, 25-04-2016, 131072, 57.27
66c6f1e, 25-04-2016, 262144, 95.09
66c6f1e, 25-04-2016, 524288, 158.67
66c6f1e, 25-04-2016, 1048576, 483.74
66c6f1e, 25-04-2016, 2097152, 1251.55
66c6f1e, 25-04-2016, 4194304, 2736.84
a360618, 27-04-2016, 1, 7.75
a360618, 27-04-2016, 2, 7.69
a360618, 27-04-2016, 4, 7.73
a360618, 27-04-2016, 8, 7.72
a360618, 27-04-2016, 16, 7.73
a360618, 27-04-2016, 32, 7.76
a360618, 27-04-2016, 64, 7.77
a360618, 27-04-2016, 128, 7.81
a360618, 27-04-2016, 256, 7.87
a360618, 27-04-2016, 512, 7.92
a360618, 27-04-2016, 1024, 8.28
a360618, 27-04-2016, 2048, 8.67
a360618, 27-04-2016, 4096, 9.57
a360618, 27-04-2016, 8192, 14.09
a360618, 27-04-2016, 16384, 16.65
a360618, 27-04-2016, 32768, 21.10
a360618, 27-04-2016, 65536, 30.84
a360618, 27-04-2016, 131072, 57.03
a360618, 27-04-2016, 262144, 85.56
a360618, 27-04-2016, 524288, 152.95
a360618, 27-04-2016, 1048576, 459.47
a360618, 27-04-2016, 2097152, 1180.52
a360618, 27-04-2016, 4194304, 2653.76
1f71923, 28-04-2016, 1, 7.74
1f71923, 28-04-2016, 2, 7.72
1f71923, 28-04-2016, 4, 7.68
1f71923, 28-04-2016, 8, 7.70
1f71923, 28-04-2016, 16, 7.67
1f71923, 28-04-2016, 32, 7.71
1f71923, 28-04-2016, 64, 7.74
1f71923, 28-04-2016, 128, 7.77
1f71923, 28-04-2016, 256, 7.81
1f71923, 28-04-2016, 512, 7.90
1f71923, 28-04-2016, 1024, 8.26
1f71923, 28-04-2016, 2048, 8.64
1f71923, 28-04-2016, 4096, 9.56
1f71923, 28-04-2016, 8192, 14.09
1f71923, 28-04-2016, 16384, 16.62
1f71923, 28-04-2016, 32768, 20.98
1f71923, 28-04-2016, 65536, 30.11
1f71923, 28-04-2016, 131072, 57.74
1f71923, 28-04-2016, 262144, 85.85
1f71923, 28-04-2016, 524288, 153.05
1f71923, 28-04-2016, 1048576, 456.09
1f71923, 28-04-2016, 2097152, 1170.72
1f71923, 28-04-2016, 4194304, 2629.40
1f71923, 29-04-2016, 1, 7.80
1f71923, 29-04-2016, 2, 7.77
1f71923, 29-04-2016, 4, 7.73
1f71923, 29-04-2016, 8, 7.71
1f71923, 29-04-2016, 16, 7.70
1f71923, 29-04-2016, 32, 7.72
1f71923, 29-04-2016, 64, 7.74
1f71923, 29-04-2016, 128, 7.75
1f71923, 29-04-2016, 256, 7.80
1f71923, 29-04-2016, 512, 7.87
1f71923, 29-04-2016, 1024, 8.27
1f71923, 29-04-2016, 2048, 8.68
1f71923, 29-04-2016, 4096, 9.63
1f71923, 29-04-2016, 8192, 14.08
1f71923, 29-04-2016, 16384, 16.73
1f71923, 29-04-2016, 32768, 21.02
1f71923, 29-04-2016, 65536, 30.44
1f71923, 29-04-2016, 131072, 57.81
1f71923, 29-04-2016, 262144, 86.56
1f71923, 29-04-2016, 524288, 154.01
1f71923, 29-04-2016, 1048576, 459.14
1f71923, 29-04-2016, 2097152, 1179.16
1f71923, 29-04-2016, 4194304, 2648.19
8ac768e, 30-04-2016, 1, 8.10
8ac768e, 30-04-2016, 2, 7.78
8ac768e, 30-04-2016, 4, 7.79
8ac768e, 30-04-2016, 8, 7.74
8ac768e, 30-04-2016, 16, 7.75
8ac768e, 30-04-2016, 32, 7.79
8ac768e, 30-04-2016, 64, 7.80
8ac768e, 30-04-2016, 128, 7.82
8ac768e, 30-04-2016, 256, 7.93
8ac768e, 30-04-2016, 512, 7.95
8ac768e, 30-04-2016, 1024, 8.36
8ac768e, 30-04-2016, 2048, 8.81
8ac768e, 30-04-2016, 4096, 9.74
8ac768e, 30-04-2016, 8192, 14.21
8ac768e, 30-04-2016, 16384, 16.64
8ac768e, 30-04-2016, 32768, 21.10
8ac768e, 30-04-2016, 65536, 30.67
8ac768e, 30-04-2016, 131072, 57.99
8ac768e, 30-04-2016, 262144, 86.10
8ac768e, 30-04-2016, 524288, 153.43
8ac768e, 30-04-2016, 1048576, 456.73
8ac768e, 30-04-2016, 2097152, 1168.69
8ac768e, 30-04-2016, 4194304, 2847.57
8ac768e, 01-05-2016, 1, 7.88
8ac768e, 01-05-2016, 2, 7.78
8ac768e, 01-05-2016, 4, 7.75
8ac768e, 01-05-2016, 8, 7.71
8ac768e, 01-05-2016, 16, 7.69
8ac768e, 01-05-2016, 32, 7.74
8ac768e, 01-05-2016, 64, 7.73
8ac768e, 01-05-2016, 128, 7.77
8ac768e, 01-05-2016, 256, 7.81
8ac768e, 01-05-2016, 512, 7.87
8ac768e, 01-05-2016, 1024, 8.28
8ac768e, 01-05-2016, 2048, 8.65
8ac768e, 01-05-2016, 4096, 9.56
8ac768e, 01-05-2016, 8192, 14.13
8ac768e, 01-05-2016, 16384, 16.51
8ac768e, 01-05-2016, 32768, 21.13
8ac768e, 01-05-2016, 65536, 30.50
8ac768e, 01-05-2016, 131072, 57.82
8ac768e, 01-05-2016, 262144, 85.71
8ac768e, 01-05-2016, 524288, 153.36
8ac768e, 01-05-2016, 1048576, 456.30
8ac768e, 01-05-2016, 2097152, 1169.35
8ac768e, 01-05-2016, 4194304, 2629.11
8ac768e, 02-05-2016, 1, 20.24
8ac768e, 02-05-2016, 2, 13.50
8ac768e, 02-05-2016, 4, 11.12
8ac768e, 02-05-2016, 8, 10.42
8ac768e, 02-05-2016, 16, 11.02
8ac768e, 02-05-2016, 32, 12.69
8ac768e, 02-05-2016, 64, 12.71
8ac768e, 02-05-2016, 128, 11.85
8ac768e, 02-05-2016, 256, 11.97
8ac768e, 02-05-2016, 512, 12.16
8ac768e, 02-05-2016, 1024, 12.46
8ac768e, 02-05-2016, 2048, 15.17
8ac768e, 02-05-2016, 4096, 23.24
8ac768e, 02-05-2016, 8192, 28.99
8ac768e, 02-05-2016, 16384, 31.58
8ac768e, 02-05-2016, 32768, 27.18
8ac768e, 02-05-2016, 65536, 42.85
8ac768e, 02-05-2016, 131072, 77.56
8ac768e, 02-05-2016, 262144, 267.80
8ac768e, 02-05-2016, 524288, 249.70
8ac768e, 02-05-2016, 1048576, 487.59
8ac768e, 02-05-2016, 2097152, 1279.35
8ac768e, 02-05-2016, 4194304, 2895.57
195eabb, 03-05-2016, 1, 7.86
195eabb, 03-05-2016, 2, 7.75
195eabb, 03-05-2016, 4, 7.69
195eabb, 03-05-2016, 8, 7.68
195eabb, 03-05-2016, 16, 7.69
195eabb, 03-05-2016, 32, 7.69
195eabb, 03-05-2016, 64, 7.73
195eabb, 03-05-2016, 128, 7.76
195eabb, 03-05-2016, 256, 7.81
195eabb, 03-05-2016, 512, 7.85
195eabb, 03-05-2016, 1024, 8.27
195eabb, 03-05-2016, 2048, 8.69
195eabb, 03-05-2016, 4096, 9.59
195eabb, 03-05-2016, 8192, 14.16
195eabb, 03-05-2016, 16384, 16.86
195eabb, 03-05-2016, 32768, 21.74
195eabb, 03-05-2016, 65536, 31.01
195eabb, 03-05-2016, 131072, 56.55
195eabb, 03-05-2016, 262144, 85.63
195eabb, 03-05-2016, 524288, 153.21
195eabb, 03-05-2016, 1048576, 458.53
195eabb, 03-05-2016, 2097152, 1177.38
195eabb, 03-05-2016, 4194304, 2648.47
d3b42ee, 04-05-2016, 1, 7.91
d3b42ee, 04-05-2016, 2, 7.78
d3b42ee, 04-05-2016, 4, 7.70
d3b42ee, 04-05-2016, 8, 7.67
d3b42ee, 04-05-2016, 16, 7.64
d3b42ee, 04-05-2016, 32, 7.66
d3b42ee, 04-05-2016, 64, 7.66
d3b42ee, 04-05-2016, 128, 7.71
d3b42ee, 04-05-2016, 256, 7.78
d3b42ee, 04-05-2016, 512, 7.81
d3b42ee, 04-05-2016, 1024, 8.21
d3b42ee, 04-05-2016, 2048, 8.65
d3b42ee, 04-05-2016, 4096, 9.62
d3b42ee, 04-05-2016, 8192, 14.11
d3b42ee, 04-05-2016, 16384, 16.72
d3b42ee, 04-05-2016, 32768, 21.90
d3b42ee, 04-05-2016, 65536, 30.61
d3b42ee, 04-05-2016, 131072, 56.43
d3b42ee, 04-05-2016, 262144, 85.84
d3b42ee, 04-05-2016, 524288, 153.21
d3b42ee, 04-05-2016, 1048576, 457.78
d3b42ee, 04-05-2016, 2097152, 1169.41
d3b42ee, 04-05-2016, 4194304, 2626.32
ae974a4, 05-05-2016, 1, 7.82
ae974a4, 05-05-2016, 2, 7.69
ae974a4, 05-05-2016, 4, 7.67
ae974a4, 05-05-2016, 8, 7.68
ae974a4, 05-05-2016, 16, 7.67
ae974a4, 05-05-2016, 32, 7.67
ae974a4, 05-05-2016, 64, 7.68
ae974a4, 05-05-2016, 128, 7.75
ae974a4, 05-05-2016, 256, 7.77
ae974a4, 05-05-2016, 512, 7.84
ae974a4, 05-05-2016, 1024, 8.21
ae974a4, 05-05-2016, 2048, 8.63
ae974a4, 05-05-2016, 4096, 9.57
ae974a4, 05-05-2016, 8192, 14.08
ae974a4, 05-05-2016, 16384, 16.82
ae974a4, 05-05-2016, 32768, 21.01
ae974a4, 05-05-2016, 65536, 30.64
ae974a4, 05-05-2016, 131072, 56.66
ae974a4, 05-05-2016, 262144, 85.78
ae974a4, 05-05-2016, 524288, 153.41
ae974a4, 05-05-2016, 1048576, 457.88
ae974a4, 05-05-2016, 2097152, 1172.06
ae974a4, 05-05-2016, 4194304, 2636.66
0282595, 06-05-2016, 1, 7.83
0282595, 06-05-2016, 2, 7.70
0282595, 06-05-2016, 4, 7.69
0282595, 06-05-2016, 8, 7.67
0282595, 06-05-2016, 16, 7.68
0282595, 06-05-2016, 32, 7.68
0282595, 06-05-2016, 64, 7.68
0282595, 06-05-2016, 128, 7.73
0282595, 06-05-2016, 256, 7.78
0282595, 06-05-2016, 512, 7.86
0282595, 06-05-2016, 1024, 8.25
0282595, 06-05-2016, 2048, 8.63
0282595, 06-05-2016, 4096, 9.53
0282595, 06-05-2016, 8192, 14.15
0282595, 06-05-2016, 16384, 16.55
0282595, 06-05-2016, 32768, 21.24
0282595, 06-05-2016, 65536, 30.77
0282595, 06-05-2016, 131072, 56.50
0282595, 06-05-2016, 262144, 85.91
0282595, 06-05-2016, 524288, 153.10
0282595, 06-05-2016, 1048576, 456.46
0282595, 06-05-2016, 2097152, 1170.11
0282595, 06-05-2016, 4194304, 2640.58
2458685, 07-05-2016, 1, 9.04
2458685, 07-05-2016, 2, 8.48
2458685, 07-05-2016, 4, 8.46
2458685, 07-05-2016, 8, 8.69
2458685, 07-05-2016, 16, 8.60
2458685, 07-05-2016, 32, 10.81
2458685, 07-05-2016, 64, 10.14
2458685, 07-05-2016, 128, 8.95
2458685, 07-05-2016, 256, 10.20
2458685, 07-05-2016, 512, 11.21
2458685, 07-05-2016, 1024, 9.10
2458685, 07-05-2016, 2048, 10.49
2458685, 07-05-2016, 4096, 11.59
2458685, 07-05-2016, 8192, 15.73
2458685, 07-05-2016, 16384, 18.56
2458685, 07-05-2016, 32768, 31.14
2458685, 07-05-2016, 65536, 36.47
2458685, 07-05-2016, 131072, 64.26
2458685, 07-05-2016, 262144, 97.79
2458685, 07-05-2016, 524288, 157.20
2458685, 07-05-2016, 1048576, 472.90
2458685, 07-05-2016, 2097152, 1205.52
2458685, 07-05-2016, 4194304, 2768.98
a497393, 10-05-2016, 1, 7.80
a497393, 10-05-2016, 2, 7.70
a497393, 10-05-2016, 4, 7.61
a497393, 10-05-2016, 8, 7.63
a497393, 10-05-2016, 16, 7.70
a497393, 10-05-2016, 32, 7.64
a497393, 10-05-2016, 64, 7.66
a497393, 10-05-2016, 128, 7.66
a497393, 10-05-2016, 256, 7.65
a497393, 10-05-2016, 512, 7.72
a497393, 10-05-2016, 1024, 8.14
a497393, 10-05-2016, 2048, 8.51
a497393, 10-05-2016, 4096, 9.41
a497393, 10-05-2016, 8192, 14.08
a497393, 10-05-2016, 16384, 16.45
a497393, 10-05-2016, 32768, 21.05
a497393, 10-05-2016, 65536, 30.24
a497393, 10-05-2016, 131072, 57.39
a497393, 10-05-2016, 262144, 86.22
a497393, 10-05-2016, 524288, 152.94
a497393, 10-05-2016, 1048576, 456.46
a497393, 10-05-2016, 2097152, 1167.12
a497393, 10-05-2016, 4194304, 2624.41
fbee2ee, 11-05-2016, 1, 10.41
fbee2ee, 11-05-2016, 2, 10.03
fbee2ee, 11-05-2016, 4, 9.43
fbee2ee, 11-05-2016, 8, 10.08
fbee2ee, 11-05-2016, 16, 10.03
fbee2ee, 11-05-2016, 32, 9.96
fbee2ee, 11-05-2016, 64, 9.92
fbee2ee, 11-05-2016, 128, 9.76
fbee2ee, 11-05-2016, 256, 10.19
fbee2ee, 11-05-2016, 512, 11.33
fbee2ee, 11-05-2016, 1024, 12.21
fbee2ee, 11-05-2016, 2048, 12.74
fbee2ee, 11-05-2016, 4096, 17.03
fbee2ee, 11-05-2016, 8192, 31.27
fbee2ee, 11-05-2016, 16384, 27.51
fbee2ee, 11-05-2016, 32768, 33.46
fbee2ee, 11-05-2016, 65536, 53.77
fbee2ee, 11-05-2016, 131072, 78.75
fbee2ee, 11-05-2016, 262144, 185.36
fbee2ee, 11-05-2016, 524288, 409.88
fbee2ee, 11-05-2016, 1048576, 816.30
fbee2ee, 11-05-2016, 2097152, 1305.56
fbee2ee, 11-05-2016, 4194304, 2677.68
1c0e89a, 12-05-2016, 1, 7.96
1c0e89a, 12-05-2016, 2, 7.83
1c0e89a, 12-05-2016, 4, 7.75
1c0e89a, 12-05-2016, 8, 7.78
1c0e89a, 12-05-2016, 16, 7.76
1c0e89a, 12-05-2016, 32, 7.78
1c0e89a, 12-05-2016, 64, 7.77
1c0e89a, 12-05-2016, 128, 7.77
1c0e89a, 12-05-2016, 256, 7.82
1c0e89a, 12-05-2016, 512, 7.89
1c0e89a, 12-05-2016, 1024, 8.23
1c0e89a, 12-05-2016, 2048, 8.64
1c0e89a, 12-05-2016, 4096, 9.56
1c0e89a, 12-05-2016, 8192, 14.14
1c0e89a, 12-05-2016, 16384, 16.21
1c0e89a, 12-05-2016, 32768, 21.31
1c0e89a, 12-05-2016, 65536, 31.05
1c0e89a, 12-05-2016, 131072, 50.92
1c0e89a, 12-05-2016, 262144, 87.89
1c0e89a, 12-05-2016, 524288, 155.29
1c0e89a, 12-05-2016, 1048576, 482.10
1c0e89a, 12-05-2016, 2097152, 1213.12
1c0e89a, 12-05-2016, 4194304, 2645.45
a23877b, 13-05-2016, 1, 7.86
a23877b, 13-05-2016, 2, 7.67
a23877b, 13-05-2016, 4, 7.68
a23877b, 13-05-2016, 8, 7.68
a23877b, 13-05-2016, 16, 7.69
a23877b, 13-05-2016, 32, 7.71
a23877b, 13-05-2016, 64, 7.73
a23877b, 13-05-2016, 128, 7.77
a23877b, 13-05-2016, 256, 7.82
a23877b, 13-05-2016, 512, 7.90
a23877b, 13-05-2016, 1024, 8.21
a23877b, 13-05-2016, 2048, 8.61
a23877b, 13-05-2016, 4096, 9.46
a23877b, 13-05-2016, 8192, 13.98
a23877b, 13-05-2016, 16384, 16.17
a23877b, 13-05-2016, 32768, 20.54
a23877b, 13-05-2016, 65536, 29.88
a23877b, 13-05-2016, 131072, 51.45
a23877b, 13-05-2016, 262144, 86.60
a23877b, 13-05-2016, 524288, 154.90
a23877b, 13-05-2016, 1048576, 482.39
a23877b, 13-05-2016, 2097152, 1211.51
a23877b, 13-05-2016, 4194304, 2636.87
b60677b, 14-05-2016, 1, 11.69
b60677b, 14-05-2016, 2, 10.33
b60677b, 14-05-2016, 4, 10.62
b60677b, 14-05-2016, 8, 13.77
b60677b, 14-05-2016, 16, 11.27
b60677b, 14-05-2016, 32, 13.14
b60677b, 14-05-2016, 64, 10.86
b60677b, 14-05-2016, 128, 13.27
b60677b, 14-05-2016, 256, 11.47
b60677b, 14-05-2016, 512, 12.35
b60677b, 14-05-2016, 1024, 14.50
b60677b, 14-05-2016, 2048, 14.23
b60677b, 14-05-2016, 4096, 22.47
b60677b, 14-05-2016, 8192, 31.17
b60677b, 14-05-2016, 16384, 79.95
b60677b, 14-05-2016, 32768, 97.30
b60677b, 14-05-2016, 65536, 111.83
b60677b, 14-05-2016, 131072, 118.83
b60677b, 14-05-2016, 262144, 184.86
b60677b, 14-05-2016, 524288, 240.28
b60677b, 14-05-2016, 1048576, 538.05
b60677b, 14-05-2016, 2097152, 1356.84
b60677b, 14-05-2016, 4194304, 2788.46
9b04306, 15-05-2016, 1, 8.49
9b04306, 15-05-2016, 2, 8.72
9b04306, 15-05-2016, 4, 8.27
9b04306, 15-05-2016, 8, 8.65
9b04306, 15-05-2016, 16, 8.15
9b04306, 15-05-2016, 32, 8.21
9b04306, 15-05-2016, 64, 8.26
9b04306, 15-05-2016, 128, 8.31
9b04306, 15-05-2016, 256, 8.78
9b04306, 15-05-2016, 512, 9.08
9b04306, 15-05-2016, 1024, 8.80
9b04306, 15-05-2016, 2048, 9.16
9b04306, 15-05-2016, 4096, 10.16
9b04306, 15-05-2016, 8192, 15.57
9b04306, 15-05-2016, 16384, 17.29
9b04306, 15-05-2016, 32768, 21.63
9b04306, 15-05-2016, 65536, 41.63
9b04306, 15-05-2016, 131072, 60.98
9b04306, 15-05-2016, 262144, 99.93
9b04306, 15-05-2016, 524288, 164.04
9b04306, 15-05-2016, 1048576, 495.47
9b04306, 15-05-2016, 2097152, 1230.81
9b04306, 15-05-2016, 4194304, 2667.14
16d9cd8, 16-05-2016, 1, 7.99
16d9cd8, 16-05-2016, 2, 7.73
16d9cd8, 16-05-2016, 4, 7.72
16d9cd8, 16-05-2016, 8, 7.70
16d9cd8, 16-05-2016, 16, 7.96
16d9cd8, 16-05-2016, 32, 8.19
16d9cd8, 16-05-2016, 64, 8.14
16d9cd8, 16-05-2016, 128, 8.22
16d9cd8, 16-05-2016, 256, 8.27
16d9cd8, 16-05-2016, 512, 8.26
16d9cd8, 16-05-2016, 1024, 8.53
16d9cd8, 16-05-2016, 2048, 8.93
16d9cd8, 16-05-2016, 4096, 9.77
16d9cd8, 16-05-2016, 8192, 14.20
16d9cd8, 16-05-2016, 16384, 16.55
16d9cd8, 16-05-2016, 32768, 21.21
16d9cd8, 16-05-2016, 65536, 30.65
16d9cd8, 16-05-2016, 131072, 51.12
16d9cd8, 16-05-2016, 262144, 87.34
16d9cd8, 16-05-2016, 524288, 156.44
16d9cd8, 16-05-2016, 1048576, 484.49
16d9cd8, 16-05-2016, 2097152, 1220.67
16d9cd8, 16-05-2016, 4194304, 2655.75
f790834, 17-05-2016, 1, 7.98
f790834, 17-05-2016, 2, 7.88
f790834, 17-05-2016, 4, 7.85
f790834, 17-05-2016, 8, 7.87
f790834, 17-05-2016, 16, 7.86
f790834, 17-05-2016, 32, 7.91
f790834, 17-05-2016, 64, 7.90
f790834, 17-05-2016, 128, 7.98
f790834, 17-05-2016, 256, 8.24
f790834, 17-05-2016, 512, 7.92
f790834, 17-05-2016, 1024, 8.27
f790834, 17-05-2016, 2048, 8.89
f790834, 17-05-2016, 4096, 9.80
f790834, 17-05-2016, 8192, 14.16
f790834, 17-05-2016, 16384, 16.46
f790834, 17-05-2016, 32768, 20.80
f790834, 17-05-2016, 65536, 30.78
f790834, 17-05-2016, 131072, 51.74
f790834, 17-05-2016, 262144, 88.14
f790834, 17-05-2016, 524288, 155.08
f790834, 17-05-2016, 1048576, 486.54
f790834, 17-05-2016, 2097152, 1230.47
f790834, 17-05-2016, 4194304, 2820.59
f790834, 18-05-2016, 1, 9.56
f790834, 18-05-2016, 2, 11.81
f790834, 18-05-2016, 4, 10.03
f790834, 18-05-2016, 8, 11.09
f790834, 18-05-2016, 16, 10.70
f790834, 18-05-2016, 32, 10.55
f790834, 18-05-2016, 64, 9.64
f790834, 18-05-2016, 128, 10.49
f790834, 18-05-2016, 256, 10.00
f790834, 18-05-2016, 512, 11.52
f790834, 18-05-2016, 1024, 11.12
f790834, 18-05-2016, 2048, 13.79
f790834, 18-05-2016, 4096, 14.75
f790834, 18-05-2016, 8192, 26.22
f790834, 18-05-2016, 16384, 23.55
f790834, 18-05-2016, 32768, 28.70
f790834, 18-05-2016, 65536, 39.58
f790834, 18-05-2016, 131072, 59.79
f790834, 18-05-2016, 262144, 99.24
f790834, 18-05-2016, 524288, 171.22
f790834, 18-05-2016, 1048576, 538.16
f790834, 18-05-2016, 2097152, 1317.12
f790834, 18-05-2016, 4194304, 2689.65
33fe0c1, 19-05-2016, 1, 8.08
33fe0c1, 19-05-2016, 2, 7.83
33fe0c1, 19-05-2016, 4, 7.86
33fe0c1, 19-05-2016, 8, 7.89
33fe0c1, 19-05-2016, 16, 7.83
33fe0c1, 19-05-2016, 32, 7.81
33fe0c1, 19-05-2016, 64, 7.82
33fe0c1, 19-05-2016, 128, 7.83
33fe0c1, 19-05-2016, 256, 7.89
33fe0c1, 19-05-2016, 512, 7.99
33fe0c1, 19-05-2016, 1024, 8.36
33fe0c1, 19-05-2016, 2048, 8.76
33fe0c1, 19-05-2016, 4096, 9.83
33fe0c1, 19-05-2016, 8192, 14.36
33fe0c1, 19-05-2016, 16384, 16.95
33fe0c1, 19-05-2016, 32768, 21.25
33fe0c1, 19-05-2016, 65536, 31.18
33fe0c1, 19-05-2016, 131072, 51.37
33fe0c1, 19-05-2016, 262144, 87.48
33fe0c1, 19-05-2016, 524288, 155.58
33fe0c1, 19-05-2016, 1048576, 484.58
33fe0c1, 19-05-2016, 2097152, 1221.96
33fe0c1, 19-05-2016, 4194304, 2659.46
33fe0c1, 20-05-2016, 1, 8.05
33fe0c1, 20-05-2016, 2, 8.06
33fe0c1, 20-05-2016, 4, 8.21
33fe0c1, 20-05-2016, 8, 8.27
33fe0c1, 20-05-2016, 16, 7.98
33fe0c1, 20-05-2016, 32, 7.78
33fe0c1, 20-05-2016, 64, 7.77
33fe0c1, 20-05-2016, 128, 7.78
33fe0c1, 20-05-2016, 256, 8.18
33fe0c1, 20-05-2016, 512, 8.29
33fe0c1, 20-05-2016, 1024, 8.62
33fe0c1, 20-05-2016, 2048, 9.04
33fe0c1, 20-05-2016, 4096, 9.62
33fe0c1, 20-05-2016, 8192, 14.19
33fe0c1, 20-05-2016, 16384, 16.49
33fe0c1, 20-05-2016, 32768, 21.36
33fe0c1, 20-05-2016, 65536, 30.02
33fe0c1, 20-05-2016, 131072, 50.42
33fe0c1, 20-05-2016, 262144, 87.26
33fe0c1, 20-05-2016, 524288, 155.34
33fe0c1, 20-05-2016, 1048576, 527.00
33fe0c1, 20-05-2016, 2097152, 1301.85
33fe0c1, 20-05-2016, 4194304, 2660.81
33fe0c1, 21-05-2016, 1, 8.09
33fe0c1, 21-05-2016, 2, 7.81
33fe0c1, 21-05-2016, 4, 7.82
33fe0c1, 21-05-2016, 8, 7.77
33fe0c1, 21-05-2016, 16, 7.77
33fe0c1, 21-05-2016, 32, 7.79
33fe0c1, 21-05-2016, 64, 7.82
33fe0c1, 21-05-2016, 128, 7.84
33fe0c1, 21-05-2016, 256, 7.88
33fe0c1, 21-05-2016, 512, 7.97
33fe0c1, 21-05-2016, 1024, 8.33
33fe0c1, 21-05-2016, 2048, 8.75
33fe0c1, 21-05-2016, 4096, 9.61
33fe0c1, 21-05-2016, 8192, 14.09
33fe0c1, 21-05-2016, 16384, 16.43
33fe0c1, 21-05-2016, 32768, 21.19
33fe0c1, 21-05-2016, 65536, 30.62
33fe0c1, 21-05-2016, 131072, 50.33
33fe0c1, 21-05-2016, 262144, 86.87
33fe0c1, 21-05-2016, 524288, 155.28
33fe0c1, 21-05-2016, 1048576, 482.64
33fe0c1, 21-05-2016, 2097152, 1216.44
33fe0c1, 21-05-2016, 4194304, 2647.45
33fe0c1, 22-05-2016, 1, 22.89
33fe0c1, 22-05-2016, 2, 21.33
33fe0c1, 22-05-2016, 4, 18.51
33fe0c1, 22-05-2016, 8, 18.42
33fe0c1, 22-05-2016, 16, 17.60
33fe0c1, 22-05-2016, 32, 20.32
33fe0c1, 22-05-2016, 64, 20.02
33fe0c1, 22-05-2016, 128, 22.02
33fe0c1, 22-05-2016, 256, 24.60
33fe0c1, 22-05-2016, 512, 30.91
33fe0c1, 22-05-2016, 1024, 37.88
33fe0c1, 22-05-2016, 2048, 56.82
33fe0c1, 22-05-2016, 4096, 75.45
33fe0c1, 22-05-2016, 8192, 100.74
33fe0c1, 22-05-2016, 16384, 71.43
33fe0c1, 22-05-2016, 32768, 127.68
33fe0c1, 22-05-2016, 65536, 202.57
33fe0c1, 22-05-2016, 131072, 187.59
33fe0c1, 22-05-2016, 262144, 325.68
33fe0c1, 22-05-2016, 524288, 393.48
33fe0c1, 22-05-2016, 1048576, 833.46
33fe0c1, 22-05-2016, 2097152, 1545.24
33fe0c1, 22-05-2016, 4194304, 3179.38
33fe0c1, 23-05-2016, 1, 8.11
33fe0c1, 23-05-2016, 2, 7.88
33fe0c1, 23-05-2016, 4, 7.80
33fe0c1, 23-05-2016, 8, 7.80
33fe0c1, 23-05-2016, 16, 7.80
33fe0c1, 23-05-2016, 32, 7.81
33fe0c1, 23-05-2016, 64, 7.80
33fe0c1, 23-05-2016, 128, 7.86
33fe0c1, 23-05-2016, 256, 7.91
33fe0c1, 23-05-2016, 512, 7.98
33fe0c1, 23-05-2016, 1024, 8.35
33fe0c1, 23-05-2016, 2048, 8.76
33fe0c1, 23-05-2016, 4096, 9.69
33fe0c1, 23-05-2016, 8192, 14.06
33fe0c1, 23-05-2016, 16384, 16.45
33fe0c1, 23-05-2016, 32768, 21.29
33fe0c1, 23-05-2016, 65536, 30.26
33fe0c1, 23-05-2016, 131072, 50.51
33fe0c1, 23-05-2016, 262144, 87.49
33fe0c1, 23-05-2016, 524288, 155.57
33fe0c1, 23-05-2016, 1048576, 485.00
33fe0c1, 23-05-2016, 2097152, 1226.96
33fe0c1, 23-05-2016, 4194304, 2672.18
7611b5f, 24-05-2016, 1, 7.95
7611b5f, 24-05-2016, 2, 7.75
7611b5f, 24-05-2016, 4, 7.74
7611b5f, 24-05-2016, 8, 7.78
7611b5f, 24-05-2016, 16, 7.76
7611b5f, 24-05-2016, 32, 7.83
7611b5f, 24-05-2016, 64, 7.83
7611b5f, 24-05-2016, 128, 7.82
7611b5f, 24-05-2016, 256, 7.90
7611b5f, 24-05-2016, 512, 7.95
7611b5f, 24-05-2016, 1024, 8.29
7611b5f, 24-05-2016, 2048, 8.70
7611b5f, 24-05-2016, 4096, 9.63
7611b5f, 24-05-2016, 8192, 14.14
7611b5f, 24-05-2016, 16384, 16.46
7611b5f, 24-05-2016, 32768, 20.80
7611b5f, 24-05-2016, 65536, 29.90
7611b5f, 24-05-2016, 131072, 51.67
7611b5f, 24-05-2016, 262144, 87.24
7611b5f, 24-05-2016, 524288, 155.03
7611b5f, 24-05-2016, 1048576, 482.58
7611b5f, 24-05-2016, 2097152, 1215.41
7611b5f, 24-05-2016, 4194304, 2646.85
77631d8, 26-05-2016, 1, 7.95
77631d8, 26-05-2016, 2, 7.68
77631d8, 26-05-2016, 4, 7.66
77631d8, 26-05-2016, 8, 7.70
77631d8, 26-05-2016, 16, 7.67
77631d8, 26-05-2016, 32, 7.71
77631d8, 26-05-2016, 64, 7.72
77631d8, 26-05-2016, 128, 7.96
77631d8, 26-05-2016, 256, 8.09
77631d8, 26-05-2016, 512, 8.12
77631d8, 26-05-2016, 1024, 8.53
77631d8, 26-05-2016, 2048, 8.87
77631d8, 26-05-2016, 4096, 9.92
77631d8, 26-05-2016, 8192, 14.47
77631d8, 26-05-2016, 16384, 16.29
77631d8, 26-05-2016, 32768, 21.94
77631d8, 26-05-2016, 65536, 31.31
77631d8, 26-05-2016, 131072, 51.76
77631d8, 26-05-2016, 262144, 88.80
77631d8, 26-05-2016, 524288, 158.02
77631d8, 26-05-2016, 1048576, 489.49
77631d8, 26-05-2016, 2097152, 1230.83
77631d8, 26-05-2016, 4194304, 2652.55
77631d8, 27-05-2016, 1, 22.14
77631d8, 27-05-2016, 2, 10.82
77631d8, 27-05-2016, 4, 11.97
77631d8, 27-05-2016, 8, 9.71
77631d8, 27-05-2016, 16, 11.41
77631d8, 27-05-2016, 32, 11.19
77631d8, 27-05-2016, 64, 24.91
77631d8, 27-05-2016, 128, 14.76
77631d8, 27-05-2016, 256, 12.08
77631d8, 27-05-2016, 512, 9.89
77631d8, 27-05-2016, 1024, 12.45
77631d8, 27-05-2016, 2048, 16.24
77631d8, 27-05-2016, 4096, 19.29
77631d8, 27-05-2016, 8192, 27.84
77631d8, 27-05-2016, 16384, 25.46
77631d8, 27-05-2016, 32768, 47.42
77631d8, 27-05-2016, 65536, 49.52
77631d8, 27-05-2016, 131072, 76.64
77631d8, 27-05-2016, 262144, 130.40
77631d8, 27-05-2016, 524288, 189.85
77631d8, 27-05-2016, 1048576, 563.28
77631d8, 27-05-2016, 2097152, 1342.22
77631d8, 27-05-2016, 4194304, 2788.62
b890054, 27-05-2016, 1, 7.98
b890054, 27-05-2016, 2, 7.78
b890054, 27-05-2016, 4, 7.76
b890054, 27-05-2016, 8, 7.73
b890054, 27-05-2016, 16, 7.74
b890054, 27-05-2016, 32, 7.74
b890054, 27-05-2016, 64, 7.79
b890054, 27-05-2016, 128, 7.77
b890054, 27-05-2016, 256, 7.88
b890054, 27-05-2016, 512, 7.96
b890054, 27-05-2016, 1024, 8.26
b890054, 27-05-2016, 2048, 8.64
b890054, 27-05-2016, 4096, 9.49
b890054, 27-05-2016, 8192, 13.97
b890054, 27-05-2016, 16384, 16.23
b890054, 27-05-2016, 32768, 20.41
b890054, 27-05-2016, 65536, 29.62
b890054, 27-05-2016, 131072, 51.81
b890054, 27-05-2016, 262144, 87.07
b890054, 27-05-2016, 524288, 155.03
b890054, 27-05-2016, 1048576, 498.17
b890054, 27-05-2016, 2097152, 1279.23
b890054, 27-05-2016, 4194304, 2768.45
add260b, 28-05-2016, 1, 8.81
add260b, 28-05-2016, 2, 8.24
add260b, 28-05-2016, 4, 8.38
add260b, 28-05-2016, 8, 8.30
add260b, 28-05-2016, 16, 8.71
add260b, 28-05-2016, 32, 8.66
add260b, 28-05-2016, 64, 8.37
add260b, 28-05-2016, 128, 8.56
add260b, 28-05-2016, 256, 8.53
add260b, 28-05-2016, 512, 8.95
add260b, 28-05-2016, 1024, 8.89
add260b, 28-05-2016, 2048, 9.41
add260b, 28-05-2016, 4096, 10.31
add260b, 28-05-2016, 8192, 15.86
add260b, 28-05-2016, 16384, 19.36
add260b, 28-05-2016, 32768, 24.52
add260b, 28-05-2016, 65536, 40.53
add260b, 28-05-2016, 131072, 52.52
add260b, 28-05-2016, 262144, 88.76
add260b, 28-05-2016, 524288, 159.23
add260b, 28-05-2016, 1048576, 485.86
add260b, 28-05-2016, 2097152, 1234.52
add260b, 28-05-2016, 4194304, 2677.92
add260b, 29-05-2016, 1, 12.99
add260b, 29-05-2016, 2, 13.24
add260b, 29-05-2016, 4, 12.68
add260b, 29-05-2016, 8, 13.41
add260b, 29-05-2016, 16, 14.39
add260b, 29-05-2016, 32, 19.45
add260b, 29-05-2016, 64, 15.28
add260b, 29-05-2016, 128, 15.87
add260b, 29-05-2016, 256, 18.05
add260b, 29-05-2016, 512, 17.13
add260b, 29-05-2016, 1024, 21.96
add260b, 29-05-2016, 2048, 25.53
add260b, 29-05-2016, 4096, 31.32
add260b, 29-05-2016, 8192, 51.10
add260b, 29-05-2016, 16384, 23.73
add260b, 29-05-2016, 32768, 26.34
add260b, 29-05-2016, 65536, 191.02
add260b, 29-05-2016, 131072, 97.78
add260b, 29-05-2016, 262144, 260.48
add260b, 29-05-2016, 524288, 309.19
add260b, 29-05-2016, 1048576, 613.15
add260b, 29-05-2016, 2097152, 1377.66
add260b, 29-05-2016, 4194304, 2864.68
add260b, 30-05-2016, 1, 7.90
add260b, 30-05-2016, 2, 7.75
add260b, 30-05-2016, 4, 7.68
add260b, 30-05-2016, 8, 7.67
add260b, 30-05-2016, 16, 7.66
add260b, 30-05-2016, 32, 7.68
add260b, 30-05-2016, 64, 7.68
add260b, 30-05-2016, 128, 7.75
add260b, 30-05-2016, 256, 7.80
add260b, 30-05-2016, 512, 8.07
add260b, 30-05-2016, 1024, 8.57
add260b, 30-05-2016, 2048, 8.97
add260b, 30-05-2016, 4096, 9.96
add260b, 30-05-2016, 8192, 14.61
add260b, 30-05-2016, 16384, 16.51
add260b, 30-05-2016, 32768, 21.79
add260b, 30-05-2016, 65536, 31.56
add260b, 30-05-2016, 131072, 51.77
add260b, 30-05-2016, 262144, 89.15
add260b, 30-05-2016, 524288, 158.30
add260b, 30-05-2016, 1048576, 493.77
add260b, 30-05-2016, 2097152, 1241.71
add260b, 30-05-2016, 4194304, 2660.30
add260b, 31-05-2016, 1, 8.30
add260b, 31-05-2016, 2, 8.26
add260b, 31-05-2016, 4, 8.10
add260b, 31-05-2016, 8, 8.46
add260b, 31-05-2016, 16, 8.12
add260b, 31-05-2016, 32, 8.32
add260b, 31-05-2016, 64, 8.20
add260b, 31-05-2016, 128, 8.24
add260b, 31-05-2016, 256, 8.28
add260b, 31-05-2016, 512, 8.41
add260b, 31-05-2016, 1024, 8.81
add260b, 31-05-2016, 2048, 9.14
add260b, 31-05-2016, 4096, 10.27
add260b, 31-05-2016, 8192, 15.15
add260b, 31-05-2016, 16384, 17.34
add260b, 31-05-2016, 32768, 22.05
add260b, 31-05-2016, 65536, 30.98
add260b, 31-05-2016, 131072, 51.52
add260b, 31-05-2016, 262144, 87.84
add260b, 31-05-2016, 524288, 155.69
add260b, 31-05-2016, 1048576, 484.28
add260b, 31-05-2016, 2097152, 1217.39
add260b, 31-05-2016, 4194304, 2642.29
add260b, 01-06-2016, 1, 8.63
add260b, 01-06-2016, 2, 8.47
add260b, 01-06-2016, 4, 8.44
add260b, 01-06-2016, 8, 8.34
add260b, 01-06-2016, 16, 8.45
add260b, 01-06-2016, 32, 8.48
add260b, 01-06-2016, 64, 8.77
add260b, 01-06-2016, 128, 8.81
add260b, 01-06-2016, 256, 8.75
add260b, 01-06-2016, 512, 8.86
add260b, 01-06-2016, 1024, 9.45
add260b, 01-06-2016, 2048, 9.95
add260b, 01-06-2016, 4096, 11.18
add260b, 01-06-2016, 8192, 17.33
add260b, 01-06-2016, 16384, 29.23
add260b, 01-06-2016, 32768, 23.66
add260b, 01-06-2016, 65536, 36.47
add260b, 01-06-2016, 131072, 52.42
add260b, 01-06-2016, 262144, 90.20
add260b, 01-06-2016, 524288, 163.25
add260b, 01-06-2016, 1048576, 509.29
add260b, 01-06-2016, 2097152, 1236.35
add260b, 01-06-2016, 4194304, 2680.57
2dc76fa, 02-06-2016, 1, 8.07
2dc76fa, 02-06-2016, 2, 7.77
2dc76fa, 02-06-2016, 4, 7.70
2dc76fa, 02-06-2016, 8, 7.68
2dc76fa, 02-06-2016, 16, 7.67
2dc76fa, 02-06-2016, 32, 7.70
2dc76fa, 02-06-2016, 64, 7.71
2dc76fa, 02-06-2016, 128, 7.74
2dc76fa, 02-06-2016, 256, 7.81
2dc76fa, 02-06-2016, 512, 7.90
2dc76fa, 02-06-2016, 1024, 8.26
2dc76fa, 02-06-2016, 2048, 8.66
2dc76fa, 02-06-2016, 4096, 9.50
2dc76fa, 02-06-2016, 8192, 13.99
2dc76fa, 02-06-2016, 16384, 16.21
2dc76fa, 02-06-2016, 32768, 20.57
2dc76fa, 02-06-2016, 65536, 29.90
2dc76fa, 02-06-2016, 131072, 50.78
2dc76fa, 02-06-2016, 262144, 86.70
2dc76fa, 02-06-2016, 524288, 155.37
2dc76fa, 02-06-2016, 1048576, 479.91
2dc76fa, 02-06-2016, 2097152, 1212.82
2dc76fa, 02-06-2016, 4194304, 2645.28
8f4c433, 03-06-2016, 1, 8.49
8f4c433, 03-06-2016, 2, 8.06
8f4c433, 03-06-2016, 4, 8.84
8f4c433, 03-06-2016, 8, 8.64
8f4c433, 03-06-2016, 16, 8.49
8f4c433, 03-06-2016, 32, 8.56
8f4c433, 03-06-2016, 64, 8.71
8f4c433, 03-06-2016, 128, 9.45
8f4c433, 03-06-2016, 256, 10.69
8f4c433, 03-06-2016, 512, 10.26
8f4c433, 03-06-2016, 1024, 9.93
8f4c433, 03-06-2016, 2048, 11.17
8f4c433, 03-06-2016, 4096, 11.51
8f4c433, 03-06-2016, 8192, 17.84
8f4c433, 03-06-2016, 16384, 17.86
8f4c433, 03-06-2016, 32768, 21.63
8f4c433, 03-06-2016, 65536, 88.57
8f4c433, 03-06-2016, 131072, 52.14
8f4c433, 03-06-2016, 262144, 87.87
8f4c433, 03-06-2016, 524288, 156.10
8f4c433, 03-06-2016, 1048576, 515.02
8f4c433, 03-06-2016, 2097152, 1259.13
8f4c433, 03-06-2016, 4194304, 2672.96
8f4c433, 04-06-2016, 1, 7.89
8f4c433, 04-06-2016, 2, 7.68
8f4c433, 04-06-2016, 4, 7.67
8f4c433, 04-06-2016, 8, 7.68
8f4c433, 04-06-2016, 16, 7.67
8f4c433, 04-06-2016, 32, 7.71
8f4c433, 04-06-2016, 64, 7.74
8f4c433, 04-06-2016, 128, 7.78
8f4c433, 04-06-2016, 256, 7.82
8f4c433, 04-06-2016, 512, 7.91
8f4c433, 04-06-2016, 1024, 8.23
8f4c433, 04-06-2016, 2048, 8.62
8f4c433, 04-06-2016, 4096, 9.49
8f4c433, 04-06-2016, 8192, 13.98
8f4c433, 04-06-2016, 16384, 16.11
8f4c433, 04-06-2016, 32768, 20.41
8f4c433, 04-06-2016, 65536, 29.34
8f4c433, 04-06-2016, 131072, 51.20
8f4c433, 04-06-2016, 262144, 87.22
8f4c433, 04-06-2016, 524288, 154.53
8f4c433, 04-06-2016, 1048576, 482.02
8f4c433, 04-06-2016, 2097152, 1210.55
8f4c433, 04-06-2016, 4194304, 2633.04
8f4c433, 05-06-2016, 1, 9.08
8f4c433, 05-06-2016, 2, 8.46
8f4c433, 05-06-2016, 4, 15.78
8f4c433, 05-06-2016, 8, 9.31
8f4c433, 05-06-2016, 16, 9.04
8f4c433, 05-06-2016, 32, 16.89
8f4c433, 05-06-2016, 64, 8.88
8f4c433, 05-06-2016, 128, 9.58
8f4c433, 05-06-2016, 256, 9.85
8f4c433, 05-06-2016, 512, 19.29
8f4c433, 05-06-2016, 1024, 9.52
8f4c433, 05-06-2016, 2048, 9.86
8f4c433, 05-06-2016, 4096, 22.28
8f4c433, 05-06-2016, 8192, 16.69
8f4c433, 05-06-2016, 16384, 115.95
8f4c433, 05-06-2016, 32768, 66.89
8f4c433, 05-06-2016, 65536, 85.10
8f4c433, 05-06-2016, 131072, 90.15
8f4c433, 05-06-2016, 262144, 119.68
8f4c433, 05-06-2016, 524288, 175.86
8f4c433, 05-06-2016, 1048576, 487.40
8f4c433, 05-06-2016, 2097152, 1228.41
8f4c433, 05-06-2016, 4194304, 2744.62
8f4c433, 06-06-2016, 1, 7.92
8f4c433, 06-06-2016, 2, 7.79
8f4c433, 06-06-2016, 4, 7.68
8f4c433, 06-06-2016, 8, 7.69
8f4c433, 06-06-2016, 16, 7.72
8f4c433, 06-06-2016, 32, 7.70
8f4c433, 06-06-2016, 64, 7.69
8f4c433, 06-06-2016, 128, 7.73
8f4c433, 06-06-2016, 256, 7.80
8f4c433, 06-06-2016, 512, 7.89
8f4c433, 06-06-2016, 1024, 8.22
8f4c433, 06-06-2016, 2048, 8.65
8f4c433, 06-06-2016, 4096, 9.54
8f4c433, 06-06-2016, 8192, 14.15
8f4c433, 06-06-2016, 16384, 16.16
8f4c433, 06-06-2016, 32768, 20.48
8f4c433, 06-06-2016, 65536, 30.29
8f4c433, 06-06-2016, 131072, 50.49
8f4c433, 06-06-2016, 262144, 86.95
8f4c433, 06-06-2016, 524288, 154.85
8f4c433, 06-06-2016, 1048576, 483.57
8f4c433, 06-06-2016, 2097152, 1213.29
8f4c433, 06-06-2016, 4194304, 2637.82
f5d8e0b, 07-06-2016, 1, 12.30
f5d8e0b, 07-06-2016, 2, 12.53
f5d8e0b, 07-06-2016, 4, 11.66
f5d8e0b, 07-06-2016, 8, 13.39
f5d8e0b, 07-06-2016, 16, 10.99
f5d8e0b, 07-06-2016, 32, 11.11
f5d8e0b, 07-06-2016, 64, 10.61
f5d8e0b, 07-06-2016, 128, 12.04
f5d8e0b, 07-06-2016, 256, 13.40
f5d8e0b, 07-06-2016, 512, 11.40
f5d8e0b, 07-06-2016, 1024, 12.63
f5d8e0b, 07-06-2016, 2048, 14.44
f5d8e0b, 07-06-2016, 4096, 16.05
f5d8e0b, 07-06-2016, 8192, 27.70
f5d8e0b, 07-06-2016, 16384, 41.02
f5d8e0b, 07-06-2016, 32768, 43.25
f5d8e0b, 07-06-2016, 65536, 43.98
f5d8e0b, 07-06-2016, 131072, 78.97
f5d8e0b, 07-06-2016, 262144, 159.84
f5d8e0b, 07-06-2016, 524288, 198.70
f5d8e0b, 07-06-2016, 1048576, 586.68
f5d8e0b, 07-06-2016, 2097152, 1324.80
f5d8e0b, 07-06-2016, 4194304, 2807.95
f5d8e0b, 08-06-2016, 1, 7.93
f5d8e0b, 08-06-2016, 2, 7.76
f5d8e0b, 08-06-2016, 4, 7.67
f5d8e0b, 08-06-2016, 8, 7.65
f5d8e0b, 08-06-2016, 16, 7.68
f5d8e0b, 08-06-2016, 32, 7.69
f5d8e0b, 08-06-2016, 64, 7.69
f5d8e0b, 08-06-2016, 128, 7.76
f5d8e0b, 08-06-2016, 256, 7.81
f5d8e0b, 08-06-2016, 512, 7.93
f5d8e0b, 08-06-2016, 1024, 8.22
f5d8e0b, 08-06-2016, 2048, 8.65
f5d8e0b, 08-06-2016, 4096, 9.55
f5d8e0b, 08-06-2016, 8192, 14.12
f5d8e0b, 08-06-2016, 16384, 16.21
f5d8e0b, 08-06-2016, 32768, 20.65
f5d8e0b, 08-06-2016, 65536, 29.86
f5d8e0b, 08-06-2016, 131072, 50.31
f5d8e0b, 08-06-2016, 262144, 86.79
f5d8e0b, 08-06-2016, 524288, 154.44
f5d8e0b, 08-06-2016, 1048576, 480.57
f5d8e0b, 08-06-2016, 2097152, 1214.82
f5d8e0b, 08-06-2016, 4194304, 2647.10
e68ee5c, 09-06-2016, 1, 10.62
e68ee5c, 09-06-2016, 2, 12.80
e68ee5c, 09-06-2016, 4, 12.86
e68ee5c, 09-06-2016, 8, 10.30
e68ee5c, 09-06-2016, 16, 10.50
e68ee5c, 09-06-2016, 32, 10.56
e68ee5c, 09-06-2016, 64, 11.12
e68ee5c, 09-06-2016, 128, 11.38
e68ee5c, 09-06-2016, 256, 9.20
e68ee5c, 09-06-2016, 512, 10.27
e68ee5c, 09-06-2016, 1024, 14.55
e68ee5c, 09-06-2016, 2048, 14.71
e68ee5c, 09-06-2016, 4096, 15.64
e68ee5c, 09-06-2016, 8192, 22.89
e68ee5c, 09-06-2016, 16384, 31.75
e68ee5c, 09-06-2016, 32768, 30.67
e68ee5c, 09-06-2016, 65536, 30.79
e68ee5c, 09-06-2016, 131072, 70.31
e68ee5c, 09-06-2016, 262144, 105.24
e68ee5c, 09-06-2016, 524288, 186.48
e68ee5c, 09-06-2016, 1048576, 500.87
e68ee5c, 09-06-2016, 2097152, 1238.11
e68ee5c, 09-06-2016, 4194304, 2664.72
62f94d4, 10-06-2016, 1, 8.00
62f94d4, 10-06-2016, 2, 7.77
62f94d4, 10-06-2016, 4, 7.72
62f94d4, 10-06-2016, 8, 7.67
62f94d4, 10-06-2016, 16, 7.69
62f94d4, 10-06-2016, 32, 7.69
62f94d4, 10-06-2016, 64, 7.72
62f94d4, 10-06-2016, 128, 7.76
62f94d4, 10-06-2016, 256, 7.80
62f94d4, 10-06-2016, 512, 7.90
62f94d4, 10-06-2016, 1024, 8.29
62f94d4, 10-06-2016, 2048, 8.66
62f94d4, 10-06-2016, 4096, 9.48
62f94d4, 10-06-2016, 8192, 14.17
62f94d4, 10-06-2016, 16384, 16.54
62f94d4, 10-06-2016, 32768, 21.01
62f94d4, 10-06-2016, 65536, 30.15
62f94d4, 10-06-2016, 131072, 51.47
62f94d4, 10-06-2016, 262144, 87.33
62f94d4, 10-06-2016, 524288, 155.14
62f94d4, 10-06-2016, 1048576, 484.62
62f94d4, 10-06-2016, 2097152, 1223.41
62f94d4, 10-06-2016, 4194304, 2661.72
62f94d4, 12-06-2016, 1, 8.23
62f94d4, 12-06-2016, 2, 8.05
62f94d4, 12-06-2016, 4, 7.91
62f94d4, 12-06-2016, 8, 7.93
62f94d4, 12-06-2016, 16, 7.88
62f94d4, 12-06-2016, 32, 7.96
62f94d4, 12-06-2016, 64, 7.96
62f94d4, 12-06-2016, 128, 8.03
62f94d4, 12-06-2016, 256, 8.07
62f94d4, 12-06-2016, 512, 8.12
62f94d4, 12-06-2016, 1024, 8.54
62f94d4, 12-06-2016, 2048, 8.94
62f94d4, 12-06-2016, 4096, 9.81
62f94d4, 12-06-2016, 8192, 14.41
62f94d4, 12-06-2016, 16384, 17.15
62f94d4, 12-06-2016, 32768, 21.92
62f94d4, 12-06-2016, 65536, 32.08
62f94d4, 12-06-2016, 131072, 51.07
62f94d4, 12-06-2016, 262144, 87.38
62f94d4, 12-06-2016, 524288, 154.95
62f94d4, 12-06-2016, 1048576, 482.57
62f94d4, 12-06-2016, 2097152, 1214.39
62f94d4, 12-06-2016, 4194304, 2638.15
62f94d4, 13-06-2016, 1, 7.99
62f94d4, 13-06-2016, 2, 7.75
62f94d4, 13-06-2016, 4, 7.72
62f94d4, 13-06-2016, 8, 7.69
62f94d4, 13-06-2016, 16, 7.70
62f94d4, 13-06-2016, 32, 7.77
62f94d4, 13-06-2016, 64, 7.75
62f94d4, 13-06-2016, 128, 7.79
62f94d4, 13-06-2016, 256, 7.86
62f94d4, 13-06-2016, 512, 7.91
62f94d4, 13-06-2016, 1024, 8.28
62f94d4, 13-06-2016, 2048, 8.68
62f94d4, 13-06-2016, 4096, 9.53
62f94d4, 13-06-2016, 8192, 14.23
62f94d4, 13-06-2016, 16384, 16.42
62f94d4, 13-06-2016, 32768, 21.16
62f94d4, 13-06-2016, 65536, 30.20
62f94d4, 13-06-2016, 131072, 51.44
62f94d4, 13-06-2016, 262144, 86.90
62f94d4, 13-06-2016, 524288, 154.96
62f94d4, 13-06-2016, 1048576, 482.71
62f94d4, 13-06-2016, 2097152, 1214.33
62f94d4, 13-06-2016, 4194304, 2639.23
01193c4, 14-06-2016, 1, 11.84
01193c4, 14-06-2016, 2, 11.69
01193c4, 14-06-2016, 4, 10.74
01193c4, 14-06-2016, 8, 10.64
01193c4, 14-06-2016, 16, 11.22
01193c4, 14-06-2016, 32, 10.81
01193c4, 14-06-2016, 64, 11.21
01193c4, 14-06-2016, 128, 10.65
01193c4, 14-06-2016, 256, 11.62
01193c4, 14-06-2016, 512, 13.02
01193c4, 14-06-2016, 1024, 15.02
01193c4, 14-06-2016, 2048, 13.66
01193c4, 14-06-2016, 4096, 19.09
01193c4, 14-06-2016, 8192, 27.22
01193c4, 14-06-2016, 16384, 24.75
01193c4, 14-06-2016, 32768, 27.51
01193c4, 14-06-2016, 65536, 39.47
01193c4, 14-06-2016, 131072, 103.25
01193c4, 14-06-2016, 262144, 98.24
01193c4, 14-06-2016, 524288, 167.78
01193c4, 14-06-2016, 1048576, 537.10
01193c4, 14-06-2016, 2097152, 1250.58
01193c4, 14-06-2016, 4194304, 2734.11
d523ab3, 15-06-2016, 1, 8.17
d523ab3, 15-06-2016, 2, 7.96
d523ab3, 15-06-2016, 4, 7.90
d523ab3, 15-06-2016, 8, 7.90
d523ab3, 15-06-2016, 16, 7.89
d523ab3, 15-06-2016, 32, 7.90
d523ab3, 15-06-2016, 64, 7.91
d523ab3, 15-06-2016, 128, 7.95
d523ab3, 15-06-2016, 256, 8.01
d523ab3, 15-06-2016, 512, 8.08
d523ab3, 15-06-2016, 1024, 8.49
d523ab3, 15-06-2016, 2048, 8.85
d523ab3, 15-06-2016, 4096, 9.78
d523ab3, 15-06-2016, 8192, 14.88
d523ab3, 15-06-2016, 16384, 17.05
d523ab3, 15-06-2016, 32768, 22.01
d523ab3, 15-06-2016, 65536, 31.84
d523ab3, 15-06-2016, 131072, 51.09
d523ab3, 15-06-2016, 262144, 87.40
d523ab3, 15-06-2016, 524288, 155.74
d523ab3, 15-06-2016, 1048576, 485.34
d523ab3, 15-06-2016, 2097152, 1223.49
d523ab3, 15-06-2016, 4194304, 2783.26
51f9a57, 16-06-2016, 1, 8.16
51f9a57, 16-06-2016, 2, 8.00
51f9a57, 16-06-2016, 4, 8.00
51f9a57, 16-06-2016, 8, 7.99
51f9a57, 16-06-2016, 16, 8.00
51f9a57, 16-06-2016, 32, 7.99
51f9a57, 16-06-2016, 64, 8.03
51f9a57, 16-06-2016, 128, 8.07
51f9a57, 16-06-2016, 256, 8.10
51f9a57, 16-06-2016, 512, 8.16
51f9a57, 16-06-2016, 1024, 8.60
51f9a57, 16-06-2016, 2048, 9.07
51f9a57, 16-06-2016, 4096, 9.97
51f9a57, 16-06-2016, 8192, 14.51
51f9a57, 16-06-2016, 16384, 16.89
51f9a57, 16-06-2016, 32768, 21.52
51f9a57, 16-06-2016, 65536, 30.37
51f9a57, 16-06-2016, 131072, 50.93
51f9a57, 16-06-2016, 262144, 87.77
51f9a57, 16-06-2016, 524288, 156.09
51f9a57, 16-06-2016, 1048576, 482.63
51f9a57, 16-06-2016, 2097152, 1214.96
51f9a57, 16-06-2016, 4194304, 2640.57
