acd14d1, 12-07-2015, 1, 13.47
acd14d1, 12-07-2015, 2, 13.41
acd14d1, 12-07-2015, 4, 13.26
acd14d1, 12-07-2015, 8, 13.24
acd14d1, 12-07-2015, 16, 12.82
acd14d1, 12-07-2015, 32, 12.81
acd14d1, 12-07-2015, 64, 12.83
acd14d1, 12-07-2015, 128, 12.87
acd14d1, 12-07-2015, 256, 12.89
acd14d1, 12-07-2015, 512, 13.01
acd14d1, 12-07-2015, 1024, 13.45
acd14d1, 12-07-2015, 2048, 13.90
acd14d1, 12-07-2015, 4096, 14.86
acd14d1, 12-07-2015, 8192, 19.66
acd14d1, 12-07-2015, 16384, 22.36
acd14d1, 12-07-2015, 32768, 27.21
acd14d1, 12-07-2015, 65536, 45.33
acd14d1, 12-07-2015, 131072, 66.01
acd14d1, 12-07-2015, 262144, 93.43
acd14d1, 12-07-2015, 524288, 160.53
acd14d1, 12-07-2015, 1048576, 523.99
acd14d1, 12-07-2015, 2097152, 1244.85
acd14d1, 12-07-2015, 4194304, 2690.20
0e081a9, 14-07-2015, 1, 13.21
0e081a9, 14-07-2015, 2, 13.12
0e081a9, 14-07-2015, 4, 12.97
0e081a9, 14-07-2015, 8, 12.91
0e081a9, 14-07-2015, 16, 12.54
0e081a9, 14-07-2015, 32, 12.57
0e081a9, 14-07-2015, 64, 12.61
0e081a9, 14-07-2015, 128, 12.66
0e081a9, 14-07-2015, 256, 12.74
0e081a9, 14-07-2015, 512, 12.72
0e081a9, 14-07-2015, 1024, 13.18
0e081a9, 14-07-2015, 2048, 13.66
0e081a9, 14-07-2015, 4096, 14.66
0e081a9, 14-07-2015, 8192, 19.61
0e081a9, 14-07-2015, 16384, 22.16
0e081a9, 14-07-2015, 32768, 27.55
0e081a9, 14-07-2015, 65536, 45.14
0e081a9, 14-07-2015, 131072, 65.96
0e081a9, 14-07-2015, 262144, 92.79
0e081a9, 14-07-2015, 524288, 160.02
0e081a9, 14-07-2015, 1048576, 524.95
0e081a9, 14-07-2015, 2097152, 1248.58
0e081a9, 14-07-2015, 4194304, 2700.36
99df208, 15-07-2015, 1, 13.29
99df208, 15-07-2015, 2, 12.77
99df208, 15-07-2015, 4, 12.65
99df208, 15-07-2015, 8, 12.64
99df208, 15-07-2015, 16, 12.63
99df208, 15-07-2015, 32, 12.58
99df208, 15-07-2015, 64, 12.59
99df208, 15-07-2015, 128, 12.66
99df208, 15-07-2015, 256, 12.75
99df208, 15-07-2015, 512, 12.81
99df208, 15-07-2015, 1024, 13.33
99df208, 15-07-2015, 2048, 13.71
99df208, 15-07-2015, 4096, 14.64
99df208, 15-07-2015, 8192, 19.51
99df208, 15-07-2015, 16384, 22.21
99df208, 15-07-2015, 32768, 26.76
99df208, 15-07-2015, 65536, 44.49
99df208, 15-07-2015, 131072, 66.68
99df208, 15-07-2015, 262144, 92.92
99df208, 15-07-2015, 524288, 160.01
99df208, 15-07-2015, 1048576, 528.36
99df208, 15-07-2015, 2097152, 1253.55
99df208, 15-07-2015, 4194304, 2710.55
9dedc51, 19-07-2015, 1, 14.19
9dedc51, 19-07-2015, 2, 14.16
9dedc51, 19-07-2015, 4, 14.12
9dedc51, 19-07-2015, 8, 14.11
9dedc51, 19-07-2015, 16, 14.15
9dedc51, 19-07-2015, 32, 14.15
9dedc51, 19-07-2015, 64, 14.18
9dedc51, 19-07-2015, 128, 14.24
9dedc51, 19-07-2015, 256, 14.28
9dedc51, 19-07-2015, 512, 14.36
9dedc51, 19-07-2015, 1024, 14.82
9dedc51, 19-07-2015, 2048, 15.29
9dedc51, 19-07-2015, 4096, 16.33
9dedc51, 19-07-2015, 8192, 21.63
9dedc51, 19-07-2015, 16384, 24.48
9dedc51, 19-07-2015, 32768, 30.86
9dedc51, 19-07-2015, 65536, 50.19
9dedc51, 19-07-2015, 131072, 75.85
9dedc51, 19-07-2015, 262144, 104.62
9dedc51, 19-07-2015, 524288, 177.18
9dedc51, 19-07-2015, 1048576, 571.53
9dedc51, 19-07-2015, 2097152, 1364.27
9dedc51, 19-07-2015, 4194304, 3008.52
a88dfe1, 20-07-2015, 1, 15.78
a88dfe1, 20-07-2015, 2, 16.05
a88dfe1, 20-07-2015, 4, 18.14
a88dfe1, 20-07-2015, 8, 19.47
a88dfe1, 20-07-2015, 16, 17.34
a88dfe1, 20-07-2015, 32, 16.35
a88dfe1, 20-07-2015, 64, 16.50
a88dfe1, 20-07-2015, 128, 16.35
a88dfe1, 20-07-2015, 256, 16.20
a88dfe1, 20-07-2015, 512, 16.23
a88dfe1, 20-07-2015, 1024, 16.28
a88dfe1, 20-07-2015, 2048, 18.06
a88dfe1, 20-07-2015, 4096, 18.76
a88dfe1, 20-07-2015, 8192, 26.77
a88dfe1, 20-07-2015, 16384, 40.84
a88dfe1, 20-07-2015, 32768, 32.05
a88dfe1, 20-07-2015, 65536, 86.69
a88dfe1, 20-07-2015, 131072, 90.14
a88dfe1, 20-07-2015, 262144, 114.73
a88dfe1, 20-07-2015, 524288, 184.62
a88dfe1, 20-07-2015, 1048576, 584.20
a88dfe1, 20-07-2015, 2097152, 1387.61
a88dfe1, 20-07-2015, 4194304, 3020.51
c6fb82b, 23-07-2015, 1, 14.44
c6fb82b, 23-07-2015, 2, 14.50
c6fb82b, 23-07-2015, 4, 14.50
c6fb82b, 23-07-2015, 8, 14.46
c6fb82b, 23-07-2015, 16, 14.46
c6fb82b, 23-07-2015, 32, 14.46
c6fb82b, 23-07-2015, 64, 14.47
c6fb82b, 23-07-2015, 128, 14.49
c6fb82b, 23-07-2015, 256, 14.57
c6fb82b, 23-07-2015, 512, 14.63
c6fb82b, 23-07-2015, 1024, 15.08
c6fb82b, 23-07-2015, 2048, 15.43
c6fb82b, 23-07-2015, 4096, 16.53
c6fb82b, 23-07-2015, 8192, 21.97
c6fb82b, 23-07-2015, 16384, 25.84
c6fb82b, 23-07-2015, 32768, 30.94
c6fb82b, 23-07-2015, 65536, 40.06
c6fb82b, 23-07-2015, 131072, 70.29
c6fb82b, 23-07-2015, 262144, 101.99
c6fb82b, 23-07-2015, 524288, 176.04
c6fb82b, 23-07-2015, 1048576, 567.50
c6fb82b, 23-07-2015, 2097152, 1380.76
c6fb82b, 23-07-2015, 4194304, 3010.64
beaa50c, 25-07-2015, 1, 15.37
beaa50c, 25-07-2015, 2, 15.48
beaa50c, 25-07-2015, 4, 15.21
beaa50c, 25-07-2015, 8, 15.30
beaa50c, 25-07-2015, 16, 15.14
beaa50c, 25-07-2015, 32, 15.61
beaa50c, 25-07-2015, 64, 15.01
beaa50c, 25-07-2015, 128, 14.98
beaa50c, 25-07-2015, 256, 15.19
beaa50c, 25-07-2015, 512, 16.25
beaa50c, 25-07-2015, 1024, 16.34
beaa50c, 25-07-2015, 2048, 17.63
beaa50c, 25-07-2015, 4096, 18.84
beaa50c, 25-07-2015, 8192, 77.99
beaa50c, 25-07-2015, 16384, 27.14
beaa50c, 25-07-2015, 32768, 34.20
beaa50c, 25-07-2015, 65536, 42.88
beaa50c, 25-07-2015, 131072, 84.80
beaa50c, 25-07-2015, 262144, 104.42
beaa50c, 25-07-2015, 524288, 180.26
beaa50c, 25-07-2015, 1048576, 576.83
beaa50c, 25-07-2015, 2097152, 1397.81
beaa50c, 25-07-2015, 4194304, 3031.99
23a6022, 26-07-2015, 1, 24.12
23a6022, 26-07-2015, 2, 24.80
23a6022, 26-07-2015, 4, 27.23
23a6022, 26-07-2015, 8, 32.45
23a6022, 26-07-2015, 16, 28.42
23a6022, 26-07-2015, 32, 41.62
23a6022, 26-07-2015, 64, 24.52
23a6022, 26-07-2015, 128, 30.34
23a6022, 26-07-2015, 256, 26.45
23a6022, 26-07-2015, 512, 24.89
23a6022, 26-07-2015, 1024, 26.25
23a6022, 26-07-2015, 2048, 57.43
23a6022, 26-07-2015, 4096, 45.01
23a6022, 26-07-2015, 8192, 46.71
23a6022, 26-07-2015, 16384, 26.95
23a6022, 26-07-2015, 32768, 31.17
23a6022, 26-07-2015, 65536, 42.10
23a6022, 26-07-2015, 131072, 174.48
23a6022, 26-07-2015, 262144, 188.84
23a6022, 26-07-2015, 524288, 253.57
23a6022, 26-07-2015, 1048576, 694.51
23a6022, 26-07-2015, 2097152, 1793.65
23a6022, 26-07-2015, 4194304, 4244.83
e3bf4c1, 28-07-2015, 1, 12.68
e3bf4c1, 28-07-2015, 2, 12.71
e3bf4c1, 28-07-2015, 4, 12.68
e3bf4c1, 28-07-2015, 8, 12.66
e3bf4c1, 28-07-2015, 16, 12.70
e3bf4c1, 28-07-2015, 32, 12.71
e3bf4c1, 28-07-2015, 64, 12.73
e3bf4c1, 28-07-2015, 128, 12.74
e3bf4c1, 28-07-2015, 256, 12.85
e3bf4c1, 28-07-2015, 512, 12.95
e3bf4c1, 28-07-2015, 1024, 13.45
e3bf4c1, 28-07-2015, 2048, 13.81
e3bf4c1, 28-07-2015, 4096, 14.69
e3bf4c1, 28-07-2015, 8192, 20.34
e3bf4c1, 28-07-2015, 16384, 24.89
e3bf4c1, 28-07-2015, 32768, 28.68
e3bf4c1, 28-07-2015, 65536, 38.78
e3bf4c1, 28-07-2015, 131072, 67.47
e3bf4c1, 28-07-2015, 262144, 101.68
e3bf4c1, 28-07-2015, 524288, 173.48
e3bf4c1, 28-07-2015, 1048576, 564.77
e3bf4c1, 28-07-2015, 2097152, 1359.95
e3bf4c1, 28-07-2015, 4194304, 2968.01
bc0d832, 31-07-2015, 1, 11.49
bc0d832, 31-07-2015, 2, 11.41
bc0d832, 31-07-2015, 4, 11.31
bc0d832, 31-07-2015, 8, 11.30
bc0d832, 31-07-2015, 16, 11.26
bc0d832, 31-07-2015, 32, 11.23
bc0d832, 31-07-2015, 64, 11.06
bc0d832, 31-07-2015, 128, 10.92
bc0d832, 31-07-2015, 256, 10.96
bc0d832, 31-07-2015, 512, 11.04
bc0d832, 31-07-2015, 1024, 11.47
bc0d832, 31-07-2015, 2048, 11.88
bc0d832, 31-07-2015, 4096, 12.86
bc0d832, 31-07-2015, 8192, 17.51
bc0d832, 31-07-2015, 16384, 20.11
bc0d832, 31-07-2015, 32768, 25.47
bc0d832, 31-07-2015, 65536, 34.16
bc0d832, 31-07-2015, 131072, 64.60
bc0d832, 31-07-2015, 262144, 90.96
bc0d832, 31-07-2015, 524288, 159.24
bc0d832, 31-07-2015, 1048576, 517.27
bc0d832, 31-07-2015, 2097152, 1234.71
bc0d832, 31-07-2015, 4194304, 2692.54
5b3580d, 01-08-2015, 1, 12.69
5b3580d, 01-08-2015, 2, 12.66
5b3580d, 01-08-2015, 4, 14.37
5b3580d, 01-08-2015, 8, 12.40
5b3580d, 01-08-2015, 16, 13.38
5b3580d, 01-08-2015, 32, 12.99
5b3580d, 01-08-2015, 64, 14.05
5b3580d, 01-08-2015, 128, 13.09
5b3580d, 01-08-2015, 256, 12.97
5b3580d, 01-08-2015, 512, 14.07
5b3580d, 01-08-2015, 1024, 13.62
5b3580d, 01-08-2015, 2048, 14.52
5b3580d, 01-08-2015, 4096, 16.20
5b3580d, 01-08-2015, 8192, 21.57
5b3580d, 01-08-2015, 16384, 143.59
5b3580d, 01-08-2015, 32768, 80.02
5b3580d, 01-08-2015, 65536, 37.74
5b3580d, 01-08-2015, 131072, 61.69
5b3580d, 01-08-2015, 262144, 174.49
5b3580d, 01-08-2015, 524288, 164.24
5b3580d, 01-08-2015, 1048576, 532.92
5b3580d, 01-08-2015, 2097152, 1274.32
5b3580d, 01-08-2015, 4194304, 2776.28
d2fdca2, 02-08-2015, 1, 11.53
d2fdca2, 02-08-2015, 2, 11.32
d2fdca2, 02-08-2015, 4, 11.20
d2fdca2, 02-08-2015, 8, 10.95
d2fdca2, 02-08-2015, 16, 10.93
d2fdca2, 02-08-2015, 32, 10.99
d2fdca2, 02-08-2015, 64, 10.93
d2fdca2, 02-08-2015, 128, 10.98
d2fdca2, 02-08-2015, 256, 11.06
d2fdca2, 02-08-2015, 512, 11.17
d2fdca2, 02-08-2015, 1024, 11.60
d2fdca2, 02-08-2015, 2048, 11.99
d2fdca2, 02-08-2015, 4096, 12.86
d2fdca2, 02-08-2015, 8192, 18.01
d2fdca2, 02-08-2015, 16384, 20.62
d2fdca2, 02-08-2015, 32768, 25.14
d2fdca2, 02-08-2015, 65536, 34.47
d2fdca2, 02-08-2015, 131072, 64.56
d2fdca2, 02-08-2015, 262144, 90.87
d2fdca2, 02-08-2015, 524288, 158.52
d2fdca2, 02-08-2015, 1048576, 516.00
d2fdca2, 02-08-2015, 2097152, 1238.95
d2fdca2, 02-08-2015, 4194304, 2711.10
f851440, 03-08-2015, 1, 11.82
f851440, 03-08-2015, 2, 11.61
f851440, 03-08-2015, 4, 11.44
f851440, 03-08-2015, 8, 11.39
f851440, 03-08-2015, 16, 11.36
f851440, 03-08-2015, 32, 11.29
f851440, 03-08-2015, 64, 11.07
f851440, 03-08-2015, 128, 11.13
f851440, 03-08-2015, 256, 11.18
f851440, 03-08-2015, 512, 11.31
f851440, 03-08-2015, 1024, 11.73
f851440, 03-08-2015, 2048, 12.29
f851440, 03-08-2015, 4096, 13.08
f851440, 03-08-2015, 8192, 17.75
f851440, 03-08-2015, 16384, 20.23
f851440, 03-08-2015, 32768, 25.40
f851440, 03-08-2015, 65536, 34.44
f851440, 03-08-2015, 131072, 65.48
f851440, 03-08-2015, 262144, 92.24
f851440, 03-08-2015, 524288, 159.53
f851440, 03-08-2015, 1048576, 519.43
f851440, 03-08-2015, 2097152, 1243.26
f851440, 03-08-2015, 4194304, 2717.73
ff0e3c7, 04-08-2015, 1, 12.12
ff0e3c7, 04-08-2015, 2, 11.88
ff0e3c7, 04-08-2015, 4, 11.66
ff0e3c7, 04-08-2015, 8, 11.61
ff0e3c7, 04-08-2015, 16, 11.55
ff0e3c7, 04-08-2015, 32, 11.54
ff0e3c7, 04-08-2015, 64, 11.59
ff0e3c7, 04-08-2015, 128, 11.55
ff0e3c7, 04-08-2015, 256, 11.68
ff0e3c7, 04-08-2015, 512, 11.77
ff0e3c7, 04-08-2015, 1024, 12.13
ff0e3c7, 04-08-2015, 2048, 12.67
ff0e3c7, 04-08-2015, 4096, 13.65
ff0e3c7, 04-08-2015, 8192, 18.01
ff0e3c7, 04-08-2015, 16384, 21.26
ff0e3c7, 04-08-2015, 32768, 26.18
ff0e3c7, 04-08-2015, 65536, 35.57
ff0e3c7, 04-08-2015, 131072, 64.85
ff0e3c7, 04-08-2015, 262144, 91.87
ff0e3c7, 04-08-2015, 524288, 159.35
ff0e3c7, 04-08-2015, 1048576, 513.71
ff0e3c7, 04-08-2015, 2097152, 1230.82
ff0e3c7, 04-08-2015, 4194304, 2686.97
63b98a0, 06-08-2015, 1, 21.71
63b98a0, 06-08-2015, 2, 17.22
63b98a0, 06-08-2015, 4, 17.87
63b98a0, 06-08-2015, 8, 24.00
63b98a0, 06-08-2015, 16, 17.85
63b98a0, 06-08-2015, 32, 17.46
63b98a0, 06-08-2015, 64, 21.05
63b98a0, 06-08-2015, 128, 20.45
63b98a0, 06-08-2015, 256, 19.34
63b98a0, 06-08-2015, 512, 18.77
63b98a0, 06-08-2015, 1024, 20.45
63b98a0, 06-08-2015, 2048, 26.41
63b98a0, 06-08-2015, 4096, 20.22
63b98a0, 06-08-2015, 8192, 26.93
63b98a0, 06-08-2015, 16384, 27.22
63b98a0, 06-08-2015, 32768, 44.23
63b98a0, 06-08-2015, 65536, 58.45
63b98a0, 06-08-2015, 131072, 146.40
63b98a0, 06-08-2015, 262144, 122.06
63b98a0, 06-08-2015, 524288, 198.41
63b98a0, 06-08-2015, 1048576, 595.17
63b98a0, 06-08-2015, 2097152, 1316.88
63b98a0, 06-08-2015, 4194304, 2823.28
a1e43e8, 07-08-2015, 1, 12.74
a1e43e8, 07-08-2015, 2, 12.47
a1e43e8, 07-08-2015, 4, 12.31
a1e43e8, 07-08-2015, 8, 12.46
a1e43e8, 07-08-2015, 16, 12.28
a1e43e8, 07-08-2015, 32, 12.24
a1e43e8, 07-08-2015, 64, 12.29
a1e43e8, 07-08-2015, 128, 12.30
a1e43e8, 07-08-2015, 256, 12.37
a1e43e8, 07-08-2015, 512, 12.44
a1e43e8, 07-08-2015, 1024, 12.89
a1e43e8, 07-08-2015, 2048, 13.34
a1e43e8, 07-08-2015, 4096, 14.22
a1e43e8, 07-08-2015, 8192, 19.03
a1e43e8, 07-08-2015, 16384, 22.48
a1e43e8, 07-08-2015, 32768, 27.62
a1e43e8, 07-08-2015, 65536, 37.19
a1e43e8, 07-08-2015, 131072, 63.33
a1e43e8, 07-08-2015, 262144, 93.08
a1e43e8, 07-08-2015, 524288, 160.32
a1e43e8, 07-08-2015, 1048576, 516.86
a1e43e8, 07-08-2015, 2097152, 1235.91
a1e43e8, 07-08-2015, 4194304, 2700.33
5b5bed6, 09-08-2015, 1, 12.69
5b5bed6, 09-08-2015, 2, 12.36
5b5bed6, 09-08-2015, 4, 12.34
5b5bed6, 09-08-2015, 8, 12.35
5b5bed6, 09-08-2015, 16, 12.31
5b5bed6, 09-08-2015, 32, 12.35
5b5bed6, 09-08-2015, 64, 12.37
5b5bed6, 09-08-2015, 128, 12.39
5b5bed6, 09-08-2015, 256, 12.46
5b5bed6, 09-08-2015, 512, 12.58
5b5bed6, 09-08-2015, 1024, 13.03
5b5bed6, 09-08-2015, 2048, 13.50
5b5bed6, 09-08-2015, 4096, 14.38
5b5bed6, 09-08-2015, 8192, 19.38
5b5bed6, 09-08-2015, 16384, 22.22
5b5bed6, 09-08-2015, 32768, 27.77
5b5bed6, 09-08-2015, 65536, 36.83
5b5bed6, 09-08-2015, 131072, 64.17
5b5bed6, 09-08-2015, 262144, 93.25
5b5bed6, 09-08-2015, 524288, 160.17
5b5bed6, 09-08-2015, 1048576, 519.13
5b5bed6, 09-08-2015, 2097152, 1244.01
5b5bed6, 09-08-2015, 4194304, 2719.83
1e1238a, 11-08-2015, 1, 14.56
1e1238a, 11-08-2015, 2, 14.45
1e1238a, 11-08-2015, 4, 15.90
1e1238a, 11-08-2015, 8, 14.75
1e1238a, 11-08-2015, 16, 15.46
1e1238a, 11-08-2015, 32, 13.95
1e1238a, 11-08-2015, 64, 14.79
1e1238a, 11-08-2015, 128, 16.24
1e1238a, 11-08-2015, 256, 13.72
1e1238a, 11-08-2015, 512, 15.76
1e1238a, 11-08-2015, 1024, 15.28
1e1238a, 11-08-2015, 2048, 15.61
1e1238a, 11-08-2015, 4096, 16.08
1e1238a, 11-08-2015, 8192, 25.93
1e1238a, 11-08-2015, 16384, 23.72
1e1238a, 11-08-2015, 32768, 29.83
1e1238a, 11-08-2015, 65536, 39.25
1e1238a, 11-08-2015, 131072, 80.08
1e1238a, 11-08-2015, 262144, 112.01
1e1238a, 11-08-2015, 524288, 167.20
1e1238a, 11-08-2015, 1048576, 539.81
1e1238a, 11-08-2015, 2097152, 1281.13
1e1238a, 11-08-2015, 4194304, 2725.18
2e640e3, 12-08-2015, 1, 14.18
2e640e3, 12-08-2015, 2, 13.93
2e640e3, 12-08-2015, 4, 13.78
2e640e3, 12-08-2015, 8, 13.54
2e640e3, 12-08-2015, 16, 13.39
2e640e3, 12-08-2015, 32, 13.47
2e640e3, 12-08-2015, 64, 13.49
2e640e3, 12-08-2015, 128, 13.50
2e640e3, 12-08-2015, 256, 13.54
2e640e3, 12-08-2015, 512, 13.58
2e640e3, 12-08-2015, 1024, 14.12
2e640e3, 12-08-2015, 2048, 14.55
2e640e3, 12-08-2015, 4096, 15.47
2e640e3, 12-08-2015, 8192, 20.96
2e640e3, 12-08-2015, 16384, 23.41
2e640e3, 12-08-2015, 32768, 28.44
2e640e3, 12-08-2015, 65536, 38.29
2e640e3, 12-08-2015, 131072, 65.97
2e640e3, 12-08-2015, 262144, 95.20
2e640e3, 12-08-2015, 524288, 163.40
2e640e3, 12-08-2015, 1048576, 546.85
2e640e3, 12-08-2015, 2097152, 1281.19
2e640e3, 12-08-2015, 4194304, 2720.44
5f94396, 14-08-2015, 1, 13.40
5f94396, 14-08-2015, 2, 13.11
5f94396, 14-08-2015, 4, 13.06
5f94396, 14-08-2015, 8, 13.03
5f94396, 14-08-2015, 16, 12.92
5f94396, 14-08-2015, 32, 13.01
5f94396, 14-08-2015, 64, 13.00
5f94396, 14-08-2015, 128, 13.08
5f94396, 14-08-2015, 256, 13.13
5f94396, 14-08-2015, 512, 13.18
5f94396, 14-08-2015, 1024, 13.66
5f94396, 14-08-2015, 2048, 14.02
5f94396, 14-08-2015, 4096, 14.88
5f94396, 14-08-2015, 8192, 19.88
5f94396, 14-08-2015, 16384, 22.71
5f94396, 14-08-2015, 32768, 27.34
5f94396, 14-08-2015, 65536, 37.02
5f94396, 14-08-2015, 131072, 65.10
5f94396, 14-08-2015, 262144, 93.38
5f94396, 14-08-2015, 524288, 160.72
5f94396, 14-08-2015, 1048576, 515.89
5f94396, 14-08-2015, 2097152, 1232.14
5f94396, 14-08-2015, 4194304, 2688.01
6261a17, 15-08-2015, 1, 14.41
6261a17, 15-08-2015, 2, 14.05
6261a17, 15-08-2015, 4, 14.08
6261a17, 15-08-2015, 8, 13.90
6261a17, 15-08-2015, 16, 13.84
6261a17, 15-08-2015, 32, 13.89
6261a17, 15-08-2015, 64, 13.97
6261a17, 15-08-2015, 128, 13.91
6261a17, 15-08-2015, 256, 13.97
6261a17, 15-08-2015, 512, 14.10
6261a17, 15-08-2015, 1024, 14.59
6261a17, 15-08-2015, 2048, 14.95
6261a17, 15-08-2015, 4096, 15.87
6261a17, 15-08-2015, 8192, 21.21
6261a17, 15-08-2015, 16384, 24.19
6261a17, 15-08-2015, 32768, 28.65
6261a17, 15-08-2015, 65536, 39.50
6261a17, 15-08-2015, 131072, 66.13
6261a17, 15-08-2015, 262144, 94.77
6261a17, 15-08-2015, 524288, 162.03
6261a17, 15-08-2015, 1048576, 521.13
6261a17, 15-08-2015, 2097152, 1249.13
6261a17, 15-08-2015, 4194304, 2725.69
081ce4e, 18-08-2015, 1, 14.45
081ce4e, 18-08-2015, 2, 14.21
081ce4e, 18-08-2015, 4, 14.16
081ce4e, 18-08-2015, 8, 14.06
081ce4e, 18-08-2015, 16, 15.14
081ce4e, 18-08-2015, 32, 13.95
081ce4e, 18-08-2015, 64, 13.95
081ce4e, 18-08-2015, 128, 14.00
081ce4e, 18-08-2015, 256, 14.01
081ce4e, 18-08-2015, 512, 14.19
081ce4e, 18-08-2015, 1024, 14.69
081ce4e, 18-08-2015, 2048, 15.08
081ce4e, 18-08-2015, 4096, 16.03
081ce4e, 18-08-2015, 8192, 20.63
081ce4e, 18-08-2015, 16384, 23.36
081ce4e, 18-08-2015, 32768, 28.06
081ce4e, 18-08-2015, 65536, 37.22
081ce4e, 18-08-2015, 131072, 65.92
081ce4e, 18-08-2015, 262144, 93.97
081ce4e, 18-08-2015, 524288, 161.35
081ce4e, 18-08-2015, 1048576, 519.07
081ce4e, 18-08-2015, 2097152, 1242.85
081ce4e, 18-08-2015, 4194304, 2717.36
358d028, 19-08-2015, 1, 14.38
358d028, 19-08-2015, 2, 14.21
358d028, 19-08-2015, 4, 14.00
358d028, 19-08-2015, 8, 13.75
358d028, 19-08-2015, 16, 13.51
358d028, 19-08-2015, 32, 13.57
358d028, 19-08-2015, 64, 13.58
358d028, 19-08-2015, 128, 13.61
358d028, 19-08-2015, 256, 13.65
358d028, 19-08-2015, 512, 13.81
358d028, 19-08-2015, 1024, 14.27
358d028, 19-08-2015, 2048, 14.69
358d028, 19-08-2015, 4096, 15.61
358d028, 19-08-2015, 8192, 20.59
358d028, 19-08-2015, 16384, 23.53
358d028, 19-08-2015, 32768, 27.86
358d028, 19-08-2015, 65536, 38.17
358d028, 19-08-2015, 131072, 65.84
358d028, 19-08-2015, 262144, 94.40
358d028, 19-08-2015, 524288, 161.40
358d028, 19-08-2015, 1048576, 516.21
358d028, 19-08-2015, 2097152, 1245.52
358d028, 19-08-2015, 4194304, 2697.50
f565790, 22-08-2015, 1, 14.42
f565790, 22-08-2015, 2, 14.22
f565790, 22-08-2015, 4, 14.11
f565790, 22-08-2015, 8, 14.01
f565790, 22-08-2015, 16, 13.96
f565790, 22-08-2015, 32, 13.94
f565790, 22-08-2015, 64, 13.89
f565790, 22-08-2015, 128, 13.89
f565790, 22-08-2015, 256, 13.98
f565790, 22-08-2015, 512, 14.15
f565790, 22-08-2015, 1024, 14.62
f565790, 22-08-2015, 2048, 14.91
f565790, 22-08-2015, 4096, 15.75
f565790, 22-08-2015, 8192, 21.01
f565790, 22-08-2015, 16384, 23.75
f565790, 22-08-2015, 32768, 28.79
f565790, 22-08-2015, 65536, 38.27
f565790, 22-08-2015, 131072, 66.41
f565790, 22-08-2015, 262144, 94.69
f565790, 22-08-2015, 524288, 161.88
f565790, 22-08-2015, 1048576, 519.92
f565790, 22-08-2015, 2097152, 1247.92
f565790, 22-08-2015, 4194304, 2716.17
3cbff1b, 26-08-2015, 1, 16.34
3cbff1b, 26-08-2015, 2, 16.33
3cbff1b, 26-08-2015, 4, 14.81
3cbff1b, 26-08-2015, 8, 15.58
3cbff1b, 26-08-2015, 16, 16.06
3cbff1b, 26-08-2015, 32, 15.66
3cbff1b, 26-08-2015, 64, 15.74
3cbff1b, 26-08-2015, 128, 15.71
3cbff1b, 26-08-2015, 256, 16.00
3cbff1b, 26-08-2015, 512, 14.95
3cbff1b, 26-08-2015, 1024, 16.85
3cbff1b, 26-08-2015, 2048, 17.35
3cbff1b, 26-08-2015, 4096, 18.44
3cbff1b, 26-08-2015, 8192, 26.67
3cbff1b, 26-08-2015, 16384, 24.48
3cbff1b, 26-08-2015, 32768, 28.89
3cbff1b, 26-08-2015, 65536, 62.41
3cbff1b, 26-08-2015, 131072, 68.58
3cbff1b, 26-08-2015, 262144, 109.04
3cbff1b, 26-08-2015, 524288, 182.22
3cbff1b, 26-08-2015, 1048576, 552.63
3cbff1b, 26-08-2015, 2097152, 1260.26
3cbff1b, 26-08-2015, 4194304, 2790.22
107ed41, 27-08-2015, 1, 14.53
107ed41, 27-08-2015, 2, 14.33
107ed41, 27-08-2015, 4, 13.71
107ed41, 27-08-2015, 8, 13.73
107ed41, 27-08-2015, 16, 13.63
107ed41, 27-08-2015, 32, 13.62
107ed41, 27-08-2015, 64, 13.67
107ed41, 27-08-2015, 128, 13.72
107ed41, 27-08-2015, 256, 13.76
107ed41, 27-08-2015, 512, 13.87
107ed41, 27-08-2015, 1024, 14.37
107ed41, 27-08-2015, 2048, 14.79
107ed41, 27-08-2015, 4096, 15.79
107ed41, 27-08-2015, 8192, 20.92
107ed41, 27-08-2015, 16384, 23.24
107ed41, 27-08-2015, 32768, 28.50
107ed41, 27-08-2015, 65536, 38.41
107ed41, 27-08-2015, 131072, 66.02
107ed41, 27-08-2015, 262144, 94.68
107ed41, 27-08-2015, 524288, 162.33
107ed41, 27-08-2015, 1048576, 546.22
107ed41, 27-08-2015, 2097152, 1314.79
107ed41, 27-08-2015, 4194304, 2825.26
14bd43a, 23-09-2015, 1, 12.83
14bd43a, 23-09-2015, 2, 12.67
14bd43a, 23-09-2015, 4, 12.60
14bd43a, 23-09-2015, 8, 12.28
14bd43a, 23-09-2015, 16, 12.24
14bd43a, 23-09-2015, 32, 12.17
14bd43a, 23-09-2015, 64, 12.17
14bd43a, 23-09-2015, 128, 12.26
14bd43a, 23-09-2015, 256, 12.33
14bd43a, 23-09-2015, 512, 12.43
14bd43a, 23-09-2015, 1024, 12.91
14bd43a, 23-09-2015, 2048, 13.44
14bd43a, 23-09-2015, 4096, 14.22
14bd43a, 23-09-2015, 8192, 18.86
14bd43a, 23-09-2015, 16384, 21.56
14bd43a, 23-09-2015, 32768, 26.79
14bd43a, 23-09-2015, 65536, 36.57
14bd43a, 23-09-2015, 131072, 63.91
14bd43a, 23-09-2015, 262144, 93.00
14bd43a, 23-09-2015, 524288, 160.29
14bd43a, 23-09-2015, 1048576, 519.32
14bd43a, 23-09-2015, 2097152, 1246.12
14bd43a, 23-09-2015, 4194304, 2717.75
f77fcee, 24-09-2015, 1, 14.24
f77fcee, 24-09-2015, 2, 14.69
f77fcee, 24-09-2015, 4, 14.55
f77fcee, 24-09-2015, 8, 14.11
f77fcee, 24-09-2015, 16, 14.15
f77fcee, 24-09-2015, 32, 14.20
f77fcee, 24-09-2015, 64, 14.80
f77fcee, 24-09-2015, 128, 15.17
f77fcee, 24-09-2015, 256, 14.43
f77fcee, 24-09-2015, 512, 14.36
f77fcee, 24-09-2015, 1024, 14.91
f77fcee, 24-09-2015, 2048, 16.19
f77fcee, 24-09-2015, 4096, 17.09
f77fcee, 24-09-2015, 8192, 28.26
f77fcee, 24-09-2015, 16384, 24.78
f77fcee, 24-09-2015, 32768, 30.96
f77fcee, 24-09-2015, 65536, 40.21
f77fcee, 24-09-2015, 131072, 66.72
f77fcee, 24-09-2015, 262144, 98.03
f77fcee, 24-09-2015, 524288, 167.11
f77fcee, 24-09-2015, 1048576, 551.60
f77fcee, 24-09-2015, 2097152, 1294.30
f77fcee, 24-09-2015, 4194304, 2735.39
d58441a, 29-09-2015, 1, 12.55
d58441a, 29-09-2015, 2, 12.47
d58441a, 29-09-2015, 4, 12.46
d58441a, 29-09-2015, 8, 12.46
d58441a, 29-09-2015, 16, 12.47
d58441a, 29-09-2015, 32, 12.45
d58441a, 29-09-2015, 64, 12.33
d58441a, 29-09-2015, 128, 12.17
d58441a, 29-09-2015, 256, 12.13
d58441a, 29-09-2015, 512, 12.20
d58441a, 29-09-2015, 1024, 12.70
d58441a, 29-09-2015, 2048, 13.08
d58441a, 29-09-2015, 4096, 14.06
d58441a, 29-09-2015, 8192, 18.81
d58441a, 29-09-2015, 16384, 21.41
d58441a, 29-09-2015, 32768, 26.43
d58441a, 29-09-2015, 65536, 36.15
d58441a, 29-09-2015, 131072, 63.74
d58441a, 29-09-2015, 262144, 92.59
d58441a, 29-09-2015, 524288, 159.64
d58441a, 29-09-2015, 1048576, 526.44
d58441a, 29-09-2015, 2097152, 1256.32
d58441a, 29-09-2015, 4194304, 2715.39
1e4521d, 30-09-2015, 1, 21.31
1e4521d, 30-09-2015, 2, 20.00
1e4521d, 30-09-2015, 4, 18.41
1e4521d, 30-09-2015, 8, 24.50
1e4521d, 30-09-2015, 16, 19.51
1e4521d, 30-09-2015, 32, 17.20
1e4521d, 30-09-2015, 64, 24.62
1e4521d, 30-09-2015, 128, 20.78
1e4521d, 30-09-2015, 256, 22.34
1e4521d, 30-09-2015, 512, 27.39
1e4521d, 30-09-2015, 1024, 26.46
1e4521d, 30-09-2015, 2048, 28.13
1e4521d, 30-09-2015, 4096, 36.29
1e4521d, 30-09-2015, 8192, 65.54
1e4521d, 30-09-2015, 16384, 60.37
1e4521d, 30-09-2015, 32768, 41.42
1e4521d, 30-09-2015, 65536, 65.20
1e4521d, 30-09-2015, 131072, 86.28
1e4521d, 30-09-2015, 262144, 160.88
1e4521d, 30-09-2015, 524288, 249.50
1e4521d, 30-09-2015, 1048576, 751.73
1e4521d, 30-09-2015, 2097152, 1508.80
1e4521d, 30-09-2015, 4194304, 5082.87
a3e9a3f, 02-10-2015, 1, 16.12
a3e9a3f, 02-10-2015, 2, 13.92
a3e9a3f, 02-10-2015, 4, 14.13
a3e9a3f, 02-10-2015, 8, 13.96
a3e9a3f, 02-10-2015, 16, 13.69
a3e9a3f, 02-10-2015, 32, 13.86
a3e9a3f, 02-10-2015, 64, 25.34
a3e9a3f, 02-10-2015, 128, 13.68
a3e9a3f, 02-10-2015, 256, 13.90
a3e9a3f, 02-10-2015, 512, 21.93
a3e9a3f, 02-10-2015, 1024, 14.44
a3e9a3f, 02-10-2015, 2048, 15.17
a3e9a3f, 02-10-2015, 4096, 17.03
a3e9a3f, 02-10-2015, 8192, 24.82
a3e9a3f, 02-10-2015, 16384, 24.56
a3e9a3f, 02-10-2015, 32768, 29.63
a3e9a3f, 02-10-2015, 65536, 41.18
a3e9a3f, 02-10-2015, 131072, 65.94
a3e9a3f, 02-10-2015, 262144, 101.93
a3e9a3f, 02-10-2015, 524288, 164.23
a3e9a3f, 02-10-2015, 1048576, 533.78
a3e9a3f, 02-10-2015, 2097152, 1263.16
a3e9a3f, 02-10-2015, 4194304, 2767.80
83cc2d8, 16-10-2015, 1, 12.63
83cc2d8, 16-10-2015, 2, 12.23
83cc2d8, 16-10-2015, 4, 12.19
83cc2d8, 16-10-2015, 8, 12.15
83cc2d8, 16-10-2015, 16, 12.09
83cc2d8, 16-10-2015, 32, 12.10
83cc2d8, 16-10-2015, 64, 12.12
83cc2d8, 16-10-2015, 128, 12.15
83cc2d8, 16-10-2015, 256, 12.23
83cc2d8, 16-10-2015, 512, 12.34
83cc2d8, 16-10-2015, 1024, 12.77
83cc2d8, 16-10-2015, 2048, 13.23
83cc2d8, 16-10-2015, 4096, 14.18
83cc2d8, 16-10-2015, 8192, 18.80
83cc2d8, 16-10-2015, 16384, 21.42
83cc2d8, 16-10-2015, 32768, 26.67
83cc2d8, 16-10-2015, 65536, 35.75
83cc2d8, 16-10-2015, 131072, 64.68
83cc2d8, 16-10-2015, 262144, 92.21
83cc2d8, 16-10-2015, 524288, 159.98
83cc2d8, 16-10-2015, 1048576, 517.85
83cc2d8, 16-10-2015, 2097152, 1245.63
83cc2d8, 16-10-2015, 4194304, 2715.67
6d53791, 19-10-2015, 1, 12.37
6d53791, 19-10-2015, 2, 12.00
6d53791, 19-10-2015, 4, 11.98
6d53791, 19-10-2015, 8, 12.06
6d53791, 19-10-2015, 16, 12.01
6d53791, 19-10-2015, 32, 11.85
6d53791, 19-10-2015, 64, 11.90
6d53791, 19-10-2015, 128, 11.91
6d53791, 19-10-2015, 256, 11.99
6d53791, 19-10-2015, 512, 12.07
6d53791, 19-10-2015, 1024, 12.50
6d53791, 19-10-2015, 2048, 12.96
6d53791, 19-10-2015, 4096, 13.90
6d53791, 19-10-2015, 8192, 18.56
6d53791, 19-10-2015, 16384, 21.01
6d53791, 19-10-2015, 32768, 25.96
6d53791, 19-10-2015, 65536, 35.46
6d53791, 19-10-2015, 131072, 63.32
6d53791, 19-10-2015, 262144, 92.28
6d53791, 19-10-2015, 524288, 159.97
6d53791, 19-10-2015, 1048576, 523.85
6d53791, 19-10-2015, 2097152, 1247.35
6d53791, 19-10-2015, 4194304, 2691.81
26a67a7, 28-02-2016, 1, 12.25
26a67a7, 28-02-2016, 2, 11.89
26a67a7, 28-02-2016, 4, 11.48
26a67a7, 28-02-2016, 8, 11.47
26a67a7, 28-02-2016, 16, 11.50
26a67a7, 28-02-2016, 32, 11.61
26a67a7, 28-02-2016, 64, 12.82
26a67a7, 28-02-2016, 128, 16.43
26a67a7, 28-02-2016, 256, 16.82
26a67a7, 28-02-2016, 512, 13.71
26a67a7, 28-02-2016, 1024, 15.46
26a67a7, 28-02-2016, 2048, 22.16
26a67a7, 28-02-2016, 4096, 23.73
26a67a7, 28-02-2016, 8192, 32.40
26a67a7, 28-02-2016, 16384, 22.97
26a67a7, 28-02-2016, 32768, 26.96
26a67a7, 28-02-2016, 65536, 72.30
26a67a7, 28-02-2016, 131072, 127.07
26a67a7, 28-02-2016, 262144, 95.57
26a67a7, 28-02-2016, 524288, 231.35
26a67a7, 28-02-2016, 1048576, 547.21
26a67a7, 28-02-2016, 2097152, 1267.14
26a67a7, 28-02-2016, 4194304, 2807.14
9f670f4, 28-02-2016, 1, 9.74
9f670f4, 28-02-2016, 2, 9.53
9f670f4, 28-02-2016, 4, 9.44
9f670f4, 28-02-2016, 8, 9.46
9f670f4, 28-02-2016, 16, 9.47
9f670f4, 28-02-2016, 32, 9.47
9f670f4, 28-02-2016, 64, 9.49
9f670f4, 28-02-2016, 128, 9.50
9f670f4, 28-02-2016, 256, 9.56
9f670f4, 28-02-2016, 512, 9.60
9f670f4, 28-02-2016, 1024, 10.02
9f670f4, 28-02-2016, 2048, 10.44
9f670f4, 28-02-2016, 4096, 11.31
9f670f4, 28-02-2016, 8192, 15.73
9f670f4, 28-02-2016, 16384, 18.12
9f670f4, 28-02-2016, 32768, 23.08
9f670f4, 28-02-2016, 65536, 32.13
9f670f4, 28-02-2016, 131072, 53.43
9f670f4, 28-02-2016, 262144, 88.65
9f670f4, 28-02-2016, 524288, 155.20
9f670f4, 28-02-2016, 1048576, 458.78
9f670f4, 28-02-2016, 2097152, 1171.41
9f670f4, 28-02-2016, 4194304, 2626.39
35d6e5d, 29-02-2016, 1, 9.84
35d6e5d, 29-02-2016, 2, 9.53
35d6e5d, 29-02-2016, 4, 9.45
35d6e5d, 29-02-2016, 8, 9.46
35d6e5d, 29-02-2016, 16, 9.45
35d6e5d, 29-02-2016, 32, 9.53
35d6e5d, 29-02-2016, 64, 9.50
35d6e5d, 29-02-2016, 128, 9.53
35d6e5d, 29-02-2016, 256, 9.59
35d6e5d, 29-02-2016, 512, 9.66
35d6e5d, 29-02-2016, 1024, 10.02
35d6e5d, 29-02-2016, 2048, 10.48
35d6e5d, 29-02-2016, 4096, 11.44
35d6e5d, 29-02-2016, 8192, 15.78
35d6e5d, 29-02-2016, 16384, 18.32
35d6e5d, 29-02-2016, 32768, 23.56
35d6e5d, 29-02-2016, 65536, 32.62
35d6e5d, 29-02-2016, 131072, 54.67
35d6e5d, 29-02-2016, 262144, 89.03
35d6e5d, 29-02-2016, 524288, 163.09
35d6e5d, 29-02-2016, 1048576, 483.15
35d6e5d, 29-02-2016, 2097152, 1236.55
35d6e5d, 29-02-2016, 4194304, 2771.20
b3d3254, 01-03-2016, 1, 9.95
b3d3254, 01-03-2016, 2, 9.63
b3d3254, 01-03-2016, 4, 9.47
b3d3254, 01-03-2016, 8, 9.50
b3d3254, 01-03-2016, 16, 9.47
b3d3254, 01-03-2016, 32, 9.50
b3d3254, 01-03-2016, 64, 9.50
b3d3254, 01-03-2016, 128, 9.53
b3d3254, 01-03-2016, 256, 9.58
b3d3254, 01-03-2016, 512, 9.74
b3d3254, 01-03-2016, 1024, 10.08
b3d3254, 01-03-2016, 2048, 10.45
b3d3254, 01-03-2016, 4096, 11.42
b3d3254, 01-03-2016, 8192, 15.80
b3d3254, 01-03-2016, 16384, 18.66
b3d3254, 01-03-2016, 32768, 24.08
b3d3254, 01-03-2016, 65536, 32.58
b3d3254, 01-03-2016, 131072, 54.63
b3d3254, 01-03-2016, 262144, 89.02
b3d3254, 01-03-2016, 524288, 155.65
b3d3254, 01-03-2016, 1048576, 458.66
b3d3254, 01-03-2016, 2097152, 1170.66
b3d3254, 01-03-2016, 4194304, 2699.33
efeeafd, 02-03-2016, 1, 9.55
efeeafd, 02-03-2016, 2, 9.38
efeeafd, 02-03-2016, 4, 9.27
efeeafd, 02-03-2016, 8, 9.32
efeeafd, 02-03-2016, 16, 9.31
efeeafd, 02-03-2016, 32, 9.31
efeeafd, 02-03-2016, 64, 9.29
efeeafd, 02-03-2016, 128, 9.31
efeeafd, 02-03-2016, 256, 9.37
efeeafd, 02-03-2016, 512, 9.46
efeeafd, 02-03-2016, 1024, 9.95
efeeafd, 02-03-2016, 2048, 10.32
efeeafd, 02-03-2016, 4096, 11.31
efeeafd, 02-03-2016, 8192, 15.86
efeeafd, 02-03-2016, 16384, 18.43
efeeafd, 02-03-2016, 32768, 23.04
efeeafd, 02-03-2016, 65536, 32.42
efeeafd, 02-03-2016, 131072, 54.64
efeeafd, 02-03-2016, 262144, 89.01
efeeafd, 02-03-2016, 524288, 155.73
efeeafd, 02-03-2016, 1048576, 458.66
efeeafd, 02-03-2016, 2097152, 1171.31
efeeafd, 02-03-2016, 4194304, 2628.39
1c0b6c5, 04-03-2016, 1, 20.80
1c0b6c5, 04-03-2016, 2, 12.48
1c0b6c5, 04-03-2016, 4, 11.47
1c0b6c5, 04-03-2016, 8, 11.78
1c0b6c5, 04-03-2016, 16, 10.94
1c0b6c5, 04-03-2016, 32, 14.94
1c0b6c5, 04-03-2016, 64, 11.75
1c0b6c5, 04-03-2016, 128, 12.01
1c0b6c5, 04-03-2016, 256, 9.91
1c0b6c5, 04-03-2016, 512, 10.34
1c0b6c5, 04-03-2016, 1024, 11.51
1c0b6c5, 04-03-2016, 2048, 13.40
1c0b6c5, 04-03-2016, 4096, 14.12
1c0b6c5, 04-03-2016, 8192, 21.59
1c0b6c5, 04-03-2016, 16384, 21.51
1c0b6c5, 04-03-2016, 32768, 35.85
1c0b6c5, 04-03-2016, 65536, 49.81
1c0b6c5, 04-03-2016, 131072, 63.29
1c0b6c5, 04-03-2016, 262144, 104.98
1c0b6c5, 04-03-2016, 524288, 160.77
1c0b6c5, 04-03-2016, 1048576, 480.54
1c0b6c5, 04-03-2016, 2097152, 1208.95
1c0b6c5, 04-03-2016, 4194304, 2643.76
f80054d, 05-03-2016, 1, 9.72
f80054d, 05-03-2016, 2, 9.45
f80054d, 05-03-2016, 4, 9.38
f80054d, 05-03-2016, 8, 9.38
f80054d, 05-03-2016, 16, 9.36
f80054d, 05-03-2016, 32, 9.39
f80054d, 05-03-2016, 64, 9.39
f80054d, 05-03-2016, 128, 9.44
f80054d, 05-03-2016, 256, 9.49
f80054d, 05-03-2016, 512, 9.62
f80054d, 05-03-2016, 1024, 10.01
f80054d, 05-03-2016, 2048, 10.47
f80054d, 05-03-2016, 4096, 11.46
f80054d, 05-03-2016, 8192, 15.81
f80054d, 05-03-2016, 16384, 18.38
f80054d, 05-03-2016, 32768, 22.97
f80054d, 05-03-2016, 65536, 33.01
f80054d, 05-03-2016, 131072, 53.88
f80054d, 05-03-2016, 262144, 88.89
f80054d, 05-03-2016, 524288, 155.99
f80054d, 05-03-2016, 1048576, 462.41
f80054d, 05-03-2016, 2097152, 1182.42
f80054d, 05-03-2016, 4194304, 2651.58
7c9c5a8, 06-03-2016, 1, 9.62
7c9c5a8, 06-03-2016, 2, 9.41
7c9c5a8, 06-03-2016, 4, 9.34
7c9c5a8, 06-03-2016, 8, 9.35
7c9c5a8, 06-03-2016, 16, 9.33
7c9c5a8, 06-03-2016, 32, 9.35
7c9c5a8, 06-03-2016, 64, 9.36
7c9c5a8, 06-03-2016, 128, 9.40
7c9c5a8, 06-03-2016, 256, 9.43
7c9c5a8, 06-03-2016, 512, 9.53
7c9c5a8, 06-03-2016, 1024, 9.98
7c9c5a8, 06-03-2016, 2048, 10.43
7c9c5a8, 06-03-2016, 4096, 11.31
7c9c5a8, 06-03-2016, 8192, 15.73
7c9c5a8, 06-03-2016, 16384, 18.36
7c9c5a8, 06-03-2016, 32768, 24.02
7c9c5a8, 06-03-2016, 65536, 33.21
7c9c5a8, 06-03-2016, 131072, 54.26
7c9c5a8, 06-03-2016, 262144, 88.68
7c9c5a8, 06-03-2016, 524288, 155.29
7c9c5a8, 06-03-2016, 1048576, 461.18
7c9c5a8, 06-03-2016, 2097152, 1178.70
7c9c5a8, 06-03-2016, 4194304, 2648.00
9d77b21, 07-03-2016, 1, 9.52
9d77b21, 07-03-2016, 2, 9.30
9d77b21, 07-03-2016, 4, 9.25
9d77b21, 07-03-2016, 8, 9.25
9d77b21, 07-03-2016, 16, 9.26
9d77b21, 07-03-2016, 32, 9.62
9d77b21, 07-03-2016, 64, 9.81
9d77b21, 07-03-2016, 128, 9.74
9d77b21, 07-03-2016, 256, 9.77
9d77b21, 07-03-2016, 512, 9.85
9d77b21, 07-03-2016, 1024, 10.30
9d77b21, 07-03-2016, 2048, 10.74
9d77b21, 07-03-2016, 4096, 11.65
9d77b21, 07-03-2016, 8192, 15.89
9d77b21, 07-03-2016, 16384, 18.23
9d77b21, 07-03-2016, 32768, 22.82
9d77b21, 07-03-2016, 65536, 32.23
9d77b21, 07-03-2016, 131072, 54.03
9d77b21, 07-03-2016, 262144, 89.42
9d77b21, 07-03-2016, 524288, 155.05
9d77b21, 07-03-2016, 1048576, 459.05
9d77b21, 07-03-2016, 2097152, 1171.66
9d77b21, 07-03-2016, 4194304, 2629.88
22d7896, 08-03-2016, 1, 9.66
22d7896, 08-03-2016, 2, 9.40
22d7896, 08-03-2016, 4, 9.32
22d7896, 08-03-2016, 8, 9.31
22d7896, 08-03-2016, 16, 9.30
22d7896, 08-03-2016, 32, 9.32
22d7896, 08-03-2016, 64, 9.34
22d7896, 08-03-2016, 128, 9.35
22d7896, 08-03-2016, 256, 9.39
22d7896, 08-03-2016, 512, 9.61
22d7896, 08-03-2016, 1024, 9.96
22d7896, 08-03-2016, 2048, 10.38
22d7896, 08-03-2016, 4096, 11.34
22d7896, 08-03-2016, 8192, 15.73
22d7896, 08-03-2016, 16384, 18.27
22d7896, 08-03-2016, 32768, 23.08
22d7896, 08-03-2016, 65536, 33.10
22d7896, 08-03-2016, 131072, 53.44
22d7896, 08-03-2016, 262144, 88.62
22d7896, 08-03-2016, 524288, 155.37
22d7896, 08-03-2016, 1048576, 458.92
22d7896, 08-03-2016, 2097152, 1172.99
22d7896, 08-03-2016, 4194304, 2633.88
601ac5a, 11-03-2016, 1, 9.55
601ac5a, 11-03-2016, 2, 9.39
601ac5a, 11-03-2016, 4, 9.35
601ac5a, 11-03-2016, 8, 9.35
601ac5a, 11-03-2016, 16, 9.36
601ac5a, 11-03-2016, 32, 9.41
601ac5a, 11-03-2016, 64, 9.41
601ac5a, 11-03-2016, 128, 9.44
601ac5a, 11-03-2016, 256, 9.48
601ac5a, 11-03-2016, 512, 9.57
601ac5a, 11-03-2016, 1024, 10.06
601ac5a, 11-03-2016, 2048, 10.50
601ac5a, 11-03-2016, 4096, 11.55
601ac5a, 11-03-2016, 8192, 15.63
601ac5a, 11-03-2016, 16384, 18.40
601ac5a, 11-03-2016, 32768, 23.48
601ac5a, 11-03-2016, 65536, 33.00
601ac5a, 11-03-2016, 131072, 53.55
601ac5a, 11-03-2016, 262144, 88.66
601ac5a, 11-03-2016, 524288, 155.42
601ac5a, 11-03-2016, 1048576, 458.46
601ac5a, 11-03-2016, 2097152, 1171.30
601ac5a, 11-03-2016, 4194304, 2626.05
601ac5a, 12-03-2016, 1, 10.36
601ac5a, 12-03-2016, 2, 10.34
601ac5a, 12-03-2016, 4, 10.54
601ac5a, 12-03-2016, 8, 10.58
601ac5a, 12-03-2016, 16, 10.35
601ac5a, 12-03-2016, 32, 10.24
601ac5a, 12-03-2016, 64, 10.09
601ac5a, 12-03-2016, 128, 10.10
601ac5a, 12-03-2016, 256, 10.22
601ac5a, 12-03-2016, 512, 10.41
601ac5a, 12-03-2016, 1024, 10.80
601ac5a, 12-03-2016, 2048, 11.59
601ac5a, 12-03-2016, 4096, 12.48
601ac5a, 12-03-2016, 8192, 16.98
601ac5a, 12-03-2016, 16384, 19.17
601ac5a, 12-03-2016, 32768, 24.59
601ac5a, 12-03-2016, 65536, 34.98
601ac5a, 12-03-2016, 131072, 55.93
601ac5a, 12-03-2016, 262144, 91.24
601ac5a, 12-03-2016, 524288, 157.34
601ac5a, 12-03-2016, 1048576, 461.58
601ac5a, 12-03-2016, 2097152, 1178.55
601ac5a, 12-03-2016, 4194304, 2749.16
601ac5a, 14-03-2016, 1, 15.17
601ac5a, 14-03-2016, 2, 13.66
601ac5a, 14-03-2016, 4, 14.13
601ac5a, 14-03-2016, 8, 11.97
601ac5a, 14-03-2016, 16, 12.05
601ac5a, 14-03-2016, 32, 12.58
601ac5a, 14-03-2016, 64, 12.85
601ac5a, 14-03-2016, 128, 13.36
601ac5a, 14-03-2016, 256, 13.00
601ac5a, 14-03-2016, 512, 12.77
601ac5a, 14-03-2016, 1024, 13.22
601ac5a, 14-03-2016, 2048, 14.28
601ac5a, 14-03-2016, 4096, 14.83
601ac5a, 14-03-2016, 8192, 21.06
601ac5a, 14-03-2016, 16384, 35.84
601ac5a, 14-03-2016, 32768, 29.65
601ac5a, 14-03-2016, 65536, 49.47
601ac5a, 14-03-2016, 131072, 53.81
601ac5a, 14-03-2016, 262144, 107.71
601ac5a, 14-03-2016, 524288, 174.49
601ac5a, 14-03-2016, 1048576, 498.75
601ac5a, 14-03-2016, 2097152, 1282.40
601ac5a, 14-03-2016, 4194304, 2684.17
4835edf, 15-03-2016, 1, 12.46
4835edf, 15-03-2016, 2, 10.25
4835edf, 15-03-2016, 4, 10.90
4835edf, 15-03-2016, 8, 11.52
4835edf, 15-03-2016, 16, 11.67
4835edf, 15-03-2016, 32, 12.98
4835edf, 15-03-2016, 64, 14.63
4835edf, 15-03-2016, 128, 13.47
4835edf, 15-03-2016, 256, 12.47
4835edf, 15-03-2016, 512, 11.76
4835edf, 15-03-2016, 1024, 20.71
4835edf, 15-03-2016, 2048, 18.08
4835edf, 15-03-2016, 4096, 16.97
4835edf, 15-03-2016, 8192, 21.32
4835edf, 15-03-2016, 16384, 36.49
4835edf, 15-03-2016, 32768, 48.90
4835edf, 15-03-2016, 65536, 35.44
4835edf, 15-03-2016, 131072, 54.94
4835edf, 15-03-2016, 262144, 110.21
4835edf, 15-03-2016, 524288, 161.05
4835edf, 15-03-2016, 1048576, 495.74
4835edf, 15-03-2016, 2097152, 1233.07
4835edf, 15-03-2016, 4194304, 2661.79
4835edf, 16-03-2016, 1, 12.18
4835edf, 16-03-2016, 2, 11.90
4835edf, 16-03-2016, 4, 13.03
4835edf, 16-03-2016, 8, 12.56
4835edf, 16-03-2016, 16, 11.89
4835edf, 16-03-2016, 32, 12.61
4835edf, 16-03-2016, 64, 13.03
4835edf, 16-03-2016, 128, 13.16
4835edf, 16-03-2016, 256, 12.57
4835edf, 16-03-2016, 512, 13.02
4835edf, 16-03-2016, 1024, 14.07
4835edf, 16-03-2016, 2048, 14.89
4835edf, 16-03-2016, 4096, 16.41
4835edf, 16-03-2016, 8192, 22.47
4835edf, 16-03-2016, 16384, 33.02
4835edf, 16-03-2016, 32768, 77.21
4835edf, 16-03-2016, 65536, 33.35
4835edf, 16-03-2016, 131072, 54.87
4835edf, 16-03-2016, 262144, 89.60
4835edf, 16-03-2016, 524288, 219.07
4835edf, 16-03-2016, 1048576, 508.50
4835edf, 16-03-2016, 2097152, 1233.57
4835edf, 16-03-2016, 4194304, 2757.95
4835edf, 17-03-2016, 1, 9.57
4835edf, 17-03-2016, 2, 9.19
4835edf, 17-03-2016, 4, 9.20
4835edf, 17-03-2016, 8, 9.24
4835edf, 17-03-2016, 16, 9.24
4835edf, 17-03-2016, 32, 9.26
4835edf, 17-03-2016, 64, 9.26
4835edf, 17-03-2016, 128, 9.25
4835edf, 17-03-2016, 256, 9.30
4835edf, 17-03-2016, 512, 9.42
4835edf, 17-03-2016, 1024, 9.81
4835edf, 17-03-2016, 2048, 10.24
4835edf, 17-03-2016, 4096, 11.18
4835edf, 17-03-2016, 8192, 15.67
4835edf, 17-03-2016, 16384, 18.10
4835edf, 17-03-2016, 32768, 23.05
4835edf, 17-03-2016, 65536, 32.40
4835edf, 17-03-2016, 131072, 54.43
4835edf, 17-03-2016, 262144, 88.70
4835edf, 17-03-2016, 524288, 155.68
4835edf, 17-03-2016, 1048576, 459.72
4835edf, 17-03-2016, 2097152, 1172.29
4835edf, 17-03-2016, 4194304, 2630.86
29f9338, 18-03-2016, 1, 10.38
29f9338, 18-03-2016, 2, 10.13
29f9338, 18-03-2016, 4, 10.05
29f9338, 18-03-2016, 8, 9.99
29f9338, 18-03-2016, 16, 10.00
29f9338, 18-03-2016, 32, 10.01
29f9338, 18-03-2016, 64, 10.03
29f9338, 18-03-2016, 128, 10.01
29f9338, 18-03-2016, 256, 10.10
29f9338, 18-03-2016, 512, 10.17
29f9338, 18-03-2016, 1024, 10.55
29f9338, 18-03-2016, 2048, 11.00
29f9338, 18-03-2016, 4096, 12.14
29f9338, 18-03-2016, 8192, 16.68
29f9338, 18-03-2016, 16384, 19.09
29f9338, 18-03-2016, 32768, 24.24
29f9338, 18-03-2016, 65536, 33.79
29f9338, 18-03-2016, 131072, 56.43
29f9338, 18-03-2016, 262144, 89.66
29f9338, 18-03-2016, 524288, 156.65
29f9338, 18-03-2016, 1048576, 459.75
29f9338, 18-03-2016, 2097152, 1172.35
29f9338, 18-03-2016, 4194304, 2628.53
540a515, 19-03-2016, 1, 15.36
540a515, 19-03-2016, 2, 17.01
540a515, 19-03-2016, 4, 17.34
540a515, 19-03-2016, 8, 14.19
540a515, 19-03-2016, 16, 25.04
540a515, 19-03-2016, 32, 20.38
540a515, 19-03-2016, 64, 20.44
540a515, 19-03-2016, 128, 19.21
540a515, 19-03-2016, 256, 17.18
540a515, 19-03-2016, 512, 24.82
540a515, 19-03-2016, 1024, 31.78
540a515, 19-03-2016, 2048, 35.49
540a515, 19-03-2016, 4096, 35.96
540a515, 19-03-2016, 8192, 67.11
540a515, 19-03-2016, 16384, 109.78
540a515, 19-03-2016, 32768, 118.93
540a515, 19-03-2016, 65536, 122.14
540a515, 19-03-2016, 131072, 127.91
540a515, 19-03-2016, 262144, 448.94
540a515, 19-03-2016, 524288, 319.93
540a515, 19-03-2016, 1048576, 623.45
540a515, 19-03-2016, 2097152, 1446.72
540a515, 19-03-2016, 4194304, 2856.95
751da54, 22-03-2016, 1, 10.32
751da54, 22-03-2016, 2, 10.09
751da54, 22-03-2016, 4, 10.03
751da54, 22-03-2016, 8, 10.03
751da54, 22-03-2016, 16, 10.11
751da54, 22-03-2016, 32, 10.09
751da54, 22-03-2016, 64, 10.15
751da54, 22-03-2016, 128, 10.14
751da54, 22-03-2016, 256, 10.21
751da54, 22-03-2016, 512, 10.34
751da54, 22-03-2016, 1024, 10.69
751da54, 22-03-2016, 2048, 11.19
751da54, 22-03-2016, 4096, 12.23
751da54, 22-03-2016, 8192, 16.94
751da54, 22-03-2016, 16384, 19.53
751da54, 22-03-2016, 32768, 24.64
751da54, 22-03-2016, 65536, 33.65
751da54, 22-03-2016, 131072, 55.69
751da54, 22-03-2016, 262144, 89.89
751da54, 22-03-2016, 524288, 157.03
751da54, 22-03-2016, 1048576, 462.86
751da54, 22-03-2016, 2097152, 1180.91
751da54, 22-03-2016, 4194304, 2646.87
92ffe69, 23-03-2016, 1, 11.91
92ffe69, 23-03-2016, 2, 11.68
92ffe69, 23-03-2016, 4, 13.55
92ffe69, 23-03-2016, 8, 11.99
92ffe69, 23-03-2016, 16, 12.00
92ffe69, 23-03-2016, 32, 12.89
92ffe69, 23-03-2016, 64, 12.97
92ffe69, 23-03-2016, 128, 19.51
92ffe69, 23-03-2016, 256, 17.83
92ffe69, 23-03-2016, 512, 32.61
92ffe69, 23-03-2016, 1024, 12.89
92ffe69, 23-03-2016, 2048, 14.90
92ffe69, 23-03-2016, 4096, 17.87
92ffe69, 23-03-2016, 8192, 28.07
92ffe69, 23-03-2016, 16384, 28.39
92ffe69, 23-03-2016, 32768, 47.09
92ffe69, 23-03-2016, 65536, 54.22
92ffe69, 23-03-2016, 131072, 69.61
92ffe69, 23-03-2016, 262144, 109.38
92ffe69, 23-03-2016, 524288, 168.68
92ffe69, 23-03-2016, 1048576, 485.10
92ffe69, 23-03-2016, 2097152, 1211.54
92ffe69, 23-03-2016, 4194304, 2735.22
f675ff8, 24-03-2016, 1, 10.38
f675ff8, 24-03-2016, 2, 10.11
f675ff8, 24-03-2016, 4, 10.03
f675ff8, 24-03-2016, 8, 10.05
f675ff8, 24-03-2016, 16, 10.15
f675ff8, 24-03-2016, 32, 10.11
f675ff8, 24-03-2016, 64, 10.10
f675ff8, 24-03-2016, 128, 10.12
f675ff8, 24-03-2016, 256, 10.15
f675ff8, 24-03-2016, 512, 10.23
f675ff8, 24-03-2016, 1024, 10.65
f675ff8, 24-03-2016, 2048, 11.17
f675ff8, 24-03-2016, 4096, 12.13
f675ff8, 24-03-2016, 8192, 16.74
f675ff8, 24-03-2016, 16384, 19.23
f675ff8, 24-03-2016, 32768, 24.31
f675ff8, 24-03-2016, 65536, 33.96
f675ff8, 24-03-2016, 131072, 55.22
f675ff8, 24-03-2016, 262144, 89.79
f675ff8, 24-03-2016, 524288, 156.91
f675ff8, 24-03-2016, 1048576, 464.20
f675ff8, 24-03-2016, 2097152, 1186.12
f675ff8, 24-03-2016, 4194304, 2660.85
7c008bd, 25-03-2016, 1, 14.52
7c008bd, 25-03-2016, 2, 12.61
7c008bd, 25-03-2016, 4, 13.72
7c008bd, 25-03-2016, 8, 13.46
7c008bd, 25-03-2016, 16, 12.63
7c008bd, 25-03-2016, 32, 13.63
7c008bd, 25-03-2016, 64, 18.54
7c008bd, 25-03-2016, 128, 21.66
7c008bd, 25-03-2016, 256, 32.91
7c008bd, 25-03-2016, 512, 56.53
7c008bd, 25-03-2016, 1024, 28.14
7c008bd, 25-03-2016, 2048, 14.79
7c008bd, 25-03-2016, 4096, 15.14
7c008bd, 25-03-2016, 8192, 20.60
7c008bd, 25-03-2016, 16384, 51.13
7c008bd, 25-03-2016, 32768, 28.37
7c008bd, 25-03-2016, 65536, 36.04
7c008bd, 25-03-2016, 131072, 59.06
7c008bd, 25-03-2016, 262144, 95.47
7c008bd, 25-03-2016, 524288, 166.09
7c008bd, 25-03-2016, 1048576, 472.15
7c008bd, 25-03-2016, 2097152, 1210.40
7c008bd, 25-03-2016, 4194304, 2676.10
f9d41a6, 26-03-2016, 1, 9.66
f9d41a6, 26-03-2016, 2, 9.40
f9d41a6, 26-03-2016, 4, 9.41
f9d41a6, 26-03-2016, 8, 9.41
f9d41a6, 26-03-2016, 16, 9.40
f9d41a6, 26-03-2016, 32, 9.42
f9d41a6, 26-03-2016, 64, 9.43
f9d41a6, 26-03-2016, 128, 9.44
f9d41a6, 26-03-2016, 256, 9.49
f9d41a6, 26-03-2016, 512, 9.57
f9d41a6, 26-03-2016, 1024, 9.94
f9d41a6, 26-03-2016, 2048, 10.38
f9d41a6, 26-03-2016, 4096, 11.41
f9d41a6, 26-03-2016, 8192, 15.86
f9d41a6, 26-03-2016, 16384, 18.43
f9d41a6, 26-03-2016, 32768, 23.71
f9d41a6, 26-03-2016, 65536, 33.21
f9d41a6, 26-03-2016, 131072, 54.44
f9d41a6, 26-03-2016, 262144, 88.94
f9d41a6, 26-03-2016, 524288, 155.63
f9d41a6, 26-03-2016, 1048576, 459.32
f9d41a6, 26-03-2016, 2097152, 1172.86
f9d41a6, 26-03-2016, 4194304, 2627.62
82adbde, 27-03-2016, 1, 9.80
82adbde, 27-03-2016, 2, 9.46
82adbde, 27-03-2016, 4, 9.39
82adbde, 27-03-2016, 8, 9.97
82adbde, 27-03-2016, 16, 9.87
82adbde, 27-03-2016, 32, 9.89
82adbde, 27-03-2016, 64, 9.86
82adbde, 27-03-2016, 128, 9.66
82adbde, 27-03-2016, 256, 9.70
82adbde, 27-03-2016, 512, 9.77
82adbde, 27-03-2016, 1024, 10.18
82adbde, 27-03-2016, 2048, 10.62
82adbde, 27-03-2016, 4096, 11.51
82adbde, 27-03-2016, 8192, 15.87
82adbde, 27-03-2016, 16384, 18.26
82adbde, 27-03-2016, 32768, 22.74
82adbde, 27-03-2016, 65536, 33.06
82adbde, 27-03-2016, 131072, 54.57
82adbde, 27-03-2016, 262144, 88.99
82adbde, 27-03-2016, 524288, 155.53
82adbde, 27-03-2016, 1048576, 461.76
82adbde, 27-03-2016, 2097152, 1182.95
82adbde, 27-03-2016, 4194304, 2654.08
82adbde, 28-03-2016, 1, 9.75
82adbde, 28-03-2016, 2, 9.46
82adbde, 28-03-2016, 4, 9.42
82adbde, 28-03-2016, 8, 9.42
82adbde, 28-03-2016, 16, 9.43
82adbde, 28-03-2016, 32, 9.46
82adbde, 28-03-2016, 64, 9.47
82adbde, 28-03-2016, 128, 9.46
82adbde, 28-03-2016, 256, 9.52
82adbde, 28-03-2016, 512, 9.57
82adbde, 28-03-2016, 1024, 9.98
82adbde, 28-03-2016, 2048, 10.45
82adbde, 28-03-2016, 4096, 11.38
82adbde, 28-03-2016, 8192, 15.81
82adbde, 28-03-2016, 16384, 18.27
82adbde, 28-03-2016, 32768, 23.05
82adbde, 28-03-2016, 65536, 32.41
82adbde, 28-03-2016, 131072, 54.62
82adbde, 28-03-2016, 262144, 89.04
82adbde, 28-03-2016, 524288, 155.97
82adbde, 28-03-2016, 1048576, 459.37
82adbde, 28-03-2016, 2097152, 1172.56
82adbde, 28-03-2016, 4194304, 2628.98
9a03686, 29-03-2016, 1, 9.73
9a03686, 29-03-2016, 2, 9.56
9a03686, 29-03-2016, 4, 9.51
9a03686, 29-03-2016, 8, 9.52
9a03686, 29-03-2016, 16, 9.52
9a03686, 29-03-2016, 32, 9.53
9a03686, 29-03-2016, 64, 9.55
9a03686, 29-03-2016, 128, 9.57
9a03686, 29-03-2016, 256, 9.66
9a03686, 29-03-2016, 512, 9.70
9a03686, 29-03-2016, 1024, 10.07
9a03686, 29-03-2016, 2048, 10.58
9a03686, 29-03-2016, 4096, 11.51
9a03686, 29-03-2016, 8192, 16.05
9a03686, 29-03-2016, 16384, 19.14
9a03686, 29-03-2016, 32768, 23.36
9a03686, 29-03-2016, 65536, 33.23
9a03686, 29-03-2016, 131072, 52.83
9a03686, 29-03-2016, 262144, 88.81
9a03686, 29-03-2016, 524288, 155.53
9a03686, 29-03-2016, 1048576, 461.38
9a03686, 29-03-2016, 2097152, 1180.35
9a03686, 29-03-2016, 4194304, 2648.61
c01e00f, 30-03-2016, 1, 9.96
c01e00f, 30-03-2016, 2, 9.64
c01e00f, 30-03-2016, 4, 9.48
c01e00f, 30-03-2016, 8, 9.49
c01e00f, 30-03-2016, 16, 9.51
c01e00f, 30-03-2016, 32, 9.48
c01e00f, 30-03-2016, 64, 9.47
c01e00f, 30-03-2016, 128, 9.45
c01e00f, 30-03-2016, 256, 9.50
c01e00f, 30-03-2016, 512, 9.53
c01e00f, 30-03-2016, 1024, 10.08
c01e00f, 30-03-2016, 2048, 10.48
c01e00f, 30-03-2016, 4096, 11.47
c01e00f, 30-03-2016, 8192, 16.06
c01e00f, 30-03-2016, 16384, 18.59
c01e00f, 30-03-2016, 32768, 24.14
c01e00f, 30-03-2016, 65536, 33.04
c01e00f, 30-03-2016, 131072, 53.06
c01e00f, 30-03-2016, 262144, 88.47
c01e00f, 30-03-2016, 524288, 155.47
c01e00f, 30-03-2016, 1048576, 461.10
c01e00f, 30-03-2016, 2097152, 1182.74
c01e00f, 30-03-2016, 4194304, 2655.20
45c5635, 31-03-2016, 1, 9.93
45c5635, 31-03-2016, 2, 9.67
45c5635, 31-03-2016, 4, 9.64
45c5635, 31-03-2016, 8, 9.66
45c5635, 31-03-2016, 16, 9.65
45c5635, 31-03-2016, 32, 9.75
45c5635, 31-03-2016, 64, 9.74
45c5635, 31-03-2016, 128, 9.73
45c5635, 31-03-2016, 256, 9.82
45c5635, 31-03-2016, 512, 9.90
45c5635, 31-03-2016, 1024, 10.28
45c5635, 31-03-2016, 2048, 10.76
45c5635, 31-03-2016, 4096, 11.74
45c5635, 31-03-2016, 8192, 16.57
45c5635, 31-03-2016, 16384, 19.15
45c5635, 31-03-2016, 32768, 23.84
45c5635, 31-03-2016, 65536, 33.82
45c5635, 31-03-2016, 131072, 54.39
45c5635, 31-03-2016, 262144, 88.81
45c5635, 31-03-2016, 524288, 155.89
45c5635, 31-03-2016, 1048576, 460.42
45c5635, 31-03-2016, 2097152, 1172.32
45c5635, 31-03-2016, 4194304, 2628.26
8f4568f, 01-04-2016, 1, 10.68
8f4568f, 01-04-2016, 2, 10.79
8f4568f, 01-04-2016, 4, 9.93
8f4568f, 01-04-2016, 8, 10.04
8f4568f, 01-04-2016, 16, 10.34
8f4568f, 01-04-2016, 32, 10.21
8f4568f, 01-04-2016, 64, 10.10
8f4568f, 01-04-2016, 128, 10.61
8f4568f, 01-04-2016, 256, 11.14
8f4568f, 01-04-2016, 512, 10.83
8f4568f, 01-04-2016, 1024, 11.32
8f4568f, 01-04-2016, 2048, 12.99
8f4568f, 01-04-2016, 4096, 13.76
8f4568f, 01-04-2016, 8192, 19.40
8f4568f, 01-04-2016, 16384, 21.05
8f4568f, 01-04-2016, 32768, 25.03
8f4568f, 01-04-2016, 65536, 35.12
8f4568f, 01-04-2016, 131072, 55.00
8f4568f, 01-04-2016, 262144, 93.24
8f4568f, 01-04-2016, 524288, 158.96
8f4568f, 01-04-2016, 1048576, 476.80
8f4568f, 01-04-2016, 2097152, 1194.50
8f4568f, 01-04-2016, 4194304, 2668.72
8f4568f, 02-04-2016, 1, 9.57
8f4568f, 02-04-2016, 2, 9.40
8f4568f, 02-04-2016, 4, 9.33
8f4568f, 02-04-2016, 8, 9.32
8f4568f, 02-04-2016, 16, 9.32
8f4568f, 02-04-2016, 32, 9.37
8f4568f, 02-04-2016, 64, 9.34
8f4568f, 02-04-2016, 128, 9.36
8f4568f, 02-04-2016, 256, 9.41
8f4568f, 02-04-2016, 512, 9.49
8f4568f, 02-04-2016, 1024, 9.89
8f4568f, 02-04-2016, 2048, 10.35
8f4568f, 02-04-2016, 4096, 11.39
8f4568f, 02-04-2016, 8192, 15.88
8f4568f, 02-04-2016, 16384, 19.23
8f4568f, 02-04-2016, 32768, 22.99
8f4568f, 02-04-2016, 65536, 33.25
8f4568f, 02-04-2016, 131072, 52.99
8f4568f, 02-04-2016, 262144, 89.14
8f4568f, 02-04-2016, 524288, 156.83
8f4568f, 02-04-2016, 1048576, 460.83
8f4568f, 02-04-2016, 2097152, 1173.97
8f4568f, 02-04-2016, 4194304, 2632.88
faca1d0, 03-04-2016, 1, 14.15
faca1d0, 03-04-2016, 2, 14.97
faca1d0, 03-04-2016, 4, 12.68
faca1d0, 03-04-2016, 8, 13.15
faca1d0, 03-04-2016, 16, 13.90
faca1d0, 03-04-2016, 32, 12.97
faca1d0, 03-04-2016, 64, 13.23
faca1d0, 03-04-2016, 128, 12.93
faca1d0, 03-04-2016, 256, 15.78
faca1d0, 03-04-2016, 512, 14.81
faca1d0, 03-04-2016, 1024, 15.63
faca1d0, 03-04-2016, 2048, 20.25
faca1d0, 03-04-2016, 4096, 19.33
faca1d0, 03-04-2016, 8192, 27.22
faca1d0, 03-04-2016, 16384, 28.94
faca1d0, 03-04-2016, 32768, 43.63
faca1d0, 03-04-2016, 65536, 48.03
faca1d0, 03-04-2016, 131072, 74.97
faca1d0, 03-04-2016, 262144, 110.40
faca1d0, 03-04-2016, 524288, 194.20
faca1d0, 03-04-2016, 1048576, 501.07
faca1d0, 03-04-2016, 2097152, 1250.00
faca1d0, 03-04-2016, 4194304, 2723.79
d0ddc25, 04-04-2016, 1, 9.68
d0ddc25, 04-04-2016, 2, 9.44
d0ddc25, 04-04-2016, 4, 9.45
d0ddc25, 04-04-2016, 8, 9.44
d0ddc25, 04-04-2016, 16, 9.44
d0ddc25, 04-04-2016, 32, 9.46
d0ddc25, 04-04-2016, 64, 9.46
d0ddc25, 04-04-2016, 128, 9.49
d0ddc25, 04-04-2016, 256, 9.54
d0ddc25, 04-04-2016, 512, 9.61
d0ddc25, 04-04-2016, 1024, 10.05
d0ddc25, 04-04-2016, 2048, 10.50
d0ddc25, 04-04-2016, 4096, 11.37
d0ddc25, 04-04-2016, 8192, 15.98
d0ddc25, 04-04-2016, 16384, 18.65
d0ddc25, 04-04-2016, 32768, 23.84
d0ddc25, 04-04-2016, 65536, 33.29
d0ddc25, 04-04-2016, 131072, 53.75
d0ddc25, 04-04-2016, 262144, 89.54
d0ddc25, 04-04-2016, 524288, 156.92
d0ddc25, 04-04-2016, 1048576, 463.15
d0ddc25, 04-04-2016, 2097152, 1180.84
d0ddc25, 04-04-2016, 4194304, 2652.75
2fef88c, 05-04-2016, 1, 10.12
2fef88c, 05-04-2016, 2, 9.84
2fef88c, 05-04-2016, 4, 9.75
2fef88c, 05-04-2016, 8, 9.73
2fef88c, 05-04-2016, 16, 9.72
2fef88c, 05-04-2016, 32, 9.72
2fef88c, 05-04-2016, 64, 9.71
2fef88c, 05-04-2016, 128, 9.72
2fef88c, 05-04-2016, 256, 9.79
2fef88c, 05-04-2016, 512, 9.87
2fef88c, 05-04-2016, 1024, 10.30
2fef88c, 05-04-2016, 2048, 10.75
2fef88c, 05-04-2016, 4096, 11.63
2fef88c, 05-04-2016, 8192, 16.42
2fef88c, 05-04-2016, 16384, 18.82
2fef88c, 05-04-2016, 32768, 23.60
2fef88c, 05-04-2016, 65536, 34.39
2fef88c, 05-04-2016, 131072, 53.51
2fef88c, 05-04-2016, 262144, 88.85
2fef88c, 05-04-2016, 524288, 155.93
2fef88c, 05-04-2016, 1048576, 459.64
2fef88c, 05-04-2016, 2097152, 1172.14
2fef88c, 05-04-2016, 4194304, 2631.87
2fef88c, 06-04-2016, 1, 9.92
2fef88c, 06-04-2016, 2, 9.73
2fef88c, 06-04-2016, 4, 9.71
2fef88c, 06-04-2016, 8, 9.72
2fef88c, 06-04-2016, 16, 9.72
2fef88c, 06-04-2016, 32, 9.76
2fef88c, 06-04-2016, 64, 9.76
2fef88c, 06-04-2016, 128, 9.78
2fef88c, 06-04-2016, 256, 9.83
2fef88c, 06-04-2016, 512, 9.93
2fef88c, 06-04-2016, 1024, 10.41
2fef88c, 06-04-2016, 2048, 10.83
2fef88c, 06-04-2016, 4096, 11.73
2fef88c, 06-04-2016, 8192, 16.29
2fef88c, 06-04-2016, 16384, 18.72
2fef88c, 06-04-2016, 32768, 23.68
2fef88c, 06-04-2016, 65536, 33.71
2fef88c, 06-04-2016, 131072, 54.38
2fef88c, 06-04-2016, 262144, 89.17
2fef88c, 06-04-2016, 524288, 156.37
2fef88c, 06-04-2016, 1048576, 488.80
2fef88c, 06-04-2016, 2097152, 1240.09
2fef88c, 06-04-2016, 4194304, 2737.47
329561a, 07-04-2016, 1, 9.69
329561a, 07-04-2016, 2, 9.55
329561a, 07-04-2016, 4, 9.48
329561a, 07-04-2016, 8, 9.44
329561a, 07-04-2016, 16, 9.42
329561a, 07-04-2016, 32, 9.46
329561a, 07-04-2016, 64, 9.48
329561a, 07-04-2016, 128, 9.52
329561a, 07-04-2016, 256, 9.63
329561a, 07-04-2016, 512, 9.70
329561a, 07-04-2016, 1024, 10.14
329561a, 07-04-2016, 2048, 10.55
329561a, 07-04-2016, 4096, 11.47
329561a, 07-04-2016, 8192, 16.43
329561a, 07-04-2016, 16384, 20.51
329561a, 07-04-2016, 32768, 25.01
329561a, 07-04-2016, 65536, 35.52
329561a, 07-04-2016, 131072, 57.68
329561a, 07-04-2016, 262144, 93.84
329561a, 07-04-2016, 524288, 163.03
329561a, 07-04-2016, 1048576, 482.91
329561a, 07-04-2016, 2097152, 1217.80
329561a, 07-04-2016, 4194304, 2697.52
187bd93, 08-04-2016, 1, 10.71
187bd93, 08-04-2016, 2, 10.32
187bd93, 08-04-2016, 4, 10.43
187bd93, 08-04-2016, 8, 10.47
187bd93, 08-04-2016, 16, 10.26
187bd93, 08-04-2016, 32, 10.46
187bd93, 08-04-2016, 64, 10.55
187bd93, 08-04-2016, 128, 10.44
187bd93, 08-04-2016, 256, 10.35
187bd93, 08-04-2016, 512, 10.62
187bd93, 08-04-2016, 1024, 11.00
187bd93, 08-04-2016, 2048, 11.62
187bd93, 08-04-2016, 4096, 12.66
187bd93, 08-04-2016, 8192, 17.68
187bd93, 08-04-2016, 16384, 19.44
187bd93, 08-04-2016, 32768, 24.95
187bd93, 08-04-2016, 65536, 34.70
187bd93, 08-04-2016, 131072, 55.43
187bd93, 08-04-2016, 262144, 90.36
187bd93, 08-04-2016, 524288, 157.42
187bd93, 08-04-2016, 1048576, 465.66
187bd93, 08-04-2016, 2097152, 1192.15
187bd93, 08-04-2016, 4194304, 2673.39
187bd93, 09-04-2016, 1, 11.27
187bd93, 09-04-2016, 2, 11.16
187bd93, 09-04-2016, 4, 11.65
187bd93, 09-04-2016, 8, 10.43
187bd93, 09-04-2016, 16, 10.36
187bd93, 09-04-2016, 32, 10.78
187bd93, 09-04-2016, 64, 10.95
187bd93, 09-04-2016, 128, 11.52
187bd93, 09-04-2016, 256, 10.76
187bd93, 09-04-2016, 512, 11.16
187bd93, 09-04-2016, 1024, 11.43
187bd93, 09-04-2016, 2048, 12.54
187bd93, 09-04-2016, 4096, 14.66
187bd93, 09-04-2016, 8192, 20.16
187bd93, 09-04-2016, 16384, 31.92
187bd93, 09-04-2016, 32768, 36.70
187bd93, 09-04-2016, 65536, 42.01
187bd93, 09-04-2016, 131072, 65.13
187bd93, 09-04-2016, 262144, 109.31
187bd93, 09-04-2016, 524288, 179.78
187bd93, 09-04-2016, 1048576, 470.44
187bd93, 09-04-2016, 2097152, 1190.84
187bd93, 09-04-2016, 4194304, 2652.73
347caf0, 11-04-2016, 1, 10.65
347caf0, 11-04-2016, 2, 10.35
347caf0, 11-04-2016, 4, 10.34
347caf0, 11-04-2016, 8, 10.26
347caf0, 11-04-2016, 16, 10.34
347caf0, 11-04-2016, 32, 10.32
347caf0, 11-04-2016, 64, 10.40
347caf0, 11-04-2016, 128, 10.30
347caf0, 11-04-2016, 256, 10.45
347caf0, 11-04-2016, 512, 10.43
347caf0, 11-04-2016, 1024, 11.00
347caf0, 11-04-2016, 2048, 11.34
347caf0, 11-04-2016, 4096, 12.41
347caf0, 11-04-2016, 8192, 16.77
347caf0, 11-04-2016, 16384, 19.16
347caf0, 11-04-2016, 32768, 23.65
347caf0, 11-04-2016, 65536, 33.50
347caf0, 11-04-2016, 131072, 54.52
347caf0, 11-04-2016, 262144, 89.47
347caf0, 11-04-2016, 524288, 156.35
347caf0, 11-04-2016, 1048576, 462.36
347caf0, 11-04-2016, 2097152, 1182.64
347caf0, 11-04-2016, 4194304, 2658.75
347caf0, 12-04-2016, 1, 9.96
347caf0, 12-04-2016, 2, 9.69
347caf0, 12-04-2016, 4, 9.68
347caf0, 12-04-2016, 8, 9.70
347caf0, 12-04-2016, 16, 9.69
347caf0, 12-04-2016, 32, 9.70
347caf0, 12-04-2016, 64, 9.70
347caf0, 12-04-2016, 128, 9.65
347caf0, 12-04-2016, 256, 9.76
347caf0, 12-04-2016, 512, 9.76
347caf0, 12-04-2016, 1024, 10.21
347caf0, 12-04-2016, 2048, 10.72
347caf0, 12-04-2016, 4096, 11.63
347caf0, 12-04-2016, 8192, 16.39
347caf0, 12-04-2016, 16384, 18.81
347caf0, 12-04-2016, 32768, 24.02
347caf0, 12-04-2016, 65536, 33.92
347caf0, 12-04-2016, 131072, 52.99
347caf0, 12-04-2016, 262144, 89.21
347caf0, 12-04-2016, 524288, 156.10
347caf0, 12-04-2016, 1048576, 459.62
347caf0, 12-04-2016, 2097152, 1172.96
347caf0, 12-04-2016, 4194304, 2628.22
347caf0, 13-04-2016, 1, 25.47
347caf0, 13-04-2016, 2, 27.73
347caf0, 13-04-2016, 4, 25.43
347caf0, 13-04-2016, 8, 26.56
347caf0, 13-04-2016, 16, 25.60
347caf0, 13-04-2016, 32, 30.83
347caf0, 13-04-2016, 64, 30.65
347caf0, 13-04-2016, 128, 24.99
347caf0, 13-04-2016, 256, 24.02
347caf0, 13-04-2016, 512, 24.25
347caf0, 13-04-2016, 1024, 37.46
347caf0, 13-04-2016, 2048, 52.87
347caf0, 13-04-2016, 4096, 63.28
347caf0, 13-04-2016, 8192, 60.52
347caf0, 13-04-2016, 16384, 61.48
347caf0, 13-04-2016, 32768, 78.24
347caf0, 13-04-2016, 65536, 103.25
347caf0, 13-04-2016, 131072, 229.56
347caf0, 13-04-2016, 262144, 156.46
347caf0, 13-04-2016, 524288, 251.07
347caf0, 13-04-2016, 1048576, 551.97
347caf0, 13-04-2016, 2097152, 1296.15
347caf0, 13-04-2016, 4194304, 2773.92
347caf0, 13-04-2016, 1, 9.90
347caf0, 13-04-2016, 2, 9.73
347caf0, 13-04-2016, 4, 9.70
347caf0, 13-04-2016, 8, 9.68
347caf0, 13-04-2016, 16, 9.68
347caf0, 13-04-2016, 32, 9.72
347caf0, 13-04-2016, 64, 9.71
347caf0, 13-04-2016, 128, 9.75
347caf0, 13-04-2016, 256, 9.81
347caf0, 13-04-2016, 512, 9.85
347caf0, 13-04-2016, 1024, 10.26
347caf0, 13-04-2016, 2048, 10.76
347caf0, 13-04-2016, 4096, 11.78
347caf0, 13-04-2016, 8192, 16.33
347caf0, 13-04-2016, 16384, 19.74
347caf0, 13-04-2016, 32768, 23.85
347caf0, 13-04-2016, 65536, 33.81
347caf0, 13-04-2016, 131072, 54.49
347caf0, 13-04-2016, 262144, 89.18
347caf0, 13-04-2016, 524288, 155.80
347caf0, 13-04-2016, 1048576, 459.10
347caf0, 13-04-2016, 2097152, 1173.74
347caf0, 13-04-2016, 4194304, 2628.19
4deadba, 21-04-2016, 1, 10.49
4deadba, 21-04-2016, 2, 10.25
4deadba, 21-04-2016, 4, 10.24
4deadba, 21-04-2016, 8, 10.24
4deadba, 21-04-2016, 16, 10.22
4deadba, 21-04-2016, 32, 10.31
4deadba, 21-04-2016, 64, 10.17
4deadba, 21-04-2016, 128, 10.16
4deadba, 21-04-2016, 256, 10.25
4deadba, 21-04-2016, 512, 10.31
4deadba, 21-04-2016, 1024, 10.69
4deadba, 21-04-2016, 2048, 11.25
4deadba, 21-04-2016, 4096, 12.18
4deadba, 21-04-2016, 8192, 17.22
4deadba, 21-04-2016, 16384, 19.82
4deadba, 21-04-2016, 32768, 25.20
4deadba, 21-04-2016, 65536, 34.72
4deadba, 21-04-2016, 131072, 55.98
4deadba, 21-04-2016, 262144, 90.26
4deadba, 21-04-2016, 524288, 157.23
4deadba, 21-04-2016, 1048576, 462.28
4deadba, 21-04-2016, 2097152, 1179.69
4deadba, 21-04-2016, 4194304, 2642.76
e31e052, 23-04-2016, 1, 10.25
e31e052, 23-04-2016, 2, 10.15
e31e052, 23-04-2016, 4, 10.11
e31e052, 23-04-2016, 8, 10.02
e31e052, 23-04-2016, 16, 10.02
e31e052, 23-04-2016, 32, 10.06
e31e052, 23-04-2016, 64, 10.02
e31e052, 23-04-2016, 128, 9.98
e31e052, 23-04-2016, 256, 10.11
e31e052, 23-04-2016, 512, 10.23
e31e052, 23-04-2016, 1024, 10.60
e31e052, 23-04-2016, 2048, 11.03
e31e052, 23-04-2016, 4096, 12.13
e31e052, 23-04-2016, 8192, 16.88
e31e052, 23-04-2016, 16384, 19.38
e31e052, 23-04-2016, 32768, 25.04
e31e052, 23-04-2016, 65536, 34.31
e31e052, 23-04-2016, 131072, 55.28
e31e052, 23-04-2016, 262144, 91.21
e31e052, 23-04-2016, 524288, 158.28
e31e052, 23-04-2016, 1048576, 488.66
e31e052, 23-04-2016, 2097152, 1219.03
e31e052, 23-04-2016, 4194304, 2655.02
66c6f1e, 24-04-2016, 1, 11.20
66c6f1e, 24-04-2016, 2, 10.88
66c6f1e, 24-04-2016, 4, 10.75
66c6f1e, 24-04-2016, 8, 11.10
66c6f1e, 24-04-2016, 16, 10.81
66c6f1e, 24-04-2016, 32, 10.85
66c6f1e, 24-04-2016, 64, 10.98
66c6f1e, 24-04-2016, 128, 10.85
66c6f1e, 24-04-2016, 256, 10.91
66c6f1e, 24-04-2016, 512, 11.14
66c6f1e, 24-04-2016, 1024, 11.63
66c6f1e, 24-04-2016, 2048, 11.93
66c6f1e, 24-04-2016, 4096, 13.05
66c6f1e, 24-04-2016, 8192, 18.17
66c6f1e, 24-04-2016, 16384, 19.66
66c6f1e, 24-04-2016, 32768, 24.97
66c6f1e, 24-04-2016, 65536, 34.78
66c6f1e, 24-04-2016, 131072, 55.97
66c6f1e, 24-04-2016, 262144, 93.40
66c6f1e, 24-04-2016, 524288, 160.31
66c6f1e, 24-04-2016, 1048576, 468.23
66c6f1e, 24-04-2016, 2097152, 1187.18
66c6f1e, 24-04-2016, 4194304, 2640.93
66c6f1e, 25-04-2016, 1, 10.33
66c6f1e, 25-04-2016, 2, 10.11
66c6f1e, 25-04-2016, 4, 10.12
66c6f1e, 25-04-2016, 8, 10.10
66c6f1e, 25-04-2016, 16, 10.08
66c6f1e, 25-04-2016, 32, 10.05
66c6f1e, 25-04-2016, 64, 10.03
66c6f1e, 25-04-2016, 128, 10.06
66c6f1e, 25-04-2016, 256, 10.12
66c6f1e, 25-04-2016, 512, 10.20
66c6f1e, 25-04-2016, 1024, 10.64
66c6f1e, 25-04-2016, 2048, 11.10
66c6f1e, 25-04-2016, 4096, 11.98
66c6f1e, 25-04-2016, 8192, 16.51
66c6f1e, 25-04-2016, 16384, 18.78
66c6f1e, 25-04-2016, 32768, 23.97
66c6f1e, 25-04-2016, 65536, 34.17
66c6f1e, 25-04-2016, 131072, 55.15
66c6f1e, 25-04-2016, 262144, 89.62
66c6f1e, 25-04-2016, 524288, 157.16
66c6f1e, 25-04-2016, 1048576, 466.12
66c6f1e, 25-04-2016, 2097152, 1186.11
66c6f1e, 25-04-2016, 4194304, 2636.24
179fc55, 26-04-2016, 1, 10.14
179fc55, 26-04-2016, 2, 9.91
179fc55, 26-04-2016, 4, 9.79
179fc55, 26-04-2016, 8, 9.74
179fc55, 26-04-2016, 16, 9.77
179fc55, 26-04-2016, 32, 9.94
179fc55, 26-04-2016, 64, 10.34
179fc55, 26-04-2016, 128, 10.34
179fc55, 26-04-2016, 256, 10.38
179fc55, 26-04-2016, 512, 10.45
179fc55, 26-04-2016, 1024, 10.89
179fc55, 26-04-2016, 2048, 11.34
179fc55, 26-04-2016, 4096, 12.41
179fc55, 26-04-2016, 8192, 16.49
179fc55, 26-04-2016, 16384, 18.45
179fc55, 26-04-2016, 32768, 23.26
179fc55, 26-04-2016, 65536, 33.22
179fc55, 26-04-2016, 131072, 54.68
179fc55, 26-04-2016, 262144, 89.46
179fc55, 26-04-2016, 524288, 156.39
179fc55, 26-04-2016, 1048576, 461.82
179fc55, 26-04-2016, 2097152, 1178.91
179fc55, 26-04-2016, 4194304, 2640.15
