acd14d1, 12-07-2015, 1, 4.39
acd14d1, 12-07-2015, 2, 4.41
acd14d1, 12-07-2015, 4, 4.42
acd14d1, 12-07-2015, 8, 4.34
acd14d1, 12-07-2015, 16, 4.55
acd14d1, 12-07-2015, 32, 4.78
acd14d1, 12-07-2015, 64, 4.53
acd14d1, 12-07-2015, 128, 4.56
acd14d1, 12-07-2015, 256, 4.71
acd14d1, 12-07-2015, 512, 4.70
acd14d1, 12-07-2015, 1024, 5.36
acd14d1, 12-07-2015, 2048, 5.34
acd14d1, 12-07-2015, 4096, 5.67
acd14d1, 12-07-2015, 8192, 7.18
acd14d1, 12-07-2015, 16384, 9.91
acd14d1, 12-07-2015, 32768, 14.61
acd14d1, 12-07-2015, 65536, 25.31
acd14d1, 12-07-2015, 131072, 47.65
acd14d1, 12-07-2015, 262144, 93.44
acd14d1, 12-07-2015, 524288, 179.77
acd14d1, 12-07-2015, 1048576, 386.58
acd14d1, 12-07-2015, 2097152, 788.20
acd14d1, 12-07-2015, 4194304, 1458.62
0e081a9, 14-07-2015, 1, 3.61
0e081a9, 14-07-2015, 2, 3.58
0e081a9, 14-07-2015, 4, 3.58
0e081a9, 14-07-2015, 8, 3.58
0e081a9, 14-07-2015, 16, 3.59
0e081a9, 14-07-2015, 32, 3.57
0e081a9, 14-07-2015, 64, 3.58
0e081a9, 14-07-2015, 128, 3.59
0e081a9, 14-07-2015, 256, 3.59
0e081a9, 14-07-2015, 512, 3.60
0e081a9, 14-07-2015, 1024, 3.71
0e081a9, 14-07-2015, 2048, 4.01
0e081a9, 14-07-2015, 4096, 4.55
0e081a9, 14-07-2015, 8192, 5.64
0e081a9, 14-07-2015, 16384, 7.95
0e081a9, 14-07-2015, 32768, 13.10
0e081a9, 14-07-2015, 65536, 22.54
0e081a9, 14-07-2015, 131072, 42.00
0e081a9, 14-07-2015, 262144, 81.56
0e081a9, 14-07-2015, 524288, 158.25
0e081a9, 14-07-2015, 1048576, 311.64
0e081a9, 14-07-2015, 2097152, 616.55
0e081a9, 14-07-2015, 4194304, 1226.71
99df208, 15-07-2015, 1, 3.82
99df208, 15-07-2015, 2, 3.81
99df208, 15-07-2015, 4, 3.79
99df208, 15-07-2015, 8, 3.78
99df208, 15-07-2015, 16, 3.78
99df208, 15-07-2015, 32, 3.77
99df208, 15-07-2015, 64, 3.77
99df208, 15-07-2015, 128, 3.79
99df208, 15-07-2015, 256, 3.77
99df208, 15-07-2015, 512, 3.79
99df208, 15-07-2015, 1024, 3.83
99df208, 15-07-2015, 2048, 4.13
99df208, 15-07-2015, 4096, 4.64
99df208, 15-07-2015, 8192, 5.74
99df208, 15-07-2015, 16384, 8.09
99df208, 15-07-2015, 32768, 13.10
99df208, 15-07-2015, 65536, 22.58
99df208, 15-07-2015, 131072, 41.80
99df208, 15-07-2015, 262144, 80.63
99df208, 15-07-2015, 524288, 156.67
99df208, 15-07-2015, 1048576, 329.78
99df208, 15-07-2015, 2097152, 722.74
99df208, 15-07-2015, 4194304, 1389.80
a0c3c29, 17-07-2015, 1, 3.86
a0c3c29, 17-07-2015, 2, 3.87
a0c3c29, 17-07-2015, 4, 3.86
a0c3c29, 17-07-2015, 8, 3.86
a0c3c29, 17-07-2015, 16, 3.87
a0c3c29, 17-07-2015, 32, 3.83
a0c3c29, 17-07-2015, 64, 3.87
a0c3c29, 17-07-2015, 128, 3.84
a0c3c29, 17-07-2015, 256, 3.88
a0c3c29, 17-07-2015, 512, 3.91
a0c3c29, 17-07-2015, 1024, 4.00
a0c3c29, 17-07-2015, 2048, 4.33
a0c3c29, 17-07-2015, 4096, 4.91
a0c3c29, 17-07-2015, 8192, 6.12
a0c3c29, 17-07-2015, 16384, 9.73
a0c3c29, 17-07-2015, 32768, 14.85
a0c3c29, 17-07-2015, 65536, 25.28
a0c3c29, 17-07-2015, 131072, 44.93
a0c3c29, 17-07-2015, 262144, 88.79
a0c3c29, 17-07-2015, 524288, 171.70
a0c3c29, 17-07-2015, 1048576, 336.15
a0c3c29, 17-07-2015, 2097152, 662.85
a0c3c29, 17-07-2015, 4194304, 1317.57
9dedc51, 19-07-2015, 1, 5.12
9dedc51, 19-07-2015, 2, 5.24
9dedc51, 19-07-2015, 4, 5.31
9dedc51, 19-07-2015, 8, 5.85
9dedc51, 19-07-2015, 16, 5.84
9dedc51, 19-07-2015, 32, 5.26
9dedc51, 19-07-2015, 64, 5.28
9dedc51, 19-07-2015, 128, 5.23
9dedc51, 19-07-2015, 256, 5.13
9dedc51, 19-07-2015, 512, 5.33
9dedc51, 19-07-2015, 1024, 6.24
9dedc51, 19-07-2015, 2048, 5.99
9dedc51, 19-07-2015, 4096, 6.29
9dedc51, 19-07-2015, 8192, 7.67
9dedc51, 19-07-2015, 16384, 10.25
9dedc51, 19-07-2015, 32768, 15.69
9dedc51, 19-07-2015, 65536, 28.43
9dedc51, 19-07-2015, 131072, 55.69
9dedc51, 19-07-2015, 262144, 99.39
9dedc51, 19-07-2015, 524288, 195.16
9dedc51, 19-07-2015, 1048576, 395.36
9dedc51, 19-07-2015, 2097152, 793.91
9dedc51, 19-07-2015, 4194304, 1599.15
a88dfe1, 20-07-2015, 1, 3.35
a88dfe1, 20-07-2015, 2, 3.34
a88dfe1, 20-07-2015, 4, 3.33
a88dfe1, 20-07-2015, 8, 3.38
a88dfe1, 20-07-2015, 16, 3.35
a88dfe1, 20-07-2015, 32, 3.35
a88dfe1, 20-07-2015, 64, 3.37
a88dfe1, 20-07-2015, 128, 3.43
a88dfe1, 20-07-2015, 256, 3.45
a88dfe1, 20-07-2015, 512, 3.56
a88dfe1, 20-07-2015, 1024, 3.84
a88dfe1, 20-07-2015, 2048, 4.17
a88dfe1, 20-07-2015, 4096, 4.80
a88dfe1, 20-07-2015, 8192, 5.97
a88dfe1, 20-07-2015, 16384, 8.49
a88dfe1, 20-07-2015, 32768, 14.76
a88dfe1, 20-07-2015, 65536, 24.02
a88dfe1, 20-07-2015, 131072, 46.20
a88dfe1, 20-07-2015, 262144, 88.46
a88dfe1, 20-07-2015, 524288, 172.35
a88dfe1, 20-07-2015, 1048576, 338.28
a88dfe1, 20-07-2015, 2097152, 665.35
a88dfe1, 20-07-2015, 4194304, 1320.89
c6fb82b, 23-07-2015, 1, 3.16
c6fb82b, 23-07-2015, 2, 3.15
c6fb82b, 23-07-2015, 4, 3.16
c6fb82b, 23-07-2015, 8, 3.15
c6fb82b, 23-07-2015, 16, 3.16
c6fb82b, 23-07-2015, 32, 3.15
c6fb82b, 23-07-2015, 64, 3.16
c6fb82b, 23-07-2015, 128, 3.15
c6fb82b, 23-07-2015, 256, 3.17
c6fb82b, 23-07-2015, 512, 3.19
c6fb82b, 23-07-2015, 1024, 3.29
c6fb82b, 23-07-2015, 2048, 3.59
c6fb82b, 23-07-2015, 4096, 4.21
c6fb82b, 23-07-2015, 8192, 5.42
c6fb82b, 23-07-2015, 16384, 7.76
c6fb82b, 23-07-2015, 32768, 13.91
c6fb82b, 23-07-2015, 65536, 23.63
c6fb82b, 23-07-2015, 131072, 45.61
c6fb82b, 23-07-2015, 262144, 87.16
c6fb82b, 23-07-2015, 524288, 169.65
c6fb82b, 23-07-2015, 1048576, 333.54
c6fb82b, 23-07-2015, 2097152, 662.29
c6fb82b, 23-07-2015, 4194304, 1319.28
beaa50c, 24-07-2015, 1, 3.14
beaa50c, 24-07-2015, 2, 3.14
beaa50c, 24-07-2015, 4, 3.14
beaa50c, 24-07-2015, 8, 3.13
beaa50c, 24-07-2015, 16, 3.15
beaa50c, 24-07-2015, 32, 3.14
beaa50c, 24-07-2015, 64, 3.13
beaa50c, 24-07-2015, 128, 3.14
beaa50c, 24-07-2015, 256, 3.14
beaa50c, 24-07-2015, 512, 3.17
beaa50c, 24-07-2015, 1024, 3.31
beaa50c, 24-07-2015, 2048, 3.58
beaa50c, 24-07-2015, 4096, 4.19
beaa50c, 24-07-2015, 8192, 5.43
beaa50c, 24-07-2015, 16384, 7.14
beaa50c, 24-07-2015, 32768, 13.35
beaa50c, 24-07-2015, 65536, 23.34
beaa50c, 24-07-2015, 131072, 45.41
beaa50c, 24-07-2015, 262144, 86.70
beaa50c, 24-07-2015, 524288, 169.10
beaa50c, 24-07-2015, 1048576, 331.78
beaa50c, 24-07-2015, 2097152, 663.49
beaa50c, 24-07-2015, 4194304, 1318.84
23a6022, 26-07-2015, 1, 3.14
23a6022, 26-07-2015, 2, 3.12
23a6022, 26-07-2015, 4, 3.13
23a6022, 26-07-2015, 8, 3.14
23a6022, 26-07-2015, 16, 3.13
23a6022, 26-07-2015, 32, 3.14
23a6022, 26-07-2015, 64, 3.14
23a6022, 26-07-2015, 128, 3.13
23a6022, 26-07-2015, 256, 3.16
23a6022, 26-07-2015, 512, 3.17
23a6022, 26-07-2015, 1024, 3.27
23a6022, 26-07-2015, 2048, 3.57
23a6022, 26-07-2015, 4096, 4.21
23a6022, 26-07-2015, 8192, 5.48
23a6022, 26-07-2015, 16384, 8.31
23a6022, 26-07-2015, 32768, 14.39
23a6022, 26-07-2015, 65536, 24.56
23a6022, 26-07-2015, 131072, 46.01
23a6022, 26-07-2015, 262144, 90.04
23a6022, 26-07-2015, 524288, 175.71
23a6022, 26-07-2015, 1048576, 344.62
23a6022, 26-07-2015, 2097152, 682.29
23a6022, 26-07-2015, 4194304, 1359.94
e3bf4c1, 28-07-2015, 1, 3.40
e3bf4c1, 28-07-2015, 2, 3.40
e3bf4c1, 28-07-2015, 4, 3.42
e3bf4c1, 28-07-2015, 8, 3.40
e3bf4c1, 28-07-2015, 16, 3.41
e3bf4c1, 28-07-2015, 32, 3.42
e3bf4c1, 28-07-2015, 64, 3.39
e3bf4c1, 28-07-2015, 128, 3.41
e3bf4c1, 28-07-2015, 256, 3.41
e3bf4c1, 28-07-2015, 512, 3.46
e3bf4c1, 28-07-2015, 1024, 3.56
e3bf4c1, 28-07-2015, 2048, 3.87
e3bf4c1, 28-07-2015, 4096, 4.48
e3bf4c1, 28-07-2015, 8192, 5.69
e3bf4c1, 28-07-2015, 16384, 7.96
e3bf4c1, 28-07-2015, 32768, 14.83
e3bf4c1, 28-07-2015, 65536, 23.46
e3bf4c1, 28-07-2015, 131072, 45.92
e3bf4c1, 28-07-2015, 262144, 87.86
e3bf4c1, 28-07-2015, 524288, 171.09
e3bf4c1, 28-07-2015, 1048576, 337.81
e3bf4c1, 28-07-2015, 2097152, 666.75
e3bf4c1, 28-07-2015, 4194304, 1333.22
bc0d832, 31-07-2015, 1, 2.33
bc0d832, 31-07-2015, 2, 2.33
bc0d832, 31-07-2015, 4, 2.33
bc0d832, 31-07-2015, 8, 2.33
bc0d832, 31-07-2015, 16, 2.34
bc0d832, 31-07-2015, 32, 2.36
bc0d832, 31-07-2015, 64, 2.37
bc0d832, 31-07-2015, 128, 2.41
bc0d832, 31-07-2015, 256, 2.69
bc0d832, 31-07-2015, 512, 2.71
bc0d832, 31-07-2015, 1024, 2.77
bc0d832, 31-07-2015, 2048, 3.03
bc0d832, 31-07-2015, 4096, 3.60
bc0d832, 31-07-2015, 8192, 4.72
bc0d832, 31-07-2015, 16384, 7.37
bc0d832, 31-07-2015, 32768, 12.12
bc0d832, 31-07-2015, 65536, 21.96
bc0d832, 31-07-2015, 131072, 40.91
bc0d832, 31-07-2015, 262144, 79.90
bc0d832, 31-07-2015, 524288, 157.33
bc0d832, 31-07-2015, 1048576, 310.71
bc0d832, 31-07-2015, 2097152, 617.79
bc0d832, 31-07-2015, 4194304, 1227.70
5b3580d, 01-08-2015, 1, 2.41
5b3580d, 01-08-2015, 2, 2.38
5b3580d, 01-08-2015, 4, 2.38
5b3580d, 01-08-2015, 8, 2.41
5b3580d, 01-08-2015, 16, 2.40
5b3580d, 01-08-2015, 32, 2.47
5b3580d, 01-08-2015, 64, 2.41
5b3580d, 01-08-2015, 128, 2.45
5b3580d, 01-08-2015, 256, 2.74
5b3580d, 01-08-2015, 512, 2.76
5b3580d, 01-08-2015, 1024, 2.84
5b3580d, 01-08-2015, 2048, 3.17
5b3580d, 01-08-2015, 4096, 3.68
5b3580d, 01-08-2015, 8192, 4.88
5b3580d, 01-08-2015, 16384, 7.41
5b3580d, 01-08-2015, 32768, 12.14
5b3580d, 01-08-2015, 65536, 21.70
5b3580d, 01-08-2015, 131072, 41.82
5b3580d, 01-08-2015, 262144, 80.09
5b3580d, 01-08-2015, 524288, 157.61
5b3580d, 01-08-2015, 1048576, 314.45
5b3580d, 01-08-2015, 2097152, 621.38
5b3580d, 01-08-2015, 4194304, 1247.66
d2fdca2, 02-08-2015, 1, 2.34
d2fdca2, 02-08-2015, 2, 2.34
d2fdca2, 02-08-2015, 4, 2.33
d2fdca2, 02-08-2015, 8, 2.34
d2fdca2, 02-08-2015, 16, 2.33
d2fdca2, 02-08-2015, 32, 2.35
d2fdca2, 02-08-2015, 64, 2.37
d2fdca2, 02-08-2015, 128, 2.41
d2fdca2, 02-08-2015, 256, 2.72
d2fdca2, 02-08-2015, 512, 2.74
d2fdca2, 02-08-2015, 1024, 2.82
d2fdca2, 02-08-2015, 2048, 3.07
d2fdca2, 02-08-2015, 4096, 3.61
d2fdca2, 02-08-2015, 8192, 4.72
d2fdca2, 02-08-2015, 16384, 7.15
d2fdca2, 02-08-2015, 32768, 12.12
d2fdca2, 02-08-2015, 65536, 21.65
d2fdca2, 02-08-2015, 131072, 40.93
d2fdca2, 02-08-2015, 262144, 79.93
d2fdca2, 02-08-2015, 524288, 157.27
d2fdca2, 02-08-2015, 1048576, 310.82
d2fdca2, 02-08-2015, 2097152, 619.30
d2fdca2, 02-08-2015, 4194304, 1229.16
f851440, 03-08-2015, 1, 2.77
f851440, 03-08-2015, 2, 2.80
f851440, 03-08-2015, 4, 2.75
f851440, 03-08-2015, 8, 2.75
f851440, 03-08-2015, 16, 2.77
f851440, 03-08-2015, 32, 2.81
f851440, 03-08-2015, 64, 2.74
f851440, 03-08-2015, 128, 2.92
f851440, 03-08-2015, 256, 3.11
f851440, 03-08-2015, 512, 3.33
f851440, 03-08-2015, 1024, 3.18
f851440, 03-08-2015, 2048, 3.71
f851440, 03-08-2015, 4096, 4.24
f851440, 03-08-2015, 8192, 5.42
f851440, 03-08-2015, 16384, 7.37
f851440, 03-08-2015, 32768, 12.93
f851440, 03-08-2015, 65536, 25.29
f851440, 03-08-2015, 131072, 42.74
f851440, 03-08-2015, 262144, 83.26
f851440, 03-08-2015, 524288, 176.34
f851440, 03-08-2015, 1048576, 366.76
f851440, 03-08-2015, 2097152, 757.89
f851440, 03-08-2015, 4194304, 1508.95
ff0e3c7, 04-08-2015, 1, 2.87
ff0e3c7, 04-08-2015, 2, 2.87
ff0e3c7, 04-08-2015, 4, 2.87
ff0e3c7, 04-08-2015, 8, 2.85
ff0e3c7, 04-08-2015, 16, 2.85
ff0e3c7, 04-08-2015, 32, 2.86
ff0e3c7, 04-08-2015, 64, 2.88
ff0e3c7, 04-08-2015, 128, 2.90
ff0e3c7, 04-08-2015, 256, 3.23
ff0e3c7, 04-08-2015, 512, 3.27
ff0e3c7, 04-08-2015, 1024, 3.42
ff0e3c7, 04-08-2015, 2048, 3.72
ff0e3c7, 04-08-2015, 4096, 4.13
ff0e3c7, 04-08-2015, 8192, 4.48
ff0e3c7, 04-08-2015, 16384, 5.39
ff0e3c7, 04-08-2015, 32768, 7.02
ff0e3c7, 04-08-2015, 65536, 10.19
ff0e3c7, 04-08-2015, 131072, 18.26
ff0e3c7, 04-08-2015, 262144, 51.47
ff0e3c7, 04-08-2015, 524288, 77.90
ff0e3c7, 04-08-2015, 1048576, 114.07
ff0e3c7, 04-08-2015, 2097152, 225.57
ff0e3c7, 04-08-2015, 4194304, 489.69
a1e43e8, 07-08-2015, 1, 2.79
a1e43e8, 07-08-2015, 2, 2.80
a1e43e8, 07-08-2015, 4, 2.78
a1e43e8, 07-08-2015, 8, 2.80
a1e43e8, 07-08-2015, 16, 2.82
a1e43e8, 07-08-2015, 32, 2.83
a1e43e8, 07-08-2015, 64, 2.84
a1e43e8, 07-08-2015, 128, 2.87
a1e43e8, 07-08-2015, 256, 3.28
a1e43e8, 07-08-2015, 512, 3.32
a1e43e8, 07-08-2015, 1024, 3.45
a1e43e8, 07-08-2015, 2048, 3.74
a1e43e8, 07-08-2015, 4096, 4.85
a1e43e8, 07-08-2015, 8192, 4.96
a1e43e8, 07-08-2015, 16384, 5.04
a1e43e8, 07-08-2015, 32768, 6.69
a1e43e8, 07-08-2015, 65536, 9.97
a1e43e8, 07-08-2015, 131072, 17.41
a1e43e8, 07-08-2015, 262144, 29.78
a1e43e8, 07-08-2015, 524288, 66.66
a1e43e8, 07-08-2015, 1048576, 118.27
a1e43e8, 07-08-2015, 2097152, 217.52
a1e43e8, 07-08-2015, 4194304, 436.98
34c9f42, 08-08-2015, 1, 2.67
34c9f42, 08-08-2015, 2, 2.66
34c9f42, 08-08-2015, 4, 2.66
34c9f42, 08-08-2015, 8, 2.67
34c9f42, 08-08-2015, 16, 2.66
34c9f42, 08-08-2015, 32, 2.68
34c9f42, 08-08-2015, 64, 2.69
34c9f42, 08-08-2015, 128, 2.73
34c9f42, 08-08-2015, 256, 3.10
34c9f42, 08-08-2015, 512, 3.17
34c9f42, 08-08-2015, 1024, 3.30
34c9f42, 08-08-2015, 2048, 3.57
34c9f42, 08-08-2015, 4096, 3.42
34c9f42, 08-08-2015, 8192, 3.81
34c9f42, 08-08-2015, 16384, 4.84
34c9f42, 08-08-2015, 32768, 6.42
34c9f42, 08-08-2015, 65536, 9.71
34c9f42, 08-08-2015, 131072, 16.16
34c9f42, 08-08-2015, 262144, 29.53
34c9f42, 08-08-2015, 524288, 56.07
34c9f42, 08-08-2015, 1048576, 108.76
34c9f42, 08-08-2015, 2097152, 214.78
34c9f42, 08-08-2015, 4194304, 425.48
5b5bed6, 09-08-2015, 1, 2.81
5b5bed6, 09-08-2015, 2, 2.82
5b5bed6, 09-08-2015, 4, 2.80
5b5bed6, 09-08-2015, 8, 2.81
5b5bed6, 09-08-2015, 16, 2.78
5b5bed6, 09-08-2015, 32, 2.79
5b5bed6, 09-08-2015, 64, 2.81
5b5bed6, 09-08-2015, 128, 2.81
5b5bed6, 09-08-2015, 256, 3.26
5b5bed6, 09-08-2015, 512, 3.37
5b5bed6, 09-08-2015, 1024, 3.47
5b5bed6, 09-08-2015, 2048, 4.25
5b5bed6, 09-08-2015, 4096, 3.75
5b5bed6, 09-08-2015, 8192, 4.21
5b5bed6, 09-08-2015, 16384, 5.21
5b5bed6, 09-08-2015, 32768, 6.85
5b5bed6, 09-08-2015, 65536, 10.12
5b5bed6, 09-08-2015, 131072, 16.67
5b5bed6, 09-08-2015, 262144, 30.78
5b5bed6, 09-08-2015, 524288, 56.86
5b5bed6, 09-08-2015, 1048576, 111.10
5b5bed6, 09-08-2015, 2097152, 216.94
5b5bed6, 09-08-2015, 4194304, 431.41
1e1238a, 11-08-2015, 1, 2.93
1e1238a, 11-08-2015, 2, 2.91
1e1238a, 11-08-2015, 4, 2.93
1e1238a, 11-08-2015, 8, 2.95
1e1238a, 11-08-2015, 16, 2.96
1e1238a, 11-08-2015, 32, 2.96
1e1238a, 11-08-2015, 64, 2.98
1e1238a, 11-08-2015, 128, 2.99
1e1238a, 11-08-2015, 256, 3.38
1e1238a, 11-08-2015, 512, 3.42
1e1238a, 11-08-2015, 1024, 3.56
1e1238a, 11-08-2015, 2048, 3.89
1e1238a, 11-08-2015, 4096, 4.40
1e1238a, 11-08-2015, 8192, 5.01
1e1238a, 11-08-2015, 16384, 5.07
1e1238a, 11-08-2015, 32768, 6.93
1e1238a, 11-08-2015, 65536, 10.00
1e1238a, 11-08-2015, 131072, 34.07
1e1238a, 11-08-2015, 262144, 42.75
1e1238a, 11-08-2015, 524288, 76.22
1e1238a, 11-08-2015, 1048576, 139.22
1e1238a, 11-08-2015, 2097152, 233.20
1e1238a, 11-08-2015, 4194304, 444.78
2e640e3, 12-08-2015, 1, 3.37
2e640e3, 12-08-2015, 2, 3.35
2e640e3, 12-08-2015, 4, 3.35
2e640e3, 12-08-2015, 8, 3.33
2e640e3, 12-08-2015, 16, 3.33
2e640e3, 12-08-2015, 32, 3.32
2e640e3, 12-08-2015, 64, 3.31
2e640e3, 12-08-2015, 128, 3.42
2e640e3, 12-08-2015, 256, 3.89
2e640e3, 12-08-2015, 512, 4.04
2e640e3, 12-08-2015, 1024, 4.25
2e640e3, 12-08-2015, 2048, 4.57
2e640e3, 12-08-2015, 4096, 13.15
2e640e3, 12-08-2015, 8192, 14.00
2e640e3, 12-08-2015, 16384, 17.29
2e640e3, 12-08-2015, 32768, 16.16
2e640e3, 12-08-2015, 65536, 27.39
2e640e3, 12-08-2015, 131072, 45.76
2e640e3, 12-08-2015, 262144, 43.77
2e640e3, 12-08-2015, 524288, 81.21
2e640e3, 12-08-2015, 1048576, 158.42
2e640e3, 12-08-2015, 2097152, 286.57
2e640e3, 12-08-2015, 4194304, 484.98
5f94396, 14-08-2015, 1, 3.10
5f94396, 14-08-2015, 2, 3.11
5f94396, 14-08-2015, 4, 3.10
5f94396, 14-08-2015, 8, 3.10
5f94396, 14-08-2015, 16, 3.10
5f94396, 14-08-2015, 32, 3.09
5f94396, 14-08-2015, 64, 3.09
5f94396, 14-08-2015, 128, 3.11
5f94396, 14-08-2015, 256, 3.61
5f94396, 14-08-2015, 512, 3.70
5f94396, 14-08-2015, 1024, 3.84
5f94396, 14-08-2015, 2048, 4.12
5f94396, 14-08-2015, 4096, 5.42
5f94396, 14-08-2015, 8192, 5.21
5f94396, 14-08-2015, 16384, 6.41
5f94396, 14-08-2015, 32768, 8.40
5f94396, 14-08-2015, 65536, 12.38
5f94396, 14-08-2015, 131072, 20.04
5f94396, 14-08-2015, 262144, 34.72
5f94396, 14-08-2015, 524288, 61.99
5f94396, 14-08-2015, 1048576, 117.56
5f94396, 14-08-2015, 2097152, 225.84
5f94396, 14-08-2015, 4194304, 437.00
6261a17, 15-08-2015, 1, 2.87
6261a17, 15-08-2015, 2, 2.87
6261a17, 15-08-2015, 4, 2.87
6261a17, 15-08-2015, 8, 2.87
6261a17, 15-08-2015, 16, 2.89
6261a17, 15-08-2015, 32, 2.90
6261a17, 15-08-2015, 64, 2.91
6261a17, 15-08-2015, 128, 2.93
6261a17, 15-08-2015, 256, 3.42
6261a17, 15-08-2015, 512, 3.48
6261a17, 15-08-2015, 1024, 3.60
6261a17, 15-08-2015, 2048, 3.84
6261a17, 15-08-2015, 4096, 3.80
6261a17, 15-08-2015, 8192, 4.00
6261a17, 15-08-2015, 16384, 4.99
6261a17, 15-08-2015, 32768, 6.63
6261a17, 15-08-2015, 65536, 10.08
6261a17, 15-08-2015, 131072, 16.38
6261a17, 15-08-2015, 262144, 30.00
6261a17, 15-08-2015, 524288, 56.61
6261a17, 15-08-2015, 1048576, 110.05
6261a17, 15-08-2015, 2097152, 215.48
6261a17, 15-08-2015, 4194304, 426.64
081ce4e, 18-08-2015, 1, 2.87
081ce4e, 18-08-2015, 2, 2.87
081ce4e, 18-08-2015, 4, 2.87
081ce4e, 18-08-2015, 8, 2.87
081ce4e, 18-08-2015, 16, 2.87
081ce4e, 18-08-2015, 32, 2.89
081ce4e, 18-08-2015, 64, 2.88
081ce4e, 18-08-2015, 128, 2.91
081ce4e, 18-08-2015, 256, 3.40
081ce4e, 18-08-2015, 512, 3.43
081ce4e, 18-08-2015, 1024, 3.56
081ce4e, 18-08-2015, 2048, 3.84
081ce4e, 18-08-2015, 4096, 3.72
081ce4e, 18-08-2015, 8192, 4.01
081ce4e, 18-08-2015, 16384, 4.96
081ce4e, 18-08-2015, 32768, 6.65
081ce4e, 18-08-2015, 65536, 9.88
081ce4e, 18-08-2015, 131072, 16.59
081ce4e, 18-08-2015, 262144, 29.81
081ce4e, 18-08-2015, 524288, 56.32
081ce4e, 18-08-2015, 1048576, 112.00
081ce4e, 18-08-2015, 2097152, 215.78
081ce4e, 18-08-2015, 4194304, 431.53
358d028, 19-08-2015, 1, 2.97
358d028, 19-08-2015, 2, 2.98
358d028, 19-08-2015, 4, 2.98
358d028, 19-08-2015, 8, 2.97
358d028, 19-08-2015, 16, 2.98
358d028, 19-08-2015, 32, 2.98
358d028, 19-08-2015, 64, 2.99
358d028, 19-08-2015, 128, 3.00
358d028, 19-08-2015, 256, 3.51
358d028, 19-08-2015, 512, 3.58
358d028, 19-08-2015, 1024, 3.70
358d028, 19-08-2015, 2048, 4.05
358d028, 19-08-2015, 4096, 9.31
358d028, 19-08-2015, 8192, 9.69
358d028, 19-08-2015, 16384, 9.36
358d028, 19-08-2015, 32768, 9.81
358d028, 19-08-2015, 65536, 15.01
358d028, 19-08-2015, 131072, 24.65
358d028, 19-08-2015, 262144, 75.16
358d028, 19-08-2015, 524288, 91.21
358d028, 19-08-2015, 1048576, 166.26
358d028, 19-08-2015, 2097152, 229.19
358d028, 19-08-2015, 4194304, 552.65
f565790, 22-08-2015, 1, 3.82
f565790, 22-08-2015, 2, 3.85
f565790, 22-08-2015, 4, 3.71
f565790, 22-08-2015, 8, 3.85
f565790, 22-08-2015, 16, 3.80
f565790, 22-08-2015, 32, 3.73
f565790, 22-08-2015, 64, 3.80
f565790, 22-08-2015, 128, 3.74
f565790, 22-08-2015, 256, 4.27
f565790, 22-08-2015, 512, 4.28
f565790, 22-08-2015, 1024, 4.54
f565790, 22-08-2015, 2048, 4.93
f565790, 22-08-2015, 4096, 12.65
f565790, 22-08-2015, 8192, 18.29
f565790, 22-08-2015, 16384, 13.95
f565790, 22-08-2015, 32768, 30.52
f565790, 22-08-2015, 65536, 34.58
f565790, 22-08-2015, 131072, 45.99
f565790, 22-08-2015, 262144, 68.35
f565790, 22-08-2015, 524288, 97.95
f565790, 22-08-2015, 1048576, 274.20
f565790, 22-08-2015, 2097152, 387.52
f565790, 22-08-2015, 4194304, 627.03
3cbff1b, 26-08-2015, 1, 2.83
3cbff1b, 26-08-2015, 2, 2.84
3cbff1b, 26-08-2015, 4, 2.83
3cbff1b, 26-08-2015, 8, 2.82
3cbff1b, 26-08-2015, 16, 2.83
3cbff1b, 26-08-2015, 32, 2.84
3cbff1b, 26-08-2015, 64, 2.84
3cbff1b, 26-08-2015, 128, 2.87
3cbff1b, 26-08-2015, 256, 3.36
3cbff1b, 26-08-2015, 512, 3.44
3cbff1b, 26-08-2015, 1024, 3.56
3cbff1b, 26-08-2015, 2048, 3.78
3cbff1b, 26-08-2015, 4096, 3.71
3cbff1b, 26-08-2015, 8192, 3.99
3cbff1b, 26-08-2015, 16384, 4.97
3cbff1b, 26-08-2015, 32768, 6.66
3cbff1b, 26-08-2015, 65536, 9.88
3cbff1b, 26-08-2015, 131072, 16.50
3cbff1b, 26-08-2015, 262144, 29.75
3cbff1b, 26-08-2015, 524288, 56.33
3cbff1b, 26-08-2015, 1048576, 109.20
3cbff1b, 26-08-2015, 2097152, 215.53
3cbff1b, 26-08-2015, 4194304, 426.21
107ed41, 27-08-2015, 1, 2.98
107ed41, 27-08-2015, 2, 2.98
107ed41, 27-08-2015, 4, 2.97
107ed41, 27-08-2015, 8, 2.97
107ed41, 27-08-2015, 16, 2.95
107ed41, 27-08-2015, 32, 2.98
107ed41, 27-08-2015, 64, 2.99
107ed41, 27-08-2015, 128, 2.99
107ed41, 27-08-2015, 256, 3.50
107ed41, 27-08-2015, 512, 3.71
107ed41, 27-08-2015, 1024, 3.76
107ed41, 27-08-2015, 2048, 4.05
107ed41, 27-08-2015, 4096, 4.28
107ed41, 27-08-2015, 8192, 5.81
107ed41, 27-08-2015, 16384, 5.25
107ed41, 27-08-2015, 32768, 7.32
107ed41, 27-08-2015, 65536, 10.85
107ed41, 27-08-2015, 131072, 18.02
107ed41, 27-08-2015, 262144, 30.06
107ed41, 27-08-2015, 524288, 57.59
107ed41, 27-08-2015, 1048576, 113.32
107ed41, 27-08-2015, 2097152, 230.62
107ed41, 27-08-2015, 4194304, 446.12
4967366, 28-08-2015, 1, 3.64
4967366, 28-08-2015, 2, 3.78
4967366, 28-08-2015, 4, 3.74
4967366, 28-08-2015, 8, 3.88
4967366, 28-08-2015, 16, 3.89
4967366, 28-08-2015, 32, 3.92
4967366, 28-08-2015, 64, 3.97
4967366, 28-08-2015, 128, 3.77
4967366, 28-08-2015, 256, 4.18
4967366, 28-08-2015, 512, 4.29
4967366, 28-08-2015, 1024, 4.40
4967366, 28-08-2015, 2048, 4.73
4967366, 28-08-2015, 4096, 12.52
4967366, 28-08-2015, 8192, 20.53
4967366, 28-08-2015, 16384, 38.74
4967366, 28-08-2015, 32768, 20.53
4967366, 28-08-2015, 65536, 23.29
4967366, 28-08-2015, 131072, 27.33
4967366, 28-08-2015, 262144, 47.25
4967366, 28-08-2015, 524288, 98.80
4967366, 28-08-2015, 1048576, 210.86
4967366, 28-08-2015, 2097152, 337.50
4967366, 28-08-2015, 4194304, 452.77
58c47dc, 29-08-2015, 1, 2.92
58c47dc, 29-08-2015, 2, 2.93
58c47dc, 29-08-2015, 4, 2.92
58c47dc, 29-08-2015, 8, 2.92
58c47dc, 29-08-2015, 16, 2.93
58c47dc, 29-08-2015, 32, 2.94
58c47dc, 29-08-2015, 64, 2.96
58c47dc, 29-08-2015, 128, 2.98
58c47dc, 29-08-2015, 256, 3.46
58c47dc, 29-08-2015, 512, 3.51
58c47dc, 29-08-2015, 1024, 3.61
58c47dc, 29-08-2015, 2048, 3.79
58c47dc, 29-08-2015, 4096, 3.78
58c47dc, 29-08-2015, 8192, 4.04
58c47dc, 29-08-2015, 16384, 5.01
58c47dc, 29-08-2015, 32768, 6.95
58c47dc, 29-08-2015, 65536, 9.93
58c47dc, 29-08-2015, 131072, 16.30
58c47dc, 29-08-2015, 262144, 29.50
58c47dc, 29-08-2015, 524288, 56.07
58c47dc, 29-08-2015, 1048576, 109.17
58c47dc, 29-08-2015, 2097152, 214.88
58c47dc, 29-08-2015, 4194304, 425.79
e079875, 30-08-2015, 1, 3.20
e079875, 30-08-2015, 2, 3.22
e079875, 30-08-2015, 4, 3.21
e079875, 30-08-2015, 8, 3.21
e079875, 30-08-2015, 16, 3.22
e079875, 30-08-2015, 32, 3.27
e079875, 30-08-2015, 64, 3.21
e079875, 30-08-2015, 128, 3.24
e079875, 30-08-2015, 256, 3.70
e079875, 30-08-2015, 512, 3.81
e079875, 30-08-2015, 1024, 3.92
e079875, 30-08-2015, 2048, 4.20
e079875, 30-08-2015, 4096, 6.59
e079875, 30-08-2015, 8192, 9.54
e079875, 30-08-2015, 16384, 8.93
e079875, 30-08-2015, 32768, 9.33
e079875, 30-08-2015, 65536, 12.21
e079875, 30-08-2015, 131072, 24.08
e079875, 30-08-2015, 262144, 38.29
e079875, 30-08-2015, 524288, 62.75
e079875, 30-08-2015, 1048576, 155.60
e079875, 30-08-2015, 2097152, 225.07
e079875, 30-08-2015, 4194304, 449.54
05093d1, 31-08-2015, 1, 3.14
05093d1, 31-08-2015, 2, 3.07
05093d1, 31-08-2015, 4, 3.18
05093d1, 31-08-2015, 8, 3.05
05093d1, 31-08-2015, 16, 3.06
05093d1, 31-08-2015, 32, 3.10
05093d1, 31-08-2015, 64, 3.07
05093d1, 31-08-2015, 128, 3.17
05093d1, 31-08-2015, 256, 3.56
05093d1, 31-08-2015, 512, 3.66
05093d1, 31-08-2015, 1024, 3.85
05093d1, 31-08-2015, 2048, 4.10
05093d1, 31-08-2015, 4096, 11.34
05093d1, 31-08-2015, 8192, 8.08
05093d1, 31-08-2015, 16384, 6.05
05093d1, 31-08-2015, 32768, 7.89
05093d1, 31-08-2015, 65536, 11.12
05093d1, 31-08-2015, 131072, 65.87
05093d1, 31-08-2015, 262144, 37.98
05093d1, 31-08-2015, 524288, 77.96
05093d1, 31-08-2015, 1048576, 113.74
05093d1, 31-08-2015, 2097152, 265.67
05093d1, 31-08-2015, 4194304, 500.02
83ae6e1, 18-09-2015, 1, 2.84
83ae6e1, 18-09-2015, 2, 2.84
83ae6e1, 18-09-2015, 4, 2.83
83ae6e1, 18-09-2015, 8, 2.83
83ae6e1, 18-09-2015, 16, 2.85
83ae6e1, 18-09-2015, 32, 2.83
83ae6e1, 18-09-2015, 64, 2.83
83ae6e1, 18-09-2015, 128, 2.87
83ae6e1, 18-09-2015, 256, 3.32
83ae6e1, 18-09-2015, 512, 3.38
83ae6e1, 18-09-2015, 1024, 3.52
83ae6e1, 18-09-2015, 2048, 3.78
83ae6e1, 18-09-2015, 4096, 3.66
83ae6e1, 18-09-2015, 8192, 3.97
83ae6e1, 18-09-2015, 16384, 4.91
83ae6e1, 18-09-2015, 32768, 6.53
83ae6e1, 18-09-2015, 65536, 9.80
83ae6e1, 18-09-2015, 131072, 16.30
83ae6e1, 18-09-2015, 262144, 29.64
83ae6e1, 18-09-2015, 524288, 55.99
83ae6e1, 18-09-2015, 1048576, 109.06
83ae6e1, 18-09-2015, 2097152, 214.70
83ae6e1, 18-09-2015, 4194304, 425.70
cb4ea59, 19-09-2015, 1, 2.87
cb4ea59, 19-09-2015, 2, 2.82
cb4ea59, 19-09-2015, 4, 2.82
cb4ea59, 19-09-2015, 8, 2.82
cb4ea59, 19-09-2015, 16, 2.82
cb4ea59, 19-09-2015, 32, 2.83
cb4ea59, 19-09-2015, 64, 2.93
cb4ea59, 19-09-2015, 128, 2.86
cb4ea59, 19-09-2015, 256, 3.31
cb4ea59, 19-09-2015, 512, 3.38
cb4ea59, 19-09-2015, 1024, 3.54
cb4ea59, 19-09-2015, 2048, 3.77
cb4ea59, 19-09-2015, 4096, 3.69
cb4ea59, 19-09-2015, 8192, 3.97
cb4ea59, 19-09-2015, 16384, 4.99
cb4ea59, 19-09-2015, 32768, 6.63
cb4ea59, 19-09-2015, 65536, 9.86
cb4ea59, 19-09-2015, 131072, 16.67
cb4ea59, 19-09-2015, 262144, 29.67
cb4ea59, 19-09-2015, 524288, 56.18
cb4ea59, 19-09-2015, 1048576, 108.75
cb4ea59, 19-09-2015, 2097152, 215.21
cb4ea59, 19-09-2015, 4194304, 425.32
4e631e5, 20-09-2015, 1, 2.86
4e631e5, 20-09-2015, 2, 2.87
4e631e5, 20-09-2015, 4, 2.86
4e631e5, 20-09-2015, 8, 2.87
4e631e5, 20-09-2015, 16, 2.89
4e631e5, 20-09-2015, 32, 2.89
4e631e5, 20-09-2015, 64, 2.89
4e631e5, 20-09-2015, 128, 2.92
4e631e5, 20-09-2015, 256, 3.37
4e631e5, 20-09-2015, 512, 3.42
4e631e5, 20-09-2015, 1024, 3.54
4e631e5, 20-09-2015, 2048, 3.76
4e631e5, 20-09-2015, 4096, 3.73
4e631e5, 20-09-2015, 8192, 3.97
4e631e5, 20-09-2015, 16384, 4.87
4e631e5, 20-09-2015, 32768, 6.59
4e631e5, 20-09-2015, 65536, 9.81
4e631e5, 20-09-2015, 131072, 16.36
4e631e5, 20-09-2015, 262144, 29.57
4e631e5, 20-09-2015, 524288, 55.98
4e631e5, 20-09-2015, 1048576, 108.85
4e631e5, 20-09-2015, 2097152, 214.45
4e631e5, 20-09-2015, 4194304, 428.26
14bd43a, 23-09-2015, 1, 3.02
14bd43a, 23-09-2015, 2, 3.13
14bd43a, 23-09-2015, 4, 3.16
14bd43a, 23-09-2015, 8, 3.17
14bd43a, 23-09-2015, 16, 3.15
14bd43a, 23-09-2015, 32, 3.06
14bd43a, 23-09-2015, 64, 3.04
14bd43a, 23-09-2015, 128, 3.18
14bd43a, 23-09-2015, 256, 3.66
14bd43a, 23-09-2015, 512, 3.75
14bd43a, 23-09-2015, 1024, 3.94
14bd43a, 23-09-2015, 2048, 4.24
14bd43a, 23-09-2015, 4096, 4.17
14bd43a, 23-09-2015, 8192, 4.64
14bd43a, 23-09-2015, 16384, 5.16
14bd43a, 23-09-2015, 32768, 7.03
14bd43a, 23-09-2015, 65536, 10.97
14bd43a, 23-09-2015, 131072, 17.68
14bd43a, 23-09-2015, 262144, 31.47
14bd43a, 23-09-2015, 524288, 56.62
14bd43a, 23-09-2015, 1048576, 120.50
14bd43a, 23-09-2015, 2097152, 216.49
14bd43a, 23-09-2015, 4194304, 445.00
f77fcee, 24-09-2015, 1, 2.96
f77fcee, 24-09-2015, 2, 2.96
f77fcee, 24-09-2015, 4, 2.97
f77fcee, 24-09-2015, 8, 2.97
f77fcee, 24-09-2015, 16, 2.97
f77fcee, 24-09-2015, 32, 2.97
f77fcee, 24-09-2015, 64, 2.98
f77fcee, 24-09-2015, 128, 3.01
f77fcee, 24-09-2015, 256, 3.47
f77fcee, 24-09-2015, 512, 3.56
f77fcee, 24-09-2015, 1024, 3.70
f77fcee, 24-09-2015, 2048, 4.00
f77fcee, 24-09-2015, 4096, 4.25
f77fcee, 24-09-2015, 8192, 5.03
f77fcee, 24-09-2015, 16384, 5.18
f77fcee, 24-09-2015, 32768, 14.11
f77fcee, 24-09-2015, 65536, 12.60
f77fcee, 24-09-2015, 131072, 16.81
f77fcee, 24-09-2015, 262144, 31.12
f77fcee, 24-09-2015, 524288, 58.22
f77fcee, 24-09-2015, 1048576, 112.69
f77fcee, 24-09-2015, 2097152, 217.62
f77fcee, 24-09-2015, 4194304, 429.58
d58441a, 29-09-2015, 1, 3.55
d58441a, 29-09-2015, 2, 3.52
d58441a, 29-09-2015, 4, 3.53
d58441a, 29-09-2015, 8, 3.55
d58441a, 29-09-2015, 16, 3.57
d58441a, 29-09-2015, 32, 3.57
d58441a, 29-09-2015, 64, 3.59
d58441a, 29-09-2015, 128, 3.62
d58441a, 29-09-2015, 256, 4.10
d58441a, 29-09-2015, 512, 4.13
d58441a, 29-09-2015, 1024, 4.33
d58441a, 29-09-2015, 2048, 4.63
d58441a, 29-09-2015, 4096, 8.75
d58441a, 29-09-2015, 8192, 11.13
d58441a, 29-09-2015, 16384, 27.56
d58441a, 29-09-2015, 32768, 9.80
d58441a, 29-09-2015, 65536, 12.63
d58441a, 29-09-2015, 131072, 60.47
d58441a, 29-09-2015, 262144, 36.10
d58441a, 29-09-2015, 524288, 124.40
d58441a, 29-09-2015, 1048576, 152.82
d58441a, 29-09-2015, 2097152, 284.53
d58441a, 29-09-2015, 4194304, 490.43
1e4521d, 30-09-2015, 1, 3.11
1e4521d, 30-09-2015, 2, 3.16
1e4521d, 30-09-2015, 4, 3.11
1e4521d, 30-09-2015, 8, 3.10
1e4521d, 30-09-2015, 16, 3.11
1e4521d, 30-09-2015, 32, 3.10
1e4521d, 30-09-2015, 64, 3.09
1e4521d, 30-09-2015, 128, 3.15
1e4521d, 30-09-2015, 256, 3.60
1e4521d, 30-09-2015, 512, 3.69
1e4521d, 30-09-2015, 1024, 3.81
1e4521d, 30-09-2015, 2048, 4.12
1e4521d, 30-09-2015, 4096, 7.50
1e4521d, 30-09-2015, 8192, 7.89
1e4521d, 30-09-2015, 16384, 11.98
1e4521d, 30-09-2015, 32768, 12.34
1e4521d, 30-09-2015, 65536, 14.73
1e4521d, 30-09-2015, 131072, 29.49
1e4521d, 30-09-2015, 262144, 48.96
1e4521d, 30-09-2015, 524288, 68.89
1e4521d, 30-09-2015, 1048576, 131.13
1e4521d, 30-09-2015, 2097152, 217.27
1e4521d, 30-09-2015, 4194304, 487.14
a3e9a3f, 02-10-2015, 1, 2.82
a3e9a3f, 02-10-2015, 2, 2.82
a3e9a3f, 02-10-2015, 4, 2.81
a3e9a3f, 02-10-2015, 8, 2.81
a3e9a3f, 02-10-2015, 16, 2.81
a3e9a3f, 02-10-2015, 32, 2.83
a3e9a3f, 02-10-2015, 64, 2.83
a3e9a3f, 02-10-2015, 128, 2.86
a3e9a3f, 02-10-2015, 256, 3.32
a3e9a3f, 02-10-2015, 512, 3.36
a3e9a3f, 02-10-2015, 1024, 3.51
a3e9a3f, 02-10-2015, 2048, 3.75
a3e9a3f, 02-10-2015, 4096, 3.64
a3e9a3f, 02-10-2015, 8192, 3.98
a3e9a3f, 02-10-2015, 16384, 5.00
a3e9a3f, 02-10-2015, 32768, 6.58
a3e9a3f, 02-10-2015, 65536, 9.87
a3e9a3f, 02-10-2015, 131072, 16.30
a3e9a3f, 02-10-2015, 262144, 29.60
a3e9a3f, 02-10-2015, 524288, 56.05
a3e9a3f, 02-10-2015, 1048576, 109.17
a3e9a3f, 02-10-2015, 2097152, 215.57
a3e9a3f, 02-10-2015, 4194304, 425.71
83cc2d8, 16-10-2015, 1, 2.96
83cc2d8, 16-10-2015, 2, 2.97
83cc2d8, 16-10-2015, 4, 2.96
83cc2d8, 16-10-2015, 8, 2.95
83cc2d8, 16-10-2015, 16, 2.94
83cc2d8, 16-10-2015, 32, 2.94
83cc2d8, 16-10-2015, 64, 3.12
83cc2d8, 16-10-2015, 128, 2.98
83cc2d8, 16-10-2015, 256, 3.48
83cc2d8, 16-10-2015, 512, 3.55
83cc2d8, 16-10-2015, 1024, 3.69
83cc2d8, 16-10-2015, 2048, 4.00
83cc2d8, 16-10-2015, 4096, 4.18
83cc2d8, 16-10-2015, 8192, 4.60
83cc2d8, 16-10-2015, 16384, 6.41
83cc2d8, 16-10-2015, 32768, 7.07
83cc2d8, 16-10-2015, 65536, 10.29
83cc2d8, 16-10-2015, 131072, 17.09
83cc2d8, 16-10-2015, 262144, 30.48
83cc2d8, 16-10-2015, 524288, 59.78
83cc2d8, 16-10-2015, 1048576, 111.33
83cc2d8, 16-10-2015, 2097152, 224.65
83cc2d8, 16-10-2015, 4194304, 427.42
dc20125, 24-10-2015, 1, 4.96
dc20125, 24-10-2015, 2, 4.33
dc20125, 24-10-2015, 4, 4.93
dc20125, 24-10-2015, 8, 5.91
dc20125, 24-10-2015, 16, 6.29
dc20125, 24-10-2015, 32, 4.94
dc20125, 24-10-2015, 64, 4.24
dc20125, 24-10-2015, 128, 4.39
dc20125, 24-10-2015, 256, 5.35
dc20125, 24-10-2015, 512, 5.01
dc20125, 24-10-2015, 1024, 5.60
dc20125, 24-10-2015, 2048, 5.22
dc20125, 24-10-2015, 4096, 6.73
dc20125, 24-10-2015, 8192, 9.30
dc20125, 24-10-2015, 16384, 13.35
dc20125, 24-10-2015, 32768, 22.11
dc20125, 24-10-2015, 65536, 30.65
dc20125, 24-10-2015, 131072, 30.89
dc20125, 24-10-2015, 262144, 34.84
dc20125, 24-10-2015, 524288, 77.51
dc20125, 24-10-2015, 1048576, 151.94
dc20125, 24-10-2015, 2097152, 289.59
dc20125, 24-10-2015, 4194304, 584.08
18b1738, 29-10-2015, 1, 2.82
18b1738, 29-10-2015, 2, 2.80
18b1738, 29-10-2015, 4, 3.09
18b1738, 29-10-2015, 8, 2.75
18b1738, 29-10-2015, 16, 2.76
18b1738, 29-10-2015, 32, 2.74
18b1738, 29-10-2015, 64, 2.74
18b1738, 29-10-2015, 128, 2.79
18b1738, 29-10-2015, 256, 3.15
18b1738, 29-10-2015, 512, 3.23
18b1738, 29-10-2015, 1024, 3.38
18b1738, 29-10-2015, 2048, 3.66
18b1738, 29-10-2015, 4096, 3.48
18b1738, 29-10-2015, 8192, 3.80
18b1738, 29-10-2015, 16384, 4.67
18b1738, 29-10-2015, 32768, 6.39
18b1738, 29-10-2015, 65536, 9.59
18b1738, 29-10-2015, 131072, 16.23
18b1738, 29-10-2015, 262144, 29.34
18b1738, 29-10-2015, 524288, 55.70
18b1738, 29-10-2015, 1048576, 108.33
18b1738, 29-10-2015, 2097152, 213.72
18b1738, 29-10-2015, 4194304, 424.32
3fdffa2, 30-10-2015, 1, 2.99
3fdffa2, 30-10-2015, 2, 2.98
3fdffa2, 30-10-2015, 4, 2.98
3fdffa2, 30-10-2015, 8, 2.99
3fdffa2, 30-10-2015, 16, 2.99
3fdffa2, 30-10-2015, 32, 2.97
3fdffa2, 30-10-2015, 64, 2.98
3fdffa2, 30-10-2015, 128, 3.01
3fdffa2, 30-10-2015, 256, 3.48
3fdffa2, 30-10-2015, 512, 3.53
3fdffa2, 30-10-2015, 1024, 3.69
3fdffa2, 30-10-2015, 2048, 3.99
3fdffa2, 30-10-2015, 4096, 3.91
3fdffa2, 30-10-2015, 8192, 4.33
3fdffa2, 30-10-2015, 16384, 5.41
3fdffa2, 30-10-2015, 32768, 6.90
3fdffa2, 30-10-2015, 65536, 10.47
3fdffa2, 30-10-2015, 131072, 18.27
3fdffa2, 30-10-2015, 262144, 31.85
3fdffa2, 30-10-2015, 524288, 60.68
3fdffa2, 30-10-2015, 1048576, 116.59
3fdffa2, 30-10-2015, 2097152, 230.13
3fdffa2, 30-10-2015, 4194304, 456.84
26a67a7, 28-02-2016, 1, 2.46
26a67a7, 28-02-2016, 2, 2.42
26a67a7, 28-02-2016, 4, 2.42
26a67a7, 28-02-2016, 8, 3.27
26a67a7, 28-02-2016, 16, 2.81
26a67a7, 28-02-2016, 32, 2.51
26a67a7, 28-02-2016, 64, 2.43
26a67a7, 28-02-2016, 128, 2.56
26a67a7, 28-02-2016, 256, 2.84
26a67a7, 28-02-2016, 512, 2.79
26a67a7, 28-02-2016, 1024, 3.09
26a67a7, 28-02-2016, 2048, 3.15
26a67a7, 28-02-2016, 4096, 3.11
26a67a7, 28-02-2016, 8192, 4.05
26a67a7, 28-02-2016, 16384, 4.47
26a67a7, 28-02-2016, 32768, 6.11
26a67a7, 28-02-2016, 65536, 9.50
26a67a7, 28-02-2016, 131072, 16.07
26a67a7, 28-02-2016, 262144, 29.25
26a67a7, 28-02-2016, 524288, 55.86
26a67a7, 28-02-2016, 1048576, 108.06
26a67a7, 28-02-2016, 2097152, 213.43
26a67a7, 28-02-2016, 4194304, 424.33
9f670f4, 28-02-2016, 1, 2.46
9f670f4, 28-02-2016, 2, 2.43
9f670f4, 28-02-2016, 4, 2.43
9f670f4, 28-02-2016, 8, 2.43
9f670f4, 28-02-2016, 16, 2.43
9f670f4, 28-02-2016, 32, 2.44
9f670f4, 28-02-2016, 64, 2.57
9f670f4, 28-02-2016, 128, 2.48
9f670f4, 28-02-2016, 256, 2.81
9f670f4, 28-02-2016, 512, 2.81
9f670f4, 28-02-2016, 1024, 2.84
9f670f4, 28-02-2016, 2048, 3.12
9f670f4, 28-02-2016, 4096, 3.11
9f670f4, 28-02-2016, 8192, 3.57
9f670f4, 28-02-2016, 16384, 4.62
9f670f4, 28-02-2016, 32768, 6.18
9f670f4, 28-02-2016, 65536, 9.44
9f670f4, 28-02-2016, 131072, 16.07
9f670f4, 28-02-2016, 262144, 29.57
9f670f4, 28-02-2016, 524288, 56.16
9f670f4, 28-02-2016, 1048576, 108.21
9f670f4, 28-02-2016, 2097152, 213.75
9f670f4, 28-02-2016, 4194304, 424.72
35d6e5d, 29-02-2016, 1, 2.47
35d6e5d, 29-02-2016, 2, 2.45
35d6e5d, 29-02-2016, 4, 2.44
35d6e5d, 29-02-2016, 8, 2.44
35d6e5d, 29-02-2016, 16, 2.44
35d6e5d, 29-02-2016, 32, 2.44
35d6e5d, 29-02-2016, 64, 2.45
35d6e5d, 29-02-2016, 128, 2.48
35d6e5d, 29-02-2016, 256, 2.80
35d6e5d, 29-02-2016, 512, 2.85
35d6e5d, 29-02-2016, 1024, 2.86
35d6e5d, 29-02-2016, 2048, 3.13
35d6e5d, 29-02-2016, 4096, 3.12
35d6e5d, 29-02-2016, 8192, 3.60
35d6e5d, 29-02-2016, 16384, 4.68
35d6e5d, 29-02-2016, 32768, 6.20
35d6e5d, 29-02-2016, 65536, 9.37
35d6e5d, 29-02-2016, 131072, 16.04
35d6e5d, 29-02-2016, 262144, 29.43
35d6e5d, 29-02-2016, 524288, 55.67
35d6e5d, 29-02-2016, 1048576, 107.97
35d6e5d, 29-02-2016, 2097152, 213.28
35d6e5d, 29-02-2016, 4194304, 423.98
b3d3254, 01-03-2016, 1, 2.67
b3d3254, 01-03-2016, 2, 2.66
b3d3254, 01-03-2016, 4, 2.78
b3d3254, 01-03-2016, 8, 2.81
b3d3254, 01-03-2016, 16, 2.78
b3d3254, 01-03-2016, 32, 2.78
b3d3254, 01-03-2016, 64, 2.80
b3d3254, 01-03-2016, 128, 2.84
b3d3254, 01-03-2016, 256, 3.22
b3d3254, 01-03-2016, 512, 3.24
b3d3254, 01-03-2016, 1024, 3.31
b3d3254, 01-03-2016, 2048, 3.61
b3d3254, 01-03-2016, 4096, 7.39
b3d3254, 01-03-2016, 8192, 7.98
b3d3254, 01-03-2016, 16384, 6.51
b3d3254, 01-03-2016, 32768, 7.51
b3d3254, 01-03-2016, 65536, 32.26
b3d3254, 01-03-2016, 131072, 17.02
b3d3254, 01-03-2016, 262144, 52.93
b3d3254, 01-03-2016, 524288, 77.57
b3d3254, 01-03-2016, 1048576, 135.60
b3d3254, 01-03-2016, 2097152, 260.62
b3d3254, 01-03-2016, 4194304, 479.68
efeeafd, 02-03-2016, 1, 2.51
efeeafd, 02-03-2016, 2, 2.48
efeeafd, 02-03-2016, 4, 2.48
efeeafd, 02-03-2016, 8, 2.48
efeeafd, 02-03-2016, 16, 2.48
efeeafd, 02-03-2016, 32, 2.49
efeeafd, 02-03-2016, 64, 2.49
efeeafd, 02-03-2016, 128, 2.51
efeeafd, 02-03-2016, 256, 2.87
efeeafd, 02-03-2016, 512, 2.90
efeeafd, 02-03-2016, 1024, 2.91
efeeafd, 02-03-2016, 2048, 3.19
efeeafd, 02-03-2016, 4096, 3.19
efeeafd, 02-03-2016, 8192, 3.67
efeeafd, 02-03-2016, 16384, 4.86
efeeafd, 02-03-2016, 32768, 6.25
efeeafd, 02-03-2016, 65536, 9.57
efeeafd, 02-03-2016, 131072, 16.06
efeeafd, 02-03-2016, 262144, 29.41
efeeafd, 02-03-2016, 524288, 55.96
efeeafd, 02-03-2016, 1048576, 108.16
efeeafd, 02-03-2016, 2097152, 213.45
efeeafd, 02-03-2016, 4194304, 424.34
1c0b6c5, 04-03-2016, 1, 3.04
1c0b6c5, 04-03-2016, 2, 2.96
1c0b6c5, 04-03-2016, 4, 2.80
1c0b6c5, 04-03-2016, 8, 3.70
1c0b6c5, 04-03-2016, 16, 6.15
1c0b6c5, 04-03-2016, 32, 2.97
1c0b6c5, 04-03-2016, 64, 3.04
1c0b6c5, 04-03-2016, 128, 5.78
1c0b6c5, 04-03-2016, 256, 5.11
1c0b6c5, 04-03-2016, 512, 3.36
1c0b6c5, 04-03-2016, 1024, 3.26
1c0b6c5, 04-03-2016, 2048, 3.66
1c0b6c5, 04-03-2016, 4096, 9.15
1c0b6c5, 04-03-2016, 8192, 6.65
1c0b6c5, 04-03-2016, 16384, 5.00
1c0b6c5, 04-03-2016, 32768, 6.64
1c0b6c5, 04-03-2016, 65536, 9.97
1c0b6c5, 04-03-2016, 131072, 16.67
1c0b6c5, 04-03-2016, 262144, 30.23
1c0b6c5, 04-03-2016, 524288, 56.77
1c0b6c5, 04-03-2016, 1048576, 165.29
1c0b6c5, 04-03-2016, 2097152, 333.79
1c0b6c5, 04-03-2016, 4194304, 546.92
f80054d, 05-03-2016, 1, 2.44
f80054d, 05-03-2016, 2, 2.41
f80054d, 05-03-2016, 4, 2.42
f80054d, 05-03-2016, 8, 2.42
f80054d, 05-03-2016, 16, 2.41
f80054d, 05-03-2016, 32, 2.42
f80054d, 05-03-2016, 64, 2.44
f80054d, 05-03-2016, 128, 2.45
f80054d, 05-03-2016, 256, 2.79
f80054d, 05-03-2016, 512, 2.79
f80054d, 05-03-2016, 1024, 3.16
f80054d, 05-03-2016, 2048, 3.58
f80054d, 05-03-2016, 4096, 3.71
f80054d, 05-03-2016, 8192, 4.41
f80054d, 05-03-2016, 16384, 5.81
f80054d, 05-03-2016, 32768, 8.16
f80054d, 05-03-2016, 65536, 12.87
f80054d, 05-03-2016, 131072, 19.63
f80054d, 05-03-2016, 262144, 38.67
f80054d, 05-03-2016, 524288, 72.29
f80054d, 05-03-2016, 1048576, 132.64
f80054d, 05-03-2016, 2097152, 260.05
f80054d, 05-03-2016, 4194304, 535.66
7c9c5a8, 06-03-2016, 1, 2.78
7c9c5a8, 06-03-2016, 2, 2.69
7c9c5a8, 06-03-2016, 4, 2.68
7c9c5a8, 06-03-2016, 8, 2.76
7c9c5a8, 06-03-2016, 16, 2.68
7c9c5a8, 06-03-2016, 32, 2.69
7c9c5a8, 06-03-2016, 64, 2.70
7c9c5a8, 06-03-2016, 128, 2.74
7c9c5a8, 06-03-2016, 256, 3.10
7c9c5a8, 06-03-2016, 512, 3.17
7c9c5a8, 06-03-2016, 1024, 3.17
7c9c5a8, 06-03-2016, 2048, 3.46
7c9c5a8, 06-03-2016, 4096, 3.81
7c9c5a8, 06-03-2016, 8192, 4.03
7c9c5a8, 06-03-2016, 16384, 5.22
7c9c5a8, 06-03-2016, 32768, 7.48
7c9c5a8, 06-03-2016, 65536, 12.91
7c9c5a8, 06-03-2016, 131072, 16.61
7c9c5a8, 06-03-2016, 262144, 32.28
7c9c5a8, 06-03-2016, 524288, 57.98
7c9c5a8, 06-03-2016, 1048576, 109.65
7c9c5a8, 06-03-2016, 2097152, 231.25
7c9c5a8, 06-03-2016, 4194304, 425.78
9d77b21, 07-03-2016, 1, 2.79
9d77b21, 07-03-2016, 2, 2.77
9d77b21, 07-03-2016, 4, 2.76
9d77b21, 07-03-2016, 8, 2.76
9d77b21, 07-03-2016, 16, 2.77
9d77b21, 07-03-2016, 32, 2.75
9d77b21, 07-03-2016, 64, 2.79
9d77b21, 07-03-2016, 128, 2.81
9d77b21, 07-03-2016, 256, 3.17
9d77b21, 07-03-2016, 512, 3.19
9d77b21, 07-03-2016, 1024, 3.28
9d77b21, 07-03-2016, 2048, 3.63
9d77b21, 07-03-2016, 4096, 3.93
9d77b21, 07-03-2016, 8192, 4.21
9d77b21, 07-03-2016, 16384, 5.10
9d77b21, 07-03-2016, 32768, 6.68
9d77b21, 07-03-2016, 65536, 10.04
9d77b21, 07-03-2016, 131072, 18.42
9d77b21, 07-03-2016, 262144, 29.82
9d77b21, 07-03-2016, 524288, 56.56
9d77b21, 07-03-2016, 1048576, 118.67
9d77b21, 07-03-2016, 2097152, 240.88
9d77b21, 07-03-2016, 4194304, 438.57
22d7896, 08-03-2016, 1, 2.65
22d7896, 08-03-2016, 2, 2.64
22d7896, 08-03-2016, 4, 2.64
22d7896, 08-03-2016, 8, 2.76
22d7896, 08-03-2016, 16, 2.53
22d7896, 08-03-2016, 32, 2.63
22d7896, 08-03-2016, 64, 2.60
22d7896, 08-03-2016, 128, 2.65
22d7896, 08-03-2016, 256, 2.96
22d7896, 08-03-2016, 512, 2.97
22d7896, 08-03-2016, 1024, 3.03
22d7896, 08-03-2016, 2048, 3.34
22d7896, 08-03-2016, 4096, 4.64
22d7896, 08-03-2016, 8192, 5.42
22d7896, 08-03-2016, 16384, 7.31
22d7896, 08-03-2016, 32768, 9.89
22d7896, 08-03-2016, 65536, 13.97
22d7896, 08-03-2016, 131072, 23.81
22d7896, 08-03-2016, 262144, 31.87
22d7896, 08-03-2016, 524288, 71.38
22d7896, 08-03-2016, 1048576, 115.09
22d7896, 08-03-2016, 2097152, 246.52
22d7896, 08-03-2016, 4194304, 456.11
601ac5a, 11-03-2016, 1, 2.71
601ac5a, 11-03-2016, 2, 2.67
601ac5a, 11-03-2016, 4, 2.68
601ac5a, 11-03-2016, 8, 2.67
601ac5a, 11-03-2016, 16, 2.66
601ac5a, 11-03-2016, 32, 2.70
601ac5a, 11-03-2016, 64, 2.71
601ac5a, 11-03-2016, 128, 2.71
601ac5a, 11-03-2016, 256, 3.10
601ac5a, 11-03-2016, 512, 3.11
601ac5a, 11-03-2016, 1024, 3.18
601ac5a, 11-03-2016, 2048, 3.46
601ac5a, 11-03-2016, 4096, 3.56
601ac5a, 11-03-2016, 8192, 3.99
601ac5a, 11-03-2016, 16384, 4.89
601ac5a, 11-03-2016, 32768, 6.54
601ac5a, 11-03-2016, 65536, 10.01
601ac5a, 11-03-2016, 131072, 16.47
601ac5a, 11-03-2016, 262144, 29.90
601ac5a, 11-03-2016, 524288, 56.59
601ac5a, 11-03-2016, 1048576, 108.96
601ac5a, 11-03-2016, 2097152, 214.75
601ac5a, 11-03-2016, 4194304, 425.50
601ac5a, 12-03-2016, 1, 2.59
601ac5a, 12-03-2016, 2, 2.54
601ac5a, 12-03-2016, 4, 2.51
601ac5a, 12-03-2016, 8, 2.53
601ac5a, 12-03-2016, 16, 2.52
601ac5a, 12-03-2016, 32, 2.56
601ac5a, 12-03-2016, 64, 2.56
601ac5a, 12-03-2016, 128, 2.58
601ac5a, 12-03-2016, 256, 2.92
601ac5a, 12-03-2016, 512, 2.94
601ac5a, 12-03-2016, 1024, 3.01
601ac5a, 12-03-2016, 2048, 3.30
601ac5a, 12-03-2016, 4096, 4.53
601ac5a, 12-03-2016, 8192, 4.23
601ac5a, 12-03-2016, 16384, 8.88
601ac5a, 12-03-2016, 32768, 6.60
601ac5a, 12-03-2016, 65536, 10.82
601ac5a, 12-03-2016, 131072, 24.64
601ac5a, 12-03-2016, 262144, 36.80
601ac5a, 12-03-2016, 524288, 64.21
601ac5a, 12-03-2016, 1048576, 113.29
601ac5a, 12-03-2016, 2097152, 224.01
601ac5a, 12-03-2016, 4194304, 429.04
601ac5a, 14-03-2016, 1, 2.63
601ac5a, 14-03-2016, 2, 2.59
601ac5a, 14-03-2016, 4, 2.55
601ac5a, 14-03-2016, 8, 2.59
601ac5a, 14-03-2016, 16, 2.57
601ac5a, 14-03-2016, 32, 2.60
601ac5a, 14-03-2016, 64, 2.60
601ac5a, 14-03-2016, 128, 2.62
601ac5a, 14-03-2016, 256, 2.98
601ac5a, 14-03-2016, 512, 3.00
601ac5a, 14-03-2016, 1024, 3.04
601ac5a, 14-03-2016, 2048, 3.38
601ac5a, 14-03-2016, 4096, 3.68
601ac5a, 14-03-2016, 8192, 4.22
601ac5a, 14-03-2016, 16384, 5.00
601ac5a, 14-03-2016, 32768, 6.66
601ac5a, 14-03-2016, 65536, 10.21
601ac5a, 14-03-2016, 131072, 17.34
601ac5a, 14-03-2016, 262144, 31.34
601ac5a, 14-03-2016, 524288, 58.56
601ac5a, 14-03-2016, 1048576, 113.98
601ac5a, 14-03-2016, 2097152, 218.77
601ac5a, 14-03-2016, 4194304, 431.54
4835edf, 15-03-2016, 1, 2.60
4835edf, 15-03-2016, 2, 2.58
4835edf, 15-03-2016, 4, 2.57
4835edf, 15-03-2016, 8, 2.57
4835edf, 15-03-2016, 16, 2.56
4835edf, 15-03-2016, 32, 2.57
4835edf, 15-03-2016, 64, 2.58
4835edf, 15-03-2016, 128, 2.60
4835edf, 15-03-2016, 256, 2.92
4835edf, 15-03-2016, 512, 2.94
4835edf, 15-03-2016, 1024, 2.99
4835edf, 15-03-2016, 2048, 3.30
4835edf, 15-03-2016, 4096, 6.96
4835edf, 15-03-2016, 8192, 4.98
4835edf, 15-03-2016, 16384, 7.50
4835edf, 15-03-2016, 32768, 10.93
4835edf, 15-03-2016, 65536, 18.42
4835edf, 15-03-2016, 131072, 16.48
4835edf, 15-03-2016, 262144, 29.89
4835edf, 15-03-2016, 524288, 56.03
4835edf, 15-03-2016, 1048576, 117.22
4835edf, 15-03-2016, 2097152, 237.31
4835edf, 15-03-2016, 4194304, 462.52
4835edf, 16-03-2016, 1, 2.46
4835edf, 16-03-2016, 2, 2.44
4835edf, 16-03-2016, 4, 2.42
4835edf, 16-03-2016, 8, 2.43
4835edf, 16-03-2016, 16, 2.42
4835edf, 16-03-2016, 32, 2.43
4835edf, 16-03-2016, 64, 2.44
4835edf, 16-03-2016, 128, 2.47
4835edf, 16-03-2016, 256, 2.80
4835edf, 16-03-2016, 512, 2.81
4835edf, 16-03-2016, 1024, 2.83
4835edf, 16-03-2016, 2048, 3.11
4835edf, 16-03-2016, 4096, 3.13
4835edf, 16-03-2016, 8192, 3.59
4835edf, 16-03-2016, 16384, 4.63
4835edf, 16-03-2016, 32768, 6.23
4835edf, 16-03-2016, 65536, 9.46
4835edf, 16-03-2016, 131072, 15.93
4835edf, 16-03-2016, 262144, 29.30
4835edf, 16-03-2016, 524288, 55.65
4835edf, 16-03-2016, 1048576, 108.10
4835edf, 16-03-2016, 2097152, 213.53
4835edf, 16-03-2016, 4194304, 424.26
4835edf, 17-03-2016, 1, 2.46
4835edf, 17-03-2016, 2, 2.43
4835edf, 17-03-2016, 4, 2.42
4835edf, 17-03-2016, 8, 2.42
4835edf, 17-03-2016, 16, 2.42
4835edf, 17-03-2016, 32, 2.43
4835edf, 17-03-2016, 64, 2.43
4835edf, 17-03-2016, 128, 2.45
4835edf, 17-03-2016, 256, 2.78
4835edf, 17-03-2016, 512, 2.78
4835edf, 17-03-2016, 1024, 2.82
4835edf, 17-03-2016, 2048, 3.10
4835edf, 17-03-2016, 4096, 3.12
4835edf, 17-03-2016, 8192, 3.55
4835edf, 17-03-2016, 16384, 4.53
4835edf, 17-03-2016, 32768, 6.14
4835edf, 17-03-2016, 65536, 9.41
4835edf, 17-03-2016, 131072, 16.18
4835edf, 17-03-2016, 262144, 29.35
4835edf, 17-03-2016, 524288, 55.77
4835edf, 17-03-2016, 1048576, 107.90
4835edf, 17-03-2016, 2097152, 213.65
4835edf, 17-03-2016, 4194304, 424.15
29f9338, 18-03-2016, 1, 2.44
29f9338, 18-03-2016, 2, 2.41
29f9338, 18-03-2016, 4, 2.40
29f9338, 18-03-2016, 8, 2.41
29f9338, 18-03-2016, 16, 2.41
29f9338, 18-03-2016, 32, 2.42
29f9338, 18-03-2016, 64, 2.42
29f9338, 18-03-2016, 128, 2.44
29f9338, 18-03-2016, 256, 2.81
29f9338, 18-03-2016, 512, 2.85
29f9338, 18-03-2016, 1024, 2.87
29f9338, 18-03-2016, 2048, 3.12
29f9338, 18-03-2016, 4096, 3.14
29f9338, 18-03-2016, 8192, 3.58
29f9338, 18-03-2016, 16384, 4.63
29f9338, 18-03-2016, 32768, 6.20
29f9338, 18-03-2016, 65536, 9.48
29f9338, 18-03-2016, 131072, 16.12
29f9338, 18-03-2016, 262144, 29.57
29f9338, 18-03-2016, 524288, 55.41
29f9338, 18-03-2016, 1048576, 108.54
29f9338, 18-03-2016, 2097152, 213.22
29f9338, 18-03-2016, 4194304, 423.84
540a515, 19-03-2016, 1, 2.51
540a515, 19-03-2016, 2, 2.50
540a515, 19-03-2016, 4, 2.50
540a515, 19-03-2016, 8, 2.47
540a515, 19-03-2016, 16, 2.49
540a515, 19-03-2016, 32, 2.67
540a515, 19-03-2016, 64, 2.48
540a515, 19-03-2016, 128, 2.51
540a515, 19-03-2016, 256, 2.90
540a515, 19-03-2016, 512, 2.92
540a515, 19-03-2016, 1024, 2.95
540a515, 19-03-2016, 2048, 3.27
540a515, 19-03-2016, 4096, 3.24
540a515, 19-03-2016, 8192, 3.69
540a515, 19-03-2016, 16384, 4.97
540a515, 19-03-2016, 32768, 6.21
540a515, 19-03-2016, 65536, 9.44
540a515, 19-03-2016, 131072, 16.97
540a515, 19-03-2016, 262144, 30.11
540a515, 19-03-2016, 524288, 57.15
540a515, 19-03-2016, 1048576, 110.34
540a515, 19-03-2016, 2097152, 222.49
540a515, 19-03-2016, 4194304, 437.82
751da54, 22-03-2016, 1, 2.45
751da54, 22-03-2016, 2, 2.41
751da54, 22-03-2016, 4, 2.42
751da54, 22-03-2016, 8, 2.42
751da54, 22-03-2016, 16, 2.42
751da54, 22-03-2016, 32, 2.42
751da54, 22-03-2016, 64, 2.42
751da54, 22-03-2016, 128, 2.46
751da54, 22-03-2016, 256, 2.78
751da54, 22-03-2016, 512, 2.79
751da54, 22-03-2016, 1024, 2.81
751da54, 22-03-2016, 2048, 3.11
751da54, 22-03-2016, 4096, 3.13
751da54, 22-03-2016, 8192, 3.57
751da54, 22-03-2016, 16384, 4.46
751da54, 22-03-2016, 32768, 6.22
751da54, 22-03-2016, 65536, 9.47
751da54, 22-03-2016, 131072, 16.02
751da54, 22-03-2016, 262144, 29.59
751da54, 22-03-2016, 524288, 55.97
751da54, 22-03-2016, 1048576, 108.07
751da54, 22-03-2016, 2097152, 214.04
751da54, 22-03-2016, 4194304, 424.72
92ffe69, 23-03-2016, 1, 2.56
92ffe69, 23-03-2016, 2, 2.54
92ffe69, 23-03-2016, 4, 2.53
92ffe69, 23-03-2016, 8, 2.53
92ffe69, 23-03-2016, 16, 2.53
92ffe69, 23-03-2016, 32, 2.53
92ffe69, 23-03-2016, 64, 2.54
92ffe69, 23-03-2016, 128, 2.58
92ffe69, 23-03-2016, 256, 2.93
92ffe69, 23-03-2016, 512, 2.94
92ffe69, 23-03-2016, 1024, 3.01
92ffe69, 23-03-2016, 2048, 3.30
92ffe69, 23-03-2016, 4096, 4.78
92ffe69, 23-03-2016, 8192, 6.12
92ffe69, 23-03-2016, 16384, 5.49
92ffe69, 23-03-2016, 32768, 6.74
92ffe69, 23-03-2016, 65536, 13.06
92ffe69, 23-03-2016, 131072, 35.49
92ffe69, 23-03-2016, 262144, 38.53
92ffe69, 23-03-2016, 524288, 69.39
92ffe69, 23-03-2016, 1048576, 112.94
92ffe69, 23-03-2016, 2097152, 232.92
92ffe69, 23-03-2016, 4194304, 475.61
f675ff8, 24-03-2016, 1, 2.45
f675ff8, 24-03-2016, 2, 2.42
f675ff8, 24-03-2016, 4, 2.69
f675ff8, 24-03-2016, 8, 2.54
f675ff8, 24-03-2016, 16, 2.42
f675ff8, 24-03-2016, 32, 2.42
f675ff8, 24-03-2016, 64, 2.42
f675ff8, 24-03-2016, 128, 2.45
f675ff8, 24-03-2016, 256, 2.83
f675ff8, 24-03-2016, 512, 2.83
f675ff8, 24-03-2016, 1024, 2.87
f675ff8, 24-03-2016, 2048, 3.15
f675ff8, 24-03-2016, 4096, 3.11
f675ff8, 24-03-2016, 8192, 3.60
f675ff8, 24-03-2016, 16384, 4.61
f675ff8, 24-03-2016, 32768, 6.26
f675ff8, 24-03-2016, 65536, 9.45
f675ff8, 24-03-2016, 131072, 16.31
f675ff8, 24-03-2016, 262144, 29.44
f675ff8, 24-03-2016, 524288, 56.05
f675ff8, 24-03-2016, 1048576, 108.07
f675ff8, 24-03-2016, 2097152, 213.40
f675ff8, 24-03-2016, 4194304, 423.99
7c008bd, 25-03-2016, 1, 2.46
7c008bd, 25-03-2016, 2, 2.42
7c008bd, 25-03-2016, 4, 2.42
7c008bd, 25-03-2016, 8, 2.42
7c008bd, 25-03-2016, 16, 2.42
7c008bd, 25-03-2016, 32, 2.44
7c008bd, 25-03-2016, 64, 2.44
7c008bd, 25-03-2016, 128, 2.46
7c008bd, 25-03-2016, 256, 2.78
7c008bd, 25-03-2016, 512, 2.78
7c008bd, 25-03-2016, 1024, 2.82
7c008bd, 25-03-2016, 2048, 3.11
7c008bd, 25-03-2016, 4096, 3.12
7c008bd, 25-03-2016, 8192, 3.60
7c008bd, 25-03-2016, 16384, 4.67
7c008bd, 25-03-2016, 32768, 6.25
7c008bd, 25-03-2016, 65536, 9.47
7c008bd, 25-03-2016, 131072, 16.28
7c008bd, 25-03-2016, 262144, 29.35
7c008bd, 25-03-2016, 524288, 55.85
7c008bd, 25-03-2016, 1048576, 108.00
7c008bd, 25-03-2016, 2097152, 213.51
7c008bd, 25-03-2016, 4194304, 424.42
f9d41a6, 26-03-2016, 1, 2.44
f9d41a6, 26-03-2016, 2, 2.40
f9d41a6, 26-03-2016, 4, 2.40
f9d41a6, 26-03-2016, 8, 2.41
f9d41a6, 26-03-2016, 16, 2.40
f9d41a6, 26-03-2016, 32, 2.42
f9d41a6, 26-03-2016, 64, 2.41
f9d41a6, 26-03-2016, 128, 2.43
f9d41a6, 26-03-2016, 256, 2.80
f9d41a6, 26-03-2016, 512, 2.82
f9d41a6, 26-03-2016, 1024, 2.84
f9d41a6, 26-03-2016, 2048, 3.12
f9d41a6, 26-03-2016, 4096, 3.13
f9d41a6, 26-03-2016, 8192, 3.55
f9d41a6, 26-03-2016, 16384, 4.51
f9d41a6, 26-03-2016, 32768, 6.19
f9d41a6, 26-03-2016, 65536, 9.44
f9d41a6, 26-03-2016, 131072, 16.16
f9d41a6, 26-03-2016, 262144, 29.34
f9d41a6, 26-03-2016, 524288, 55.63
f9d41a6, 26-03-2016, 1048576, 109.23
f9d41a6, 26-03-2016, 2097152, 218.95
f9d41a6, 26-03-2016, 4194304, 424.13
82adbde, 27-03-2016, 1, 3.32
82adbde, 27-03-2016, 2, 2.61
82adbde, 27-03-2016, 4, 3.00
82adbde, 27-03-2016, 8, 2.90
82adbde, 27-03-2016, 16, 2.80
82adbde, 27-03-2016, 32, 3.71
82adbde, 27-03-2016, 64, 3.39
82adbde, 27-03-2016, 128, 3.60
82adbde, 27-03-2016, 256, 3.21
82adbde, 27-03-2016, 512, 3.19
82adbde, 27-03-2016, 1024, 3.17
82adbde, 27-03-2016, 2048, 3.63
82adbde, 27-03-2016, 4096, 7.35
82adbde, 27-03-2016, 8192, 5.36
82adbde, 27-03-2016, 16384, 9.79
82adbde, 27-03-2016, 32768, 24.08
82adbde, 27-03-2016, 65536, 11.69
82adbde, 27-03-2016, 131072, 17.57
82adbde, 27-03-2016, 262144, 31.35
82adbde, 27-03-2016, 524288, 56.54
82adbde, 27-03-2016, 1048576, 114.82
82adbde, 27-03-2016, 2097152, 226.58
82adbde, 27-03-2016, 4194304, 470.06
82adbde, 28-03-2016, 1, 2.44
82adbde, 28-03-2016, 2, 2.41
82adbde, 28-03-2016, 4, 2.41
82adbde, 28-03-2016, 8, 2.41
82adbde, 28-03-2016, 16, 2.41
82adbde, 28-03-2016, 32, 2.41
82adbde, 28-03-2016, 64, 2.41
82adbde, 28-03-2016, 128, 2.43
82adbde, 28-03-2016, 256, 2.80
82adbde, 28-03-2016, 512, 2.81
82adbde, 28-03-2016, 1024, 2.84
82adbde, 28-03-2016, 2048, 3.12
82adbde, 28-03-2016, 4096, 3.13
82adbde, 28-03-2016, 8192, 3.58
82adbde, 28-03-2016, 16384, 4.87
82adbde, 28-03-2016, 32768, 6.21
82adbde, 28-03-2016, 65536, 9.43
82adbde, 28-03-2016, 131072, 16.07
82adbde, 28-03-2016, 262144, 29.44
82adbde, 28-03-2016, 524288, 55.48
82adbde, 28-03-2016, 1048576, 109.48
82adbde, 28-03-2016, 2097152, 213.71
82adbde, 28-03-2016, 4194304, 425.41
9a03686, 29-03-2016, 1, 2.45
9a03686, 29-03-2016, 2, 2.41
9a03686, 29-03-2016, 4, 2.40
9a03686, 29-03-2016, 8, 2.41
9a03686, 29-03-2016, 16, 2.48
9a03686, 29-03-2016, 32, 2.44
9a03686, 29-03-2016, 64, 2.41
9a03686, 29-03-2016, 128, 2.43
9a03686, 29-03-2016, 256, 2.80
9a03686, 29-03-2016, 512, 2.81
9a03686, 29-03-2016, 1024, 2.84
9a03686, 29-03-2016, 2048, 3.12
9a03686, 29-03-2016, 4096, 3.12
9a03686, 29-03-2016, 8192, 3.56
9a03686, 29-03-2016, 16384, 4.57
9a03686, 29-03-2016, 32768, 6.15
9a03686, 29-03-2016, 65536, 9.42
9a03686, 29-03-2016, 131072, 16.19
9a03686, 29-03-2016, 262144, 29.71
9a03686, 29-03-2016, 524288, 55.75
9a03686, 29-03-2016, 1048576, 108.35
9a03686, 29-03-2016, 2097152, 213.72
9a03686, 29-03-2016, 4194304, 424.19
c01e00f, 30-03-2016, 1, 2.52
c01e00f, 30-03-2016, 2, 2.48
c01e00f, 30-03-2016, 4, 2.46
c01e00f, 30-03-2016, 8, 2.50
c01e00f, 30-03-2016, 16, 2.61
c01e00f, 30-03-2016, 32, 2.80
c01e00f, 30-03-2016, 64, 2.51
c01e00f, 30-03-2016, 128, 2.44
c01e00f, 30-03-2016, 256, 2.81
c01e00f, 30-03-2016, 512, 2.84
c01e00f, 30-03-2016, 1024, 2.85
c01e00f, 30-03-2016, 2048, 3.21
c01e00f, 30-03-2016, 4096, 3.39
c01e00f, 30-03-2016, 8192, 3.56
c01e00f, 30-03-2016, 16384, 7.16
c01e00f, 30-03-2016, 32768, 6.21
c01e00f, 30-03-2016, 65536, 9.45
c01e00f, 30-03-2016, 131072, 16.01
c01e00f, 30-03-2016, 262144, 29.42
c01e00f, 30-03-2016, 524288, 68.97
c01e00f, 30-03-2016, 1048576, 185.21
c01e00f, 30-03-2016, 2097152, 243.26
c01e00f, 30-03-2016, 4194304, 528.53
45c5635, 31-03-2016, 1, 2.58
45c5635, 31-03-2016, 2, 2.57
45c5635, 31-03-2016, 4, 2.55
45c5635, 31-03-2016, 8, 2.57
45c5635, 31-03-2016, 16, 2.56
45c5635, 31-03-2016, 32, 2.58
45c5635, 31-03-2016, 64, 2.57
45c5635, 31-03-2016, 128, 2.62
45c5635, 31-03-2016, 256, 2.95
45c5635, 31-03-2016, 512, 2.95
45c5635, 31-03-2016, 1024, 2.99
45c5635, 31-03-2016, 2048, 3.29
45c5635, 31-03-2016, 4096, 4.21
45c5635, 31-03-2016, 8192, 4.75
45c5635, 31-03-2016, 16384, 5.32
45c5635, 31-03-2016, 32768, 6.89
45c5635, 31-03-2016, 65536, 9.88
45c5635, 31-03-2016, 131072, 16.71
45c5635, 31-03-2016, 262144, 30.11
45c5635, 31-03-2016, 524288, 56.64
45c5635, 31-03-2016, 1048576, 115.83
45c5635, 31-03-2016, 2097152, 239.50
45c5635, 31-03-2016, 4194304, 426.44
8f4568f, 01-04-2016, 1, 2.43
8f4568f, 01-04-2016, 2, 2.39
8f4568f, 01-04-2016, 4, 2.39
8f4568f, 01-04-2016, 8, 2.39
8f4568f, 01-04-2016, 16, 2.48
8f4568f, 01-04-2016, 32, 2.43
8f4568f, 01-04-2016, 64, 2.41
8f4568f, 01-04-2016, 128, 2.43
8f4568f, 01-04-2016, 256, 2.78
8f4568f, 01-04-2016, 512, 2.78
8f4568f, 01-04-2016, 1024, 2.82
8f4568f, 01-04-2016, 2048, 3.09
8f4568f, 01-04-2016, 4096, 3.11
8f4568f, 01-04-2016, 8192, 3.55
8f4568f, 01-04-2016, 16384, 4.60
8f4568f, 01-04-2016, 32768, 6.06
8f4568f, 01-04-2016, 65536, 9.43
8f4568f, 01-04-2016, 131072, 16.14
8f4568f, 01-04-2016, 262144, 29.18
8f4568f, 01-04-2016, 524288, 55.64
8f4568f, 01-04-2016, 1048576, 108.04
8f4568f, 01-04-2016, 2097152, 213.43
8f4568f, 01-04-2016, 4194304, 424.13
8f4568f, 02-04-2016, 1, 2.66
8f4568f, 02-04-2016, 2, 2.63
8f4568f, 02-04-2016, 4, 2.62
8f4568f, 02-04-2016, 8, 2.66
8f4568f, 02-04-2016, 16, 2.63
8f4568f, 02-04-2016, 32, 2.63
8f4568f, 02-04-2016, 64, 2.63
8f4568f, 02-04-2016, 128, 2.66
8f4568f, 02-04-2016, 256, 3.03
8f4568f, 02-04-2016, 512, 3.05
8f4568f, 02-04-2016, 1024, 3.11
8f4568f, 02-04-2016, 2048, 3.40
8f4568f, 02-04-2016, 4096, 3.75
8f4568f, 02-04-2016, 8192, 5.24
8f4568f, 02-04-2016, 16384, 5.08
8f4568f, 02-04-2016, 32768, 7.02
8f4568f, 02-04-2016, 65536, 11.47
8f4568f, 02-04-2016, 131072, 17.60
8f4568f, 02-04-2016, 262144, 31.04
8f4568f, 02-04-2016, 524288, 58.51
8f4568f, 02-04-2016, 1048576, 112.74
8f4568f, 02-04-2016, 2097152, 220.98
8f4568f, 02-04-2016, 4194304, 435.89
faca1d0, 03-04-2016, 1, 2.58
faca1d0, 03-04-2016, 2, 2.55
faca1d0, 03-04-2016, 4, 2.54
faca1d0, 03-04-2016, 8, 2.54
faca1d0, 03-04-2016, 16, 2.54
faca1d0, 03-04-2016, 32, 2.55
faca1d0, 03-04-2016, 64, 2.56
faca1d0, 03-04-2016, 128, 2.58
faca1d0, 03-04-2016, 256, 2.93
faca1d0, 03-04-2016, 512, 2.95
faca1d0, 03-04-2016, 1024, 3.00
faca1d0, 03-04-2016, 2048, 3.29
faca1d0, 03-04-2016, 4096, 4.63
faca1d0, 03-04-2016, 8192, 6.16
faca1d0, 03-04-2016, 16384, 4.86
faca1d0, 03-04-2016, 32768, 6.64
faca1d0, 03-04-2016, 65536, 10.31
faca1d0, 03-04-2016, 131072, 19.85
faca1d0, 03-04-2016, 262144, 32.41
faca1d0, 03-04-2016, 524288, 56.38
faca1d0, 03-04-2016, 1048576, 118.37
faca1d0, 03-04-2016, 2097152, 215.72
faca1d0, 03-04-2016, 4194304, 429.00
d0ddc25, 04-04-2016, 1, 2.45
d0ddc25, 04-04-2016, 2, 2.43
d0ddc25, 04-04-2016, 4, 2.40
d0ddc25, 04-04-2016, 8, 2.41
d0ddc25, 04-04-2016, 16, 2.41
d0ddc25, 04-04-2016, 32, 2.42
d0ddc25, 04-04-2016, 64, 2.41
d0ddc25, 04-04-2016, 128, 2.44
d0ddc25, 04-04-2016, 256, 2.80
d0ddc25, 04-04-2016, 512, 2.81
d0ddc25, 04-04-2016, 1024, 2.83
d0ddc25, 04-04-2016, 2048, 3.10
d0ddc25, 04-04-2016, 4096, 3.13
d0ddc25, 04-04-2016, 8192, 3.61
d0ddc25, 04-04-2016, 16384, 4.62
d0ddc25, 04-04-2016, 32768, 6.27
d0ddc25, 04-04-2016, 65536, 9.46
d0ddc25, 04-04-2016, 131072, 15.92
d0ddc25, 04-04-2016, 262144, 29.31
d0ddc25, 04-04-2016, 524288, 55.65
d0ddc25, 04-04-2016, 1048576, 108.10
d0ddc25, 04-04-2016, 2097152, 213.47
d0ddc25, 04-04-2016, 4194304, 424.12
2fef88c, 05-04-2016, 1, 2.43
2fef88c, 05-04-2016, 2, 2.41
2fef88c, 05-04-2016, 4, 2.39
2fef88c, 05-04-2016, 8, 2.40
2fef88c, 05-04-2016, 16, 2.39
2fef88c, 05-04-2016, 32, 2.40
2fef88c, 05-04-2016, 64, 2.40
2fef88c, 05-04-2016, 128, 2.43
2fef88c, 05-04-2016, 256, 2.78
2fef88c, 05-04-2016, 512, 2.80
2fef88c, 05-04-2016, 1024, 2.82
2fef88c, 05-04-2016, 2048, 3.11
2fef88c, 05-04-2016, 4096, 3.11
2fef88c, 05-04-2016, 8192, 3.58
2fef88c, 05-04-2016, 16384, 4.56
2fef88c, 05-04-2016, 32768, 6.20
2fef88c, 05-04-2016, 65536, 9.48
2fef88c, 05-04-2016, 131072, 16.09
2fef88c, 05-04-2016, 262144, 29.33
2fef88c, 05-04-2016, 524288, 55.41
2fef88c, 05-04-2016, 1048576, 108.40
2fef88c, 05-04-2016, 2097152, 214.11
2fef88c, 05-04-2016, 4194304, 446.59
2fef88c, 06-04-2016, 1, 2.43
2fef88c, 06-04-2016, 2, 2.42
2fef88c, 06-04-2016, 4, 2.39
2fef88c, 06-04-2016, 8, 2.40
2fef88c, 06-04-2016, 16, 2.41
2fef88c, 06-04-2016, 32, 2.40
2fef88c, 06-04-2016, 64, 2.42
2fef88c, 06-04-2016, 128, 2.44
2fef88c, 06-04-2016, 256, 2.79
2fef88c, 06-04-2016, 512, 2.80
2fef88c, 06-04-2016, 1024, 2.82
2fef88c, 06-04-2016, 2048, 3.10
2fef88c, 06-04-2016, 4096, 3.12
2fef88c, 06-04-2016, 8192, 3.60
2fef88c, 06-04-2016, 16384, 4.51
2fef88c, 06-04-2016, 32768, 6.25
2fef88c, 06-04-2016, 65536, 9.43
2fef88c, 06-04-2016, 131072, 16.30
2fef88c, 06-04-2016, 262144, 29.57
2fef88c, 06-04-2016, 524288, 56.70
2fef88c, 06-04-2016, 1048576, 108.33
2fef88c, 06-04-2016, 2097152, 213.53
2fef88c, 06-04-2016, 4194304, 424.26
329561a, 07-04-2016, 1, 3.26
329561a, 07-04-2016, 2, 3.24
329561a, 07-04-2016, 4, 3.22
329561a, 07-04-2016, 8, 3.24
329561a, 07-04-2016, 16, 3.30
329561a, 07-04-2016, 32, 3.27
329561a, 07-04-2016, 64, 3.27
329561a, 07-04-2016, 128, 3.27
329561a, 07-04-2016, 256, 3.67
329561a, 07-04-2016, 512, 3.69
329561a, 07-04-2016, 1024, 3.77
329561a, 07-04-2016, 2048, 4.09
329561a, 07-04-2016, 4096, 7.31
329561a, 07-04-2016, 8192, 10.14
329561a, 07-04-2016, 16384, 9.61
329561a, 07-04-2016, 32768, 16.96
329561a, 07-04-2016, 65536, 22.28
329561a, 07-04-2016, 131072, 27.68
329561a, 07-04-2016, 262144, 47.65
329561a, 07-04-2016, 524288, 72.15
329561a, 07-04-2016, 1048576, 122.08
329561a, 07-04-2016, 2097152, 224.04
329561a, 07-04-2016, 4194304, 434.76
187bd93, 08-04-2016, 1, 2.45
187bd93, 08-04-2016, 2, 2.42
187bd93, 08-04-2016, 4, 2.39
187bd93, 08-04-2016, 8, 2.41
187bd93, 08-04-2016, 16, 2.40
187bd93, 08-04-2016, 32, 2.41
187bd93, 08-04-2016, 64, 2.40
187bd93, 08-04-2016, 128, 2.43
187bd93, 08-04-2016, 256, 2.78
187bd93, 08-04-2016, 512, 2.80
187bd93, 08-04-2016, 1024, 2.82
187bd93, 08-04-2016, 2048, 3.11
187bd93, 08-04-2016, 4096, 3.12
187bd93, 08-04-2016, 8192, 3.59
187bd93, 08-04-2016, 16384, 4.63
187bd93, 08-04-2016, 32768, 6.21
187bd93, 08-04-2016, 65536, 9.68
187bd93, 08-04-2016, 131072, 16.28
187bd93, 08-04-2016, 262144, 29.59
187bd93, 08-04-2016, 524288, 56.21
187bd93, 08-04-2016, 1048576, 107.94
187bd93, 08-04-2016, 2097152, 213.44
187bd93, 08-04-2016, 4194304, 423.60
